<aetgt:getResponse xmlns:aetgt="http://schemas.active-endpoints.com/appmodules/repository/2010/10/avrepository.xsd"
                   xmlns:types1="http://schemas.active-endpoints.com/appmodules/repository/2010/10/avrepository.xsd">
   <types1:Item>
      <types1:EntryId>wJRxZsEi4tciSrZ-gt-71121862-2021-10-28T15:42:33.368Z::tf.xml</types1:EntryId>
      <types1:Name>tf_LoadBDV_DM_40-60_IAS_NBIN_to_DM_DIMENSION</types1:Name>
      <types1:MimeType>application/xml+taskflow</types1:MimeType>
      <types1:Description/>
      <types1:AppliesTo/>
      <types1:Tags/>
      <types1:VersionLabel>1.0</types1:VersionLabel>
      <types1:State>CURRENT</types1:State>
      <types1:ProcessGroup/>
      <types1:CreatedBy>jihed.laamiri@ia.ca</types1:CreatedBy>
      <types1:CreationDate>2021-10-28T15:42:33Z</types1:CreationDate>
      <types1:ModifiedBy>jihed.laamiri@ia.ca</types1:ModifiedBy>
      <types1:ModificationDate>2021-10-28T16:11:16Z</types1:ModificationDate>
      <types1:PublicationStatus>unpublished</types1:PublicationStatus>
      <types1:AutosaveExists>false</types1:AutosaveExists>
      <types1:Entry>
         <taskflow xmlns="http://schemas.active-endpoints.com/appmodules/screenflow/2010/10/avosScreenflow.xsd"
                   xmlns:tfm="http://schemas.active-endpoints.com/appmodules/screenflow/2021/04/taskflowModel.xsd"
                   xmlns:list="urn:activevos:spi:list:functions"
                   displayName="tf_LoadBDV_DM_40-60_IAS_NBIN_to_DM_DIMENSION"
                   name="tf_LoadBDV_DM_40-60_IAS_NBIN_to_DM_DIMENSION"
                   overrideAPIName="false">
            <parameterSet xmlns="http://schemas.active-endpoints.com/appmodules/screenflow/2021/04/taskflowModel.xsd"/>
            <appliesTo/>
            <description/>
            <tags/>
            <generator>Informatica Process Designer 11</generator>
            <tempFields>
               <field description="Number of the remaining iterations"
                      name="temp_remainingIterations"
                      type="int">
                  <options>
                     <option name="required">false</option>
                  </options>
               </field>
            </tempFields>
            <notes/>
            <deployment suspendOnFault="false" tracingLevel="verbose">
               <rest/>
            </deployment>
            <flow id="a">
               <start id="b">
                  <link id="kmfjmr6d" targetId="kmfjmr6c"/>
               </start>
               <assignment id="kmfjmr6c">
                  <title>asgn_init_counters</title>
                  <operation source="formula" to="temp.temp_remainingIterations">
                     <expression language="XQuery">3</expression>
                  </operation>
                  <link id="kmfjmr6v" targetId="kmfjmr6u"/>
               </assignment>
               <container id="kmfjmr6u" type="exclusive">
                  <title>dcn_still_iteration</title>
                  <flow id="kmfjmr6y">
                     <container id="kvb4bwql" type="parallel">
                        <title>Parallel BDV Loading</title>
                        <flow id="kvb4bwqo">
                           <subflow id="kvb4bwre">
                              <title>tf_LoadBDV_45_Shared_PartyRoleAccountHolder_AUASeg</title>
                              <subflowGUID>39ucFGM8oYEhOEPiqXwNqU</subflowGUID>
                              <subflowPath>tf_LoadBDV_45_Shared_PartyRoleAccountHolder_AUASeg-1</subflowPath>
                              <runForEach>false</runForEach>
                              <input/>
                              <outputDef/>
                           </subflow>
                           <link id="kvb4bwqp" targetId="kvb4bwql" type="containerLink"/>
                        </flow>
                        <flow id="kvb4bwqr">
                           <subflow id="kvb4bwrn">
                              <title>tf_LoadBDV_45_Shared_PartyRoleAdvisor_AUASeg</title>
                              <subflowGUID>aF3qNc0ddf6iu5PhRuBKOK</subflowGUID>
                              <subflowPath>tf_LoadBDV_45_Shared_PartyRoleAdvisor_AUASeg</subflowPath>
                              <runForEach>false</runForEach>
                              <input/>
                              <outputDef/>
                           </subflow>
                           <link id="kvb4bwqs" targetId="kvb4bwql" type="containerLink"/>
                        </flow>
                        <link id="kvb4bwqn" targetId="kvb4bwqo" type="containerLink"/>
                        <link id="kvb4bwqq" targetId="kvb4bwqr" type="containerLink"/>
                        <link id="kvb4bwqz" targetId="kvb4bwqy"/>
                     </container>
                     <container id="kvb4bwqy" type="parallel">
                        <title>Parallel DM Loading</title>
                        <flow id="kvb4bwr2">
                           <subflow id="kvb4bws1">
                              <title>tf_LoadDM_60_Shared_DimAdvisors</title>
                              <subflowGUID>fpRJV2IuR2dbiOyUVQjDUR</subflowGUID>
                              <subflowPath>tf_LoadDM_60_Shared_DimAdvisors</subflowPath>
                              <runForEach>false</runForEach>
                              <input/>
                              <outputDef/>
                           </subflow>
                           <link id="kvb4bwr3" targetId="kvb4bwqy" type="containerLink"/>
                        </flow>
                        <flow id="kvb4bwr5">
                           <subflow id="kvb4bwsa">
                              <title>tf_LoadDM_60_Shared_DimClients</title>
                              <subflowGUID>5IMweZIbJwOfaRGjXiMAAt</subflowGUID>
                              <subflowPath>tf_LoadDM_60_Shared_DimClients</subflowPath>
                              <runForEach>false</runForEach>
                              <input/>
                              <outputDef/>
                           </subflow>
                           <link id="kvb4bwr6" targetId="kvb4bwqy" type="containerLink"/>
                        </flow>
                        <link id="kvb4bwr1" targetId="kvb4bwr2" type="containerLink"/>
                        <link id="kvb4bwr4" targetId="kvb4bwr5" type="containerLink"/>
                        <link id="kvb4bwr0" targetId="kmfjmr7l"/>
                     </container>
                     <assignment id="kmfjmr7l">
                        <title>asgn_update_counters</title>
                        <operation source="formula" to="temp.temp_remainingIterations">
                           <expression language="XQuery">$temp.temp_remainingIterations - 1</expression>
                        </operation>
                        <link id="kmfjmr8x" targetId="kmfjmr8v"/>
                     </assignment>
                     <jumpTo id="kmfjmr8v">
                        <link id="kmfjmr8w" targetId="kmfjmr6u"/>
                     </jumpTo>
                  </flow>
                  <flow id="kmfjmr71">
                     <link id="kmfjmr72" targetId="kmfjmr6u" type="containerLink"/>
                  </flow>
                  <link id="kmfjmr6x" targetId="kmfjmr6y" type="containerLink">
                     <condition source="formula">
                        <function name="greater-than">
                           <arg name="left">{$temp.temp_remainingIterations}</arg>
                           <arg name="right">{0}</arg>
                        </function>
                     </condition>
                  </link>
                  <link id="kmfjmr70" targetId="kmfjmr71" type="containerLink"/>
                  <link id="kmfjmr6w" targetId="c"/>
               </container>
               <end id="c"/>
            </flow>
         </taskflow>
      </types1:Entry>
      <types1:GUID>1mYqvcAdhOFennjG0SAYg1</types1:GUID>
      <types1:DisplayName>tf_LoadBDV_DM_40-60_IAS_NBIN_to_DM_DIMENSION</types1:DisplayName>
   </types1:Item>
   <types1:CurrentServerDateTime>2023-01-19T13:41:47.68Z</types1:CurrentServerDateTime>
</aetgt:getResponse>
