<aetgt:getResponse xmlns:aetgt="http://schemas.active-endpoints.com/appmodules/repository/2010/10/avrepository.xsd"
                   xmlns:types1="http://schemas.active-endpoints.com/appmodules/repository/2010/10/avrepository.xsd">
   <types1:Item>
      <types1:EntryId>NJqPBibciZBpDUQ-gt-1852528-2021-06-09T19:48:04.264Z::tf.xml</types1:EntryId>
      <types1:Name>tf_LoadRDV_20-30_PSA_IAS_COMISSION_to_RDV_SHARED_ADVISORS</types1:Name>
      <types1:MimeType>application/xml+taskflow</types1:MimeType>
      <types1:Description/>
      <types1:AppliesTo/>
      <types1:Tags/>
      <types1:VersionLabel>1.0</types1:VersionLabel>
      <types1:State>CURRENT</types1:State>
      <types1:ProcessGroup/>
      <types1:CreatedBy>vinita.singh.adm@ia.ca</types1:CreatedBy>
      <types1:CreationDate>2021-06-09T19:48:04Z</types1:CreationDate>
      <types1:ModifiedBy/>
      <types1:PublicationStatus>published</types1:PublicationStatus>
      <types1:PublishedBy>jihed.laamiri.adm@ia.ca</types1:PublishedBy>
      <types1:PublicationDate>2022-09-14T17:06:49Z</types1:PublicationDate>
      <types1:PublishedContributionId>project:/tf.tf_LoadRDV_20-30_PSA_IAS_COMISSION_to_RDV_SHARED_ADVISORS/tf_LoadRDV_20-30_PSA_IAS_COMISSION_to_RDV_SHARED_ADVISORS.tf.xml</types1:PublishedContributionId>
      <types1:AutosaveExists>false</types1:AutosaveExists>
      <types1:Entry>
         <taskflow xmlns="http://schemas.active-endpoints.com/appmodules/screenflow/2010/10/avosScreenflow.xsd"
                   xmlns:list="urn:activevos:spi:list:functions"
                   displayName="tf_LoadRDV_20-30_PSA_IAS_COMISSION_to_RDV_SHARED_ADVISORS"
                   name="tf_LoadRDV_20-30_PSA_IAS_COMISSION_to_RDV_SHARED_ADVISORS"
                   overrideAPIName="true">
            <appliesTo/>
            <description/>
            <tags/>
            <generator>Informatica Process Designer 11</generator>
            <input>
               <parameter description="Name of the file to be loaded"
                          name="input_filename"
                          type="string">
                  <options>
                     <option name="required">false</option>
                  </options>
               </parameter>
               <parameter description="Path of the file to be loaded"
                          name="input_filepath"
                          required="true"
                          type="string">
                  <options>
                     <option name="required">false</option>
                  </options>
               </parameter>
            </input>
            <tempFields>
               <field description="Filename of the file detected by the filelistener"
                      name="temp_filename"
                      type="string">
                  <options>
                     <option name="required">false</option>
                  </options>
               </field>
               <field description="Data start date : extracted from the filename"
                      name="temp_dataStartDate"
                      type="date">
                  <options>
                     <option name="required">false</option>
                  </options>
               </field>
               <field description="" name="dt_Audit_EndJob" type="reference">
                  <options>
                     <option name="referenceTo">$po:mt-Audit-EndJob</option>
                     <option name="failOnNotRun">false</option>
                     <option name="failOnFault">false</option>
                  </options>
               </field>
               <field description="" name="dt_Audit_StartJob" type="reference">
                  <options>
                     <option name="referenceTo">$po:mt-Audit-StartJob</option>
                     <option name="failOnNotRun">false</option>
                     <option name="failOnFault">false</option>
                  </options>
               </field>
               <field description=""
                      name="m_LoadSTG_PSA_IAS_COMMISSION_To_STG_Registered_Representative_Commission_RECEPTION"
                      type="reference">
                  <options>
                     <option name="referenceTo">$po:mt-LoadSTG-PSA-IAS-COMMISSION-To-STG-Registered-Representative-Commission-RECEPTION</option>
                     <option name="failOnNotRun">false</option>
                     <option name="failOnFault">false</option>
                  </options>
               </field>
               <field description="" name="temp_JobName" type="string">
                  <options>
                     <option name="required">false</option>
                  </options>
               </field>
               <field description="" name="temp_tf_Audit_ID" type="string">
                  <options>
                     <option name="required">false</option>
                  </options>
               </field>
               <field description="" name="mt_STG_count" type="reference">
                  <options>
                     <option name="failOnNotRun">false</option>
                     <option name="failOnFault">false</option>
                     <option name="referenceTo">$po:mt-STG-count</option>
                  </options>
               </field>
               <field description=""
                      name="mt_LoadRDV_STG_IAS_COMMISSION_To_Shared_SatRegisteredRepresentative_insert"
                      type="reference">
                  <options>
                     <option name="referenceTo">$po:mt-LoadRDV-STG-IAS-COMMISSION-To-Shared-SatRegisteredRepresentative-insert</option>
                  </options>
               </field>
               <field description=""
                      name="mt_LoadRDV_STG_IAS_COMMISSION_To_Shared_HubRegisteredRepresentative"
                      type="reference">
                  <options>
                     <option name="referenceTo">$po:mt-LoadRDV-STG-IAS-COMMISSION-To-Shared-HubRegisteredRepresentative</option>
                  </options>
               </field>
               <field description=""
                      name="mt_LoadRDV_STG_IAS_COMMISSION_To_Shared_SatRegisteredRepresentative_delete"
                      type="reference">
                  <options>
                     <option name="referenceTo">$po:mt-LoadRDV-STG-IAS-COMMISSION-To-Shared-SatRegisteredRepresentative-delete</option>
                  </options>
               </field>
               <field description=""
                      name="m_LoadSTG_PSA_IAS_COMMISSION_To_STG_RegistredRepresentative"
                      type="reference">
                  <options>
                     <option name="referenceTo">$po:mt-LoadSTG-PSA-IAS-COMMISSION-To-STG-RegistredRepresentative</option>
                  </options>
               </field>
            </tempFields>
            <notes/>
            <deployment suspendOnFault="false" tracingLevel="verbose">
               <rest/>
            </deployment>
            <flow id="a">
               <start id="b">
                  <link id="kggm4cjw" targetId="kfkit286"/>
               </start>
               <assignment id="kfkit286">
                  <title>asgn_Filename</title>
                  <operation source="field" to="temp.temp_filename">input.input_filename</operation>
                  <link id="kfkk0zpk" targetId="kfkk0zpj"/>
               </assignment>
               <container id="kfkk0zpj" type="exclusive">
                  <title>dcn_AdvisorCommissionFile</title>
                  <flow id="kfkk0zpn">
                     <assignment id="kfkk0zqz">
                        <title>asgn_StartJob_Parameters</title>
                        <operation source="formula" to="temp.temp_dataStartDate">
                           <expression language="XQuery">fn:concat('''',fn:substring-before(fn:substring-after($temp.temp_filename , '__'), '.'),'''')</expression>
                        </operation>
                        <operation source="formula" to="temp.temp_JobName">
                           <expression language="XQuery">fn:concat("'",util:getAssetName(),"'")</expression>
                        </operation>
                        <operation source="formula" to="temp.temp_tf_Audit_ID">
                           <expression language="XQuery">fn:concat("'",util:getAssetName(),"-", util:getProcessId(),"'")</expression>
                        </operation>
                        <operation source="constant" to="temp.dt_Audit_StartJob[1]/inout[1]/io_Result">ERROR</operation>
                        <operation source="constant" to="temp.mt_STG_count[1]/inout[1]/io_rowCount">0</operation>
                        <link id="kggm4cqk" targetId="kggm4cr0"/>
                     </assignment>
                     <eventContainer id="kggm4cr0">
                        <service id="kggm4cqj">
                           <title>dt_Audit_StartJob</title>
                           <serviceName>ICSExecuteDataTask</serviceName>
                           <serviceGUID/>
                           <serviceInput>
                              <parameter name="Wait for Task to Complete" source="constant" updatable="true">true</parameter>
                              <parameter name="Max Wait" source="constant" updatable="true">604800</parameter>
                              <parameter name="Task Name" source="constant" updatable="true">mt_Audit_StartJob</parameter>
                              <parameter name="GUID" source="constant" updatable="true">2ZWcatD21gzd3GFWndI7Wk</parameter>
                              <parameter name="Task Type" source="constant" updatable="true">MCT</parameter>
                              <parameter name="Has Inout Parameters" source="constant" updatable="true">true</parameter>
                              <parameter name="taskField" source="nested">
                                 <operation source="field" to="mt-Audit-StartJob">temp.dt_Audit_StartJob</operation>
                                 <operation source="field" to="mt-Audit-StartJob/inout[1]/io_JOB_AUDIT_ID">temp.temp_tf_Audit_ID</operation>
                                 <operation source="field" to="mt-Audit-StartJob/inout[1]/io_JOB_NAME">temp.temp_JobName</operation>
                                 <operation source="field" to="mt-Audit-StartJob/inout[1]/io_JOB_START_DT">temp.temp_dataStartDate</operation>
                              </parameter>
                           </serviceInput>
                           <serviceOutput>
                              <operation source="field" to="temp.dt_Audit_StartJob/output/Object_Name">Object Name</operation>
                              <operation source="field" to="temp.dt_Audit_StartJob/output/Run_Id">Run Id</operation>
                              <operation source="field" to="temp.dt_Audit_StartJob/output/Log_Id">Log Id</operation>
                              <operation source="field" to="temp.dt_Audit_StartJob/output/Task_Id">Task Id</operation>
                              <operation source="field" to="temp.dt_Audit_StartJob/output/Task_Status">Task Status</operation>
                              <operation source="field" to="temp.dt_Audit_StartJob/output/Success_Source_Rows">Success Source Rows</operation>
                              <operation source="field" to="temp.dt_Audit_StartJob/output/Failed_Source_Rows">Failed Source Rows</operation>
                              <operation source="field" to="temp.dt_Audit_StartJob/output/Success_Target_Rows">Success Target Rows</operation>
                              <operation source="field" to="temp.dt_Audit_StartJob/output/Failed_Target_Rows">Failed Target Rows</operation>
                              <operation source="field" to="temp.dt_Audit_StartJob/output/Start_Time">Start Time</operation>
                              <operation source="field" to="temp.dt_Audit_StartJob/output/End_Time">End Time</operation>
                              <operation source="field" to="temp.dt_Audit_StartJob/output/Error_Message">Error Message</operation>
                              <operation source="field" to="temp.dt_Audit_StartJob/inout/io_Result">io_Result</operation>
                           </serviceOutput>
                        </service>
                        <link id="kggm4cql" targetId="kfkk0zt0"/>
                        <events>
                           <catch faultField="temp.dt_Audit_StartJob/fault"
                                  id="kggm4cqy"
                                  interrupting="true"
                                  name="error"/>
                           <catch faultField="temp.dt_Audit_StartJob/fault"
                                  id="kggm4cqz"
                                  interrupting="true"
                                  name="warning"/>
                        </events>
                     </eventContainer>
                     <eventContainer id="kfkk101o">
                        <service id="kfkk100w">
                           <title>dt_Audit_EndJob</title>
                           <serviceName>ICSExecuteDataTask</serviceName>
                           <serviceGUID/>
                           <serviceInput>
                              <parameter name="Wait for Task to Complete" source="constant" updatable="true">true</parameter>
                              <parameter name="Max Wait" source="constant" updatable="true">604800</parameter>
                              <parameter name="Task Name" source="constant" updatable="true">mt_Audit_EndJob</parameter>
                              <parameter name="GUID" source="constant" updatable="true">4iWYDPifuYfkvp45qOAmYL</parameter>
                              <parameter name="Task Type" source="constant" updatable="true">MCT</parameter>
                              <parameter name="Has Inout Parameters" source="constant" updatable="true">true</parameter>
                              <parameter name="taskField" source="nested">
                                 <operation source="field" to="mt-Audit-EndJob">temp.dt_Audit_EndJob</operation>
                                 <operation source="field" to="mt-Audit-EndJob/inout[1]/io_jobAuditID">temp.temp_tf_Audit_ID</operation>
                                 <operation source="constant" to="mt-Audit-EndJob/inout[1]/io_jobEndDesc">Successful execution</operation>
                                 <operation source="constant" to="mt-Audit-EndJob/inout[1]/io_jobEndStatus">SUCCESS</operation>
                                 <operation source="field" to="mt-Audit-EndJob/inout[1]/io_jobName">temp.temp_JobName</operation>
                                 <operation source="field" to="mt-Audit-EndJob/inout[1]/io_jobStartDate">temp.temp_dataStartDate</operation>
                              </parameter>
                           </serviceInput>
                           <serviceOutput>
                              <operation source="field" to="temp.dt_Audit_EndJob/output/Object_Name">Object Name</operation>
                              <operation source="field" to="temp.dt_Audit_EndJob/output/Run_Id">Run Id</operation>
                              <operation source="field" to="temp.dt_Audit_EndJob/output/Log_Id">Log Id</operation>
                              <operation source="field" to="temp.dt_Audit_EndJob/output/Task_Id">Task Id</operation>
                              <operation source="field" to="temp.dt_Audit_EndJob/output/Task_Status">Task Status</operation>
                              <operation source="field" to="temp.dt_Audit_EndJob/output/Success_Source_Rows">Success Source Rows</operation>
                              <operation source="field" to="temp.dt_Audit_EndJob/output/Failed_Source_Rows">Failed Source Rows</operation>
                              <operation source="field" to="temp.dt_Audit_EndJob/output/Success_Target_Rows">Success Target Rows</operation>
                              <operation source="field" to="temp.dt_Audit_EndJob/output/Failed_Target_Rows">Failed Target Rows</operation>
                              <operation source="field" to="temp.dt_Audit_EndJob/output/Start_Time">Start Time</operation>
                              <operation source="field" to="temp.dt_Audit_EndJob/output/End_Time">End Time</operation>
                              <operation source="field" to="temp.dt_Audit_EndJob/output/Error_Message">Error Message</operation>
                              <operation source="field" to="temp.dt_Audit_EndJob/inout/io_Result">io_Result</operation>
                              <operation source="field" to="temp.dt_Audit_EndJob/inout/io_jobName">io_jobName</operation>
                              <operation source="field" to="temp.dt_Audit_EndJob/inout/io_jobAuditID">io_jobAuditID</operation>
                              <operation source="field" to="temp.dt_Audit_EndJob/inout/io_jobStartDate">io_jobStartDate</operation>
                              <operation source="field" to="temp.dt_Audit_EndJob/inout/io_jobEndStatus">io_jobEndStatus</operation>
                              <operation source="field" to="temp.dt_Audit_EndJob/inout/io_jobEndDesc">io_jobEndDesc</operation>
                           </serviceOutput>
                        </service>
                        <events>
                           <catch faultField="temp.dt_Audit_EndJob/fault"
                                  id="kfkk101m"
                                  interrupting="true"
                                  name="error">
                              <suspend/>
                           </catch>
                           <catch faultField="temp.dt_Audit_EndJob/fault"
                                  id="kfkk101n"
                                  interrupting="true"
                                  name="warning"/>
                        </events>
                     </eventContainer>
                     <container id="kfkk0zt0" type="exclusive">
                        <title>dcn_StartJob_Result</title>
                        <flow id="kfkk0zt3">
                           <eventContainer id="kky4ni4i">
                              <service id="kky4ni47">
                                 <title>m_LoadSTG_PSA_IAS_COMMISSION_To_STG_Registered_Representative_Commission_RECEPTION</title>
                                 <serviceName>ICSExecuteDataTask</serviceName>
                                 <serviceGUID/>
                                 <serviceInput>
                                    <parameter name="Wait for Task to Complete" source="constant" updatable="true">true</parameter>
                                    <parameter name="Max Wait" source="constant" updatable="true">604800</parameter>
                                    <parameter name="Task Name" source="constant" updatable="true">mt_LoadSTG_PSA_IAS_COMMISSION_To_STG_Registered_Representative_Commission_RECEPTION</parameter>
                                    <parameter name="GUID" source="constant" updatable="true">5k5IEF4oDooi1OgZzJ2OCy</parameter>
                                    <parameter name="Task Type" source="constant" updatable="true">MCT</parameter>
                                    <parameter name="Has Inout Parameters" source="constant" updatable="true">true</parameter>
                                    <parameter name="taskField" source="nested">
                                       <operation source="field"
                                                  to="mt-LoadSTG-PSA-IAS-COMMISSION-To-STG-Registered-Representative-Commission-RECEPTION">temp.m_LoadSTG_PSA_IAS_COMMISSION_To_STG_Registered_Representative_Commission_RECEPTION</operation>
                                       <operation source="formula"
                                                  to="mt-LoadSTG-PSA-IAS-COMMISSION-To-STG-Registered-Representative-Commission-RECEPTION/inout[1]/io_PATH">
                                          <expression language="XQuery">fn:replace($input.input_filepath  , fn:concat('/', $input.input_filename  ), '')</expression>
                                       </operation>
                                    </parameter>
                                 </serviceInput>
                                 <serviceOutput>
                                    <operation source="field"
                                               to="temp.m_LoadSTG_PSA_IAS_COMMISSION_To_STG_Registered_Representative_Commission_RECEPTION/output/Object_Name">Object Name</operation>
                                    <operation source="field"
                                               to="temp.m_LoadSTG_PSA_IAS_COMMISSION_To_STG_Registered_Representative_Commission_RECEPTION/output/Run_Id">Run Id</operation>
                                    <operation source="field"
                                               to="temp.m_LoadSTG_PSA_IAS_COMMISSION_To_STG_Registered_Representative_Commission_RECEPTION/output/Log_Id">Log Id</operation>
                                    <operation source="field"
                                               to="temp.m_LoadSTG_PSA_IAS_COMMISSION_To_STG_Registered_Representative_Commission_RECEPTION/output/Task_Id">Task Id</operation>
                                    <operation source="field"
                                               to="temp.m_LoadSTG_PSA_IAS_COMMISSION_To_STG_Registered_Representative_Commission_RECEPTION/output/Task_Status">Task Status</operation>
                                    <operation source="field"
                                               to="temp.m_LoadSTG_PSA_IAS_COMMISSION_To_STG_Registered_Representative_Commission_RECEPTION/output/Success_Source_Rows">Success Source Rows</operation>
                                    <operation source="field"
                                               to="temp.m_LoadSTG_PSA_IAS_COMMISSION_To_STG_Registered_Representative_Commission_RECEPTION/output/Failed_Source_Rows">Failed Source Rows</operation>
                                    <operation source="field"
                                               to="temp.m_LoadSTG_PSA_IAS_COMMISSION_To_STG_Registered_Representative_Commission_RECEPTION/output/Success_Target_Rows">Success Target Rows</operation>
                                    <operation source="field"
                                               to="temp.m_LoadSTG_PSA_IAS_COMMISSION_To_STG_Registered_Representative_Commission_RECEPTION/output/Failed_Target_Rows">Failed Target Rows</operation>
                                    <operation source="field"
                                               to="temp.m_LoadSTG_PSA_IAS_COMMISSION_To_STG_Registered_Representative_Commission_RECEPTION/output/Start_Time">Start Time</operation>
                                    <operation source="field"
                                               to="temp.m_LoadSTG_PSA_IAS_COMMISSION_To_STG_Registered_Representative_Commission_RECEPTION/output/End_Time">End Time</operation>
                                    <operation source="field"
                                               to="temp.m_LoadSTG_PSA_IAS_COMMISSION_To_STG_Registered_Representative_Commission_RECEPTION/output/Error_Message">Error Message</operation>
                                    <operation source="field"
                                               to="temp.m_LoadSTG_PSA_IAS_COMMISSION_To_STG_Registered_Representative_Commission_RECEPTION/inout/io_PATH">io_PATH</operation>
                                 </serviceOutput>
                              </service>
                              <link id="knrp4yge" targetId="knqh2xqs"/>
                              <events>
                                 <catch faultField="temp.m_LoadSTG_PSA_IAS_COMMISSION_To_STG_Registered_Representative_Commission_RECEPTION/fault"
                                        id="kky4ni4g"
                                        interrupting="true"
                                        name="error">
                                    <suspend/>
                                 </catch>
                                 <catch faultField="temp.m_LoadSTG_PSA_IAS_COMMISSION_To_STG_Registered_Representative_Commission_RECEPTION/fault"
                                        id="kky4ni4h"
                                        interrupting="true"
                                        name="warning"/>
                              </events>
                           </eventContainer>
                           <eventContainer id="knqh2xqs">
                              <service id="knqh2xqg">
                                 <title>mt_STG_count</title>
                                 <serviceName>ICSExecuteDataTask</serviceName>
                                 <serviceGUID/>
                                 <serviceInput>
                                    <parameter name="Wait for Task to Complete" source="constant" updatable="true">true</parameter>
                                    <parameter name="Max Wait" source="constant" updatable="true">604800</parameter>
                                    <parameter name="Task Name" source="constant" updatable="true">mt_STG_count</parameter>
                                    <parameter name="GUID" source="constant" updatable="true">6McBpnHM9UwgHyi9N9flKW</parameter>
                                    <parameter name="Task Type" source="constant" updatable="true">MCT</parameter>
                                    <parameter name="Has Inout Parameters" source="constant" updatable="true">true</parameter>
                                    <parameter name="taskField" source="nested">
                                       <operation source="field" to="mt-STG-count">temp.mt_STG_count</operation>
                                       <operation source="field" to="mt-STG-count/input[1]/i_Job_name">temp.temp_JobName</operation>
                                       <operation source="field" to="mt-STG-count/input[1]/i_job_start_date">temp.temp_dataStartDate</operation>
                                    </parameter>
                                 </serviceInput>
                                 <serviceOutput>
                                    <operation source="field" to="temp.mt_STG_count/output/Object_Name">Object Name</operation>
                                    <operation source="field" to="temp.mt_STG_count/output/Run_Id">Run Id</operation>
                                    <operation source="field" to="temp.mt_STG_count/output/Log_Id">Log Id</operation>
                                    <operation source="field" to="temp.mt_STG_count/output/Task_Id">Task Id</operation>
                                    <operation source="field" to="temp.mt_STG_count/output/Task_Status">Task Status</operation>
                                    <operation source="field" to="temp.mt_STG_count/output/Success_Source_Rows">Success Source Rows</operation>
                                    <operation source="field" to="temp.mt_STG_count/output/Failed_Source_Rows">Failed Source Rows</operation>
                                    <operation source="field" to="temp.mt_STG_count/output/Success_Target_Rows">Success Target Rows</operation>
                                    <operation source="field" to="temp.mt_STG_count/output/Failed_Target_Rows">Failed Target Rows</operation>
                                    <operation source="field" to="temp.mt_STG_count/output/Start_Time">Start Time</operation>
                                    <operation source="field" to="temp.mt_STG_count/output/End_Time">End Time</operation>
                                    <operation source="field" to="temp.mt_STG_count/output/Error_Message">Error Message</operation>
                                    <operation source="field" to="temp.mt_STG_count/inout/io_rowCount">io_rowCount</operation>
                                 </serviceOutput>
                              </service>
                              <link id="knqh2xtj" targetId="knqh2xti"/>
                              <events>
                                 <catch faultField="temp.mt_STG_count/fault"
                                        id="knqh2xqq"
                                        interrupting="true"
                                        name="error">
                                    <suspend/>
                                 </catch>
                                 <catch faultField="temp.mt_STG_count/fault"
                                        id="knqh2xqr"
                                        interrupting="true"
                                        name="warning"/>
                              </events>
                           </eventContainer>
                           <container id="knqh2xti" type="exclusive">
                              <title>dcn_row_count</title>
                              <flow id="knqh2xtm">
                                 <service id="knrp4ygn">
                                    <title>m_LoadSTG_PSA_IAS_COMMISSION_To_STG_RegistredRepresentative</title>
                                    <serviceName>ICSExecuteDataTask</serviceName>
                                    <serviceGUID/>
                                    <serviceInput>
                                       <parameter name="Wait for Task to Complete" source="constant" updatable="true">true</parameter>
                                       <parameter name="Max Wait" source="constant" updatable="true">604800</parameter>
                                       <parameter name="Task Name" source="constant" updatable="true">mt_LoadSTG_PSA_IAS_COMMISSION_To_STG_RegistredRepresentative</parameter>
                                       <parameter name="GUID" source="constant" updatable="true">5ZS0ZrLQ9gYlGLlD4roQqp</parameter>
                                       <parameter name="Task Type" source="constant" updatable="true">MCT</parameter>
                                       <parameter name="Has Inout Parameters" source="constant" updatable="true">false</parameter>
                                       <parameter name="taskField" source="nested">
                                          <operation source="field"
                                                     to="mt-LoadSTG-PSA-IAS-COMMISSION-To-STG-RegistredRepresentative">temp.m_LoadSTG_PSA_IAS_COMMISSION_To_STG_RegistredRepresentative</operation>
                                       </parameter>
                                    </serviceInput>
                                    <serviceOutput>
                                       <operation source="field"
                                                  to="temp.m_LoadSTG_PSA_IAS_COMMISSION_To_STG_RegistredRepresentative/output/Object_Name">Object Name</operation>
                                       <operation source="field"
                                                  to="temp.m_LoadSTG_PSA_IAS_COMMISSION_To_STG_RegistredRepresentative/output/Run_Id">Run Id</operation>
                                       <operation source="field"
                                                  to="temp.m_LoadSTG_PSA_IAS_COMMISSION_To_STG_RegistredRepresentative/output/Log_Id">Log Id</operation>
                                       <operation source="field"
                                                  to="temp.m_LoadSTG_PSA_IAS_COMMISSION_To_STG_RegistredRepresentative/output/Task_Id">Task Id</operation>
                                       <operation source="field"
                                                  to="temp.m_LoadSTG_PSA_IAS_COMMISSION_To_STG_RegistredRepresentative/output/Task_Status">Task Status</operation>
                                       <operation source="field"
                                                  to="temp.m_LoadSTG_PSA_IAS_COMMISSION_To_STG_RegistredRepresentative/output/Success_Source_Rows">Success Source Rows</operation>
                                       <operation source="field"
                                                  to="temp.m_LoadSTG_PSA_IAS_COMMISSION_To_STG_RegistredRepresentative/output/Failed_Source_Rows">Failed Source Rows</operation>
                                       <operation source="field"
                                                  to="temp.m_LoadSTG_PSA_IAS_COMMISSION_To_STG_RegistredRepresentative/output/Success_Target_Rows">Success Target Rows</operation>
                                       <operation source="field"
                                                  to="temp.m_LoadSTG_PSA_IAS_COMMISSION_To_STG_RegistredRepresentative/output/Failed_Target_Rows">Failed Target Rows</operation>
                                       <operation source="field"
                                                  to="temp.m_LoadSTG_PSA_IAS_COMMISSION_To_STG_RegistredRepresentative/output/Start_Time">Start Time</operation>
                                       <operation source="field"
                                                  to="temp.m_LoadSTG_PSA_IAS_COMMISSION_To_STG_RegistredRepresentative/output/End_Time">End Time</operation>
                                       <operation source="field"
                                                  to="temp.m_LoadSTG_PSA_IAS_COMMISSION_To_STG_RegistredRepresentative/output/Error_Message">Error Message</operation>
                                    </serviceOutput>
                                    <link id="knrp4ygo" targetId="knqh2xu0"/>
                                 </service>
                                 <container id="knqh2xu0" type="parallel">
                                    <title>Parallel_LoadRdv</title>
                                    <flow id="knqh2xu1">
                                       <eventContainer id="knqh2xu2">
                                          <service id="knqh2xu3">
                                             <title>mt_LoadRDV_STG_IAS_COMMISSION_To_Shared_SatRegisteredRepresentative_insert</title>
                                             <serviceName>ICSExecuteDataTask</serviceName>
                                             <serviceGUID/>
                                             <serviceInput>
                                                <parameter name="Wait for Task to Complete" source="constant" updatable="true">true</parameter>
                                                <parameter name="Max Wait" source="constant" updatable="true">604800</parameter>
                                                <parameter name="Task Name" source="constant" updatable="true">mt_LoadRDV_STG_IAS_COMMISSION_To_Shared_SatRegisteredRepresentative_insert</parameter>
                                                <parameter name="GUID" source="constant" updatable="true">9qsU2rLCEp8fjtOcer2MIr</parameter>
                                                <parameter name="Task Type" source="constant" updatable="true">MCT</parameter>
                                                <parameter name="Has Inout Parameters" source="constant" updatable="true">false</parameter>
                                                <parameter name="taskField" source="nested">
                                                   <operation source="field"
                                                              to="mt-LoadRDV-STG-IAS-COMMISSION-To-Shared-SatRegisteredRepresentative-insert">temp.mt_LoadRDV_STG_IAS_COMMISSION_To_Shared_SatRegisteredRepresentative_insert</operation>
                                                   <operation source="field"
                                                              to="mt-LoadRDV-STG-IAS-COMMISSION-To-Shared-SatRegisteredRepresentative-insert/inout[1]/io_tf_Audit_ID">temp.temp_tf_Audit_ID</operation>
                                                </parameter>
                                             </serviceInput>
                                             <serviceOutput>
                                                <operation source="field"
                                                           to="temp.mt_LoadRDV_STG_IAS_COMMISSION_To_Shared_SatRegisteredRepresentative_insert/output/Object_Name">Object Name</operation>
                                                <operation source="field"
                                                           to="temp.mt_LoadRDV_STG_IAS_COMMISSION_To_Shared_SatRegisteredRepresentative_insert/output/Run_Id">Run Id</operation>
                                                <operation source="field"
                                                           to="temp.mt_LoadRDV_STG_IAS_COMMISSION_To_Shared_SatRegisteredRepresentative_insert/output/Log_Id">Log Id</operation>
                                                <operation source="field"
                                                           to="temp.mt_LoadRDV_STG_IAS_COMMISSION_To_Shared_SatRegisteredRepresentative_insert/output/Task_Id">Task Id</operation>
                                                <operation source="field"
                                                           to="temp.mt_LoadRDV_STG_IAS_COMMISSION_To_Shared_SatRegisteredRepresentative_insert/output/Task_Status">Task Status</operation>
                                                <operation source="field"
                                                           to="temp.mt_LoadRDV_STG_IAS_COMMISSION_To_Shared_SatRegisteredRepresentative_insert/output/Success_Source_Rows">Success Source Rows</operation>
                                                <operation source="field"
                                                           to="temp.mt_LoadRDV_STG_IAS_COMMISSION_To_Shared_SatRegisteredRepresentative_insert/output/Failed_Source_Rows">Failed Source Rows</operation>
                                                <operation source="field"
                                                           to="temp.mt_LoadRDV_STG_IAS_COMMISSION_To_Shared_SatRegisteredRepresentative_insert/output/Success_Target_Rows">Success Target Rows</operation>
                                                <operation source="field"
                                                           to="temp.mt_LoadRDV_STG_IAS_COMMISSION_To_Shared_SatRegisteredRepresentative_insert/output/Failed_Target_Rows">Failed Target Rows</operation>
                                                <operation source="field"
                                                           to="temp.mt_LoadRDV_STG_IAS_COMMISSION_To_Shared_SatRegisteredRepresentative_insert/output/Start_Time">Start Time</operation>
                                                <operation source="field"
                                                           to="temp.mt_LoadRDV_STG_IAS_COMMISSION_To_Shared_SatRegisteredRepresentative_insert/output/End_Time">End Time</operation>
                                                <operation source="field"
                                                           to="temp.mt_LoadRDV_STG_IAS_COMMISSION_To_Shared_SatRegisteredRepresentative_insert/output/Error_Message">Error Message</operation>
                                             </serviceOutput>
                                          </service>
                                          <events>
                                             <catch faultField="temp.mt_LoadRDV_STG_IAS_COMMISSION_To_Shared_SatRegisteredRepresentative_insert/fault"
                                                    id="kfkk0zxg"
                                                    interrupting="true"
                                                    name="error">
                                                <suspend/>
                                             </catch>
                                             <catch faultField="temp.mt_LoadRDV_STG_IAS_COMMISSION_To_Shared_SatRegisteredRepresentative_insert/fault"
                                                    id="kfkk0zxh"
                                                    interrupting="true"
                                                    name="warning"/>
                                          </events>
                                       </eventContainer>
                                       <link id="knqh2xud" targetId="knqh2xu0" type="containerLink"/>
                                    </flow>
                                    <flow id="knqh2xu4">
                                       <eventContainer id="knqh2xu5">
                                          <service id="knqh2xu6">
                                             <title>mt_LoadRDV_STG_IAS_COMMISSION_To_Shared_HubRegisteredRepresentative</title>
                                             <serviceName>ICSExecuteDataTask</serviceName>
                                             <serviceGUID/>
                                             <serviceInput>
                                                <parameter name="Wait for Task to Complete" source="constant" updatable="true">true</parameter>
                                                <parameter name="Max Wait" source="constant" updatable="true">604800</parameter>
                                                <parameter name="Task Name" source="constant" updatable="true">mt_LoadRDV_STG_IAS_COMMISSION_To_Shared_HubRegisteredRepresentative</parameter>
                                                <parameter name="GUID" source="constant" updatable="true">2MkAhmvswZWctlqQ9f4NEc</parameter>
                                                <parameter name="Task Type" source="constant" updatable="true">MCT</parameter>
                                                <parameter name="Has Inout Parameters" source="constant" updatable="true">false</parameter>
                                                <parameter name="taskField" source="nested">
                                                   <operation source="field"
                                                              to="mt-LoadRDV-STG-IAS-COMMISSION-To-Shared-HubRegisteredRepresentative">temp.mt_LoadRDV_STG_IAS_COMMISSION_To_Shared_HubRegisteredRepresentative</operation>
                                                   <operation source="field"
                                                              to="mt-LoadRDV-STG-IAS-COMMISSION-To-Shared-HubRegisteredRepresentative/inout[1]/io_tf_Audit_ID">temp.temp_tf_Audit_ID</operation>
                                                </parameter>
                                             </serviceInput>
                                             <serviceOutput>
                                                <operation source="field"
                                                           to="temp.mt_LoadRDV_STG_IAS_COMMISSION_To_Shared_HubRegisteredRepresentative/output/Object_Name">Object Name</operation>
                                                <operation source="field"
                                                           to="temp.mt_LoadRDV_STG_IAS_COMMISSION_To_Shared_HubRegisteredRepresentative/output/Run_Id">Run Id</operation>
                                                <operation source="field"
                                                           to="temp.mt_LoadRDV_STG_IAS_COMMISSION_To_Shared_HubRegisteredRepresentative/output/Log_Id">Log Id</operation>
                                                <operation source="field"
                                                           to="temp.mt_LoadRDV_STG_IAS_COMMISSION_To_Shared_HubRegisteredRepresentative/output/Task_Id">Task Id</operation>
                                                <operation source="field"
                                                           to="temp.mt_LoadRDV_STG_IAS_COMMISSION_To_Shared_HubRegisteredRepresentative/output/Task_Status">Task Status</operation>
                                                <operation source="field"
                                                           to="temp.mt_LoadRDV_STG_IAS_COMMISSION_To_Shared_HubRegisteredRepresentative/output/Success_Source_Rows">Success Source Rows</operation>
                                                <operation source="field"
                                                           to="temp.mt_LoadRDV_STG_IAS_COMMISSION_To_Shared_HubRegisteredRepresentative/output/Failed_Source_Rows">Failed Source Rows</operation>
                                                <operation source="field"
                                                           to="temp.mt_LoadRDV_STG_IAS_COMMISSION_To_Shared_HubRegisteredRepresentative/output/Success_Target_Rows">Success Target Rows</operation>
                                                <operation source="field"
                                                           to="temp.mt_LoadRDV_STG_IAS_COMMISSION_To_Shared_HubRegisteredRepresentative/output/Failed_Target_Rows">Failed Target Rows</operation>
                                                <operation source="field"
                                                           to="temp.mt_LoadRDV_STG_IAS_COMMISSION_To_Shared_HubRegisteredRepresentative/output/Start_Time">Start Time</operation>
                                                <operation source="field"
                                                           to="temp.mt_LoadRDV_STG_IAS_COMMISSION_To_Shared_HubRegisteredRepresentative/output/End_Time">End Time</operation>
                                                <operation source="field"
                                                           to="temp.mt_LoadRDV_STG_IAS_COMMISSION_To_Shared_HubRegisteredRepresentative/output/Error_Message">Error Message</operation>
                                             </serviceOutput>
                                          </service>
                                          <events>
                                             <catch faultField="temp.mt_LoadRDV_STG_IAS_COMMISSION_To_Shared_HubRegisteredRepresentative/fault"
                                                    id="kfkk0zw3"
                                                    interrupting="true"
                                                    name="error">
                                                <suspend/>
                                             </catch>
                                             <catch faultField="temp.mt_LoadRDV_STG_IAS_COMMISSION_To_Shared_HubRegisteredRepresentative/fault"
                                                    id="kfkk0zw4"
                                                    interrupting="true"
                                                    name="warning"/>
                                          </events>
                                       </eventContainer>
                                       <link id="knqh2xue" targetId="knqh2xu0" type="containerLink"/>
                                    </flow>
                                    <flow id="knqh2xu7">
                                       <eventContainer id="knqh2xu8">
                                          <service id="knqh2xu9">
                                             <title>mt_LoadRDV_STG_IAS_COMMISSION_To_Shared_SatRegisteredRepresentative_delete</title>
                                             <serviceName>ICSExecuteDataTask</serviceName>
                                             <serviceGUID/>
                                             <serviceInput>
                                                <parameter name="Wait for Task to Complete" source="constant" updatable="true">true</parameter>
                                                <parameter name="Max Wait" source="constant" updatable="true">604800</parameter>
                                                <parameter name="Task Name" source="constant" updatable="true">mt_LoadRDV_STG_IAS_COMMISSION_To_Shared_SatRegisteredRepresentative_delete</parameter>
                                                <parameter name="GUID" source="constant" updatable="true">i3krEhqkMeodtLSDMKlwec</parameter>
                                                <parameter name="Task Type" source="constant" updatable="true">MCT</parameter>
                                                <parameter name="Has Inout Parameters" source="constant" updatable="true">false</parameter>
                                                <parameter name="taskField" source="nested">
                                                   <operation source="field"
                                                              to="mt-LoadRDV-STG-IAS-COMMISSION-To-Shared-SatRegisteredRepresentative-delete">temp.mt_LoadRDV_STG_IAS_COMMISSION_To_Shared_SatRegisteredRepresentative_delete</operation>
                                                   <operation source="field"
                                                              to="mt-LoadRDV-STG-IAS-COMMISSION-To-Shared-SatRegisteredRepresentative-delete/input[1]/i_DATA_START_DATE">temp.temp_dataStartDate</operation>
                                                   <operation source="field"
                                                              to="mt-LoadRDV-STG-IAS-COMMISSION-To-Shared-SatRegisteredRepresentative-delete/inout[1]/io_tf_Audit_ID">temp.temp_tf_Audit_ID</operation>
                                                </parameter>
                                             </serviceInput>
                                             <serviceOutput>
                                                <operation source="field"
                                                           to="temp.mt_LoadRDV_STG_IAS_COMMISSION_To_Shared_SatRegisteredRepresentative_delete/output/Object_Name">Object Name</operation>
                                                <operation source="field"
                                                           to="temp.mt_LoadRDV_STG_IAS_COMMISSION_To_Shared_SatRegisteredRepresentative_delete/output/Run_Id">Run Id</operation>
                                                <operation source="field"
                                                           to="temp.mt_LoadRDV_STG_IAS_COMMISSION_To_Shared_SatRegisteredRepresentative_delete/output/Log_Id">Log Id</operation>
                                                <operation source="field"
                                                           to="temp.mt_LoadRDV_STG_IAS_COMMISSION_To_Shared_SatRegisteredRepresentative_delete/output/Task_Id">Task Id</operation>
                                                <operation source="field"
                                                           to="temp.mt_LoadRDV_STG_IAS_COMMISSION_To_Shared_SatRegisteredRepresentative_delete/output/Task_Status">Task Status</operation>
                                                <operation source="field"
                                                           to="temp.mt_LoadRDV_STG_IAS_COMMISSION_To_Shared_SatRegisteredRepresentative_delete/output/Success_Source_Rows">Success Source Rows</operation>
                                                <operation source="field"
                                                           to="temp.mt_LoadRDV_STG_IAS_COMMISSION_To_Shared_SatRegisteredRepresentative_delete/output/Failed_Source_Rows">Failed Source Rows</operation>
                                                <operation source="field"
                                                           to="temp.mt_LoadRDV_STG_IAS_COMMISSION_To_Shared_SatRegisteredRepresentative_delete/output/Success_Target_Rows">Success Target Rows</operation>
                                                <operation source="field"
                                                           to="temp.mt_LoadRDV_STG_IAS_COMMISSION_To_Shared_SatRegisteredRepresentative_delete/output/Failed_Target_Rows">Failed Target Rows</operation>
                                                <operation source="field"
                                                           to="temp.mt_LoadRDV_STG_IAS_COMMISSION_To_Shared_SatRegisteredRepresentative_delete/output/Start_Time">Start Time</operation>
                                                <operation source="field"
                                                           to="temp.mt_LoadRDV_STG_IAS_COMMISSION_To_Shared_SatRegisteredRepresentative_delete/output/End_Time">End Time</operation>
                                                <operation source="field"
                                                           to="temp.mt_LoadRDV_STG_IAS_COMMISSION_To_Shared_SatRegisteredRepresentative_delete/output/Error_Message">Error Message</operation>
                                             </serviceOutput>
                                          </service>
                                          <events>
                                             <catch faultField="temp.mt_LoadRDV_STG_IAS_COMMISSION_To_Shared_SatRegisteredRepresentative_delete/fault"
                                                    id="kfkk0zyq"
                                                    interrupting="true"
                                                    name="error">
                                                <suspend/>
                                             </catch>
                                             <catch faultField="temp.mt_LoadRDV_STG_IAS_COMMISSION_To_Shared_SatRegisteredRepresentative_delete/fault"
                                                    id="kfkk0zyr"
                                                    interrupting="true"
                                                    name="warning"/>
                                          </events>
                                       </eventContainer>
                                       <link id="knqh2xuf" targetId="knqh2xu0" type="containerLink"/>
                                    </flow>
                                    <link id="knqh2xua" targetId="knqh2xu1" type="containerLink"/>
                                    <link id="knqh2xub" targetId="knqh2xu4" type="containerLink"/>
                                    <link id="knqh2xuc" targetId="knqh2xu7" type="containerLink"/>
                                 </container>
                                 <link id="knqh2xtn" targetId="knqh2xti" type="containerLink"/>
                              </flow>
                              <flow id="knqh2xtp">
                                 <link id="knqh2xtq" targetId="knqh2xti" type="containerLink"/>
                              </flow>
                              <link id="knqh2xtl" targetId="knqh2xtm" type="containerLink">
                                 <condition source="formula">
                                    <function name="greater-than">
                                       <arg name="left">{$temp.mt_STG_count[1]/inout[1]/io_rowCount}</arg>
                                       <arg name="right">{0}</arg>
                                    </function>
                                 </condition>
                              </link>
                              <link id="knqh2xto" targetId="knqh2xtp" type="containerLink"/>
                           </container>
                           <link id="kfkk0zt4" targetId="kfkk0zt0" type="containerLink"/>
                        </flow>
                        <flow id="kfkk0zt6">
                           <throw id="kfkk0zu3">
                              <title>Throw_Error_StartJob</title>
                              <throwInput>
                                 <parameter name="code" source="field" updatable="true">temp.dt_Audit_StartJob[1]/inout[1]/io_Result</parameter>
                                 <parameter name="detail" source="constant" updatable="true"/>
                                 <parameter name="reason" source="constant" updatable="true"/>
                              </throwInput>
                           </throw>
                        </flow>
                        <link id="kfkk0zt2" targetId="kfkk0zt3" type="containerLink">
                           <condition source="formula">
                              <function name="contains">
                                 <arg name="left">{$temp.dt_Audit_StartJob[1]/inout[1]/io_Result}</arg>
                                 <arg name="right">SUCCESS</arg>
                              </function>
                           </condition>
                        </link>
                        <link id="kfkk0zt5" targetId="kfkk0zt6" type="containerLink"/>
                        <link id="kfkk100x" targetId="kfkk101o"/>
                     </container>
                     <link id="kfkk0zpo" targetId="kfkk0zpj" type="containerLink"/>
                  </flow>
                  <flow id="kfkk0zpq">
                     <link id="kfkk0zpr" targetId="kfkk0zpj" type="containerLink"/>
                  </flow>
                  <link id="kfkk0zpm" targetId="kfkk0zpn" type="containerLink">
                     <condition source="formula">
                        <function name="contains">
                           <arg name="left">{$temp.temp_filename}</arg>
                           <arg name="right">REGISTERED_REPRESENTATIVE__</arg>
                        </function>
                     </condition>
                  </link>
                  <link id="kfkk0zpp" targetId="kfkk0zpq" type="containerLink"/>
                  <link id="kfkk0zve" targetId="c"/>
               </container>
               <end id="c"/>
            </flow>
            <dependencies>
               <processObject xmlns="http://schemas.active-endpoints.com/appmodules/screenflow/2011/06/avosHostEnvironment.xsd"
                              displayName="mt-Audit-EndJob"
                              isByCopy="true"
                              name="mt-Audit-EndJob">
                  <description/>
                  <tags/>
                  <detail>
                     <field label="Input Parameters" name="input" type="reference"/>
                     <field label="InOut Parameters" name="inout" type="reference"/>
                     <field label="TaskProperties Parameters"
                            name="taskProperties"
                            type="reference"/>
                     <field label="Output Parameters" name="output" type="reference"/>
                     <field label="Fault" name="fault" type="reference"/>
                  </detail>
               </processObject>
               <processObject xmlns="http://schemas.active-endpoints.com/appmodules/screenflow/2011/06/avosHostEnvironment.xsd"
                              displayName="mt-Audit-StartJob"
                              isByCopy="true"
                              name="mt-Audit-StartJob">
                  <description/>
                  <tags/>
                  <detail>
                     <field label="Input Parameters" name="input" type="reference"/>
                     <field label="InOut Parameters" name="inout" type="reference"/>
                     <field label="TaskProperties Parameters"
                            name="taskProperties"
                            type="reference"/>
                     <field label="Output Parameters" name="output" type="reference"/>
                     <field label="Fault" name="fault" type="reference"/>
                  </detail>
               </processObject>
               <processObject xmlns="http://schemas.active-endpoints.com/appmodules/screenflow/2011/06/avosHostEnvironment.xsd"
                              displayName="mt-LoadSTG-PSA-IAS-COMMISSION-To-STG-Registered-Representative-Commission-RECEPTION"
                              isByCopy="true"
                              name="mt-LoadSTG-PSA-IAS-COMMISSION-To-STG-Registered-Representative-Commission-RECEPTION">
                  <description/>
                  <tags/>
                  <detail>
                     <field label="InOut Parameters" name="inout" type="reference"/>
                     <field label="TaskProperties Parameters"
                            name="taskProperties"
                            type="reference"/>
                     <field label="Output Parameters" name="output" type="reference"/>
                     <field label="Fault" name="fault" type="reference"/>
                  </detail>
               </processObject>
               <processObject xmlns="http://schemas.active-endpoints.com/appmodules/screenflow/2011/06/avosHostEnvironment.xsd"
                              displayName="mt-STG-count"
                              isByCopy="true"
                              name="mt-STG-count">
                  <description/>
                  <tags/>
                  <detail>
                     <field label="Input Parameters" name="input" type="reference"/>
                     <field label="InOut Parameters" name="inout" type="reference"/>
                     <field label="TaskProperties Parameters"
                            name="taskProperties"
                            type="reference"/>
                     <field label="Output Parameters" name="output" type="reference"/>
                     <field label="Fault" name="fault" type="reference"/>
                  </detail>
               </processObject>
               <processObject xmlns="http://schemas.active-endpoints.com/appmodules/screenflow/2011/06/avosHostEnvironment.xsd"
                              displayName="mt-LoadRDV-STG-IAS-COMMISSION-To-Shared-SatRegisteredRepresentative-insert"
                              isByCopy="true"
                              name="mt-LoadRDV-STG-IAS-COMMISSION-To-Shared-SatRegisteredRepresentative-insert">
                  <description/>
                  <tags/>
                  <detail>
                     <field label="Input Parameters" name="input" type="reference"/>
                     <field label="InOut Parameters" name="inout" type="reference"/>
                     <field label="TaskProperties Parameters"
                            name="taskProperties"
                            type="reference"/>
                     <field label="Output Parameters" name="output" type="reference"/>
                     <field label="Fault" name="fault" type="reference"/>
                  </detail>
               </processObject>
               <processObject xmlns="http://schemas.active-endpoints.com/appmodules/screenflow/2011/06/avosHostEnvironment.xsd"
                              displayName="mt-LoadRDV-STG-IAS-COMMISSION-To-Shared-HubRegisteredRepresentative"
                              isByCopy="true"
                              name="mt-LoadRDV-STG-IAS-COMMISSION-To-Shared-HubRegisteredRepresentative">
                  <description/>
                  <tags/>
                  <detail>
                     <field label="Input Parameters" name="input" type="reference"/>
                     <field label="InOut Parameters" name="inout" type="reference"/>
                     <field label="TaskProperties Parameters"
                            name="taskProperties"
                            type="reference"/>
                     <field label="Output Parameters" name="output" type="reference"/>
                     <field label="Fault" name="fault" type="reference"/>
                  </detail>
               </processObject>
               <processObject xmlns="http://schemas.active-endpoints.com/appmodules/screenflow/2011/06/avosHostEnvironment.xsd"
                              displayName="mt-LoadRDV-STG-IAS-COMMISSION-To-Shared-SatRegisteredRepresentative-delete"
                              isByCopy="true"
                              name="mt-LoadRDV-STG-IAS-COMMISSION-To-Shared-SatRegisteredRepresentative-delete">
                  <description/>
                  <tags/>
                  <detail>
                     <field label="Input Parameters" name="input" type="reference"/>
                     <field label="InOut Parameters" name="inout" type="reference"/>
                     <field label="TaskProperties Parameters"
                            name="taskProperties"
                            type="reference"/>
                     <field label="Output Parameters" name="output" type="reference"/>
                     <field label="Fault" name="fault" type="reference"/>
                  </detail>
               </processObject>
               <processObject xmlns="http://schemas.active-endpoints.com/appmodules/screenflow/2011/06/avosHostEnvironment.xsd"
                              displayName="mt-LoadSTG-PSA-IAS-COMMISSION-To-STG-RegistredRepresentative"
                              isByCopy="true"
                              name="mt-LoadSTG-PSA-IAS-COMMISSION-To-STG-RegistredRepresentative">
                  <description/>
                  <tags/>
                  <detail>
                     <field label="TaskProperties Parameters"
                            name="taskProperties"
                            type="reference"/>
                     <field label="Output Parameters" name="output" type="reference"/>
                     <field label="Fault" name="fault" type="reference"/>
                  </detail>
               </processObject>
            </dependencies>
         </taskflow>
      </types1:Entry>
      <types1:GUID>gtKFskIqHMvjY4JXkjJO0Q</types1:GUID>
      <types1:DisplayName>tf_LoadRDV_20-30_PSA_IAS_COMISSION_to_RDV_SHARED_ADVISORS</types1:DisplayName>
   </types1:Item>
   <types1:CurrentServerDateTime>2023-03-08T18:46:18.411Z</types1:CurrentServerDateTime>
</aetgt:getResponse>
