<aetgt:getResponse xmlns:aetgt="http://schemas.active-endpoints.com/appmodules/repository/2010/10/avrepository.xsd"
                   xmlns:types1="http://schemas.active-endpoints.com/appmodules/repository/2010/10/avrepository.xsd">
   <types1:Item>
      <types1:EntryId>yEmqVVVVVVVVVVV-gt-39113565-2021-03-09T03:09:33.936Z::tf.xml</types1:EntryId>
      <types1:Name>tf_LoadBDV_40_Shared_PartyRoleAccountHolder</types1:Name>
      <types1:MimeType>application/xml+taskflow</types1:MimeType>
      <types1:Description/>
      <types1:AppliesTo/>
      <types1:Tags/>
      <types1:VersionLabel>1.0</types1:VersionLabel>
      <types1:State>CURRENT</types1:State>
      <types1:ProcessGroup/>
      <types1:CreatedBy>jihed.laamiri@ia.ca</types1:CreatedBy>
      <types1:CreationDate>2021-03-09T03:09:34Z</types1:CreationDate>
      <types1:ModifiedBy>iheb.benghali@ia.ca.SAML</types1:ModifiedBy>
      <types1:ModificationDate>2021-08-16T21:00:46Z</types1:ModificationDate>
      <types1:PublicationStatus>published</types1:PublicationStatus>
      <types1:PublishedBy>jihed.laamiri@ia.ca</types1:PublishedBy>
      <types1:PublicationDate>2022-12-21T17:55:36Z</types1:PublicationDate>
      <types1:PublishedContributionId>project:/tf.tf_LoadBDV_40_Shared_PartyRoleAccountHolder/tf_LoadBDV_40_Shared_PartyRoleAccountHolder.tf.xml</types1:PublishedContributionId>
      <types1:AutosaveExists>false</types1:AutosaveExists>
      <types1:Entry>
         <taskflow xmlns="http://schemas.active-endpoints.com/appmodules/screenflow/2010/10/avosScreenflow.xsd"
                   xmlns:tfm="http://schemas.active-endpoints.com/appmodules/screenflow/2021/04/taskflowModel.xsd"
                   xmlns:list="urn:activevos:spi:list:functions"
                   displayName="tf_LoadBDV_40_Shared_PartyRoleAccountHolder"
                   name="tf_LoadBDV_40_Shared_PartyRoleAccountHolder"
                   overrideAPIName="false">
            <parameterSet xmlns="http://schemas.active-endpoints.com/appmodules/screenflow/2021/04/taskflowModel.xsd"/>
            <appliesTo/>
            <description/>
            <tags/>
            <generator>Informatica Process Designer 11</generator>
            <tempFields>
               <field description="" name="mt_audit_startJob_NextDate" type="reference">
                  <options>
                     <option name="referenceTo">$po:mt-audit-startJob-NextDate</option>
                     <option name="failOnNotRun">false</option>
                     <option name="failOnFault">false</option>
                  </options>
               </field>
               <field description="" name="mt_audit_EndJob" type="reference">
                  <options>
                     <option name="referenceTo">$po:mt-audit-EndJob</option>
                     <option name="failOnNotRun">false</option>
                     <option name="failOnFault">false</option>
                  </options>
               </field>
               <field description=""
                      name="mt_LoadBDV_BDV_Wt_To_Shared_SatAccountHolder_Compute_insert"
                      type="reference">
                  <options>
                     <option name="failOnNotRun">false</option>
                     <option name="failOnFault">false</option>
                     <option name="referenceTo">$po:mt-LoadBDV-BDV-Wt-To-Shared-SatAccountHolder-Compute-insert</option>
                  </options>
               </field>
               <field description=""
                      name="mt_LoadBDV_BDV_Wt_To_Shared_SatAccountHolder_Compute_Delete"
                      type="reference">
                  <options>
                     <option name="failOnNotRun">false</option>
                     <option name="failOnFault">false</option>
                     <option name="referenceTo">$po:mt-LoadBDV-BDV-Wt-To-Shared-SatAccountHolder-Compute-Delete</option>
                  </options>
               </field>
               <field description="" name="temp_JobName" type="string">
                  <options>
                     <option name="required">false</option>
                  </options>
               </field>
               <field description="" name="temp_tf_Audit_ID" type="string">
                  <options>
                     <option name="required">false</option>
                  </options>
               </field>
               <field description="" name="temp_dataStartDate" type="date">
                  <options>
                     <option name="required">false</option>
                  </options>
               </field>
               <field description=""
                      name="mt_LoadBDV_RDV_Shared_To_Wt_SatAccountHolder_Compute"
                      type="reference">
                  <options>
                     <option name="referenceTo">$po:mt-LoadBDV-RDV-Shared-To-Wt-SatAccountHolder-Compute</option>
                  </options>
               </field>
               <field description=""
                      name="mt_LoadBDV_RDV_UNIVERIS_Shared_To_Wt_SatAccountHolder_Compute"
                      type="reference">
                  <options>
                     <option name="failOnNotRun">false</option>
                     <option name="failOnFault">false</option>
                     <option name="referenceTo">$po:mt-LoadBDV-RDV-UNIVERIS-Shared-To-Wt-SatAccountHolder-Compute</option>
                  </options>
               </field>
               <field description=""
                      name="mt_LoadBDV_RDV_INVESTIA_UNIVERIS_Shared_To_Wt_SatAccountHolder_Compute"
                      type="reference">
                  <options>
                     <option name="failOnNotRun">false</option>
                     <option name="failOnFault">false</option>
                     <option name="referenceTo">$po:mt-LoadBDV-RDV-INVESTIA-UNIVERIS-Shared-To-Wt-SatAccountHolder-Compute</option>
                  </options>
               </field>
            </tempFields>
            <notes/>
            <deployment suspendOnFault="false" tracingLevel="verbose">
               <rest/>
            </deployment>
            <flow id="a">
               <start id="b">
                  <link id="kgblmv8d" targetId="kgblmv8c"/>
               </start>
               <assignment id="kgblmv8c">
                  <title>asgn_StartJob_Parameters</title>
                  <operation source="formula" to="temp.temp_JobName">
                     <expression language="XQuery">fn:concat("'",util:getAssetName(),"'")</expression>
                  </operation>
                  <operation source="formula" to="temp.temp_tf_Audit_ID">
                     <expression language="XQuery">fn:concat("'",util:getAssetName(),"-", util:getProcessId(),"'")</expression>
                  </operation>
                  <operation source="constant"
                             to="temp.mt_audit_startJob_NextDate[1]/inout[1]/io_DataStartDate">01/01/2000 00:00:00.000000000</operation>
                  <operation source="constant"
                             to="temp.mt_audit_startJob_NextDate[1]/inout[1]/io_Result">ERROR</operation>
                  <link id="kgblmv8e" targetId="kgblmv8y"/>
               </assignment>
               <assignment id="km5amrkj">
                  <title>asgn_DataStartDate</title>
                  <operation source="formula" to="temp.temp_dataStartDate">
                     <expression language="XQuery">fn:concat("'",date:toChar(date:toDate($temp.mt_audit_startJob_NextDate[1]/inout[1]/io_DataStartDate , 'MM/DD/YYYY 00:00:00.000000000'),'YYYY-MM-DD'),"'")</expression>
                  </operation>
                  <link id="km5amrkl" targetId="klwokcvj"/>
               </assignment>
               <eventContainer id="kgblmv8y">
                  <service id="kgblmv86">
                     <title>mt_audit_startJob_NextDate</title>
                     <serviceName>ICSExecuteDataTask</serviceName>
                     <serviceGUID/>
                     <serviceInput>
                        <parameter name="Wait for Task to Complete" source="constant" updatable="true">true</parameter>
                        <parameter name="Max Wait" source="constant" updatable="true">604800</parameter>
                        <parameter name="Task Name" source="constant" updatable="true">mt_audit_startJob_NextDate</parameter>
                        <parameter name="GUID" source="constant" updatable="true">4yL1rWYuv2bbkfdXIvpTqC</parameter>
                        <parameter name="Task Type" source="constant" updatable="true">MCT</parameter>
                        <parameter name="Has Inout Parameters" source="constant" updatable="true">true</parameter>
                        <parameter name="taskField" source="nested">
                           <operation source="field" to="mt-audit-startJob-NextDate">temp.mt_audit_startJob_NextDate</operation>
                           <operation source="field" to="mt-audit-startJob-NextDate/inout[1]/io_auditID">temp.temp_tf_Audit_ID<expression language="XQuery">fn:concat("'",fn:replace($temp.mt_audit_startJob_NextDate[1]/inout[1]/io_jobName , "'", ""),"-", util:getProcessId(),"'")</expression>
                           </operation>
                           <operation source="field" to="mt-audit-startJob-NextDate/inout[1]/io_jobName">temp.temp_JobName</operation>
                        </parameter>
                     </serviceInput>
                     <serviceOutput>
                        <operation source="field" to="temp.mt_audit_startJob_NextDate/output/Object_Name">Object Name</operation>
                        <operation source="field" to="temp.mt_audit_startJob_NextDate/output/Run_Id">Run Id</operation>
                        <operation source="field" to="temp.mt_audit_startJob_NextDate/output/Log_Id">Log Id</operation>
                        <operation source="field" to="temp.mt_audit_startJob_NextDate/output/Task_Id">Task Id</operation>
                        <operation source="field" to="temp.mt_audit_startJob_NextDate/output/Task_Status">Task Status</operation>
                        <operation source="field"
                                   to="temp.mt_audit_startJob_NextDate/output/Success_Source_Rows">Success Source Rows</operation>
                        <operation source="field"
                                   to="temp.mt_audit_startJob_NextDate/output/Failed_Source_Rows">Failed Source Rows</operation>
                        <operation source="field"
                                   to="temp.mt_audit_startJob_NextDate/output/Success_Target_Rows">Success Target Rows</operation>
                        <operation source="field"
                                   to="temp.mt_audit_startJob_NextDate/output/Failed_Target_Rows">Failed Target Rows</operation>
                        <operation source="field" to="temp.mt_audit_startJob_NextDate/output/Start_Time">Start Time</operation>
                        <operation source="field" to="temp.mt_audit_startJob_NextDate/output/End_Time">End Time</operation>
                        <operation source="field"
                                   to="temp.mt_audit_startJob_NextDate/output/Error_Message">Error Message</operation>
                        <operation source="field" to="temp.mt_audit_startJob_NextDate/inout/io_jobName">io_jobName</operation>
                        <operation source="field" to="temp.mt_audit_startJob_NextDate/inout/io_auditID">io_auditID</operation>
                        <operation source="field" to="temp.mt_audit_startJob_NextDate/inout/io_Result">io_Result</operation>
                        <operation source="field"
                                   to="temp.mt_audit_startJob_NextDate/inout/io_DataStartDate">io_DataStartDate</operation>
                     </serviceOutput>
                  </service>
                  <link id="km5amrkk" targetId="km5amrkj"/>
                  <events>
                     <catch faultField="temp.mt_audit_startJob_NextDate/fault"
                            id="kgblmv8w"
                            interrupting="true"
                            name="error">
                        <suspend/>
                     </catch>
                     <catch faultField="temp.mt_audit_startJob_NextDate/fault"
                            id="kgblmv8x"
                            interrupting="true"
                            name="warning"/>
                  </events>
               </eventContainer>
               <eventContainer id="kgblmva4">
                  <service id="kgblmv9h">
                     <title>mt_audit_EndJob</title>
                     <serviceName>ICSExecuteDataTask</serviceName>
                     <serviceGUID/>
                     <serviceInput>
                        <parameter name="Wait for Task to Complete" source="constant" updatable="true">true</parameter>
                        <parameter name="Max Wait" source="constant" updatable="true">604800</parameter>
                        <parameter name="Task Name" source="constant" updatable="true">mt_audit_EndJob</parameter>
                        <parameter name="GUID" source="constant" updatable="true">0Zg6ywcCvDMewZIBBkVECO</parameter>
                        <parameter name="Task Type" source="constant" updatable="true">MCT</parameter>
                        <parameter name="Has Inout Parameters" source="constant" updatable="true">true</parameter>
                        <parameter name="taskField" source="nested">
                           <operation source="field" to="mt-audit-EndJob">temp.mt_audit_EndJob</operation>
                           <operation source="field" to="mt-audit-EndJob/inout[1]/io_jobAuditID">temp.temp_tf_Audit_ID</operation>
                           <operation source="constant" to="mt-audit-EndJob/inout[1]/io_jobEndDesc">Successful execution</operation>
                           <operation source="constant" to="mt-audit-EndJob/inout[1]/io_jobEndStatus">SUCCESS</operation>
                           <operation source="field" to="mt-audit-EndJob/inout[1]/io_jobName">temp.temp_JobName</operation>
                           <operation source="field" to="mt-audit-EndJob/inout[1]/io_jobStartDate">temp.temp_dataStartDate</operation>
                        </parameter>
                     </serviceInput>
                     <serviceOutput>
                        <operation source="field" to="temp.mt_audit_EndJob/output/Object_Name">Object Name</operation>
                        <operation source="field" to="temp.mt_audit_EndJob/output/Run_Id">Run Id</operation>
                        <operation source="field" to="temp.mt_audit_EndJob/output/Log_Id">Log Id</operation>
                        <operation source="field" to="temp.mt_audit_EndJob/output/Task_Id">Task Id</operation>
                        <operation source="field" to="temp.mt_audit_EndJob/output/Task_Status">Task Status</operation>
                        <operation source="field" to="temp.mt_audit_EndJob/output/Success_Source_Rows">Success Source Rows</operation>
                        <operation source="field" to="temp.mt_audit_EndJob/output/Failed_Source_Rows">Failed Source Rows</operation>
                        <operation source="field" to="temp.mt_audit_EndJob/output/Success_Target_Rows">Success Target Rows</operation>
                        <operation source="field" to="temp.mt_audit_EndJob/output/Failed_Target_Rows">Failed Target Rows</operation>
                        <operation source="field" to="temp.mt_audit_EndJob/output/Start_Time">Start Time</operation>
                        <operation source="field" to="temp.mt_audit_EndJob/output/End_Time">End Time</operation>
                        <operation source="field" to="temp.mt_audit_EndJob/output/Error_Message">Error Message</operation>
                        <operation source="field" to="temp.mt_audit_EndJob/inout/io_Result">io_Result</operation>
                        <operation source="field" to="temp.mt_audit_EndJob/inout/io_jobName">io_jobName</operation>
                        <operation source="field" to="temp.mt_audit_EndJob/inout/io_jobAuditID">io_jobAuditID</operation>
                        <operation source="field" to="temp.mt_audit_EndJob/inout/io_jobStartDate">io_jobStartDate</operation>
                        <operation source="field" to="temp.mt_audit_EndJob/inout/io_jobEndStatus">io_jobEndStatus</operation>
                        <operation source="field" to="temp.mt_audit_EndJob/inout/io_jobEndDesc">io_jobEndDesc</operation>
                     </serviceOutput>
                  </service>
                  <link id="kgblmv9j" targetId="c"/>
                  <events>
                     <catch faultField="temp.mt_audit_EndJob/fault"
                            id="kgblmva2"
                            interrupting="true"
                            name="error">
                        <suspend/>
                     </catch>
                     <catch faultField="temp.mt_audit_EndJob/fault"
                            id="kgblmva3"
                            interrupting="true"
                            name="warning"/>
                  </events>
               </eventContainer>
               <container id="klwokcvj" type="exclusive">
                  <title>dcn_StartJob_Result</title>
                  <flow id="klwokcvn">
                     <container id="kolxz0bd" type="parallel">
                        <title>Parallel WT loading</title>
                        <flow id="kolxz0bg">
                           <service id="kolxz0br">
                              <title>mt_LoadBDV_RDV_Shared_To_Wt_SatAccountHolder_Compute</title>
                              <serviceName>ICSExecuteDataTask</serviceName>
                              <serviceGUID/>
                              <serviceInput>
                                 <parameter name="Wait for Task to Complete" source="constant" updatable="true">true</parameter>
                                 <parameter name="Max Wait" source="constant" updatable="true">604800</parameter>
                                 <parameter name="Task Name" source="constant" updatable="true">mt_LoadBDV_RDV_Shared_To_Wt_SatAccountHolder_Compute</parameter>
                                 <parameter name="GUID" source="constant" updatable="true">3AiOeAwnOwhck0e34Lz8mE</parameter>
                                 <parameter name="Task Type" source="constant" updatable="true">MCT</parameter>
                                 <parameter name="Has Inout Parameters" source="constant" updatable="true">false</parameter>
                                 <parameter name="taskField" source="nested">
                                    <operation source="field"
                                               to="mt-LoadBDV-RDV-Shared-To-Wt-SatAccountHolder-Compute">temp.mt_LoadBDV_RDV_Shared_To_Wt_SatAccountHolder_Compute</operation>
                                    <operation source="field"
                                               to="mt-LoadBDV-RDV-Shared-To-Wt-SatAccountHolder-Compute/input[1]/i_DATA_START_DATE">temp.temp_dataStartDate<expression language="XQuery">fn:concat("'",date:toChar(date:toDate($temp.mt_audit_startJob_NextDate[1]/inout[1]/io_DataStartDate , 'MM/DD/YYYY 00:00:00.000000000'),'YYYY-MM-DD'),"'")</expression>
                                    </operation>
                                 </parameter>
                              </serviceInput>
                              <serviceOutput>
                                 <operation source="field"
                                            to="temp.mt_LoadBDV_RDV_Shared_To_Wt_SatAccountHolder_Compute/output/Object_Name">Object Name</operation>
                                 <operation source="field"
                                            to="temp.mt_LoadBDV_RDV_Shared_To_Wt_SatAccountHolder_Compute/output/Run_Id">Run Id</operation>
                                 <operation source="field"
                                            to="temp.mt_LoadBDV_RDV_Shared_To_Wt_SatAccountHolder_Compute/output/Log_Id">Log Id</operation>
                                 <operation source="field"
                                            to="temp.mt_LoadBDV_RDV_Shared_To_Wt_SatAccountHolder_Compute/output/Task_Id">Task Id</operation>
                                 <operation source="field"
                                            to="temp.mt_LoadBDV_RDV_Shared_To_Wt_SatAccountHolder_Compute/output/Task_Status">Task Status</operation>
                                 <operation source="field"
                                            to="temp.mt_LoadBDV_RDV_Shared_To_Wt_SatAccountHolder_Compute/output/Success_Source_Rows">Success Source Rows</operation>
                                 <operation source="field"
                                            to="temp.mt_LoadBDV_RDV_Shared_To_Wt_SatAccountHolder_Compute/output/Failed_Source_Rows">Failed Source Rows</operation>
                                 <operation source="field"
                                            to="temp.mt_LoadBDV_RDV_Shared_To_Wt_SatAccountHolder_Compute/output/Success_Target_Rows">Success Target Rows</operation>
                                 <operation source="field"
                                            to="temp.mt_LoadBDV_RDV_Shared_To_Wt_SatAccountHolder_Compute/output/Failed_Target_Rows">Failed Target Rows</operation>
                                 <operation source="field"
                                            to="temp.mt_LoadBDV_RDV_Shared_To_Wt_SatAccountHolder_Compute/output/Start_Time">Start Time</operation>
                                 <operation source="field"
                                            to="temp.mt_LoadBDV_RDV_Shared_To_Wt_SatAccountHolder_Compute/output/End_Time">End Time</operation>
                                 <operation source="field"
                                            to="temp.mt_LoadBDV_RDV_Shared_To_Wt_SatAccountHolder_Compute/output/Error_Message">Error Message</operation>
                              </serviceOutput>
                           </service>
                           <link id="kolxz0bh" targetId="kolxz0bd" type="containerLink"/>
                        </flow>
                        <flow id="kolxz0bj">
                           <eventContainer id="kolxz0cz">
                              <service id="kolxz0c5">
                                 <title>mt_LoadBDV_RDV_UNIVERIS_Shared_To_Wt_SatAccountHolder_Compute</title>
                                 <serviceName>ICSExecuteDataTask</serviceName>
                                 <serviceGUID/>
                                 <serviceInput>
                                    <parameter name="Wait for Task to Complete" source="constant" updatable="true">true</parameter>
                                    <parameter name="Max Wait" source="constant" updatable="true">604800</parameter>
                                    <parameter name="Task Name" source="constant" updatable="true">mt_LoadBDV_RDV_UNIVERIS_Shared_To_Wt_SatAccountHolder_Compute</parameter>
                                    <parameter name="GUID" source="constant" updatable="true">6cCXbv5MARYghWpEznXDC8</parameter>
                                    <parameter name="Task Type" source="constant" updatable="true">MCT</parameter>
                                    <parameter name="Has Inout Parameters" source="constant" updatable="true">false</parameter>
                                    <parameter name="taskField" source="nested">
                                       <operation source="field"
                                                  to="mt-LoadBDV-RDV-UNIVERIS-Shared-To-Wt-SatAccountHolder-Compute">temp.mt_LoadBDV_RDV_UNIVERIS_Shared_To_Wt_SatAccountHolder_Compute</operation>
                                       <operation source="field"
                                                  to="mt-LoadBDV-RDV-UNIVERIS-Shared-To-Wt-SatAccountHolder-Compute/input[1]/i_DATA_START_DATE">temp.temp_dataStartDate</operation>
                                    </parameter>
                                 </serviceInput>
                                 <serviceOutput>
                                    <operation source="field"
                                               to="temp.mt_LoadBDV_RDV_UNIVERIS_Shared_To_Wt_SatAccountHolder_Compute/output/Object_Name">Object Name</operation>
                                    <operation source="field"
                                               to="temp.mt_LoadBDV_RDV_UNIVERIS_Shared_To_Wt_SatAccountHolder_Compute/output/Run_Id">Run Id</operation>
                                    <operation source="field"
                                               to="temp.mt_LoadBDV_RDV_UNIVERIS_Shared_To_Wt_SatAccountHolder_Compute/output/Log_Id">Log Id</operation>
                                    <operation source="field"
                                               to="temp.mt_LoadBDV_RDV_UNIVERIS_Shared_To_Wt_SatAccountHolder_Compute/output/Task_Id">Task Id</operation>
                                    <operation source="field"
                                               to="temp.mt_LoadBDV_RDV_UNIVERIS_Shared_To_Wt_SatAccountHolder_Compute/output/Task_Status">Task Status</operation>
                                    <operation source="field"
                                               to="temp.mt_LoadBDV_RDV_UNIVERIS_Shared_To_Wt_SatAccountHolder_Compute/output/Success_Source_Rows">Success Source Rows</operation>
                                    <operation source="field"
                                               to="temp.mt_LoadBDV_RDV_UNIVERIS_Shared_To_Wt_SatAccountHolder_Compute/output/Failed_Source_Rows">Failed Source Rows</operation>
                                    <operation source="field"
                                               to="temp.mt_LoadBDV_RDV_UNIVERIS_Shared_To_Wt_SatAccountHolder_Compute/output/Success_Target_Rows">Success Target Rows</operation>
                                    <operation source="field"
                                               to="temp.mt_LoadBDV_RDV_UNIVERIS_Shared_To_Wt_SatAccountHolder_Compute/output/Failed_Target_Rows">Failed Target Rows</operation>
                                    <operation source="field"
                                               to="temp.mt_LoadBDV_RDV_UNIVERIS_Shared_To_Wt_SatAccountHolder_Compute/output/Start_Time">Start Time</operation>
                                    <operation source="field"
                                               to="temp.mt_LoadBDV_RDV_UNIVERIS_Shared_To_Wt_SatAccountHolder_Compute/output/End_Time">End Time</operation>
                                    <operation source="field"
                                               to="temp.mt_LoadBDV_RDV_UNIVERIS_Shared_To_Wt_SatAccountHolder_Compute/output/Error_Message">Error Message</operation>
                                 </serviceOutput>
                              </service>
                              <events>
                                 <catch faultField="temp.mt_LoadBDV_RDV_UNIVERIS_Shared_To_Wt_SatAccountHolder_Compute/fault"
                                        id="kolxz0cx"
                                        interrupting="true"
                                        name="error">
                                    <suspend/>
                                 </catch>
                                 <catch faultField="temp.mt_LoadBDV_RDV_UNIVERIS_Shared_To_Wt_SatAccountHolder_Compute/fault"
                                        id="kolxz0cy"
                                        interrupting="true"
                                        name="warning"/>
                              </events>
                           </eventContainer>
                           <link id="kolxz0bk" targetId="kolxz0bd" type="containerLink"/>
                        </flow>
                        <flow id="ksf2yauk">
                           <eventContainer id="ksf2yava">
                              <service id="ksf2yauu">
                                 <title>mt_LoadBDV_RDV_INVESTIA_UNIVERIS_Shared_To_Wt_SatAccountHolder_Compute</title>
                                 <serviceName>ICSExecuteDataTask</serviceName>
                                 <serviceGUID/>
                                 <serviceInput>
                                    <parameter name="Wait for Task to Complete" source="constant" updatable="true">true</parameter>
                                    <parameter name="Max Wait" source="constant" updatable="true">604800</parameter>
                                    <parameter name="Task Name" source="constant" updatable="true">mt_LoadBDV_RDV_INVESTIA_UNIVERIS_Shared_To_Wt_SatAccountHolder_Compute</parameter>
                                    <parameter name="GUID" source="constant" updatable="true">6bdjRt6vUesks6KCDsMaqA</parameter>
                                    <parameter name="Task Type" source="constant" updatable="true">MCT</parameter>
                                    <parameter name="Has Inout Parameters" source="constant" updatable="true">false</parameter>
                                    <parameter name="taskField" source="nested">
                                       <operation source="field"
                                                  to="mt-LoadBDV-RDV-INVESTIA-UNIVERIS-Shared-To-Wt-SatAccountHolder-Compute">temp.mt_LoadBDV_RDV_INVESTIA_UNIVERIS_Shared_To_Wt_SatAccountHolder_Compute</operation>
                                       <operation source="field"
                                                  to="mt-LoadBDV-RDV-INVESTIA-UNIVERIS-Shared-To-Wt-SatAccountHolder-Compute/input[1]/i_DATA_START_DATE">temp.temp_dataStartDate</operation>
                                       <operation source="field"
                                                  to="temp.mt_LoadBDV_RDV_INVESTIA_UNIVERIS_Shared_To_Wt_SatAccountHolder_Compute[1]/input[1]/i_DATA_START_DATE">temp.temp_dataStartDate</operation>
                                    </parameter>
                                 </serviceInput>
                                 <serviceOutput>
                                    <operation source="field"
                                               to="temp.mt_LoadBDV_RDV_INVESTIA_UNIVERIS_Shared_To_Wt_SatAccountHolder_Compute/output/Object_Name">Object Name</operation>
                                    <operation source="field"
                                               to="temp.mt_LoadBDV_RDV_INVESTIA_UNIVERIS_Shared_To_Wt_SatAccountHolder_Compute/output/Run_Id">Run Id</operation>
                                    <operation source="field"
                                               to="temp.mt_LoadBDV_RDV_INVESTIA_UNIVERIS_Shared_To_Wt_SatAccountHolder_Compute/output/Log_Id">Log Id</operation>
                                    <operation source="field"
                                               to="temp.mt_LoadBDV_RDV_INVESTIA_UNIVERIS_Shared_To_Wt_SatAccountHolder_Compute/output/Task_Id">Task Id</operation>
                                    <operation source="field"
                                               to="temp.mt_LoadBDV_RDV_INVESTIA_UNIVERIS_Shared_To_Wt_SatAccountHolder_Compute/output/Task_Status">Task Status</operation>
                                    <operation source="field"
                                               to="temp.mt_LoadBDV_RDV_INVESTIA_UNIVERIS_Shared_To_Wt_SatAccountHolder_Compute/output/Success_Source_Rows">Success Source Rows</operation>
                                    <operation source="field"
                                               to="temp.mt_LoadBDV_RDV_INVESTIA_UNIVERIS_Shared_To_Wt_SatAccountHolder_Compute/output/Failed_Source_Rows">Failed Source Rows</operation>
                                    <operation source="field"
                                               to="temp.mt_LoadBDV_RDV_INVESTIA_UNIVERIS_Shared_To_Wt_SatAccountHolder_Compute/output/Success_Target_Rows">Success Target Rows</operation>
                                    <operation source="field"
                                               to="temp.mt_LoadBDV_RDV_INVESTIA_UNIVERIS_Shared_To_Wt_SatAccountHolder_Compute/output/Failed_Target_Rows">Failed Target Rows</operation>
                                    <operation source="field"
                                               to="temp.mt_LoadBDV_RDV_INVESTIA_UNIVERIS_Shared_To_Wt_SatAccountHolder_Compute/output/Start_Time">Start Time</operation>
                                    <operation source="field"
                                               to="temp.mt_LoadBDV_RDV_INVESTIA_UNIVERIS_Shared_To_Wt_SatAccountHolder_Compute/output/End_Time">End Time</operation>
                                    <operation source="field"
                                               to="temp.mt_LoadBDV_RDV_INVESTIA_UNIVERIS_Shared_To_Wt_SatAccountHolder_Compute/output/Error_Message">Error Message</operation>
                                 </serviceOutput>
                              </service>
                              <events>
                                 <catch faultField="temp.mt_LoadBDV_RDV_INVESTIA_UNIVERIS_Shared_To_Wt_SatAccountHolder_Compute/fault"
                                        id="ksf2yav8"
                                        interrupting="true"
                                        name="error">
                                    <suspend/>
                                 </catch>
                                 <catch faultField="temp.mt_LoadBDV_RDV_INVESTIA_UNIVERIS_Shared_To_Wt_SatAccountHolder_Compute/fault"
                                        id="ksf2yav9"
                                        interrupting="true"
                                        name="warning"/>
                              </events>
                           </eventContainer>
                           <link id="ksf2yaul" targetId="kolxz0bd" type="containerLink"/>
                        </flow>
                        <link id="kolxz0bf" targetId="kolxz0bg" type="containerLink"/>
                        <link id="kolxz0bi" targetId="kolxz0bj" type="containerLink"/>
                        <link id="ksf2yauj" targetId="ksf2yauk" type="containerLink"/>
                        <link id="kolxz0bq" targetId="klwokcx5"/>
                     </container>
                     <container id="klwokcx5" type="parallel">
                        <title>Parallel BDV loading</title>
                        <flow id="klwokcxb">
                           <eventContainer id="klwokcz7">
                              <service id="klwokcxp">
                                 <title>mt_LoadBDV_BDV_Wt_To_Shared_SatAccountHolder_Compute_Delete</title>
                                 <serviceName>ICSExecuteDataTask</serviceName>
                                 <serviceGUID/>
                                 <serviceInput>
                                    <parameter name="Wait for Task to Complete" source="constant" updatable="true">true</parameter>
                                    <parameter name="Max Wait" source="constant" updatable="true">604800</parameter>
                                    <parameter name="Task Name" source="constant" updatable="true">mt_LoadBDV_BDV_Wt_To_Shared_SatAccountHolder_Compute_Delete</parameter>
                                    <parameter name="GUID" source="constant" updatable="true">2qLzFXGjhm0f4wmInyhzAW</parameter>
                                    <parameter name="Task Type" source="constant" updatable="true">MCT</parameter>
                                    <parameter name="Has Inout Parameters" source="constant" updatable="true">false</parameter>
                                    <parameter name="taskField" source="nested">
                                       <operation source="field"
                                                  to="mt-LoadBDV-BDV-Wt-To-Shared-SatAccountHolder-Compute-Delete">temp.mt_LoadBDV_BDV_Wt_To_Shared_SatAccountHolder_Compute_Delete</operation>
                                       <operation source="field"
                                                  to="mt-LoadBDV-BDV-Wt-To-Shared-SatAccountHolder-Compute-Delete/input[1]/i_DATA_START_DATE">temp.temp_dataStartDate<expression language="XQuery">fn:concat("'",date:toChar(date:toDate($temp.mt_audit_startJob_NextDate[1]/inout[1]/io_DataStartDate , 'MM/DD/YYYY 00:00:00.000000000'),'YYYY-MM-DD'),"'")</expression>
                                       </operation>
                                       <operation source="field"
                                                  to="mt-LoadBDV-BDV-Wt-To-Shared-SatAccountHolder-Compute-Delete/inout[1]/io_tf_Audit_ID">temp.temp_tf_Audit_ID</operation>
                                    </parameter>
                                 </serviceInput>
                                 <serviceOutput>
                                    <operation source="field"
                                               to="temp.mt_LoadBDV_BDV_Wt_To_Shared_SatAccountHolder_Compute_Delete/output/Object_Name">Object Name</operation>
                                    <operation source="field"
                                               to="temp.mt_LoadBDV_BDV_Wt_To_Shared_SatAccountHolder_Compute_Delete/output/Run_Id">Run Id</operation>
                                    <operation source="field"
                                               to="temp.mt_LoadBDV_BDV_Wt_To_Shared_SatAccountHolder_Compute_Delete/output/Log_Id">Log Id</operation>
                                    <operation source="field"
                                               to="temp.mt_LoadBDV_BDV_Wt_To_Shared_SatAccountHolder_Compute_Delete/output/Task_Id">Task Id</operation>
                                    <operation source="field"
                                               to="temp.mt_LoadBDV_BDV_Wt_To_Shared_SatAccountHolder_Compute_Delete/output/Task_Status">Task Status</operation>
                                    <operation source="field"
                                               to="temp.mt_LoadBDV_BDV_Wt_To_Shared_SatAccountHolder_Compute_Delete/output/Success_Source_Rows">Success Source Rows</operation>
                                    <operation source="field"
                                               to="temp.mt_LoadBDV_BDV_Wt_To_Shared_SatAccountHolder_Compute_Delete/output/Failed_Source_Rows">Failed Source Rows</operation>
                                    <operation source="field"
                                               to="temp.mt_LoadBDV_BDV_Wt_To_Shared_SatAccountHolder_Compute_Delete/output/Success_Target_Rows">Success Target Rows</operation>
                                    <operation source="field"
                                               to="temp.mt_LoadBDV_BDV_Wt_To_Shared_SatAccountHolder_Compute_Delete/output/Failed_Target_Rows">Failed Target Rows</operation>
                                    <operation source="field"
                                               to="temp.mt_LoadBDV_BDV_Wt_To_Shared_SatAccountHolder_Compute_Delete/output/Start_Time">Start Time</operation>
                                    <operation source="field"
                                               to="temp.mt_LoadBDV_BDV_Wt_To_Shared_SatAccountHolder_Compute_Delete/output/End_Time">End Time</operation>
                                    <operation source="field"
                                               to="temp.mt_LoadBDV_BDV_Wt_To_Shared_SatAccountHolder_Compute_Delete/output/Error_Message">Error Message</operation>
                                 </serviceOutput>
                              </service>
                              <events>
                                 <catch faultField="temp.mt_LoadBDV_BDV_Wt_To_Shared_SatAccountHolder_Compute_Delete/fault"
                                        id="klwokcz5"
                                        interrupting="true"
                                        name="error">
                                    <suspend/>
                                 </catch>
                                 <catch faultField="temp.mt_LoadBDV_BDV_Wt_To_Shared_SatAccountHolder_Compute_Delete/fault"
                                        id="klwokcz6"
                                        interrupting="true"
                                        name="warning"/>
                              </events>
                           </eventContainer>
                           <link id="klwokcxc" targetId="klwokcx5" type="containerLink"/>
                        </flow>
                        <flow id="klwokcx8">
                           <eventContainer id="klwokcyc">
                              <service id="klwokcxi">
                                 <title>mt_LoadBDV_BDV_Wt_To_Shared_SatAccountHolder_Compute_insert</title>
                                 <serviceName>ICSExecuteDataTask</serviceName>
                                 <serviceGUID/>
                                 <serviceInput>
                                    <parameter name="Wait for Task to Complete" source="constant" updatable="true">true</parameter>
                                    <parameter name="Max Wait" source="constant" updatable="true">604800</parameter>
                                    <parameter name="Task Name" source="constant" updatable="true">mt_LoadBDV_BDV_Wt_To_Shared_SatAccountHolder_Compute_insert</parameter>
                                    <parameter name="GUID" source="constant" updatable="true">7JyN5B6rPQHed6Z6CAvRol</parameter>
                                    <parameter name="Task Type" source="constant" updatable="true">MCT</parameter>
                                    <parameter name="Has Inout Parameters" source="constant" updatable="true">false</parameter>
                                    <parameter name="taskField" source="nested">
                                       <operation source="field"
                                                  to="mt-LoadBDV-BDV-Wt-To-Shared-SatAccountHolder-Compute-insert">temp.mt_LoadBDV_BDV_Wt_To_Shared_SatAccountHolder_Compute_insert</operation>
                                       <operation source="field"
                                                  to="mt-LoadBDV-BDV-Wt-To-Shared-SatAccountHolder-Compute-insert/inout[1]/io_tf_Audit_ID">temp.temp_tf_Audit_ID</operation>
                                    </parameter>
                                 </serviceInput>
                                 <serviceOutput>
                                    <operation source="field"
                                               to="temp.mt_LoadBDV_BDV_Wt_To_Shared_SatAccountHolder_Compute_insert/output/Object_Name">Object Name</operation>
                                    <operation source="field"
                                               to="temp.mt_LoadBDV_BDV_Wt_To_Shared_SatAccountHolder_Compute_insert/output/Run_Id">Run Id</operation>
                                    <operation source="field"
                                               to="temp.mt_LoadBDV_BDV_Wt_To_Shared_SatAccountHolder_Compute_insert/output/Log_Id">Log Id</operation>
                                    <operation source="field"
                                               to="temp.mt_LoadBDV_BDV_Wt_To_Shared_SatAccountHolder_Compute_insert/output/Task_Id">Task Id</operation>
                                    <operation source="field"
                                               to="temp.mt_LoadBDV_BDV_Wt_To_Shared_SatAccountHolder_Compute_insert/output/Task_Status">Task Status</operation>
                                    <operation source="field"
                                               to="temp.mt_LoadBDV_BDV_Wt_To_Shared_SatAccountHolder_Compute_insert/output/Success_Source_Rows">Success Source Rows</operation>
                                    <operation source="field"
                                               to="temp.mt_LoadBDV_BDV_Wt_To_Shared_SatAccountHolder_Compute_insert/output/Failed_Source_Rows">Failed Source Rows</operation>
                                    <operation source="field"
                                               to="temp.mt_LoadBDV_BDV_Wt_To_Shared_SatAccountHolder_Compute_insert/output/Success_Target_Rows">Success Target Rows</operation>
                                    <operation source="field"
                                               to="temp.mt_LoadBDV_BDV_Wt_To_Shared_SatAccountHolder_Compute_insert/output/Failed_Target_Rows">Failed Target Rows</operation>
                                    <operation source="field"
                                               to="temp.mt_LoadBDV_BDV_Wt_To_Shared_SatAccountHolder_Compute_insert/output/Start_Time">Start Time</operation>
                                    <operation source="field"
                                               to="temp.mt_LoadBDV_BDV_Wt_To_Shared_SatAccountHolder_Compute_insert/output/End_Time">End Time</operation>
                                    <operation source="field"
                                               to="temp.mt_LoadBDV_BDV_Wt_To_Shared_SatAccountHolder_Compute_insert/output/Error_Message">Error Message</operation>
                                 </serviceOutput>
                              </service>
                              <events>
                                 <catch faultField="temp.mt_LoadBDV_BDV_Wt_To_Shared_SatAccountHolder_Compute_insert/fault"
                                        id="klwokcya"
                                        interrupting="true"
                                        name="error">
                                    <suspend/>
                                 </catch>
                                 <catch faultField="temp.mt_LoadBDV_BDV_Wt_To_Shared_SatAccountHolder_Compute_insert/fault"
                                        id="klwokcyb"
                                        interrupting="true"
                                        name="warning"/>
                              </events>
                           </eventContainer>
                           <link id="klwokcx9" targetId="klwokcx5" type="containerLink"/>
                        </flow>
                        <link id="klwokcxa" targetId="klwokcxb" type="containerLink"/>
                        <link id="klwokcx7" targetId="klwokcx8" type="containerLink"/>
                     </container>
                     <link id="klwokcvo" targetId="klwokcvj" type="containerLink"/>
                  </flow>
                  <flow id="klwokcvq">
                     <throw id="klwokcw2">
                        <title>Throw_Error_StartJob</title>
                        <throwInput>
                           <parameter name="code" source="field" updatable="true">temp.mt_audit_startJob_NextDate[1]/inout[1]/io_Result</parameter>
                           <parameter name="detail" source="constant" updatable="true"/>
                           <parameter name="reason" source="constant" updatable="true"/>
                        </throwInput>
                     </throw>
                  </flow>
                  <link id="klwokcvm" targetId="klwokcvn" type="containerLink">
                     <condition source="formula">
                        <function name="contains">
                           <arg name="left">{$temp.mt_audit_startJob_NextDate[1]/inout[1]/io_Result}</arg>
                           <arg name="right">SUCCESS</arg>
                        </function>
                     </condition>
                  </link>
                  <link id="klwokcvp" targetId="klwokcvq" type="containerLink"/>
                  <link id="klwokcvl" targetId="kgblmva4"/>
               </container>
               <end id="c"/>
            </flow>
            <dependencies>
               <processObject xmlns="http://schemas.active-endpoints.com/appmodules/screenflow/2011/06/avosHostEnvironment.xsd"
                              displayName="mt-audit-startJob-NextDate"
                              isByCopy="true"
                              name="mt-audit-startJob-NextDate">
                  <description/>
                  <tags/>
                  <detail>
                     <field label="Input Parameters" name="input" type="reference"/>
                     <field label="InOut Parameters" name="inout" type="reference"/>
                     <field label="TaskProperties Parameters"
                            name="taskProperties"
                            type="reference"/>
                     <field label="Output Parameters" name="output" type="reference"/>
                     <field label="Fault" name="fault" type="reference"/>
                  </detail>
               </processObject>
               <processObject xmlns="http://schemas.active-endpoints.com/appmodules/screenflow/2011/06/avosHostEnvironment.xsd"
                              displayName="mt-audit-EndJob"
                              isByCopy="true"
                              name="mt-audit-EndJob">
                  <description/>
                  <tags/>
                  <detail>
                     <field label="Input Parameters" name="input" type="reference"/>
                     <field label="InOut Parameters" name="inout" type="reference"/>
                     <field label="TaskProperties Parameters"
                            name="taskProperties"
                            type="reference"/>
                     <field label="Output Parameters" name="output" type="reference"/>
                     <field label="Fault" name="fault" type="reference"/>
                  </detail>
               </processObject>
               <processObject xmlns="http://schemas.active-endpoints.com/appmodules/screenflow/2011/06/avosHostEnvironment.xsd"
                              displayName="mt-LoadBDV-BDV-Wt-To-Shared-SatAccountHolder-Compute-insert"
                              isByCopy="true"
                              name="mt-LoadBDV-BDV-Wt-To-Shared-SatAccountHolder-Compute-insert">
                  <description/>
                  <tags/>
                  <detail>
                     <field label="Input Parameters" name="input" type="reference"/>
                     <field label="InOut Parameters" name="inout" type="reference"/>
                     <field label="TaskProperties Parameters"
                            name="taskProperties"
                            type="reference"/>
                     <field label="Output Parameters" name="output" type="reference"/>
                     <field label="Fault" name="fault" type="reference"/>
                  </detail>
               </processObject>
               <processObject xmlns="http://schemas.active-endpoints.com/appmodules/screenflow/2011/06/avosHostEnvironment.xsd"
                              displayName="mt-LoadBDV-BDV-Wt-To-Shared-SatAccountHolder-Compute-Delete"
                              isByCopy="true"
                              name="mt-LoadBDV-BDV-Wt-To-Shared-SatAccountHolder-Compute-Delete">
                  <description/>
                  <tags/>
                  <detail>
                     <field label="Input Parameters" name="input" type="reference"/>
                     <field label="InOut Parameters" name="inout" type="reference"/>
                     <field label="TaskProperties Parameters"
                            name="taskProperties"
                            type="reference"/>
                     <field label="Output Parameters" name="output" type="reference"/>
                     <field label="Fault" name="fault" type="reference"/>
                  </detail>
               </processObject>
               <processObject xmlns="http://schemas.active-endpoints.com/appmodules/screenflow/2011/06/avosHostEnvironment.xsd"
                              displayName="mt-LoadBDV-RDV-Shared-To-Wt-SatAccountHolder-Compute"
                              isByCopy="true"
                              name="mt-LoadBDV-RDV-Shared-To-Wt-SatAccountHolder-Compute">
                  <description/>
                  <tags/>
                  <detail>
                     <field label="Input Parameters" name="input" type="reference"/>
                     <field label="TaskProperties Parameters"
                            name="taskProperties"
                            type="reference"/>
                     <field label="Output Parameters" name="output" type="reference"/>
                     <field label="Fault" name="fault" type="reference"/>
                  </detail>
               </processObject>
               <processObject xmlns="http://schemas.active-endpoints.com/appmodules/screenflow/2011/06/avosHostEnvironment.xsd"
                              displayName="mt-LoadBDV-RDV-UNIVERIS-Shared-To-Wt-SatAccountHolder-Compute"
                              isByCopy="true"
                              name="mt-LoadBDV-RDV-UNIVERIS-Shared-To-Wt-SatAccountHolder-Compute">
                  <description/>
                  <tags/>
                  <detail>
                     <field label="Input Parameters" name="input" type="reference"/>
                     <field label="TaskProperties Parameters"
                            name="taskProperties"
                            type="reference"/>
                     <field label="Output Parameters" name="output" type="reference"/>
                     <field label="Fault" name="fault" type="reference"/>
                  </detail>
               </processObject>
               <processObject xmlns="http://schemas.active-endpoints.com/appmodules/screenflow/2011/06/avosHostEnvironment.xsd"
                              displayName="mt-LoadBDV-RDV-INVESTIA-UNIVERIS-Shared-To-Wt-SatAccountHolder-Compute"
                              isByCopy="true"
                              name="mt-LoadBDV-RDV-INVESTIA-UNIVERIS-Shared-To-Wt-SatAccountHolder-Compute">
                  <description/>
                  <tags/>
                  <detail>
                     <field label="Input Parameters" name="input" type="reference"/>
                     <field label="TaskProperties Parameters"
                            name="taskProperties"
                            type="reference"/>
                     <field label="Output Parameters" name="output" type="reference"/>
                     <field label="Fault" name="fault" type="reference"/>
                  </detail>
               </processObject>
            </dependencies>
         </taskflow>
      </types1:Entry>
      <types1:GUID>9IWsYYd86sLjThLhW6IMyM</types1:GUID>
      <types1:DisplayName>tf_LoadBDV_40_Shared_PartyRoleAccountHolder</types1:DisplayName>
   </types1:Item>
   <types1:CurrentServerDateTime>2023-01-19T13:41:47.005Z</types1:CurrentServerDateTime>
</aetgt:getResponse>
