<aetgt:getResponse xmlns:aetgt="http://schemas.active-endpoints.com/appmodules/repository/2010/10/avrepository.xsd"
                   xmlns:types1="http://schemas.active-endpoints.com/appmodules/repository/2010/10/avrepository.xsd">
   <types1:Item>
      <types1:EntryId>qaabcjw4ARW8UBM-gt-1852450-2021-06-09T19:48:02.6Z::tf.xml</types1:EntryId>
      <types1:Name>tf_LoadBDV_43_Holdings_Holdings</types1:Name>
      <types1:MimeType>application/xml+taskflow</types1:MimeType>
      <types1:Description>This allows to load two working tables to finally load the LINK_INVESTMENT table and the SAT_LINK_INVESTMENT table.</types1:Description>
      <types1:AppliesTo/>
      <types1:Tags/>
      <types1:VersionLabel>1.0</types1:VersionLabel>
      <types1:State>CURRENT</types1:State>
      <types1:ProcessGroup/>
      <types1:CreatedBy>vinita.singh.adm@ia.ca</types1:CreatedBy>
      <types1:CreationDate>2021-06-09T19:48:03Z</types1:CreationDate>
      <types1:ModifiedBy>jihed.laamiri.adm@ia.ca</types1:ModifiedBy>
      <types1:ModificationDate>2022-01-07T21:30:43Z</types1:ModificationDate>
      <types1:PublicationStatus>published</types1:PublicationStatus>
      <types1:PublishedBy>jihed.laamiri.adm@ia.ca</types1:PublishedBy>
      <types1:PublicationDate>2022-10-18T15:38:48Z</types1:PublicationDate>
      <types1:PublishedContributionId>project:/tf.tf_LoadBDV_43_Holdings_Holdings/tf_LoadBDV_43_Holdings_Holdings.tf.xml</types1:PublishedContributionId>
      <types1:AutosaveExists>false</types1:AutosaveExists>
      <types1:Entry>
         <taskflow xmlns="http://schemas.active-endpoints.com/appmodules/screenflow/2010/10/avosScreenflow.xsd"
                   xmlns:tfm="http://schemas.active-endpoints.com/appmodules/screenflow/2021/04/taskflowModel.xsd"
                   xmlns:list="urn:activevos:spi:list:functions"
                   displayName="tf_LoadBDV_43_Holdings_Holdings"
                   name="tf_LoadBDV_43_Holdings_Holdings"
                   overrideAPIName="false">
            <parameterSet xmlns="http://schemas.active-endpoints.com/appmodules/screenflow/2021/04/taskflowModel.xsd"/>
            <appliesTo/>
            <description>This allows to load two working tables to finally load the LINK_INVESTMENT table and the SAT_LINK_INVESTMENT table.</description>
            <tags/>
            <generator>Informatica Process Designer 11</generator>
            <tempFields>
               <field description="" name="mt_audit_startJob_NextDate" type="reference">
                  <options>
                     <option name="referenceTo">$po:mt-audit-startJob-NextDate</option>
                     <option name="failOnNotRun">false</option>
                     <option name="failOnFault">false</option>
                  </options>
               </field>
               <field description="" name="dt_Audit_EndJob" type="reference">
                  <options>
                     <option name="referenceTo">$po:mt-audit-EndJob</option>
                     <option name="failOnNotRun">false</option>
                     <option name="failOnFault">false</option>
                  </options>
               </field>
               <field description=""
                      name="mt_LoadBDV_RDV_HOLDINGS_To_BDV_WT_LINK_INVESTMENT_IAS_NBIN"
                      type="reference">
                  <options>
                     <option name="failOnNotRun">false</option>
                     <option name="failOnFault">false</option>
                     <option name="referenceTo">$po:mt-LoadBDV-RDV-HOLDINGS-To-BDV-WT-LINK-INVESTMENT-IAS-NBIN</option>
                  </options>
               </field>
               <field description=""
                      name="mt_LoadBDV_RDV_CASH_HOLDINGS_To_BDV_WT_LINK_INVESTMENT_CASH_IAS_NBIN"
                      type="reference">
                  <options>
                     <option name="failOnNotRun">false</option>
                     <option name="failOnFault">false</option>
                     <option name="referenceTo">$po:mt-LoadBDV-RDV-CASH-HOLDINGS-To-BDV-WT-LINK-INVESTMENT-CASH-IAS-NBIN</option>
                  </options>
               </field>
               <field description=""
                      name="mt_LoadBDV_VW_INVESTMENT_To_BDV_LINK_INVESTMENT"
                      type="reference">
                  <options>
                     <option name="failOnNotRun">false</option>
                     <option name="failOnFault">false</option>
                     <option name="referenceTo">$po:mt-LoadBDV-VW-INVESTMENT-To-BDV-LINK-INVESTMENT</option>
                  </options>
               </field>
               <field description=""
                      name="mt_LoadBDV_VW_INVESTMENT_To_BDV_SAT_LINK_INVESTMENT_Insert"
                      type="reference">
                  <options>
                     <option name="failOnNotRun">false</option>
                     <option name="failOnFault">false</option>
                     <option name="referenceTo">$po:mt-LoadBDV-VW-INVESTMENT-To-BDV-SAT-LINK-INVESTMENT-Insert</option>
                  </options>
               </field>
               <field description="" name="temp_JobName" type="string">
                  <options>
                     <option name="required">false</option>
                  </options>
               </field>
               <field description="" name="temp_tf_Audit_ID" type="string">
                  <options>
                     <option name="required">false</option>
                  </options>
               </field>
               <field description="" name="temp_dataStartDate" type="date">
                  <options>
                     <option name="required">false</option>
                  </options>
               </field>
               <field description=""
                      name="mt_LoadBDV_RDV_HOLDINGS_To_BDV_WT_LINK_INVESTMENT_IAS_UNIVERIS"
                      type="reference">
                  <options>
                     <option name="referenceTo">$po:mt-LoadBDV-RDV-HOLDINGS-To-BDV-WT-LINK-INVESTMENT-IAS-UNIVERIS</option>
                  </options>
               </field>
               <field description=""
                      name="mt_LoadBDV_RDV_HOLDINGS_To_BDV_WT_LINK_INVESTMENT_INVESTIA_UNIVERIS"
                      type="reference">
                  <options>
                     <option name="referenceTo">$po:mt-LoadBDV-RDV-HOLDINGS-To-BDV-WT-LINK-INVESTMENT-INVESTIA-UNIVERIS</option>
                     <option name="failOnNotRun">false</option>
                     <option name="failOnFault">false</option>
                  </options>
               </field>
            </tempFields>
            <notes/>
            <deployment suspendOnFault="false" tracingLevel="verbose">
               <rest/>
            </deployment>
            <flow id="a">
               <start id="b">
                  <link id="klv1ab00" targetId="klv1aazz"/>
               </start>
               <assignment id="klv1aazz">
                  <title>asgn_StartJob_Parameters</title>
                  <operation source="formula" to="temp.temp_JobName">
                     <expression language="XQuery">fn:concat("'",util:getAssetName(),"'")</expression>
                  </operation>
                  <operation source="formula" to="temp.temp_tf_Audit_ID">
                     <expression language="XQuery">fn:concat("'",util:getAssetName(),"-", util:getProcessId(),"'")</expression>
                  </operation>
                  <operation source="constant"
                             to="temp.mt_audit_startJob_NextDate[1]/inout[1]/io_DataStartDate">01/01/2000 00:00:00.000000000</operation>
                  <operation source="constant"
                             to="temp.mt_audit_startJob_NextDate[1]/inout[1]/io_Result">ERROR</operation>
                  <link id="klv1ab01" targetId="kghexgm8"/>
               </assignment>
               <assignment id="km5l7ybd">
                  <title>asgn_DataStartDate</title>
                  <operation source="formula" to="temp.temp_dataStartDate">
                     <expression language="XQuery">fn:concat("'",date:toChar(date:toDate($temp.mt_audit_startJob_NextDate[1]/inout[1]/io_DataStartDate , 'MM/DD/YYYY 00:00:00.000000000'),'YYYY-MM-DD'),"'")</expression>
                  </operation>
                  <link id="km5l7ybf" targetId="kghexgmw"/>
               </assignment>
               <eventContainer id="kghexgm8">
                  <service id="kghexgll">
                     <title>mt_audit_startJob_NextDate</title>
                     <serviceName>ICSExecuteDataTask</serviceName>
                     <serviceGUID/>
                     <serviceInput>
                        <parameter name="Wait for Task to Complete" source="constant" updatable="true">true</parameter>
                        <parameter name="Max Wait" source="constant" updatable="true">604800</parameter>
                        <parameter name="Task Name" source="constant" updatable="true">mt_audit_startJob_NextDate</parameter>
                        <parameter name="GUID" source="constant" updatable="true">85axr49y6cUejljYXvV4EW</parameter>
                        <parameter name="Task Type" source="constant" updatable="true">MCT</parameter>
                        <parameter name="Has Inout Parameters" source="constant" updatable="true">true</parameter>
                        <parameter name="taskField" source="nested">
                           <operation source="field" to="mt-audit-startJob-NextDate">temp.mt_audit_startJob_NextDate</operation>
                           <operation source="field" to="mt-audit-startJob-NextDate/inout[1]/io_auditID">temp.temp_tf_Audit_ID
                           <expression language="XQuery">fn:concat("'",fn:replace($temp.mt_audit_startJob_NextDate[1]/inout[1]/io_jobName , "'", ""),"-", util:getProcessId(),"'")</expression>
                           </operation>
                           <operation source="field" to="mt-audit-startJob-NextDate/inout[1]/io_jobName">temp.temp_JobName</operation>
                        </parameter>
                     </serviceInput>
                     <serviceOutput>
                        <operation source="field" to="temp.mt_audit_startJob_NextDate/output/Object_Name">Object Name</operation>
                        <operation source="field" to="temp.mt_audit_startJob_NextDate/output/Run_Id">Run Id</operation>
                        <operation source="field" to="temp.mt_audit_startJob_NextDate/output/Log_Id">Log Id</operation>
                        <operation source="field" to="temp.mt_audit_startJob_NextDate/output/Task_Id">Task Id</operation>
                        <operation source="field" to="temp.mt_audit_startJob_NextDate/output/Task_Status">Task Status</operation>
                        <operation source="field"
                                   to="temp.mt_audit_startJob_NextDate/output/Success_Source_Rows">Success Source Rows</operation>
                        <operation source="field"
                                   to="temp.mt_audit_startJob_NextDate/output/Failed_Source_Rows">Failed Source Rows</operation>
                        <operation source="field"
                                   to="temp.mt_audit_startJob_NextDate/output/Success_Target_Rows">Success Target Rows</operation>
                        <operation source="field"
                                   to="temp.mt_audit_startJob_NextDate/output/Failed_Target_Rows">Failed Target Rows</operation>
                        <operation source="field" to="temp.mt_audit_startJob_NextDate/output/Start_Time">Start Time</operation>
                        <operation source="field" to="temp.mt_audit_startJob_NextDate/output/End_Time">End Time</operation>
                        <operation source="field"
                                   to="temp.mt_audit_startJob_NextDate/output/Error_Message">Error Message</operation>
                        <operation source="field" to="temp.mt_audit_startJob_NextDate/inout/io_jobName">io_jobName</operation>
                        <operation source="field" to="temp.mt_audit_startJob_NextDate/inout/io_auditID">io_auditID</operation>
                        <operation source="field" to="temp.mt_audit_startJob_NextDate/inout/io_Result">io_Result</operation>
                        <operation source="field"
                                   to="temp.mt_audit_startJob_NextDate/inout/io_DataStartDate">io_DataStartDate</operation>
                     </serviceOutput>
                  </service>
                  <link id="km5l7ybe" targetId="km5l7ybd"/>
                  <events>
                     <catch faultField="temp.mt_audit_startJob_NextDate/fault"
                            id="kghexgm6"
                            interrupting="true"
                            name="error">
                        <suspend/>
                     </catch>
                     <catch faultField="temp.mt_audit_startJob_NextDate/fault"
                            id="kghexgm7"
                            interrupting="true"
                            name="warning"/>
                  </events>
               </eventContainer>
               <container id="kghexgmw" type="exclusive">
                  <title>dcn_StartJob_Result</title>
                  <flow id="kghexgn0">
                     <container id="kl8c0ccd" type="parallel">
                        <title>Parallel Load WT</title>
                        <flow id="kl8c0ccg">
                           <eventContainer id="kl8c0cdn">
                              <service id="kl8c0ccq">
                                 <title>mt_LoadBDV_RDV_HOLDINGS_To_BDV_WT_LINK_INVESTMENT_IAS_NBIN</title>
                                 <serviceName>ICSExecuteDataTask</serviceName>
                                 <serviceGUID/>
                                 <serviceInput>
                                    <parameter name="Wait for Task to Complete" source="constant" updatable="true">true</parameter>
                                    <parameter name="Max Wait" source="constant" updatable="true">604800</parameter>
                                    <parameter name="Task Name" source="constant" updatable="true">mt_LoadBDV_RDV_HOLDINGS_To_BDV_WT_LINK_INVESTMENT_IAS_NBIN</parameter>
                                    <parameter name="GUID" source="constant" updatable="true">dugZS2Bi6EBjE6wLJ2hEaw</parameter>
                                    <parameter name="Task Type" source="constant" updatable="true">MCT</parameter>
                                    <parameter name="Has Inout Parameters" source="constant" updatable="true">false</parameter>
                                    <parameter name="taskField" source="nested">
                                       <operation source="field"
                                                  to="mt-LoadBDV-RDV-HOLDINGS-To-BDV-WT-LINK-INVESTMENT-IAS-NBIN">temp.mt_LoadBDV_RDV_HOLDINGS_To_BDV_WT_LINK_INVESTMENT_IAS_NBIN</operation>
                                       <operation source="field"
                                                  to="mt-LoadBDV-RDV-HOLDINGS-To-BDV-WT-LINK-INVESTMENT-IAS-NBIN/input[1]/i_DATA_START_DATE">temp.temp_dataStartDate
                                       <expression language="XQuery">fn:concat("'",date:toChar(date:toDate($temp.mt_audit_startJob_NextDate[1]/inout[1]/io_DataStartDate , 'MM/DD/YYYY 00:00:00.000000000'),'YYYY-MM-DD'),"'")</expression>
                                       </operation>
                                    </parameter>
                                 </serviceInput>
                                 <serviceOutput>
                                    <operation source="field"
                                               to="temp.mt_LoadBDV_RDV_HOLDINGS_To_BDV_WT_LINK_INVESTMENT_IAS_NBIN/output/Object_Name">Object Name</operation>
                                    <operation source="field"
                                               to="temp.mt_LoadBDV_RDV_HOLDINGS_To_BDV_WT_LINK_INVESTMENT_IAS_NBIN/output/Run_Id">Run Id</operation>
                                    <operation source="field"
                                               to="temp.mt_LoadBDV_RDV_HOLDINGS_To_BDV_WT_LINK_INVESTMENT_IAS_NBIN/output/Log_Id">Log Id</operation>
                                    <operation source="field"
                                               to="temp.mt_LoadBDV_RDV_HOLDINGS_To_BDV_WT_LINK_INVESTMENT_IAS_NBIN/output/Task_Id">Task Id</operation>
                                    <operation source="field"
                                               to="temp.mt_LoadBDV_RDV_HOLDINGS_To_BDV_WT_LINK_INVESTMENT_IAS_NBIN/output/Task_Status">Task Status</operation>
                                    <operation source="field"
                                               to="temp.mt_LoadBDV_RDV_HOLDINGS_To_BDV_WT_LINK_INVESTMENT_IAS_NBIN/output/Success_Source_Rows">Success Source Rows</operation>
                                    <operation source="field"
                                               to="temp.mt_LoadBDV_RDV_HOLDINGS_To_BDV_WT_LINK_INVESTMENT_IAS_NBIN/output/Failed_Source_Rows">Failed Source Rows</operation>
                                    <operation source="field"
                                               to="temp.mt_LoadBDV_RDV_HOLDINGS_To_BDV_WT_LINK_INVESTMENT_IAS_NBIN/output/Success_Target_Rows">Success Target Rows</operation>
                                    <operation source="field"
                                               to="temp.mt_LoadBDV_RDV_HOLDINGS_To_BDV_WT_LINK_INVESTMENT_IAS_NBIN/output/Failed_Target_Rows">Failed Target Rows</operation>
                                    <operation source="field"
                                               to="temp.mt_LoadBDV_RDV_HOLDINGS_To_BDV_WT_LINK_INVESTMENT_IAS_NBIN/output/Start_Time">Start Time</operation>
                                    <operation source="field"
                                               to="temp.mt_LoadBDV_RDV_HOLDINGS_To_BDV_WT_LINK_INVESTMENT_IAS_NBIN/output/End_Time">End Time</operation>
                                    <operation source="field"
                                               to="temp.mt_LoadBDV_RDV_HOLDINGS_To_BDV_WT_LINK_INVESTMENT_IAS_NBIN/output/Error_Message">Error Message</operation>
                                 </serviceOutput>
                              </service>
                              <events>
                                 <catch faultField="temp.mt_LoadBDV_RDV_HOLDINGS_To_BDV_WT_LINK_INVESTMENT_IAS_NBIN/fault"
                                        id="kl8c0cdl"
                                        interrupting="true"
                                        name="error">
                                    <suspend/>
                                 </catch>
                                 <catch faultField="temp.mt_LoadBDV_RDV_HOLDINGS_To_BDV_WT_LINK_INVESTMENT_IAS_NBIN/fault"
                                        id="kl8c0cdm"
                                        interrupting="true"
                                        name="warning"/>
                              </events>
                           </eventContainer>
                           <link id="kl8c0cch" targetId="kl8c0ccd" type="containerLink"/>
                        </flow>
                        <flow id="kl8c0ccj">
                           <eventContainer id="kl8c0cef">
                              <service id="kl8c0ccx">
                                 <title>mt_LoadBDV_RDV_CASH_HOLDINGS_To_BDV_WT_LINK_INVESTMENT_CASH_IAS_NBIN</title>
                                 <serviceName>ICSExecuteDataTask</serviceName>
                                 <serviceGUID/>
                                 <serviceInput>
                                    <parameter name="Wait for Task to Complete" source="constant" updatable="true">true</parameter>
                                    <parameter name="Max Wait" source="constant" updatable="true">604800</parameter>
                                    <parameter name="Task Name" source="constant" updatable="true">mt_LoadBDV_RDV_CASH_HOLDINGS_To_BDV_WT_LINK_INVESTMENT_CASH_IAS_NBIN</parameter>
                                    <parameter name="GUID" source="constant" updatable="true">kTEgPoe2oCveYO6gnM2iCl</parameter>
                                    <parameter name="Task Type" source="constant" updatable="true">MCT</parameter>
                                    <parameter name="Has Inout Parameters" source="constant" updatable="true">false</parameter>
                                    <parameter name="taskField" source="nested">
                                       <operation source="field"
                                                  to="mt-LoadBDV-RDV-CASH-HOLDINGS-To-BDV-WT-LINK-INVESTMENT-CASH-IAS-NBIN">temp.mt_LoadBDV_RDV_CASH_HOLDINGS_To_BDV_WT_LINK_INVESTMENT_CASH_IAS_NBIN</operation>
                                       <operation source="field"
                                                  to="mt-LoadBDV-RDV-CASH-HOLDINGS-To-BDV-WT-LINK-INVESTMENT-CASH-IAS-NBIN/input[1]/i_DATA_START_DATE">temp.temp_dataStartDate
                                       <expression language="XQuery">fn:concat("'",date:toChar(date:toDate($temp.mt_audit_startJob_NextDate[1]/inout[1]/io_DataStartDate , 'MM/DD/YYYY 00:00:00.000000000'),'YYYY-MM-DD'),"'")</expression>
                                       </operation>
                                    </parameter>
                                 </serviceInput>
                                 <serviceOutput>
                                    <operation source="field"
                                               to="temp.mt_LoadBDV_RDV_CASH_HOLDINGS_To_BDV_WT_LINK_INVESTMENT_CASH_IAS_NBIN/output/Object_Name">Object Name</operation>
                                    <operation source="field"
                                               to="temp.mt_LoadBDV_RDV_CASH_HOLDINGS_To_BDV_WT_LINK_INVESTMENT_CASH_IAS_NBIN/output/Run_Id">Run Id</operation>
                                    <operation source="field"
                                               to="temp.mt_LoadBDV_RDV_CASH_HOLDINGS_To_BDV_WT_LINK_INVESTMENT_CASH_IAS_NBIN/output/Log_Id">Log Id</operation>
                                    <operation source="field"
                                               to="temp.mt_LoadBDV_RDV_CASH_HOLDINGS_To_BDV_WT_LINK_INVESTMENT_CASH_IAS_NBIN/output/Task_Id">Task Id</operation>
                                    <operation source="field"
                                               to="temp.mt_LoadBDV_RDV_CASH_HOLDINGS_To_BDV_WT_LINK_INVESTMENT_CASH_IAS_NBIN/output/Task_Status">Task Status</operation>
                                    <operation source="field"
                                               to="temp.mt_LoadBDV_RDV_CASH_HOLDINGS_To_BDV_WT_LINK_INVESTMENT_CASH_IAS_NBIN/output/Success_Source_Rows">Success Source Rows</operation>
                                    <operation source="field"
                                               to="temp.mt_LoadBDV_RDV_CASH_HOLDINGS_To_BDV_WT_LINK_INVESTMENT_CASH_IAS_NBIN/output/Failed_Source_Rows">Failed Source Rows</operation>
                                    <operation source="field"
                                               to="temp.mt_LoadBDV_RDV_CASH_HOLDINGS_To_BDV_WT_LINK_INVESTMENT_CASH_IAS_NBIN/output/Success_Target_Rows">Success Target Rows</operation>
                                    <operation source="field"
                                               to="temp.mt_LoadBDV_RDV_CASH_HOLDINGS_To_BDV_WT_LINK_INVESTMENT_CASH_IAS_NBIN/output/Failed_Target_Rows">Failed Target Rows</operation>
                                    <operation source="field"
                                               to="temp.mt_LoadBDV_RDV_CASH_HOLDINGS_To_BDV_WT_LINK_INVESTMENT_CASH_IAS_NBIN/output/Start_Time">Start Time</operation>
                                    <operation source="field"
                                               to="temp.mt_LoadBDV_RDV_CASH_HOLDINGS_To_BDV_WT_LINK_INVESTMENT_CASH_IAS_NBIN/output/End_Time">End Time</operation>
                                    <operation source="field"
                                               to="temp.mt_LoadBDV_RDV_CASH_HOLDINGS_To_BDV_WT_LINK_INVESTMENT_CASH_IAS_NBIN/output/Error_Message">Error Message</operation>
                                 </serviceOutput>
                              </service>
                              <events>
                                 <catch faultField="temp.mt_LoadBDV_RDV_CASH_HOLDINGS_To_BDV_WT_LINK_INVESTMENT_CASH_IAS_NBIN/fault"
                                        id="kl8c0ced"
                                        interrupting="true"
                                        name="error">
                                    <suspend/>
                                 </catch>
                                 <catch faultField="temp.mt_LoadBDV_RDV_CASH_HOLDINGS_To_BDV_WT_LINK_INVESTMENT_CASH_IAS_NBIN/fault"
                                        id="kl8c0cee"
                                        interrupting="true"
                                        name="warning"/>
                              </events>
                           </eventContainer>
                           <link id="kl8c0cck" targetId="kl8c0ccd" type="containerLink"/>
                        </flow>
                        <flow id="kphtye5g">
                           <eventContainer id="kvclh2z9">
                              <service id="kvclh2yj">
                                 <title>mt_LoadBDV_RDV_HOLDINGS_To_BDV_WT_LINK_INVESTMENT_IAS_UNIVERIS</title>
                                 <serviceName>ICSExecuteDataTask</serviceName>
                                 <serviceGUID/>
                                 <serviceInput>
                                    <parameter name="Wait for Task to Complete" source="constant" updatable="true">true</parameter>
                                    <parameter name="Max Wait" source="constant" updatable="true">604800</parameter>
                                    <parameter name="Task Name" source="constant" updatable="true">mt_LoadBDV_RDV_HOLDINGS_To_BDV_WT_LINK_INVESTMENT_IAS_UNIVERIS</parameter>
                                    <parameter name="GUID" source="constant" updatable="true">5e9tJ78ujFEbC2UCuDTJsS</parameter>
                                    <parameter name="Task Type" source="constant" updatable="true">MCT</parameter>
                                    <parameter name="Has Inout Parameters" source="constant" updatable="true">false</parameter>
                                    <parameter name="taskField" source="nested">
                                       <operation source="field"
                                                  to="mt-LoadBDV-RDV-HOLDINGS-To-BDV-WT-LINK-INVESTMENT-IAS-UNIVERIS">temp.mt_LoadBDV_RDV_HOLDINGS_To_BDV_WT_LINK_INVESTMENT_IAS_UNIVERIS</operation>
                                       <operation source="field"
                                                  to="mt-LoadBDV-RDV-HOLDINGS-To-BDV-WT-LINK-INVESTMENT-IAS-UNIVERIS/input[1]/i_DATA_START_DATE">temp.temp_dataStartDate</operation>
                                       <operation source="field"
                                                  to="temp.mt_LoadBDV_RDV_HOLDINGS_To_BDV_WT_LINK_INVESTMENT_IAS_UNIVERIS[1]/input[1]/i_DATA_START_DATE">temp.temp_dataStartDate</operation>
                                    </parameter>
                                 </serviceInput>
                                 <serviceOutput>
                                    <operation source="field"
                                               to="temp.mt_LoadBDV_RDV_HOLDINGS_To_BDV_WT_LINK_INVESTMENT_IAS_UNIVERIS/output/Object_Name">Object Name</operation>
                                    <operation source="field"
                                               to="temp.mt_LoadBDV_RDV_HOLDINGS_To_BDV_WT_LINK_INVESTMENT_IAS_UNIVERIS/output/Run_Id">Run Id</operation>
                                    <operation source="field"
                                               to="temp.mt_LoadBDV_RDV_HOLDINGS_To_BDV_WT_LINK_INVESTMENT_IAS_UNIVERIS/output/Log_Id">Log Id</operation>
                                    <operation source="field"
                                               to="temp.mt_LoadBDV_RDV_HOLDINGS_To_BDV_WT_LINK_INVESTMENT_IAS_UNIVERIS/output/Task_Id">Task Id</operation>
                                    <operation source="field"
                                               to="temp.mt_LoadBDV_RDV_HOLDINGS_To_BDV_WT_LINK_INVESTMENT_IAS_UNIVERIS/output/Task_Status">Task Status</operation>
                                    <operation source="field"
                                               to="temp.mt_LoadBDV_RDV_HOLDINGS_To_BDV_WT_LINK_INVESTMENT_IAS_UNIVERIS/output/Success_Source_Rows">Success Source Rows</operation>
                                    <operation source="field"
                                               to="temp.mt_LoadBDV_RDV_HOLDINGS_To_BDV_WT_LINK_INVESTMENT_IAS_UNIVERIS/output/Failed_Source_Rows">Failed Source Rows</operation>
                                    <operation source="field"
                                               to="temp.mt_LoadBDV_RDV_HOLDINGS_To_BDV_WT_LINK_INVESTMENT_IAS_UNIVERIS/output/Success_Target_Rows">Success Target Rows</operation>
                                    <operation source="field"
                                               to="temp.mt_LoadBDV_RDV_HOLDINGS_To_BDV_WT_LINK_INVESTMENT_IAS_UNIVERIS/output/Failed_Target_Rows">Failed Target Rows</operation>
                                    <operation source="field"
                                               to="temp.mt_LoadBDV_RDV_HOLDINGS_To_BDV_WT_LINK_INVESTMENT_IAS_UNIVERIS/output/Start_Time">Start Time</operation>
                                    <operation source="field"
                                               to="temp.mt_LoadBDV_RDV_HOLDINGS_To_BDV_WT_LINK_INVESTMENT_IAS_UNIVERIS/output/End_Time">End Time</operation>
                                    <operation source="field"
                                               to="temp.mt_LoadBDV_RDV_HOLDINGS_To_BDV_WT_LINK_INVESTMENT_IAS_UNIVERIS/output/Error_Message">Error Message</operation>
                                 </serviceOutput>
                              </service>
                              <events>
                                 <catch faultField="temp.mt_LoadBDV_RDV_HOLDINGS_To_BDV_WT_LINK_INVESTMENT_IAS_UNIVERIS/fault"
                                        id="kphtye6e"
                                        interrupting="true"
                                        name="error">
                                    <suspend/>
                                 </catch>
                                 <catch faultField="temp.mt_LoadBDV_RDV_HOLDINGS_To_BDV_WT_LINK_INVESTMENT_IAS_UNIVERIS/fault"
                                        id="kphtye6f"
                                        interrupting="true"
                                        name="warning"/>
                              </events>
                           </eventContainer>
                           <link id="kphtye5h" targetId="kl8c0ccd" type="containerLink"/>
                        </flow>
                        <flow id="kvclh30i">
                           <eventContainer id="kvclh31h">
                              <service id="kvclh30r">
                                 <title>mt_LoadBDV_RDV_HOLDINGS_To_BDV_WT_LINK_INVESTMENT_INVESTIA_UNIVERIS</title>
                                 <serviceName>ICSExecuteDataTask</serviceName>
                                 <serviceGUID/>
                                 <serviceInput>
                                    <parameter name="Wait for Task to Complete" source="constant" updatable="true">true</parameter>
                                    <parameter name="Max Wait" source="constant" updatable="true">604800</parameter>
                                    <parameter name="Task Name" source="constant" updatable="true">mt_LoadBDV_RDV_HOLDINGS_To_BDV_WT_LINK_INVESTMENT_INVESTIA_UNIVERIS</parameter>
                                    <parameter name="GUID" source="constant" updatable="true">jGqKFMr3BsQbRCTDPdrYsZ</parameter>
                                    <parameter name="Task Type" source="constant" updatable="true">MCT</parameter>
                                    <parameter name="Has Inout Parameters" source="constant" updatable="true">false</parameter>
                                    <parameter name="taskField" source="nested">
                                       <operation source="field"
                                                  to="mt-LoadBDV-RDV-HOLDINGS-To-BDV-WT-LINK-INVESTMENT-INVESTIA-UNIVERIS">temp.mt_LoadBDV_RDV_HOLDINGS_To_BDV_WT_LINK_INVESTMENT_INVESTIA_UNIVERIS</operation>
                                       <operation source="field"
                                                  to="mt-LoadBDV-RDV-HOLDINGS-To-BDV-WT-LINK-INVESTMENT-INVESTIA-UNIVERIS/input[1]/i_DATA_START_DATE">temp.temp_dataStartDate</operation>
                                       <operation source="field"
                                                  to="temp.mt_LoadBDV_RDV_HOLDINGS_To_BDV_WT_LINK_INVESTMENT_INVESTIA_UNIVERIS[1]/input[1]/i_DATA_START_DATE">temp.temp_dataStartDate</operation>
                                    </parameter>
                                 </serviceInput>
                                 <serviceOutput>
                                    <operation source="field"
                                               to="temp.mt_LoadBDV_RDV_HOLDINGS_To_BDV_WT_LINK_INVESTMENT_INVESTIA_UNIVERIS/output/Object_Name">Object Name</operation>
                                    <operation source="field"
                                               to="temp.mt_LoadBDV_RDV_HOLDINGS_To_BDV_WT_LINK_INVESTMENT_INVESTIA_UNIVERIS/output/Run_Id">Run Id</operation>
                                    <operation source="field"
                                               to="temp.mt_LoadBDV_RDV_HOLDINGS_To_BDV_WT_LINK_INVESTMENT_INVESTIA_UNIVERIS/output/Log_Id">Log Id</operation>
                                    <operation source="field"
                                               to="temp.mt_LoadBDV_RDV_HOLDINGS_To_BDV_WT_LINK_INVESTMENT_INVESTIA_UNIVERIS/output/Task_Id">Task Id</operation>
                                    <operation source="field"
                                               to="temp.mt_LoadBDV_RDV_HOLDINGS_To_BDV_WT_LINK_INVESTMENT_INVESTIA_UNIVERIS/output/Task_Status">Task Status</operation>
                                    <operation source="field"
                                               to="temp.mt_LoadBDV_RDV_HOLDINGS_To_BDV_WT_LINK_INVESTMENT_INVESTIA_UNIVERIS/output/Success_Source_Rows">Success Source Rows</operation>
                                    <operation source="field"
                                               to="temp.mt_LoadBDV_RDV_HOLDINGS_To_BDV_WT_LINK_INVESTMENT_INVESTIA_UNIVERIS/output/Failed_Source_Rows">Failed Source Rows</operation>
                                    <operation source="field"
                                               to="temp.mt_LoadBDV_RDV_HOLDINGS_To_BDV_WT_LINK_INVESTMENT_INVESTIA_UNIVERIS/output/Success_Target_Rows">Success Target Rows</operation>
                                    <operation source="field"
                                               to="temp.mt_LoadBDV_RDV_HOLDINGS_To_BDV_WT_LINK_INVESTMENT_INVESTIA_UNIVERIS/output/Failed_Target_Rows">Failed Target Rows</operation>
                                    <operation source="field"
                                               to="temp.mt_LoadBDV_RDV_HOLDINGS_To_BDV_WT_LINK_INVESTMENT_INVESTIA_UNIVERIS/output/Start_Time">Start Time</operation>
                                    <operation source="field"
                                               to="temp.mt_LoadBDV_RDV_HOLDINGS_To_BDV_WT_LINK_INVESTMENT_INVESTIA_UNIVERIS/output/End_Time">End Time</operation>
                                    <operation source="field"
                                               to="temp.mt_LoadBDV_RDV_HOLDINGS_To_BDV_WT_LINK_INVESTMENT_INVESTIA_UNIVERIS/output/Error_Message">Error Message</operation>
                                    <operation source="field"
                                               to="temp.mt_LoadBDV_RDV_HOLDINGS_To_BDV_WT_LINK_INVESTMENT_INVESTIA_UNIVERIS/output/TotalTransErrors">Total Transformation Errors</operation>
                                    <operation source="field"
                                               to="temp.mt_LoadBDV_RDV_HOLDINGS_To_BDV_WT_LINK_INVESTMENT_INVESTIA_UNIVERIS/output/FirstErrorCode">First Error Code</operation>
                                 </serviceOutput>
                              </service>
                              <events>
                                 <catch faultField="temp.mt_LoadBDV_RDV_HOLDINGS_To_BDV_WT_LINK_INVESTMENT_INVESTIA_UNIVERIS/fault"
                                        id="kphtye6e"
                                        interrupting="true"
                                        name="error">
                                    <suspend/>
                                 </catch>
                                 <catch faultField="temp.mt_LoadBDV_RDV_HOLDINGS_To_BDV_WT_LINK_INVESTMENT_INVESTIA_UNIVERIS/fault"
                                        id="kphtye6f"
                                        interrupting="true"
                                        name="warning"/>
                              </events>
                           </eventContainer>
                           <link id="kvclh30j" targetId="kl8c0ccd" type="containerLink"/>
                        </flow>
                        <link id="kl8c0ccf" targetId="kl8c0ccg" type="containerLink"/>
                        <link id="kl8c0cci" targetId="kl8c0ccj" type="containerLink"/>
                        <link id="kphtye5f" targetId="kphtye5g" type="containerLink"/>
                        <link id="kvclh30h" targetId="kvclh30i" type="containerLink"/>
                        <link id="kl8c0cf1" targetId="kl8c0cf0"/>
                     </container>
                     <container id="kl8c0cf0" type="parallel">
                        <title>Parallel Load BDV</title>
                        <flow id="kl8c0cf4">
                           <eventContainer id="kl8c0cgp">
                              <service id="kl8c0cfr">
                                 <title>mt_LoadBDV_VW_INVESTMENT_To_BDV_LINK_INVESTMENT</title>
                                 <serviceName>ICSExecuteDataTask</serviceName>
                                 <serviceGUID/>
                                 <serviceInput>
                                    <parameter name="Wait for Task to Complete" source="constant" updatable="true">true</parameter>
                                    <parameter name="Max Wait" source="constant" updatable="true">604800</parameter>
                                    <parameter name="Task Name" source="constant" updatable="true">mt_LoadBDV_VW_INVESTMENT_To_BDV_LINK_INVESTMENT</parameter>
                                    <parameter name="GUID" source="constant" updatable="true">2TwrreOo4iAdnpnFafOGuJ</parameter>
                                    <parameter name="Task Type" source="constant" updatable="true">MCT</parameter>
                                    <parameter name="Has Inout Parameters" source="constant" updatable="true">false</parameter>
                                    <parameter name="taskField" source="nested">
                                       <operation source="field" to="mt-LoadBDV-VW-INVESTMENT-To-BDV-LINK-INVESTMENT">temp.mt_LoadBDV_VW_INVESTMENT_To_BDV_LINK_INVESTMENT</operation>
                                       <operation source="field"
                                                  to="mt-LoadBDV-VW-INVESTMENT-To-BDV-LINK-INVESTMENT/inout[1]/io_tf_Audit_ID">temp.temp_tf_Audit_ID</operation>
                                    </parameter>
                                 </serviceInput>
                                 <serviceOutput>
                                    <operation source="field"
                                               to="temp.mt_LoadBDV_VW_INVESTMENT_To_BDV_LINK_INVESTMENT/output/Object_Name">Object Name</operation>
                                    <operation source="field"
                                               to="temp.mt_LoadBDV_VW_INVESTMENT_To_BDV_LINK_INVESTMENT/output/Run_Id">Run Id</operation>
                                    <operation source="field"
                                               to="temp.mt_LoadBDV_VW_INVESTMENT_To_BDV_LINK_INVESTMENT/output/Log_Id">Log Id</operation>
                                    <operation source="field"
                                               to="temp.mt_LoadBDV_VW_INVESTMENT_To_BDV_LINK_INVESTMENT/output/Task_Id">Task Id</operation>
                                    <operation source="field"
                                               to="temp.mt_LoadBDV_VW_INVESTMENT_To_BDV_LINK_INVESTMENT/output/Task_Status">Task Status</operation>
                                    <operation source="field"
                                               to="temp.mt_LoadBDV_VW_INVESTMENT_To_BDV_LINK_INVESTMENT/output/Success_Source_Rows">Success Source Rows</operation>
                                    <operation source="field"
                                               to="temp.mt_LoadBDV_VW_INVESTMENT_To_BDV_LINK_INVESTMENT/output/Failed_Source_Rows">Failed Source Rows</operation>
                                    <operation source="field"
                                               to="temp.mt_LoadBDV_VW_INVESTMENT_To_BDV_LINK_INVESTMENT/output/Success_Target_Rows">Success Target Rows</operation>
                                    <operation source="field"
                                               to="temp.mt_LoadBDV_VW_INVESTMENT_To_BDV_LINK_INVESTMENT/output/Failed_Target_Rows">Failed Target Rows</operation>
                                    <operation source="field"
                                               to="temp.mt_LoadBDV_VW_INVESTMENT_To_BDV_LINK_INVESTMENT/output/Start_Time">Start Time</operation>
                                    <operation source="field"
                                               to="temp.mt_LoadBDV_VW_INVESTMENT_To_BDV_LINK_INVESTMENT/output/End_Time">End Time</operation>
                                    <operation source="field"
                                               to="temp.mt_LoadBDV_VW_INVESTMENT_To_BDV_LINK_INVESTMENT/output/Error_Message">Error Message</operation>
                                 </serviceOutput>
                              </service>
                              <events>
                                 <catch faultField="temp.mt_LoadBDV_VW_INVESTMENT_To_BDV_LINK_INVESTMENT/fault"
                                        id="kl8c0cgn"
                                        interrupting="true"
                                        name="error">
                                    <suspend/>
                                 </catch>
                                 <catch faultField="temp.mt_LoadBDV_VW_INVESTMENT_To_BDV_LINK_INVESTMENT/fault"
                                        id="kl8c0cgo"
                                        interrupting="true"
                                        name="warning"/>
                              </events>
                           </eventContainer>
                           <link id="kl8c0cf5" targetId="kl8c0cf0" type="containerLink"/>
                        </flow>
                        <flow id="kl8c0cf7">
                           <eventContainer id="kl8c0chx">
                              <service id="kl8c0cg0">
                                 <title>mt_LoadBDV_VW_INVESTMENT_To_BDV_SAT_LINK_INVESTMENT_Insert</title>
                                 <serviceName>ICSExecuteDataTask</serviceName>
                                 <serviceGUID/>
                                 <serviceInput>
                                    <parameter name="Wait for Task to Complete" source="constant" updatable="true">true</parameter>
                                    <parameter name="Max Wait" source="constant" updatable="true">604800</parameter>
                                    <parameter name="Task Name" source="constant" updatable="true">mt_LoadBDV_VW_INVESTMENT_To_BDV_SAT_LINK_INVESTMENT_Insert</parameter>
                                    <parameter name="GUID" source="constant" updatable="true">4VmFlwRavEfkxPKekdQMsY</parameter>
                                    <parameter name="Task Type" source="constant" updatable="true">MCT</parameter>
                                    <parameter name="Has Inout Parameters" source="constant" updatable="true">false</parameter>
                                    <parameter name="taskField" source="nested">
                                       <operation source="field"
                                                  to="mt-LoadBDV-VW-INVESTMENT-To-BDV-SAT-LINK-INVESTMENT-Insert">temp.mt_LoadBDV_VW_INVESTMENT_To_BDV_SAT_LINK_INVESTMENT_Insert</operation>
                                       <operation source="field"
                                                  to="mt-LoadBDV-VW-INVESTMENT-To-BDV-SAT-LINK-INVESTMENT-Insert/inout[1]/io_tf_Audit_ID">temp.temp_tf_Audit_ID</operation>
                                    </parameter>
                                 </serviceInput>
                                 <serviceOutput>
                                    <operation source="field"
                                               to="temp.mt_LoadBDV_VW_INVESTMENT_To_BDV_SAT_LINK_INVESTMENT_Insert/output/Object_Name">Object Name</operation>
                                    <operation source="field"
                                               to="temp.mt_LoadBDV_VW_INVESTMENT_To_BDV_SAT_LINK_INVESTMENT_Insert/output/Run_Id">Run Id</operation>
                                    <operation source="field"
                                               to="temp.mt_LoadBDV_VW_INVESTMENT_To_BDV_SAT_LINK_INVESTMENT_Insert/output/Log_Id">Log Id</operation>
                                    <operation source="field"
                                               to="temp.mt_LoadBDV_VW_INVESTMENT_To_BDV_SAT_LINK_INVESTMENT_Insert/output/Task_Id">Task Id</operation>
                                    <operation source="field"
                                               to="temp.mt_LoadBDV_VW_INVESTMENT_To_BDV_SAT_LINK_INVESTMENT_Insert/output/Task_Status">Task Status</operation>
                                    <operation source="field"
                                               to="temp.mt_LoadBDV_VW_INVESTMENT_To_BDV_SAT_LINK_INVESTMENT_Insert/output/Success_Source_Rows">Success Source Rows</operation>
                                    <operation source="field"
                                               to="temp.mt_LoadBDV_VW_INVESTMENT_To_BDV_SAT_LINK_INVESTMENT_Insert/output/Failed_Source_Rows">Failed Source Rows</operation>
                                    <operation source="field"
                                               to="temp.mt_LoadBDV_VW_INVESTMENT_To_BDV_SAT_LINK_INVESTMENT_Insert/output/Success_Target_Rows">Success Target Rows</operation>
                                    <operation source="field"
                                               to="temp.mt_LoadBDV_VW_INVESTMENT_To_BDV_SAT_LINK_INVESTMENT_Insert/output/Failed_Target_Rows">Failed Target Rows</operation>
                                    <operation source="field"
                                               to="temp.mt_LoadBDV_VW_INVESTMENT_To_BDV_SAT_LINK_INVESTMENT_Insert/output/Start_Time">Start Time</operation>
                                    <operation source="field"
                                               to="temp.mt_LoadBDV_VW_INVESTMENT_To_BDV_SAT_LINK_INVESTMENT_Insert/output/End_Time">End Time</operation>
                                    <operation source="field"
                                               to="temp.mt_LoadBDV_VW_INVESTMENT_To_BDV_SAT_LINK_INVESTMENT_Insert/output/Error_Message">Error Message</operation>
                                 </serviceOutput>
                              </service>
                              <events>
                                 <catch faultField="temp.mt_LoadBDV_VW_INVESTMENT_To_BDV_SAT_LINK_INVESTMENT_Insert/fault"
                                        id="kl8c0chv"
                                        interrupting="true"
                                        name="error">
                                    <suspend/>
                                 </catch>
                                 <catch faultField="temp.mt_LoadBDV_VW_INVESTMENT_To_BDV_SAT_LINK_INVESTMENT_Insert/fault"
                                        id="kl8c0chw"
                                        interrupting="true"
                                        name="warning"/>
                              </events>
                           </eventContainer>
                           <link id="kl8c0cf8" targetId="kl8c0cf0" type="containerLink"/>
                        </flow>
                        <link id="kl8c0cf3" targetId="kl8c0cf4" type="containerLink"/>
                        <link id="kl8c0cf6" targetId="kl8c0cf7" type="containerLink"/>
                        <link id="klv1ab3f" targetId="kghfr6r4"/>
                     </container>
                     <eventContainer id="kghfr6r4">
                        <service id="kghfr6qp">
                           <title>dt_Audit_EndJob</title>
                           <serviceName>ICSExecuteDataTask</serviceName>
                           <serviceGUID/>
                           <serviceInput>
                              <parameter name="Wait for Task to Complete" source="constant" updatable="true">true</parameter>
                              <parameter name="Max Wait" source="constant" updatable="true">604800</parameter>
                              <parameter name="Task Name" source="constant" updatable="true">mt_audit_EndJob</parameter>
                              <parameter name="GUID" source="constant" updatable="true">7aEfh93Xr6QksygQa2GduK</parameter>
                              <parameter name="Task Type" source="constant" updatable="true">MCT</parameter>
                              <parameter name="Has Inout Parameters" source="constant" updatable="true">true</parameter>
                              <parameter name="taskField" source="nested">
                                 <operation source="field" to="mt-audit-EndJob">temp.dt_Audit_EndJob</operation>
                                 <operation source="field" to="mt-audit-EndJob/inout[1]/io_jobAuditID">temp.temp_tf_Audit_ID</operation>
                                 <operation source="constant" to="mt-audit-EndJob/inout[1]/io_jobEndDesc">Successful execution</operation>
                                 <operation source="constant" to="mt-audit-EndJob/inout[1]/io_jobEndStatus">SUCCESS</operation>
                                 <operation source="field" to="mt-audit-EndJob/inout[1]/io_jobName">temp.temp_JobName</operation>
                                 <operation source="field" to="mt-audit-EndJob/inout[1]/io_jobStartDate">temp.temp_dataStartDate</operation>
                              </parameter>
                           </serviceInput>
                           <serviceOutput>
                              <operation source="field" to="temp.dt_Audit_EndJob/output/Object_Name">Object Name</operation>
                              <operation source="field" to="temp.dt_Audit_EndJob/output/Run_Id">Run Id</operation>
                              <operation source="field" to="temp.dt_Audit_EndJob/output/Log_Id">Log Id</operation>
                              <operation source="field" to="temp.dt_Audit_EndJob/output/Task_Id">Task Id</operation>
                              <operation source="field" to="temp.dt_Audit_EndJob/output/Task_Status">Task Status</operation>
                              <operation source="field" to="temp.dt_Audit_EndJob/output/Success_Source_Rows">Success Source Rows</operation>
                              <operation source="field" to="temp.dt_Audit_EndJob/output/Failed_Source_Rows">Failed Source Rows</operation>
                              <operation source="field" to="temp.dt_Audit_EndJob/output/Success_Target_Rows">Success Target Rows</operation>
                              <operation source="field" to="temp.dt_Audit_EndJob/output/Failed_Target_Rows">Failed Target Rows</operation>
                              <operation source="field" to="temp.dt_Audit_EndJob/output/Start_Time">Start Time</operation>
                              <operation source="field" to="temp.dt_Audit_EndJob/output/End_Time">End Time</operation>
                              <operation source="field" to="temp.dt_Audit_EndJob/output/Error_Message">Error Message</operation>
                              <operation source="field" to="temp.dt_Audit_EndJob/inout/io_Result">io_Result</operation>
                              <operation source="field" to="temp.dt_Audit_EndJob/inout/io_jobName">io_jobName</operation>
                              <operation source="field" to="temp.dt_Audit_EndJob/inout/io_jobAuditID">io_jobAuditID</operation>
                              <operation source="field" to="temp.dt_Audit_EndJob/inout/io_jobStartDate">io_jobStartDate</operation>
                              <operation source="field" to="temp.dt_Audit_EndJob/inout/io_jobEndStatus">io_jobEndStatus</operation>
                              <operation source="field" to="temp.dt_Audit_EndJob/inout/io_jobEndDesc">io_jobEndDesc</operation>
                           </serviceOutput>
                        </service>
                        <events>
                           <catch faultField="temp.dt_Audit_EndJob/fault"
                                  id="kghfr6r2"
                                  interrupting="true"
                                  name="error">
                              <suspend/>
                           </catch>
                           <catch faultField="temp.dt_Audit_EndJob/fault"
                                  id="kghfr6r3"
                                  interrupting="true"
                                  name="warning"/>
                        </events>
                     </eventContainer>
                     <link id="kghexgn1" targetId="kghexgmw" type="containerLink"/>
                  </flow>
                  <flow id="kghexgn3">
                     <throw id="kghexgnp">
                        <title>Throw_Error_StartJob</title>
                        <throwInput>
                           <parameter name="code" source="field" updatable="true">temp.mt_audit_startJob_NextDate[1]/inout[1]/io_Result</parameter>
                           <parameter name="detail" source="constant" updatable="true"/>
                           <parameter name="reason" source="constant" updatable="true"/>
                        </throwInput>
                     </throw>
                  </flow>
                  <link id="kghexgmz" targetId="kghexgn0" type="containerLink">
                     <condition source="formula">
                        <function name="contains">
                           <arg name="left">{$temp.mt_audit_startJob_NextDate[1]/inout[1]/io_Result}</arg>
                           <arg name="right">SUCCESS</arg>
                        </function>
                     </condition>
                  </link>
                  <link id="kghexgn2" targetId="kghexgn3" type="containerLink"/>
                  <link id="kghexgmy" targetId="c"/>
               </container>
               <end id="c"/>
            </flow>
            <dependencies>
               <processObject xmlns="http://schemas.active-endpoints.com/appmodules/screenflow/2011/06/avosHostEnvironment.xsd"
                              displayName="mt-audit-startJob-NextDate"
                              isByCopy="true"
                              name="mt-audit-startJob-NextDate">
                  <description/>
                  <tags/>
                  <detail>
                     <field label="Input Parameters"
                            name="input"
                            nullable="true"
                            required="false"
                            type="reference"/>
                     <field label="InOut Parameters"
                            name="inout"
                            nullable="true"
                            required="false"
                            type="reference"/>
                     <field label="TaskProperties Parameters"
                            name="taskProperties"
                            nullable="true"
                            required="false"
                            type="reference"/>
                     <field label="Output Parameters"
                            name="output"
                            nullable="true"
                            required="false"
                            type="reference"/>
                     <field label="Fault"
                            name="fault"
                            nullable="true"
                            required="false"
                            type="reference"/>
                  </detail>
               </processObject>
               <processObject xmlns="http://schemas.active-endpoints.com/appmodules/screenflow/2011/06/avosHostEnvironment.xsd"
                              displayName="mt-audit-EndJob"
                              isByCopy="true"
                              name="mt-audit-EndJob">
                  <description/>
                  <tags/>
                  <detail>
                     <field label="Input Parameters"
                            name="input"
                            nullable="true"
                            required="false"
                            type="reference"/>
                     <field label="InOut Parameters"
                            name="inout"
                            nullable="true"
                            required="false"
                            type="reference"/>
                     <field label="TaskProperties Parameters"
                            name="taskProperties"
                            nullable="true"
                            required="false"
                            type="reference"/>
                     <field label="Output Parameters"
                            name="output"
                            nullable="true"
                            required="false"
                            type="reference"/>
                     <field label="Fault"
                            name="fault"
                            nullable="true"
                            required="false"
                            type="reference"/>
                  </detail>
               </processObject>
               <processObject xmlns="http://schemas.active-endpoints.com/appmodules/screenflow/2011/06/avosHostEnvironment.xsd"
                              displayName="mt-LoadBDV-RDV-HOLDINGS-To-BDV-WT-LINK-INVESTMENT-IAS-NBIN"
                              isByCopy="true"
                              name="mt-LoadBDV-RDV-HOLDINGS-To-BDV-WT-LINK-INVESTMENT-IAS-NBIN">
                  <description/>
                  <tags/>
                  <detail>
                     <field label="Input Parameters"
                            name="input"
                            nullable="true"
                            required="false"
                            type="reference"/>
                     <field label="TaskProperties Parameters"
                            name="taskProperties"
                            nullable="true"
                            required="false"
                            type="reference"/>
                     <field label="Output Parameters"
                            name="output"
                            nullable="true"
                            required="false"
                            type="reference"/>
                     <field label="Fault"
                            name="fault"
                            nullable="true"
                            required="false"
                            type="reference"/>
                  </detail>
               </processObject>
               <processObject xmlns="http://schemas.active-endpoints.com/appmodules/screenflow/2011/06/avosHostEnvironment.xsd"
                              displayName="mt-LoadBDV-RDV-CASH-HOLDINGS-To-BDV-WT-LINK-INVESTMENT-CASH-IAS-NBIN"
                              isByCopy="true"
                              name="mt-LoadBDV-RDV-CASH-HOLDINGS-To-BDV-WT-LINK-INVESTMENT-CASH-IAS-NBIN">
                  <description/>
                  <tags/>
                  <detail>
                     <field label="Input Parameters"
                            name="input"
                            nullable="true"
                            required="false"
                            type="reference"/>
                     <field label="TaskProperties Parameters"
                            name="taskProperties"
                            nullable="true"
                            required="false"
                            type="reference"/>
                     <field label="Output Parameters"
                            name="output"
                            nullable="true"
                            required="false"
                            type="reference"/>
                     <field label="Fault"
                            name="fault"
                            nullable="true"
                            required="false"
                            type="reference"/>
                  </detail>
               </processObject>
               <processObject xmlns="http://schemas.active-endpoints.com/appmodules/screenflow/2011/06/avosHostEnvironment.xsd"
                              displayName="mt-LoadBDV-VW-INVESTMENT-To-BDV-LINK-INVESTMENT"
                              isByCopy="true"
                              name="mt-LoadBDV-VW-INVESTMENT-To-BDV-LINK-INVESTMENT">
                  <description/>
                  <tags/>
                  <detail>
                     <field label="Input Parameters"
                            name="input"
                            nullable="true"
                            required="false"
                            type="reference"/>
                     <field label="InOut Parameters"
                            name="inout"
                            nullable="true"
                            required="false"
                            type="reference"/>
                     <field label="TaskProperties Parameters"
                            name="taskProperties"
                            nullable="true"
                            required="false"
                            type="reference"/>
                     <field label="Output Parameters"
                            name="output"
                            nullable="true"
                            required="false"
                            type="reference"/>
                     <field label="Fault"
                            name="fault"
                            nullable="true"
                            required="false"
                            type="reference"/>
                  </detail>
               </processObject>
               <processObject xmlns="http://schemas.active-endpoints.com/appmodules/screenflow/2011/06/avosHostEnvironment.xsd"
                              displayName="mt-LoadBDV-VW-INVESTMENT-To-BDV-SAT-LINK-INVESTMENT-Insert"
                              isByCopy="true"
                              name="mt-LoadBDV-VW-INVESTMENT-To-BDV-SAT-LINK-INVESTMENT-Insert">
                  <description/>
                  <tags/>
                  <detail>
                     <field label="Input Parameters"
                            name="input"
                            nullable="true"
                            required="false"
                            type="reference"/>
                     <field label="InOut Parameters"
                            name="inout"
                            nullable="true"
                            required="false"
                            type="reference"/>
                     <field label="TaskProperties Parameters"
                            name="taskProperties"
                            nullable="true"
                            required="false"
                            type="reference"/>
                     <field label="Output Parameters"
                            name="output"
                            nullable="true"
                            required="false"
                            type="reference"/>
                     <field label="Fault"
                            name="fault"
                            nullable="true"
                            required="false"
                            type="reference"/>
                  </detail>
               </processObject>
               <processObject xmlns="http://schemas.active-endpoints.com/appmodules/screenflow/2011/06/avosHostEnvironment.xsd"
                              displayName="mt-LoadBDV-RDV-HOLDINGS-To-BDV-WT-LINK-INVESTMENT-IAS-UNIVERIS"
                              isByCopy="true"
                              name="mt-LoadBDV-RDV-HOLDINGS-To-BDV-WT-LINK-INVESTMENT-IAS-UNIVERIS">
                  <description/>
                  <tags/>
                  <detail>
                     <field label="Input Parameters"
                            name="input"
                            nullable="true"
                            required="false"
                            type="reference"/>
                     <field label="TaskProperties Parameters"
                            name="taskProperties"
                            nullable="true"
                            required="false"
                            type="reference"/>
                     <field label="Output Parameters"
                            name="output"
                            nullable="true"
                            required="false"
                            type="reference"/>
                     <field label="Fault"
                            name="fault"
                            nullable="true"
                            required="false"
                            type="reference"/>
                  </detail>
               </processObject>
               <processObject xmlns="http://schemas.active-endpoints.com/appmodules/screenflow/2011/06/avosHostEnvironment.xsd"
                              displayName="mt-LoadBDV-RDV-HOLDINGS-To-BDV-WT-LINK-INVESTMENT-INVESTIA-UNIVERIS"
                              isByCopy="true"
                              name="mt-LoadBDV-RDV-HOLDINGS-To-BDV-WT-LINK-INVESTMENT-INVESTIA-UNIVERIS">
                  <description/>
                  <tags/>
                  <detail>
                     <field label="Input Parameters"
                            name="input"
                            nullable="true"
                            required="false"
                            type="reference"/>
                     <field label="TaskProperties Parameters"
                            name="taskProperties"
                            nullable="true"
                            required="false"
                            type="reference"/>
                     <field label="Output Parameters"
                            name="output"
                            nullable="true"
                            required="false"
                            type="reference"/>
                     <field label="Fault"
                            name="fault"
                            nullable="true"
                            required="false"
                            type="reference"/>
                  </detail>
               </processObject>
            </dependencies>
         </taskflow>
      </types1:Entry>
      <types1:GUID>2cBemeWl9jQiw9182ZMDc6</types1:GUID>
      <types1:DisplayName>tf_LoadBDV_43_Holdings_Holdings</types1:DisplayName>
   </types1:Item>
   <types1:CurrentServerDateTime>2023-03-08T18:46:28.685Z</types1:CurrentServerDateTime>
</aetgt:getResponse>
