<aetgt:getResponse xmlns:aetgt="http://schemas.active-endpoints.com/appmodules/repository/2010/10/avrepository.xsd"
                   xmlns:types1="http://schemas.active-endpoints.com/appmodules/repository/2010/10/avrepository.xsd">
   <types1:Item>
      <types1:EntryId>opz4KhPVEQrXhNU-gt-7259426-2022-05-13T15:21:38.229Z::tf.xml</types1:EntryId>
      <types1:Name>tf_LoadSTG_10-20_PSA_IAPW_API_to_RDV_Synchronization</types1:Name>
      <types1:MimeType>application/xml+taskflow</types1:MimeType>
      <types1:Description/>
      <types1:AppliesTo/>
      <types1:Tags/>
      <types1:VersionLabel>1.0</types1:VersionLabel>
      <types1:State>CURRENT</types1:State>
      <types1:ProcessGroup/>
      <types1:CreatedBy>iheb.benghali.adm@ia.ca</types1:CreatedBy>
      <types1:CreationDate>2022-05-13T15:21:38Z</types1:CreationDate>
      <types1:ModifiedBy>iheb.benghali.adm@ia.ca</types1:ModifiedBy>
      <types1:ModificationDate>2022-05-13T15:28:45Z</types1:ModificationDate>
      <types1:PublicationStatus>out-of-date</types1:PublicationStatus>
      <types1:PublishedBy>iheb.benghali.adm@ia.ca</types1:PublishedBy>
      <types1:PublicationDate>2022-05-13T15:32:39Z</types1:PublicationDate>
      <types1:PublishedContributionId>project:/tf.tf_LoadSTG_10-20_PSA_IAPW_API_to_RDV_Synchronization/tf_LoadSTG_10-20_PSA_IAPW_API_to_RDV_Synchronization.tf.xml</types1:PublishedContributionId>
      <types1:AutosaveExists>false</types1:AutosaveExists>
      <types1:Entry>
         <taskflow xmlns="http://schemas.active-endpoints.com/appmodules/screenflow/2010/10/avosScreenflow.xsd"
                   xmlns:tfm="http://schemas.active-endpoints.com/appmodules/screenflow/2021/04/taskflowModel.xsd"
                   xmlns:list="urn:activevos:spi:list:functions"
                   displayName="tf_LoadSTG_10-20_PSA_IAPW_API_to_RDV_Synchronization"
                   name="tf_LoadSTG_10-20_PSA_IAPW_API_to_RDV_Synchronization"
                   overrideAPIName="false">
            <parameterSet xmlns="http://schemas.active-endpoints.com/appmodules/screenflow/2021/04/taskflowModel.xsd"/>
            <appliesTo/>
            <description/>
            <tags/>
            <generator>Informatica Process Designer 11</generator>
            <input>
               <parameter description="" name="fl_IAPW_PORTAL_API" type="reference">
                  <options>
                     <option name="required">false</option>
                     <option name="referenceTo">$po:INTERNALB2BFILELISTENER1565084895</option>
                     <option name="isCopy">true</option>
                     <option name="guid">9BeaIlPpK0ciss69NbshYz</option>
                  </options>
               </parameter>
            </input>
            <tempFields>
               <field description="Number of files arrived and detected by the file listener"
                      name="temp_NbFiles"
                      type="int">
                  <options>
                     <option name="required">false</option>
                  </options>
               </field>
               <field description="Index of the current file to be checked"
                      name="temp_NbFiles_Current"
                      type="int">
                  <options>
                     <option name="required">false</option>
                  </options>
               </field>
               <field description="Number of the remaining files to be checked"
                      name="temp_NbFiles_Remaining"
                      type="int">
                  <options>
                     <option name="required">false</option>
                  </options>
               </field>
               <field description="" name="temp_filename" type="string">
                  <options>
                     <option name="required">false</option>
                  </options>
               </field>
               <field description="" name="temp_filepath" type="string">
                  <options>
                     <option name="required">false</option>
                  </options>
               </field>
               <field description="Index of the assetSummary_ByProduct file in the file list"
                      name="temp_index_assetSummary_ByProduct"
                      type="int">
                  <options>
                     <option name="required">false</option>
                  </options>
               </field>
               <field description="Index of the assetSummary_ByProduct_RVP price file in the file list"
                      name="temp_index_assetSummary_ByProduct_RVP"
                      type="int">
                  <options>
                     <option name="required">false</option>
                  </options>
               </field>
               <field description="Index of the Province file in the file list"
                      name="temp_index_assetSummary_ByProvince"
                      type="int">
                  <options>
                     <option name="required">false</option>
                  </options>
               </field>
               <field description="Index of the Province RVP file in the file list"
                      name="temp_index_assetSummary_ByProvince_RVP"
                      type="int">
                  <options>
                     <option name="required">false</option>
                  </options>
               </field>
               <field description="Index of the Account Type  file in the file list"
                      name="temp_index_assetSummary_ByAccountType"
                      type="int">
                  <options>
                     <option name="required">false</option>
                  </options>
               </field>
               <field description="Index of the Account Type RVP file in the file list"
                      name="temp_index_assetSummary_ByAccountType_RVP"
                      type="int">
                  <options>
                     <option name="required">false</option>
                  </options>
               </field>
               <field description="Index of the Comm Type and Product file in the file list"
                      name="temp_index_assetSummary_ByCommissionType_And_Product"
                      type="int">
                  <options>
                     <option name="required">false</option>
                  </options>
               </field>
               <field description="Index of the Comm Type and Product RVP file in the file list"
                      name="temp_index_assetSummary_ByCommissionType_And_Product_RVP"
                      type="int">
                  <options>
                     <option name="required">false</option>
                  </options>
               </field>
               <field description="Index of Comm Type file in the file list"
                      name="temp_index_assetSummary_ByCommType"
                      type="int">
                  <options>
                     <option name="required">false</option>
                  </options>
               </field>
               <field description="Index of Comm Type RVP file in the file list"
                      name="temp_index_assetSummary_ByCommType_RVP"
                      type="int">
                  <options>
                     <option name="required">false</option>
                  </options>
               </field>
               <field description="Index of Accounts and Clients file in the file list"
                      name="temp_index_accountsAndClientsSummary"
                      type="int">
                  <options>
                     <option name="required">false</option>
                  </options>
               </field>
               <field description="Index of Accounts and Clients RVP file in the file list"
                      name="temp_index_accountsAndClientsSummary_RVP"
                      type="int">
                  <options>
                     <option name="required">false</option>
                  </options>
               </field>
            </tempFields>
            <notes/>
            <deployment suspendOnFault="false" tracingLevel="verbose">
               <event eventSource="fileListenerTask:fl_IAPW_PORTAL_API"/>
            </deployment>
            <flow id="a">
               <start id="b">
                  <link id="kmfjmr6d" targetId="kmfjmr6c"/>
               </start>
               <assignment id="kmfjmr6c">
                  <title>asgn_init_counters</title>
                  <operation source="formula" to="temp.temp_NbFiles">
                     <expression language="XQuery">list:count($input.fl_IAPW_PORTAL_API[1]/arrivedFiles) 

</expression>
                  </operation>
                  <operation source="constant" to="temp.temp_NbFiles_Current">0</operation>
                  <operation source="formula" to="temp.temp_NbFiles_Remaining">
                     <expression language="XQuery">list:count($input.fl_IAPW_PORTAL_API[1]/arrivedFiles) </expression>
                  </operation>
                  <operation source="formula" to="temp.temp_filename">
                     <expression language="XQuery">$input.fl_IAPW_PORTAL_API[1]/arrivedFiles[$temp.temp_NbFiles_Remaining]/name 


 </expression>
                  </operation>
                  <operation source="formula" to="temp.temp_filepath">
                     <expression language="XQuery">$input.fl_IAPW_PORTAL_API[1]/arrivedFiles [$temp.temp_NbFiles_Remaining]/path </expression>
                  </operation>
                  <operation source="constant" to="temp.temp_index_assetSummary_ByProduct">-1</operation>
                  <operation source="constant" to="temp.temp_index_assetSummary_ByProduct_RVP">-1</operation>
                  <operation source="constant" to="temp.temp_index_assetSummary_ByProvince">-1</operation>
                  <operation source="constant" to="temp.temp_index_assetSummary_ByProvince_RVP">-1</operation>
                  <operation source="constant" to="temp.temp_index_assetSummary_ByAccountType">-1</operation>
                  <operation source="constant" to="temp.temp_index_assetSummary_ByAccountType_RVP">-1</operation>
                  <operation source="constant"
                             to="temp.temp_index_assetSummary_ByCommissionType_And_Product">-1</operation>
                  <operation source="constant"
                             to="temp.temp_index_assetSummary_ByCommissionType_And_Product_RVP">-1</operation>
                  <link id="kmfjmr6v" targetId="kmfjmr6u"/>
               </assignment>
               <container id="kmfjmr6u" type="exclusive">
                  <title>dcn_still_files</title>
                  <flow id="kmfjmr6y">
                     <container id="kmfjmr9f" type="exclusive">
                        <title>dcn_filename_taskflow</title>
                        <flow id="kmgloqkh">
                           <assignment id="kmgloqlh">
                              <title>asgn_assetsSummaryByProduct_Index</title>
                              <operation source="field" to="temp.temp_index_assetSummary_ByProduct">temp.temp_NbFiles_Remaining</operation>
                           </assignment>
                           <link id="kmgloqki" targetId="kmfjmr9f" type="containerLink"/>
                        </flow>
                        <flow id="kmgloqkj">
                           <assignment id="kmgloqm2">
                              <title>asgn_assetsSummaryByProduct_RVP_Index</title>
                              <operation source="field" to="temp.temp_index_assetSummary_ByProduct_RVP">temp.temp_NbFiles_Remaining</operation>
                           </assignment>
                           <link id="kmgloqkk" targetId="kmfjmr9f" type="containerLink"/>
                        </flow>
                        <flow id="l2rnt993">
                           <assignment id="l2rnt9bb">
                              <title>asgn_assetsSummaryByProvince_Index</title>
                              <operation source="field" to="temp.temp_index_assetSummary_ByProvince">temp.temp_NbFiles_Remaining</operation>
                           </assignment>
                           <link id="l2rnt994" targetId="kmfjmr9f" type="containerLink"/>
                        </flow>
                        <flow id="l2rnt995">
                           <assignment id="l2rnt9e8">
                              <title>asgn_assetsSummaryByProvince_RVP_Index</title>
                              <operation source="field" to="temp.temp_index_assetSummary_ByProvince_RVP">temp.temp_NbFiles_Remaining</operation>
                           </assignment>
                           <link id="l2rnt996" targetId="kmfjmr9f" type="containerLink"/>
                        </flow>
                        <flow id="l2rpxpwd">
                           <assignment id="l2rpxpxb">
                              <title>asgn_assetsSummaryByAccountType_Index</title>
                              <operation source="field" to="temp.temp_index_assetSummary_ByAccountType">temp.temp_NbFiles_Remaining</operation>
                           </assignment>
                           <link id="l2rpxpwe" targetId="kmfjmr9f" type="containerLink"/>
                        </flow>
                        <flow id="l2rpxpwf">
                           <assignment id="l2rpxq1c">
                              <title>asgn_assetsSummaryByAccountType_RVP_Index</title>
                              <operation source="field" to="temp.temp_index_assetSummary_ByAccountType_RVP">temp.temp_NbFiles_Remaining</operation>
                           </assignment>
                           <link id="l2rpxpwg" targetId="kmfjmr9f" type="containerLink"/>
                        </flow>
                        <flow id="l2s22hy6">
                           <assignment id="l2s22id0">
                              <title>asgn_assetsSummaryByCommType</title>
                              <operation source="field" to="temp.temp_index_assetSummary_ByCommType">temp.temp_NbFiles_Remaining</operation>
                           </assignment>
                           <link id="l2s22hy7" targetId="kmfjmr9f" type="containerLink"/>
                        </flow>
                        <flow id="l2s22hy8">
                           <assignment id="l2s22iel">
                              <title>asgn_assetsSummaryByCommTypeRVP</title>
                              <operation source="field" to="temp.temp_index_assetSummary_ByCommType_RVP">temp.temp_NbFiles_Remaining</operation>
                           </assignment>
                           <link id="l2s22hy9" targetId="kmfjmr9f" type="containerLink"/>
                        </flow>
                        <flow id="l2s22hya">
                           <assignment id="l2s22ig6">
                              <title>asgn_accountsAndClientsSummary</title>
                              <operation source="field" to="temp.temp_index_accountsAndClientsSummary">temp.temp_NbFiles_Remaining</operation>
                           </assignment>
                           <link id="l2s22hyb" targetId="kmfjmr9f" type="containerLink"/>
                        </flow>
                        <flow id="l2s22hyc">
                           <assignment id="l2s22ihr">
                              <title>asgn_accountsAndClientsSummaryRVP</title>
                              <operation source="field" to="temp.temp_index_accountsAndClientsSummary_RVP">temp.temp_NbFiles_Remaining</operation>
                           </assignment>
                           <link id="l2s22hyd" targetId="kmfjmr9f" type="containerLink"/>
                        </flow>
                        <flow id="l2z33uu7">
                           <assignment id="l2z33uxt">
                              <title>asgn_ CommTypeAndProduct</title>
                              <operation source="field"
                                         to="temp.temp_index_assetSummary_ByCommissionType_And_Product">temp.temp_NbFiles_Remaining</operation>
                           </assignment>
                           <link id="l2z33uu8" targetId="kmfjmr9f" type="containerLink"/>
                        </flow>
                        <flow id="l2z33uu9">
                           <assignment id="l2z33uzy">
                              <title>asgn_ CommTypeAndProduct_RVP</title>
                              <operation source="field"
                                         to="temp.temp_index_assetSummary_ByCommissionType_And_Product_RVP">temp.temp_NbFiles_Remaining</operation>
                           </assignment>
                           <link id="l2z33uua" targetId="kmfjmr9f" type="containerLink"/>
                        </flow>
                        <flow id="kmgloqkv">
                           <link id="kmgloqkw" targetId="kmfjmr9f" type="containerLink"/>
                        </flow>
                        <link id="kmgloqk9" targetId="kmgloqkh" type="containerLink">
                           <condition source="formula">
                              <function name="starts-with">
                                 <arg name="left">{$temp.temp_filename}</arg>
                                 <arg name="right">assetsSummaryByProduct__</arg>
                              </function>
                           </condition>
                        </link>
                        <link id="kmgloqka" targetId="kmgloqkj" type="containerLink">
                           <condition source="formula">
                              <function name="starts-with">
                                 <arg name="left">{$temp.temp_filename}</arg>
                                 <arg name="right">assetsSummaryByProduct_RVP#7</arg>
                              </function>
                           </condition>
                        </link>
                        <link id="l2rnt991" targetId="l2rnt993" type="containerLink">
                           <condition source="formula">
                              <function name="starts-with">
                                 <arg name="left">{$temp.temp_filename}</arg>
                                 <arg name="right">assetsSummaryByProvince__</arg>
                              </function>
                           </condition>
                        </link>
                        <link id="l2rnt992" targetId="l2rnt995" type="containerLink">
                           <condition source="formula">
                              <function name="starts-with">
                                 <arg name="left">{$temp.temp_filename}</arg>
                                 <arg name="right">assetsSummaryByProvince_RVP#7</arg>
                              </function>
                           </condition>
                        </link>
                        <link id="l2rpxpwb" targetId="l2rpxpwd" type="containerLink">
                           <condition source="formula">
                              <function name="starts-with">
                                 <arg name="left">{$temp.temp_filename}</arg>
                                 <arg name="right">assetsSummaryByAccountType__</arg>
                              </function>
                           </condition>
                        </link>
                        <link id="l2rpxpwc" targetId="l2rpxpwf" type="containerLink">
                           <condition source="formula">
                              <function name="starts-with">
                                 <arg name="left">{$temp.temp_filename}</arg>
                                 <arg name="right">assetsSummaryByAccountType_RVP#7</arg>
                              </function>
                           </condition>
                        </link>
                        <link id="l2s22hy2" targetId="l2s22hy6" type="containerLink">
                           <condition source="formula">
                              <function name="starts-with">
                                 <arg name="left">{$temp.temp_filename}</arg>
                                 <arg name="right">assetsSummaryByCommType__</arg>
                              </function>
                           </condition>
                        </link>
                        <link id="l2s22hy3" targetId="l2s22hy8" type="containerLink">
                           <condition source="formula">
                              <function name="starts-with">
                                 <arg name="left">{$temp.temp_filename}</arg>
                                 <arg name="right">assetsSummaryByCommType_RVP#7</arg>
                              </function>
                           </condition>
                        </link>
                        <link id="l2s22hy4" targetId="l2s22hya" type="containerLink">
                           <condition source="formula">
                              <function name="starts-with">
                                 <arg name="left">{$temp.temp_filename}</arg>
                                 <arg name="right">accountsAndClientsSummary__</arg>
                              </function>
                           </condition>
                        </link>
                        <link id="l2s22hy5" targetId="l2s22hyc" type="containerLink">
                           <condition source="formula">
                              <function name="starts-with">
                                 <arg name="left">{$temp.temp_filename}</arg>
                                 <arg name="right">accountsAndClientsSummary_RVP#7</arg>
                              </function>
                           </condition>
                        </link>
                        <link id="l2z33uu5" targetId="l2z33uu7" type="containerLink">
                           <condition source="formula">
                              <function name="starts-with">
                                 <arg name="left">{$temp.temp_filename}</arg>
                                 <arg name="right">assetsSummaryByCommTypeAndProduct__</arg>
                              </function>
                           </condition>
                        </link>
                        <link id="l2z33uu6" targetId="l2z33uu9" type="containerLink">
                           <condition source="formula">
                              <function name="starts-with">
                                 <arg name="left">{$temp.temp_filename}</arg>
                                 <arg name="right">assetsSummaryByCommTypeAndProduct_RVP#7</arg>
                              </function>
                           </condition>
                        </link>
                        <link id="kmgloqkg" targetId="kmgloqkv" type="containerLink"/>
                        <link id="kmfjmr9g" targetId="kmfjmr7l"/>
                     </container>
                     <assignment id="kmfjmr7l">
                        <title>asgn_update_counters</title>
                        <operation source="formula" to="temp.temp_NbFiles_Current">
                           <expression language="XQuery">$temp.temp_NbFiles_Current + 1</expression>
                        </operation>
                        <operation source="formula" to="temp.temp_NbFiles_Remaining">
                           <expression language="XQuery">$temp.temp_NbFiles_Remaining - 1</expression>
                        </operation>
                        <operation source="formula" to="temp.temp_filename">
                           <expression language="XQuery">$input.fl_IAPW_PORTAL_API[1]/arrivedFiles [$temp.temp_NbFiles_Remaining]/name</expression>
                        </operation>
                        <operation source="formula" to="temp.temp_filepath">
                           <expression language="XQuery">$input.fl_IAPW_PORTAL_API[1]/arrivedFiles [$temp.temp_NbFiles_Remaining ]/path</expression>
                        </operation>
                        <link id="kmfjmr8x" targetId="kmfjmr8v"/>
                     </assignment>
                     <jumpTo id="kmfjmr8v">
                        <link id="kmfjmr8w" targetId="kmfjmr6u"/>
                     </jumpTo>
                  </flow>
                  <flow id="kmfjmr71">
                     <container id="kmglor3d" type="parallel">
                        <title>Loading IAS IAVM 20-30</title>
                        <flow id="kmglor3f">
                           <container id="kmglor4u" type="exclusive">
                              <title>dcn_assetsSummaryByProduct_received</title>
                              <flow id="kmgr29h2">
                                 <subflow id="kmgr2a7v">
                                    <title>assetsSummaryByProduct</title>
                                    <subflowGUID>6NthwIDPaJbeO58jb4JBIY</subflowGUID>
                                    <subflowPath>tf_LoadSTG_10-20_PSA_IAPW_PORTAL_API_to_ASSETS_SUMMARY_BYPRODUCT</subflowPath>
                                    <runForEach>false</runForEach>
                                    <input>
                                       <parameter name="input_filename" source="formula" updatable="true">
                                          <expression language="XQuery">$input.fl_IAPW_PORTAL_API[1]/arrivedFiles [$temp.temp_index_assetSummary_ByProduct ]/name</expression>
                                       </parameter>
                                       <parameter name="input_filepath" source="formula" updatable="true">
                                          <expression language="XQuery">$input.fl_IAPW_PORTAL_API[1]/arrivedFiles [$temp.temp_index_assetSummary_ByProduct ]/path</expression>
                                       </parameter>
                                    </input>
                                    <outputDef/>
                                 </subflow>
                                 <link id="kmgr29h3" targetId="kmglor4u" type="containerLink"/>
                              </flow>
                              <flow id="kmgr29h4">
                                 <link id="kmgr29h5" targetId="kmglor4u" type="containerLink"/>
                              </flow>
                              <link id="kmgr29h0" targetId="kmgr29h2" type="containerLink">
                                 <condition source="formula">
                                    <function name="greater-than">
                                       <arg name="left">{$temp.temp_index_assetSummary_ByProduct}</arg>
                                       <arg name="right">{0}</arg>
                                    </function>
                                 </condition>
                              </link>
                              <link id="kmgr29h1" targetId="kmgr29h4" type="containerLink"/>
                           </container>
                           <link id="kmglor3g" targetId="kmglor3d" type="containerLink"/>
                        </flow>
                        <flow id="kmglor3i">
                           <container id="kmglor5u" type="exclusive">
                              <title>dcn_assetsSummaryByProduct_RVP_received</title>
                              <flow id="kmgr29lt">
                                 <subflow id="kmhu3ghs">
                                    <title>assetsSummaryByProduct_RVP</title>
                                    <subflowGUID>6iYbhrm7U0PcPFP1Kll2Yz</subflowGUID>
                                    <subflowPath>tf_LoadSTG_10-20_PSA_IAPW_PORTAL_API_to_ASSETS_SUMMARY_BYPRODUCT_RVP</subflowPath>
                                    <runForEach>false</runForEach>
                                    <input>
                                       <parameter name="input_filename" source="formula" updatable="true">
                                          <expression language="XQuery">$input.fl_IAPW_PORTAL_API[1]/arrivedFiles [$temp.temp_index_assetSummary_ByProduct_RVP]/name</expression>
                                       </parameter>
                                       <parameter name="input_filepath" source="formula" updatable="true">
                                          <expression language="XQuery">$input.fl_IAPW_PORTAL_API[1]/arrivedFiles [$temp.temp_index_assetSummary_ByProduct_RVP]/path</expression>
                                       </parameter>
                                    </input>
                                    <outputDef/>
                                 </subflow>
                                 <link id="kmgr29lu" targetId="kmglor5u" type="containerLink"/>
                              </flow>
                              <flow id="kmgr29lv">
                                 <link id="kmgr29lw" targetId="kmglor5u" type="containerLink"/>
                              </flow>
                              <link id="kmgr29lr" targetId="kmgr29lt" type="containerLink">
                                 <condition source="formula">
                                    <function name="greater-than">
                                       <arg name="left">{$temp.temp_index_assetSummary_ByProduct_RVP}</arg>
                                       <arg name="right">{0}</arg>
                                    </function>
                                 </condition>
                              </link>
                              <link id="kmgr29ls" targetId="kmgr29lv" type="containerLink"/>
                           </container>
                           <link id="kmglor3j" targetId="kmglor3d" type="containerLink"/>
                        </flow>
                        <flow id="l2rnt9hd">
                           <container id="l2rnt9kj" type="exclusive">
                              <title>dcn_assetsSummaryByProvince_received</title>
                              <flow id="l2rnt9kl">
                                 <subflow id="l2rnt9np">
                                    <title>assetsSummaryByProvince</title>
                                    <subflowGUID>5esATw2HG76hEUfhqPqVap</subflowGUID>
                                    <subflowPath>tf_LoadSTG_10-20_PSA_IAPW_PORTAL_API_to_ASSETS_SUMMARY_BYPROVINCE</subflowPath>
                                    <runForEach>false</runForEach>
                                    <input>
                                       <parameter name="input_filename" source="formula" updatable="true">
                                          <expression language="XQuery">$input.fl_IAPW_PORTAL_API[1]/arrivedFiles [$temp.temp_index_assetSummary_ByProvince ]/name</expression>
                                       </parameter>
                                       <parameter name="input_filepath" source="formula" updatable="true">
                                          <expression language="XQuery">$input.fl_IAPW_PORTAL_API[1]/arrivedFiles [$temp.temp_index_assetSummary_ByProvince ]/path</expression>
                                       </parameter>
                                    </input>
                                    <outputDef/>
                                 </subflow>
                                 <link id="l2rnt9km" targetId="l2rnt9kj" type="containerLink"/>
                              </flow>
                              <flow id="l2rnt9ko">
                                 <link id="l2rnt9kp" targetId="l2rnt9kj" type="containerLink"/>
                              </flow>
                              <link id="l2rnt9kk" targetId="l2rnt9kl" type="containerLink">
                                 <condition source="formula">
                                    <function name="greater-than">
                                       <arg name="left">{$temp.temp_index_assetSummary_ByProvince}</arg>
                                       <arg name="right">{0}</arg>
                                    </function>
                                 </condition>
                              </link>
                              <link id="l2rnt9kn" targetId="l2rnt9ko" type="containerLink"/>
                           </container>
                           <link id="l2rnt9he" targetId="kmglor3d" type="containerLink"/>
                        </flow>
                        <flow id="l2rnt9hx">
                           <container id="l2rnt9uy" type="exclusive">
                              <title>dcn_assetsSummaryByProvince_RVP_received</title>
                              <flow id="l2rnt9v0">
                                 <subflow id="l2rnt9z6">
                                    <title>assetsSummaryByProvince_RVP</title>
                                    <subflowGUID>3DSskSBd7iCgWB3tOQb2wK</subflowGUID>
                                    <subflowPath>tf_LoadSTG_10-20_PSA_IAPW_PORTAL_API_to_ASSETS_SUMMARY_BYPROVINCE_RVP</subflowPath>
                                    <runForEach>false</runForEach>
                                    <input>
                                       <parameter name="input_filename" source="formula" updatable="true">
                                          <expression language="XQuery">$input.fl_IAPW_PORTAL_API[1]/arrivedFiles [$temp.temp_index_assetSummary_ByProvince_RVP  ]/name</expression>
                                       </parameter>
                                       <parameter name="input_filepath" source="formula" updatable="true">
                                          <expression language="XQuery">$input.fl_IAPW_PORTAL_API[1]/arrivedFiles [$temp.temp_index_assetSummary_ByProvince_RVP]/path</expression>
                                       </parameter>
                                    </input>
                                    <outputDef/>
                                 </subflow>
                                 <link id="l2rnt9v1" targetId="l2rnt9uy" type="containerLink"/>
                              </flow>
                              <flow id="l2rnt9v3">
                                 <link id="l2rnt9v4" targetId="l2rnt9uy" type="containerLink"/>
                              </flow>
                              <link id="l2rnt9uz" targetId="l2rnt9v0" type="containerLink">
                                 <condition source="formula">
                                    <function name="greater-than">
                                       <arg name="left">{$temp.temp_index_assetSummary_ByProvince_RVP}</arg>
                                       <arg name="right">{0}</arg>
                                    </function>
                                 </condition>
                              </link>
                              <link id="l2rnt9v2" targetId="l2rnt9v3" type="containerLink"/>
                           </container>
                           <link id="l2rnt9hy" targetId="kmglor3d" type="containerLink"/>
                        </flow>
                        <flow id="l2rpxq83">
                           <container id="l2rpxq9x" type="exclusive">
                              <title>dcn_assetsSummaryByAccountType_received</title>
                              <flow id="l2rpxq9z">
                                 <subflow id="l2rpxqev">
                                    <title>assetsSummary_ByAccountType</title>
                                    <subflowGUID>9MB4YFGmfvRftNdQS4jpW8</subflowGUID>
                                    <subflowPath>tf_LoadSTG_10-20_PSA_IAPW_PORTAL_API_to_ASSETS_SUMMARY_BYACCOUNTTYPE</subflowPath>
                                    <runForEach>false</runForEach>
                                    <input>
                                       <parameter name="input_filename" source="formula" updatable="true">
                                          <expression language="XQuery">$input.fl_IAPW_PORTAL_API[1]/arrivedFiles [$temp.temp_index_assetSummary_ByAccountType ]/name</expression>
                                       </parameter>
                                       <parameter name="input_filepath" source="formula" updatable="true">
                                          <expression language="XQuery">$input.fl_IAPW_PORTAL_API[1]/arrivedFiles [$temp.temp_index_assetSummary_ByAccountType ]/path</expression>
                                       </parameter>
                                    </input>
                                    <outputDef/>
                                 </subflow>
                                 <link id="l2rpxqa0" targetId="l2rpxq9x" type="containerLink"/>
                              </flow>
                              <flow id="l2rpxqa2">
                                 <link id="l2rpxqa3" targetId="l2rpxq9x" type="containerLink"/>
                              </flow>
                              <link id="l2rpxq9y" targetId="l2rpxq9z" type="containerLink">
                                 <condition source="formula">
                                    <function name="greater-than">
                                       <arg name="left">{$temp.temp_index_assetSummary_ByAccountType}</arg>
                                       <arg name="right">{0}</arg>
                                    </function>
                                 </condition>
                              </link>
                              <link id="l2rpxqa1" targetId="l2rpxqa2" type="containerLink"/>
                           </container>
                           <link id="l2rpxq84" targetId="kmglor3d" type="containerLink"/>
                        </flow>
                        <flow id="l2rpxq8z">
                           <container id="l2rpxqnt" type="exclusive">
                              <title>dcn_assetsSummaryByAccountType_RVP_received</title>
                              <flow id="l2rpxqnv">
                                 <subflow id="l2rpxqt6">
                                    <title>assetsSummary_ByAccountType_RVP</title>
                                    <subflowGUID>8s5o4ZXAUpWgMgnZtgaCMZ</subflowGUID>
                                    <subflowPath>tf_LoadSTG_10-20_PSA_IAPW_PORTAL_API_to_ASSETS_SUMMARY_BYACCOUNTTYPE_RVP</subflowPath>
                                    <runForEach>false</runForEach>
                                    <input>
                                       <parameter name="input_filename" source="formula" updatable="true">
                                          <expression language="XQuery">$input.fl_IAPW_PORTAL_API[1]/arrivedFiles [$temp.temp_index_assetSummary_ByAccountType_RVP ]/name</expression>
                                       </parameter>
                                       <parameter name="input_filepath" source="formula" updatable="true">
                                          <expression language="XQuery">$input.fl_IAPW_PORTAL_API[1]/arrivedFiles [$temp.temp_index_assetSummary_ByAccountType_RVP]/path</expression>
                                       </parameter>
                                    </input>
                                    <outputDef/>
                                 </subflow>
                                 <link id="l2rpxqnw" targetId="l2rpxqnt" type="containerLink"/>
                              </flow>
                              <flow id="l2rpxqny">
                                 <link id="l2rpxqnz" targetId="l2rpxqnt" type="containerLink"/>
                              </flow>
                              <link id="l2rpxqnu" targetId="l2rpxqnv" type="containerLink">
                                 <condition source="formula">
                                    <function name="greater-than">
                                       <arg name="left">{$temp.temp_index_assetSummary_ByAccountType_RVP}</arg>
                                       <arg name="right">{0}</arg>
                                    </function>
                                 </condition>
                              </link>
                              <link id="l2rpxqnx" targetId="l2rpxqny" type="containerLink"/>
                           </container>
                           <link id="l2rpxq90" targetId="kmglor3d" type="containerLink"/>
                        </flow>
                        <flow id="l2rwdctk">
                           <container id="l2rwdcut" type="exclusive">
                              <title>dcn_assetsSummaryByCommType_And_Product_RVP_received</title>
                              <flow id="l2rwdcuv">
                                 <subflow id="l2rwdddf">
                                    <title>assetsSummary_ByCommType_And_Product_RVP</title>
                                    <subflowGUID>jzRgaJVEZw0kdSePCKIJuX</subflowGUID>
                                    <subflowPath>tf_LoadSTG_10-20_PSA_IAPW_PORTAL_API_to_ASSETS_SUMMARY_BY_COMMISSIONTYPE_AND_PRODUCT_RVP</subflowPath>
                                    <runForEach>false</runForEach>
                                    <input>
                                       <parameter name="input_filename" source="formula" updatable="true">
                                          <expression language="XQuery">$input.fl_IAPW_PORTAL_API[1]/arrivedFiles [$temp.temp_index_assetSummary_ByCommissionType_And_Product_RVP]/name</expression>
                                       </parameter>
                                       <parameter name="input_filepath" source="formula" updatable="true">
                                          <expression language="XQuery">$input.fl_IAPW_PORTAL_API[1]/arrivedFiles [$temp.temp_index_assetSummary_ByCommissionType_And_Product_RVP]/path</expression>
                                       </parameter>
                                    </input>
                                    <outputDef/>
                                 </subflow>
                                 <link id="l2rwdcuw" targetId="l2rwdcut" type="containerLink"/>
                              </flow>
                              <flow id="l2rwdcuy">
                                 <link id="l2rwdcuz" targetId="l2rwdcut" type="containerLink"/>
                              </flow>
                              <link id="l2rwdcuu" targetId="l2rwdcuv" type="containerLink">
                                 <condition source="formula">
                                    <function name="greater-than">
                                       <arg name="left">{$temp.temp_index_assetSummary_ByCommissionType_And_Product_RVP}</arg>
                                       <arg name="right">{0}</arg>
                                    </function>
                                 </condition>
                              </link>
                              <link id="l2rwdcux" targetId="l2rwdcuy" type="containerLink"/>
                           </container>
                           <link id="l2rwdctl" targetId="kmglor3d" type="containerLink"/>
                        </flow>
                        <flow id="l2rwddm6">
                           <container id="l2rwddnk" type="exclusive">
                              <title>dcn_assetsSummaryByCommType_And_Product_received</title>
                              <flow id="l2rwddnm">
                                 <subflow id="l2rwde5v">
                                    <title>assetsSummary_ByCommType_And_Product</title>
                                    <subflowGUID>3BskhjxfkKelJkyHjfTEKZ</subflowGUID>
                                    <subflowPath>tf_LoadSTG_10-20_PSA_IAPW_PORTAL_API_to_ASSETS_SUMMARY_BY_COMMISSIONTYPE_AND_PRODUCT</subflowPath>
                                    <runForEach>false</runForEach>
                                    <input>
                                       <parameter name="input_filename" source="formula" updatable="true">
                                          <expression language="XQuery">$input.fl_IAPW_PORTAL_API[1]/arrivedFiles [$temp.temp_index_assetSummary_ByCommissionType_And_Product]/name</expression>
                                       </parameter>
                                       <parameter name="input_filepath" source="formula" updatable="true">
                                          <expression language="XQuery">$input.fl_IAPW_PORTAL_API[1]/arrivedFiles [$temp.temp_index_assetSummary_ByCommissionType_And_Product]/path</expression>
                                       </parameter>
                                    </input>
                                    <outputDef/>
                                 </subflow>
                                 <link id="l2rwddnn" targetId="l2rwddnk" type="containerLink"/>
                              </flow>
                              <flow id="l2rwddnp">
                                 <link id="l2rwddnq" targetId="l2rwddnk" type="containerLink"/>
                              </flow>
                              <link id="l2rwddnl" targetId="l2rwddnm" type="containerLink">
                                 <condition source="formula">
                                    <function name="greater-than">
                                       <arg name="left">{$temp.temp_index_assetSummary_ByCommissionType_And_Product}</arg>
                                       <arg name="right">{0}</arg>
                                    </function>
                                 </condition>
                              </link>
                              <link id="l2rwddno" targetId="l2rwddnp" type="containerLink"/>
                           </container>
                           <link id="l2rwddm7" targetId="kmglor3d" type="containerLink"/>
                        </flow>
                        <flow id="l2s22jg8">
                           <container id="l2s22jmv" type="exclusive">
                              <title>dcn_AssetsSummaryByCommType</title>
                              <flow id="l2s22jmx">
                                 <subflow id="l2s22jvm">
                                    <title>assetsSummary_ByCommType</title>
                                    <subflowGUID>aMTVEsSaQeIk6vOT1ckDmv</subflowGUID>
                                    <subflowPath>tf_LoadSTG_10-20_PSA_IAPW_PORTAL_API_to_ASSETS_SUMMARY_BY_COMMISSIONTYPE</subflowPath>
                                    <runForEach>false</runForEach>
                                    <input>
                                       <parameter name="input_filepath" source="formula" updatable="true">
                                          <expression language="XQuery">$input.fl_IAPW_PORTAL_API[1]/arrivedFiles [$temp.temp_index_assetSummary_ByCommType]/path</expression>
                                       </parameter>
                                       <parameter name="input_filename" source="formula" updatable="true">
                                          <expression language="XQuery">$input.fl_IAPW_PORTAL_API[1]/arrivedFiles [$temp.temp_index_assetSummary_ByCommType]/name</expression>
                                       </parameter>
                                    </input>
                                    <outputDef/>
                                 </subflow>
                                 <link id="l2s22jmy" targetId="l2s22jmv" type="containerLink"/>
                              </flow>
                              <flow id="l2s22jn0">
                                 <link id="l2s22jn1" targetId="l2s22jmv" type="containerLink"/>
                              </flow>
                              <link id="l2s22jmw" targetId="l2s22jmx" type="containerLink">
                                 <condition source="formula">
                                    <function name="greater-than">
                                       <arg name="left">{$temp.temp_index_assetSummary_ByCommType}</arg>
                                       <arg name="right">{0}</arg>
                                    </function>
                                 </condition>
                              </link>
                              <link id="l2s22jmz" targetId="l2s22jn0" type="containerLink"/>
                           </container>
                           <link id="l2s22jg9" targetId="kmglor3d" type="containerLink"/>
                        </flow>
                        <flow id="l2s22jhe">
                           <container id="l2s22kei" type="exclusive">
                              <title>dcn_AssetsSummaryByCommTypeRVP</title>
                              <flow id="l2s22kek">
                                 <subflow id="l2s22ksf">
                                    <title>assetsSummary_ByCommTypeRVP</title>
                                    <subflowGUID>ez7UC2RY3i7fn6glTEsZom</subflowGUID>
                                    <subflowPath>tf_LoadSTG_10-20_PSA_IAPW_PORTAL_API_to_ASSETS_SUMMARY_BY_COMMISSIONTYPE_RVP</subflowPath>
                                    <runForEach>false</runForEach>
                                    <input>
                                       <parameter name="input_filename" source="formula" updatable="true">
                                          <expression language="XQuery">$input.fl_IAPW_PORTAL_API[1]/arrivedFiles [$temp.temp_index_assetSummary_ByCommType_RVP ]/name</expression>
                                       </parameter>
                                       <parameter name="input_filepath" source="formula" updatable="true">
                                          <expression language="XQuery">$input.fl_IAPW_PORTAL_API[1]/arrivedFiles [$temp.temp_index_assetSummary_ByCommType_RVP ]/path</expression>
                                       </parameter>
                                    </input>
                                    <outputDef/>
                                 </subflow>
                                 <link id="l2s22kel" targetId="l2s22kei" type="containerLink"/>
                              </flow>
                              <flow id="l2s22ken">
                                 <link id="l2s22keo" targetId="l2s22kei" type="containerLink"/>
                              </flow>
                              <link id="l2s22kej" targetId="l2s22kek" type="containerLink">
                                 <condition source="formula">
                                    <function name="greater-than">
                                       <arg name="left">{$temp.temp_index_assetSummary_ByCommType_RVP}</arg>
                                       <arg name="right">{0}</arg>
                                    </function>
                                 </condition>
                              </link>
                              <link id="l2s22kem" targetId="l2s22ken" type="containerLink"/>
                           </container>
                           <link id="l2s22jhf" targetId="kmglor3d" type="containerLink"/>
                        </flow>
                        <flow id="l2s22jjh">
                           <container id="l2s22kgk" type="exclusive">
                              <title>dcn_AccountsAndClientsSumary</title>
                              <flow id="l2s22kgm">
                                 <subflow id="l2s22lm0">
                                    <title>accountsAndClientsSummary</title>
                                    <subflowGUID>7Au6qrlfiljgNa7gofAkqT</subflowGUID>
                                    <subflowPath>tf_LoadSTG_10-20_PSA_IAPW_PORTAL_API_to_ACCOUNTS_CLIENTS_SUMMARY</subflowPath>
                                    <runForEach>false</runForEach>
                                    <input>
                                       <parameter name="input_filename" source="formula" updatable="true">
                                          <expression language="XQuery">$input.fl_IAPW_PORTAL_API[1]/arrivedFiles [$temp.temp_index_accountsAndClientsSummary ]/name</expression>
                                       </parameter>
                                       <parameter name="input_filepath" source="formula" updatable="true">
                                          <expression language="XQuery">$input.fl_IAPW_PORTAL_API[1]/arrivedFiles [$temp.temp_index_accountsAndClientsSummary ]/path
</expression>
                                       </parameter>
                                    </input>
                                    <outputDef/>
                                 </subflow>
                                 <link id="l2s22kgn" targetId="l2s22kgk" type="containerLink"/>
                              </flow>
                              <flow id="l2s22kgp">
                                 <link id="l2s22kgq" targetId="l2s22kgk" type="containerLink"/>
                              </flow>
                              <link id="l2s22kgl" targetId="l2s22kgm" type="containerLink">
                                 <condition source="formula">
                                    <function name="greater-than">
                                       <arg name="left">{$temp.temp_index_accountsAndClientsSummary}</arg>
                                       <arg name="right">{0}</arg>
                                    </function>
                                 </condition>
                              </link>
                              <link id="l2s22kgo" targetId="l2s22kgp" type="containerLink"/>
                           </container>
                           <link id="l2s22jji" targetId="kmglor3d" type="containerLink"/>
                        </flow>
                        <flow id="l2s22jkp">
                           <container id="l2s22kio" type="exclusive">
                              <title>dcn_AccountsAndClientsSummaryRVP</title>
                              <flow id="l2s22kiq">
                                 <subflow id="l2s22mhq">
                                    <title>accountsAndClientsSummaryRVP</title>
                                    <subflowGUID>abIuwu5pI7QkEu6mkiV2Ue</subflowGUID>
                                    <subflowPath>tf_LoadSTG_10-20_PSA_IAPW_PORTAL_API_to_ACCOUNTS_CLIENTS_SUMMARY_RVP</subflowPath>
                                    <runForEach>false</runForEach>
                                    <input>
                                       <parameter name="input_filename" source="formula" updatable="true">
                                          <expression language="XQuery">$input.fl_IAPW_PORTAL_API[1]/arrivedFiles [$temp.temp_index_accountsAndClientsSummary_RVP ]/name</expression>
                                       </parameter>
                                       <parameter name="input_filepath" source="formula" updatable="true">
                                          <expression language="XQuery">$input.fl_IAPW_PORTAL_API[1]/arrivedFiles [$temp.temp_index_accountsAndClientsSummary_RVP ]/path</expression>
                                       </parameter>
                                    </input>
                                    <outputDef/>
                                 </subflow>
                                 <link id="l2s22kir" targetId="l2s22kio" type="containerLink"/>
                              </flow>
                              <flow id="l2s22kit">
                                 <link id="l2s22kiu" targetId="l2s22kio" type="containerLink"/>
                              </flow>
                              <link id="l2s22kip" targetId="l2s22kiq" type="containerLink">
                                 <condition source="formula">
                                    <function name="greater-than">
                                       <arg name="left">{$temp.temp_index_accountsAndClientsSummary_RVP}</arg>
                                       <arg name="right">{0}</arg>
                                    </function>
                                 </condition>
                              </link>
                              <link id="l2s22kis" targetId="l2s22kit" type="containerLink"/>
                           </container>
                           <link id="l2s22jkq" targetId="kmglor3d" type="containerLink"/>
                        </flow>
                        <link id="kmglor3e" targetId="kmglor3f" type="containerLink"/>
                        <link id="kmglor3h" targetId="kmglor3i" type="containerLink"/>
                        <link id="l2rnt9hc" targetId="l2rnt9hd" type="containerLink"/>
                        <link id="l2rnt9hw" targetId="l2rnt9hx" type="containerLink"/>
                        <link id="l2rpxq82" targetId="l2rpxq83" type="containerLink"/>
                        <link id="l2rpxq8y" targetId="l2rpxq8z" type="containerLink"/>
                        <link id="l2rwdctj" targetId="l2rwdctk" type="containerLink"/>
                        <link id="l2rwddm5" targetId="l2rwddm6" type="containerLink"/>
                        <link id="l2s22jg7" targetId="l2s22jg8" type="containerLink"/>
                        <link id="l2s22jhd" targetId="l2s22jhe" type="containerLink"/>
                        <link id="l2s22jjg" targetId="l2s22jjh" type="containerLink"/>
                        <link id="l2s22jko" targetId="l2s22jkp" type="containerLink"/>
                     </container>
                     <link id="kmfjmr72" targetId="kmfjmr6u" type="containerLink"/>
                  </flow>
                  <link id="kmfjmr6x" targetId="kmfjmr6y" type="containerLink">
                     <condition source="formula">
                        <function name="greater-than">
                           <arg name="left">{$temp.temp_NbFiles_Remaining}</arg>
                           <arg name="right">{0}</arg>
                        </function>
                     </condition>
                  </link>
                  <link id="kmfjmr70" targetId="kmfjmr71" type="containerLink"/>
                  <link id="kmfjmr6w" targetId="c"/>
               </container>
               <end id="c"/>
            </flow>
            <dependencies>
               <processObject xmlns="http://schemas.active-endpoints.com/appmodules/screenflow/2011/06/avosHostEnvironment.xsd"
                              displayName="INTERNALB2BFILELISTENER1565084895"
                              isByCopy="true"
                              name="INTERNALB2BFILELISTENER1565084895">
                  <description>This process object represents a taskflow specific file task field details.</description>
                  <tags/>
                  <detail>
                     <field label="Arrived Files"
                            name="arrivedFiles"
                            nullable="true"
                            required="false"
                            type="objectlist">
                        <options>
                           <option name="referenceTo">$po:INTERNALB2BFILELISTENER1565084895-arrivedFiles</option>
                           <option name="relationshipName">Child</option>
                           <option hide="true" name="multiSelect">true</option>
                           <option name="required">false</option>
                        </options>
                     </field>
                     <field label="Update Files"
                            name="updatedFiles"
                            nullable="true"
                            required="false"
                            type="objectlist">
                        <options>
                           <option name="referenceTo">$po:INTERNALB2BFILELISTENER1565084895-updatedFiles</option>
                           <option name="relationshipName">Child</option>
                           <option hide="true" name="multiSelect">true</option>
                           <option name="required">false</option>
                        </options>
                     </field>
                     <field label="Deleted Files"
                            name="deletedFiles"
                            nullable="true"
                            required="false"
                            type="objectlist">
                        <options>
                           <option name="referenceTo">$po:INTERNALB2BFILELISTENER1565084895-deletedFiles</option>
                           <option name="relationshipName">Child</option>
                           <option hide="true" name="multiSelect">true</option>
                           <option name="required">false</option>
                        </options>
                     </field>
                  </detail>
               </processObject>
               <processObject xmlns="http://schemas.active-endpoints.com/appmodules/screenflow/2011/06/avosHostEnvironment.xsd"
                              displayName="INTERNALB2BFILELISTENER1565084895-arrivedFiles"
                              isByCopy="true"
                              name="INTERNALB2BFILELISTENER1565084895-arrivedFiles">
                  <description>This process object represents a arrivedFiles structure of the file task field.This is in case of taskflow.</description>
                  <tags/>
                  <detail>
                     <field label="Path"
                            name="path"
                            nullable="true"
                            required="false"
                            type="string"/>
                     <field label="Name"
                            name="name"
                            nullable="true"
                            required="false"
                            type="string"/>
                     <field label="Size"
                            name="size"
                            nullable="true"
                            required="false"
                            type="string"/>
                     <field label="Last Modified"
                            name="lastModified"
                            nullable="true"
                            required="false"
                            type="string"/>
                  </detail>
               </processObject>
               <processObject xmlns="http://schemas.active-endpoints.com/appmodules/screenflow/2011/06/avosHostEnvironment.xsd"
                              displayName="INTERNALB2BFILELISTENER1565084895-updatedFiles"
                              isByCopy="true"
                              name="INTERNALB2BFILELISTENER1565084895-updatedFiles">
                  <description>This process object represents a updatedFiles structure of the file task field.This is in case of taskflow.</description>
                  <tags/>
                  <detail>
                     <field label="Path"
                            name="path"
                            nullable="true"
                            required="false"
                            type="string"/>
                     <field label="Name"
                            name="name"
                            nullable="true"
                            required="false"
                            type="string"/>
                     <field label="Size"
                            name="size"
                            nullable="true"
                            required="false"
                            type="string"/>
                     <field label="Last Modified"
                            name="lastModified"
                            nullable="true"
                            required="false"
                            type="string"/>
                  </detail>
               </processObject>
               <processObject xmlns="http://schemas.active-endpoints.com/appmodules/screenflow/2011/06/avosHostEnvironment.xsd"
                              displayName="INTERNALB2BFILELISTENER1565084895-deletedFiles"
                              isByCopy="true"
                              name="INTERNALB2BFILELISTENER1565084895-deletedFiles">
                  <description>This process object represents file listener task deletedFiles structure.This is in case of taskflow.</description>
                  <tags/>
                  <detail>
                     <field label="Path"
                            name="path"
                            nullable="true"
                            required="false"
                            type="string"/>
                     <field label="Name"
                            name="name"
                            nullable="true"
                            required="false"
                            type="string"/>
                     <field label="Size"
                            name="size"
                            nullable="true"
                            required="false"
                            type="string"/>
                     <field label="Last Modified"
                            name="lastModified"
                            nullable="true"
                            required="false"
                            type="string"/>
                  </detail>
               </processObject>
            </dependencies>
         </taskflow>
      </types1:Entry>
      <types1:GUID>aiFtE40zMyvdriwcUIGtMe</types1:GUID>
      <types1:DisplayName>tf_LoadSTG_10-20_PSA_IAPW_API_to_RDV_Synchronization</types1:DisplayName>
   </types1:Item>
   <types1:CurrentServerDateTime>2023-03-08T18:46:31.464Z</types1:CurrentServerDateTime>
</aetgt:getResponse>
