<aetgt:getResponse xmlns:aetgt="http://schemas.active-endpoints.com/appmodules/repository/2010/10/avrepository.xsd"
                   xmlns:types1="http://schemas.active-endpoints.com/appmodules/repository/2010/10/avrepository.xsd">
   <types1:Item>
      <types1:EntryId>EOvlp6oIuQaaabc-gt-17997473-2022-02-15T19:42:11.486Z::tf.xml</types1:EntryId>
      <types1:Name>tf_LoadRDV_20-30_PSA_IAS_IAVM_to_RDV_REGISTERED_REPRESENTATIVES</types1:Name>
      <types1:MimeType>application/xml+taskflow</types1:MimeType>
      <types1:Description>This allows to reload the REGISTERED REPRESENTATIVES Staging Table to finally load RDV tables (HUB_REGISTERED_REPRESENTATIVES AND SAT_REGISTERED_REPRESENTATIVE_IAS_IAVM).</types1:Description>
      <types1:AppliesTo/>
      <types1:Tags/>
      <types1:VersionLabel>1.0</types1:VersionLabel>
      <types1:State>CURRENT</types1:State>
      <types1:ProcessGroup/>
      <types1:CreatedBy>jihed.laamiri.adm@ia.ca.SAML</types1:CreatedBy>
      <types1:CreationDate>2022-02-15T19:42:11Z</types1:CreationDate>
      <types1:ModifiedBy>jihed.laamiri.adm@ia.ca.SAML</types1:ModifiedBy>
      <types1:ModificationDate>2022-02-17T19:55:05Z</types1:ModificationDate>
      <types1:PublicationStatus>published</types1:PublicationStatus>
      <types1:PublishedBy>iheb.benghali.adm@ia.ca.SAML</types1:PublishedBy>
      <types1:PublicationDate>2022-10-05T15:31:52Z</types1:PublicationDate>
      <types1:PublishedContributionId>project:/tf.tf_LoadRDV_20-30_PSA_IAS_IAVM_to_RDV_REGISTERED_REPRESENTATIVES/tf_LoadRDV_20-30_PSA_IAS_IAVM_to_RDV_REGISTERED_REPRESENTATIVES.tf.xml</types1:PublishedContributionId>
      <types1:AutosaveExists>false</types1:AutosaveExists>
      <types1:Entry>
         <taskflow xmlns="http://schemas.active-endpoints.com/appmodules/screenflow/2010/10/avosScreenflow.xsd"
                   xmlns:tfm="http://schemas.active-endpoints.com/appmodules/screenflow/2021/04/taskflowModel.xsd"
                   xmlns:list="urn:activevos:spi:list:functions"
                   displayName="tf_LoadRDV_20-30_PSA_IAS_IAVM_to_RDV_REGISTERED_REPRESENTATIVES"
                   name="tf_LoadRDV_20-30_PSA_IAS_IAVM_to_RDV_REGISTERED_REPRESENTATIVES"
                   overrideAPIName="false">
            <parameterSet xmlns="http://schemas.active-endpoints.com/appmodules/screenflow/2021/04/taskflowModel.xsd"/>
            <appliesTo/>
            <description>This allows to reload the REGISTERED REPRESENTATIVES Staging Table to finally load RDV tables (HUB_REGISTERED_REPRESENTATIVES AND SAT_REGISTERED_REPRESENTATIVE_IAS_IAVM).</description>
            <tags/>
            <generator>Informatica Process Designer 11</generator>
            <input>
               <parameter description="Name of the file to be loaded"
                          name="input_filename"
                          required="true"
                          type="string">
                  <options>
                     <option name="required">false</option>
                  </options>
               </parameter>
               <parameter description="Path of the file to be loaded"
                          name="input_filepath"
                          required="true"
                          type="string">
                  <options>
                     <option name="required">false</option>
                  </options>
               </parameter>
            </input>
            <tempFields>
               <field description="Filename of the file detected by the filelistener"
                      name="temp_filename"
                      type="string">
                  <options>
                     <option name="required">false</option>
                  </options>
               </field>
               <field description="Data start date : extracted from the filename"
                      name="temp_dataStartDate"
                      type="date">
                  <options>
                     <option name="required">false</option>
                  </options>
               </field>
               <field description="" name="temp_JobName" type="string">
                  <options>
                     <option name="required">false</option>
                  </options>
               </field>
               <field description="" name="temp_tf_Audit_ID" type="string">
                  <options>
                     <option name="required">false</option>
                  </options>
               </field>
               <field description="" name="dt_STG_count" type="reference">
                  <options>
                     <option name="failOnNotRun">false</option>
                     <option name="failOnFault">false</option>
                     <option name="referenceTo">$po:mt-STG-count</option>
                  </options>
               </field>
               <field description=""
                      name="dt_LoadSTG_PSA_IAS_IAVM_To_STG_REGISTERED_REPRESENTATIVE"
                      type="reference">
                  <options>
                     <option name="failOnNotRun">false</option>
                     <option name="failOnFault">false</option>
                     <option name="referenceTo">$po:mt-LoadSTG-PSA-IAS-IAVM-To-STG-REGISTERED-REPRESENTATIVE</option>
                  </options>
               </field>
               <field description=""
                      name="dt_LoadRDV_STG_IAS_IAVM_To_Shared_HUB_REGISTERED_REPRESENTATIVE"
                      type="reference">
                  <options>
                     <option name="failOnNotRun">false</option>
                     <option name="failOnFault">false</option>
                     <option name="referenceTo">$po:mt-LoadRDV-STG-IAS-IAVM-To-Shared-HUB-REGISTERED-REPRESENTATIVE</option>
                  </options>
               </field>
               <field description="" name="dt_Audit_StartJob" type="reference">
                  <options>
                     <option name="failOnNotRun">false</option>
                     <option name="failOnFault">false</option>
                     <option name="referenceTo">$po:mt-audit-startJob</option>
                  </options>
               </field>
               <field description=""
                      name="dt_LoadRDV_STG_IAS_IAVM_To_SAT_REGISTERED_REPRESENTATIVES_IAS_IAVM_Insert"
                      type="reference">
                  <options>
                     <option name="failOnNotRun">false</option>
                     <option name="failOnFault">false</option>
                     <option name="referenceTo">$po:mt-LoadRDV-STG-IAS-IAVM-To-SAT-REGISTERED-REPRESENTATIVES-IAS-IAVM-Insert</option>
                  </options>
               </field>
               <field description=""
                      name="dt_LoadRDV_STG_IAS_IAVM_To_SAT_REGISTERED_REPRESENTATIVES_IAS_IAVM_Delete"
                      type="reference">
                  <options>
                     <option name="failOnNotRun">false</option>
                     <option name="failOnFault">false</option>
                     <option name="referenceTo">$po:mt-LoadRDV-STG-IAS-IAVM-To-SAT-REGISTERED-REPRESENTATIVES-IAS-IAVM-Delete</option>
                  </options>
               </field>
               <field description="" name="dt_Audit_EndJob" type="reference">
                  <options>
                     <option name="failOnNotRun">false</option>
                     <option name="failOnFault">false</option>
                     <option name="referenceTo">$po:mt-audit-endJob</option>
                  </options>
               </field>
            </tempFields>
            <notes/>
            <deployment suspendOnFault="false" tracingLevel="verbose">
               <rest/>
            </deployment>
            <flow id="a">
               <start id="b">
                  <link id="kggm4cjw" targetId="kfkit286"/>
               </start>
               <assignment id="kfkit286">
                  <title>asgn_Filename</title>
                  <operation source="field" to="temp.temp_filename">input.input_filename</operation>
                  <link id="kfkk0zpk" targetId="kfkk0zpj"/>
               </assignment>
               <container id="kfkk0zpj" type="exclusive">
                  <title>Dcn_RegisteredRepresentativesFiles</title>
                  <flow id="kfkk0zpn">
                     <assignment id="kfkk0zqz">
                        <title>asgn_StartJob_Parameters</title>
                        <operation source="formula" to="temp.temp_dataStartDate">
                           <expression language="XQuery">fn:concat('''',fn:substring-before(fn:substring-after($temp.temp_filename , '__'), '.'),'''')</expression>
                        </operation>
                        <operation source="formula" to="temp.temp_JobName">
                           <expression language="XQuery">fn:concat("'",util:getAssetName(),"'")</expression>
                        </operation>
                        <operation source="formula" to="temp.temp_tf_Audit_ID">
                           <expression language="XQuery">fn:concat("'",util:getAssetName(),"-", util:getProcessId(),"'")</expression>
                        </operation>
                        <operation source="constant" to="temp.dt_Audit_StartJob[1]/inout[1]/io_Result">ERROR</operation>
                        <operation source="constant" to="temp.dt_STG_count[1]/inout[1]/io_rowCount">0</operation>
                        <link id="kw10hfvd" targetId="kw10hfwd"/>
                     </assignment>
                     <eventContainer id="kw10hfwd">
                        <service id="kw10hfvc">
                           <title>dt_Audit_StartJob</title>
                           <serviceName>ICSExecuteDataTask</serviceName>
                           <serviceGUID/>
                           <serviceInput>
                              <parameter name="Wait for Task to Complete" source="constant" updatable="true">true</parameter>
                              <parameter name="Max Wait" source="constant" updatable="true">604800</parameter>
                              <parameter name="Task Name" source="constant" updatable="true">mt_audit_startJob</parameter>
                              <parameter name="GUID" source="constant" updatable="true">6DZUPJHBGU8jsaY4YQBkc1</parameter>
                              <parameter name="Task Type" source="constant" updatable="true">MCT</parameter>
                              <parameter name="Has Inout Parameters" source="constant" updatable="true">true</parameter>
                              <parameter name="taskField" source="nested">
                                 <operation source="field" to="mt-audit-startJob">temp.dt_Audit_StartJob</operation>
                                 <operation source="field" to="mt-audit-startJob/inout[1]/io_JOB_AUDIT_ID">temp.temp_tf_Audit_ID</operation>
                                 <operation source="field" to="mt-audit-startJob/inout[1]/io_JOB_NAME">temp.temp_JobName</operation>
                                 <operation source="field" to="mt-audit-startJob/inout[1]/io_JOB_START_DT">temp.temp_dataStartDate</operation>
                              </parameter>
                           </serviceInput>
                           <serviceOutput>
                              <operation source="field" to="temp.dt_Audit_StartJob/output/Object_Name">Object Name</operation>
                              <operation source="field" to="temp.dt_Audit_StartJob/output/Run_Id">Run Id</operation>
                              <operation source="field" to="temp.dt_Audit_StartJob/output/Log_Id">Log Id</operation>
                              <operation source="field" to="temp.dt_Audit_StartJob/output/Task_Id">Task Id</operation>
                              <operation source="field" to="temp.dt_Audit_StartJob/output/Task_Status">Task Status</operation>
                              <operation source="field" to="temp.dt_Audit_StartJob/output/Success_Source_Rows">Success Source Rows</operation>
                              <operation source="field" to="temp.dt_Audit_StartJob/output/Failed_Source_Rows">Failed Source Rows</operation>
                              <operation source="field" to="temp.dt_Audit_StartJob/output/Success_Target_Rows">Success Target Rows</operation>
                              <operation source="field" to="temp.dt_Audit_StartJob/output/Failed_Target_Rows">Failed Target Rows</operation>
                              <operation source="field" to="temp.dt_Audit_StartJob/output/Start_Time">Start Time</operation>
                              <operation source="field" to="temp.dt_Audit_StartJob/output/End_Time">End Time</operation>
                              <operation source="field" to="temp.dt_Audit_StartJob/output/Error_Message">Error Message</operation>
                              <operation source="field" to="temp.dt_Audit_StartJob/inout/io_Result">io_Result</operation>
                              <operation source="field" to="temp.dt_Audit_StartJob/inout/io_JOB_START_DT">io_JOB_START_DT</operation>
                              <operation source="field" to="temp.dt_Audit_StartJob/inout/io_JOB_NAME">io_JOB_NAME</operation>
                              <operation source="field" to="temp.dt_Audit_StartJob/inout/io_JOB_AUDIT_ID">io_JOB_AUDIT_ID</operation>
                           </serviceOutput>
                        </service>
                        <link id="kw10hfyz" targetId="kfkk0zt0"/>
                        <events>
                           <catch faultField="temp.dt_Audit_StartJob/fault"
                                  id="kw10hfwb"
                                  interrupting="true"
                                  name="error">
                              <suspend/>
                           </catch>
                           <catch faultField="temp.dt_Audit_StartJob/fault"
                                  id="kw10hfwc"
                                  interrupting="true"
                                  name="warning"/>
                        </events>
                     </eventContainer>
                     <eventContainer id="kw10noem">
                        <service id="kw10nodj">
                           <title>dt_Audit_EndJob</title>
                           <serviceName>ICSExecuteDataTask</serviceName>
                           <serviceGUID/>
                           <serviceInput>
                              <parameter name="Wait for Task to Complete" source="constant" updatable="true">true</parameter>
                              <parameter name="Max Wait" source="constant" updatable="true">604800</parameter>
                              <parameter name="Task Name" source="constant" updatable="true">mt_audit_endJob</parameter>
                              <parameter name="GUID" source="constant" updatable="true">0qNjNg0uDCwgCkY2pKrku7</parameter>
                              <parameter name="Task Type" source="constant" updatable="true">MCT</parameter>
                              <parameter name="Has Inout Parameters" source="constant" updatable="true">true</parameter>
                              <parameter name="taskField" source="nested">
                                 <operation source="field" to="mt-audit-endJob">temp.dt_Audit_EndJob</operation>
                                 <operation source="field" to="mt-audit-endJob/inout[1]/io_jobAuditID">temp.temp_tf_Audit_ID</operation>
                                 <operation source="constant" to="mt-audit-endJob/inout[1]/io_jobEndDesc">successful execution</operation>
                                 <operation source="constant" to="mt-audit-endJob/inout[1]/io_jobEndStatus">SUCCESS</operation>
                                 <operation source="field" to="mt-audit-endJob/inout[1]/io_jobName">temp.temp_JobName</operation>
                                 <operation source="field" to="mt-audit-endJob/inout[1]/io_jobStartDate">temp.temp_dataStartDate</operation>
                              </parameter>
                           </serviceInput>
                           <serviceOutput>
                              <operation source="field" to="temp.dt_Audit_EndJob/output/Object_Name">Object Name</operation>
                              <operation source="field" to="temp.dt_Audit_EndJob/output/Run_Id">Run Id</operation>
                              <operation source="field" to="temp.dt_Audit_EndJob/output/Log_Id">Log Id</operation>
                              <operation source="field" to="temp.dt_Audit_EndJob/output/Task_Id">Task Id</operation>
                              <operation source="field" to="temp.dt_Audit_EndJob/output/Task_Status">Task Status</operation>
                              <operation source="field" to="temp.dt_Audit_EndJob/output/Success_Source_Rows">Success Source Rows</operation>
                              <operation source="field" to="temp.dt_Audit_EndJob/output/Failed_Source_Rows">Failed Source Rows</operation>
                              <operation source="field" to="temp.dt_Audit_EndJob/output/Success_Target_Rows">Success Target Rows</operation>
                              <operation source="field" to="temp.dt_Audit_EndJob/output/Failed_Target_Rows">Failed Target Rows</operation>
                              <operation source="field" to="temp.dt_Audit_EndJob/output/Start_Time">Start Time</operation>
                              <operation source="field" to="temp.dt_Audit_EndJob/output/End_Time">End Time</operation>
                              <operation source="field" to="temp.dt_Audit_EndJob/output/Error_Message">Error Message</operation>
                              <operation source="field" to="temp.dt_Audit_EndJob/output/TotalTransErrors">Total Transformation Errors</operation>
                              <operation source="field" to="temp.dt_Audit_EndJob/output/FirstErrorCode">First Error Code</operation>
                              <operation source="field" to="temp.dt_Audit_EndJob/inout/io_Result">io_Result</operation>
                              <operation source="field" to="temp.dt_Audit_EndJob/inout/io_jobName">io_jobName</operation>
                              <operation source="field" to="temp.dt_Audit_EndJob/inout/io_jobAuditID">io_jobAuditID</operation>
                              <operation source="field" to="temp.dt_Audit_EndJob/inout/io_jobStartDate">io_jobStartDate</operation>
                              <operation source="field" to="temp.dt_Audit_EndJob/inout/io_jobEndStatus">io_jobEndStatus</operation>
                              <operation source="field" to="temp.dt_Audit_EndJob/inout/io_jobEndDesc">io_jobEndDesc</operation>
                           </serviceOutput>
                        </service>
                        <events>
                           <catch faultField="temp.dt_Audit_EndJob/fault"
                                  id="kw10noek"
                                  interrupting="true"
                                  name="error">
                              <suspend/>
                           </catch>
                           <catch faultField="temp.dt_Audit_EndJob/fault"
                                  id="kw10noel"
                                  interrupting="true"
                                  name="warning"/>
                        </events>
                     </eventContainer>
                     <container id="kfkk0zt0" type="exclusive">
                        <title>dcn_StartJob_Result</title>
                        <flow id="kfkk0zt3">
                           <eventContainer id="kw100d2l">
                              <service id="kw100d1p">
                                 <title>dt_LoadSTG_PSA_IAS_IAVM_To_STG_REGISTERED_REPRESENTATIVE</title>
                                 <serviceName>ICSExecuteDataTask</serviceName>
                                 <serviceGUID/>
                                 <serviceInput>
                                    <parameter name="Wait for Task to Complete" source="constant" updatable="true">true</parameter>
                                    <parameter name="Max Wait" source="constant" updatable="true">604800</parameter>
                                    <parameter name="Task Name" source="constant" updatable="true">mt_LoadSTG_PSA_IAS_IAVM_To_STG_REGISTERED_REPRESENTATIVE</parameter>
                                    <parameter name="GUID" source="constant" updatable="true">8TJBn56vffQjZXfMNKpz6K</parameter>
                                    <parameter name="Task Type" source="constant" updatable="true">MCT</parameter>
                                    <parameter name="Has Inout Parameters" source="constant" updatable="true">true</parameter>
                                    <parameter name="taskField" source="nested">
                                       <operation source="field"
                                                  to="mt-LoadSTG-PSA-IAS-IAVM-To-STG-REGISTERED-REPRESENTATIVE">temp.dt_LoadSTG_PSA_IAS_IAVM_To_STG_REGISTERED_REPRESENTATIVE</operation>
                                       <operation source="formula"
                                                  to="mt-LoadSTG-PSA-IAS-IAVM-To-STG-REGISTERED-REPRESENTATIVE/inout[1]/io_PATH">
                                          <expression language="XQuery">fn:replace($input.input_filepath  , fn:concat('/', $input.input_filename  ), '')</expression>
                                       </operation>
                                    </parameter>
                                 </serviceInput>
                                 <serviceOutput>
                                    <operation source="field"
                                               to="temp.dt_LoadSTG_PSA_IAS_IAVM_To_STG_REGISTERED_REPRESENTATIVE/output/Object_Name">Object Name</operation>
                                    <operation source="field"
                                               to="temp.dt_LoadSTG_PSA_IAS_IAVM_To_STG_REGISTERED_REPRESENTATIVE/output/Run_Id">Run Id</operation>
                                    <operation source="field"
                                               to="temp.dt_LoadSTG_PSA_IAS_IAVM_To_STG_REGISTERED_REPRESENTATIVE/output/Log_Id">Log Id</operation>
                                    <operation source="field"
                                               to="temp.dt_LoadSTG_PSA_IAS_IAVM_To_STG_REGISTERED_REPRESENTATIVE/output/Task_Id">Task Id</operation>
                                    <operation source="field"
                                               to="temp.dt_LoadSTG_PSA_IAS_IAVM_To_STG_REGISTERED_REPRESENTATIVE/output/Task_Status">Task Status</operation>
                                    <operation source="field"
                                               to="temp.dt_LoadSTG_PSA_IAS_IAVM_To_STG_REGISTERED_REPRESENTATIVE/output/Success_Source_Rows">Success Source Rows</operation>
                                    <operation source="field"
                                               to="temp.dt_LoadSTG_PSA_IAS_IAVM_To_STG_REGISTERED_REPRESENTATIVE/output/Failed_Source_Rows">Failed Source Rows</operation>
                                    <operation source="field"
                                               to="temp.dt_LoadSTG_PSA_IAS_IAVM_To_STG_REGISTERED_REPRESENTATIVE/output/Success_Target_Rows">Success Target Rows</operation>
                                    <operation source="field"
                                               to="temp.dt_LoadSTG_PSA_IAS_IAVM_To_STG_REGISTERED_REPRESENTATIVE/output/Failed_Target_Rows">Failed Target Rows</operation>
                                    <operation source="field"
                                               to="temp.dt_LoadSTG_PSA_IAS_IAVM_To_STG_REGISTERED_REPRESENTATIVE/output/Start_Time">Start Time</operation>
                                    <operation source="field"
                                               to="temp.dt_LoadSTG_PSA_IAS_IAVM_To_STG_REGISTERED_REPRESENTATIVE/output/End_Time">End Time</operation>
                                    <operation source="field"
                                               to="temp.dt_LoadSTG_PSA_IAS_IAVM_To_STG_REGISTERED_REPRESENTATIVE/output/Error_Message">Error Message</operation>
                                    <operation source="field"
                                               to="temp.dt_LoadSTG_PSA_IAS_IAVM_To_STG_REGISTERED_REPRESENTATIVE/output/TotalTransErrors">Total Transformation Errors</operation>
                                    <operation source="field"
                                               to="temp.dt_LoadSTG_PSA_IAS_IAVM_To_STG_REGISTERED_REPRESENTATIVE/output/FirstErrorCode">First Error Code</operation>
                                    <operation source="field"
                                               to="temp.dt_LoadSTG_PSA_IAS_IAVM_To_STG_REGISTERED_REPRESENTATIVE/inout/io_PATH">io_PATH</operation>
                                 </serviceOutput>
                              </service>
                              <link id="kw100d78" targetId="knqi4rpw"/>
                              <events>
                                 <catch faultField="temp.dt_LoadSTG_PSA_IAS_IAVM_To_STG_REGISTERED_REPRESENTATIVE/fault"
                                        id="kw100d2j"
                                        interrupting="true"
                                        name="error">
                                    <suspend/>
                                 </catch>
                                 <catch faultField="temp.dt_LoadSTG_PSA_IAS_IAVM_To_STG_REGISTERED_REPRESENTATIVE/fault"
                                        id="kw100d2k"
                                        interrupting="true"
                                        name="warning"/>
                              </events>
                           </eventContainer>
                           <eventContainer id="knqi4rpw">
                              <service id="knqi4rnt">
                                 <title>dt_STG_count</title>
                                 <serviceName>ICSExecuteDataTask</serviceName>
                                 <serviceGUID/>
                                 <serviceInput>
                                    <parameter name="Wait for Task to Complete" source="constant" updatable="true">true</parameter>
                                    <parameter name="Max Wait" source="constant" updatable="true">604800</parameter>
                                    <parameter name="Task Name" source="constant" updatable="true">mt_STG_count</parameter>
                                    <parameter name="GUID" source="constant" updatable="true">jxlmGTuVcsehnPXhbWjsMU</parameter>
                                    <parameter name="Task Type" source="constant" updatable="true">MCT</parameter>
                                    <parameter name="Has Inout Parameters" source="constant" updatable="true">true</parameter>
                                    <parameter name="taskField" source="nested">
                                       <operation source="field" to="mt-STG-count">temp.dt_STG_count</operation>
                                       <operation source="field" to="mt-STG-count/input[1]/i_Job_name">temp.temp_JobName</operation>
                                       <operation source="field" to="mt-STG-count/input[1]/i_job_start_date">temp.temp_dataStartDate</operation>
                                       <operation source="field" to="temp.dt_STG_count[1]/input[1]/i_Job_name">temp.temp_JobName</operation>
                                       <operation source="field" to="temp.dt_STG_count[1]/input[1]/i_job_start_date">temp.temp_dataStartDate</operation>
                                    </parameter>
                                 </serviceInput>
                                 <serviceOutput>
                                    <operation source="field" to="temp.dt_STG_count/output/Object_Name">Object Name</operation>
                                    <operation source="field" to="temp.dt_STG_count/output/Run_Id">Run Id</operation>
                                    <operation source="field" to="temp.dt_STG_count/output/Log_Id">Log Id</operation>
                                    <operation source="field" to="temp.dt_STG_count/output/Task_Id">Task Id</operation>
                                    <operation source="field" to="temp.dt_STG_count/output/Task_Status">Task Status</operation>
                                    <operation source="field" to="temp.dt_STG_count/output/Success_Source_Rows">Success Source Rows</operation>
                                    <operation source="field" to="temp.dt_STG_count/output/Failed_Source_Rows">Failed Source Rows</operation>
                                    <operation source="field" to="temp.dt_STG_count/output/Success_Target_Rows">Success Target Rows</operation>
                                    <operation source="field" to="temp.dt_STG_count/output/Failed_Target_Rows">Failed Target Rows</operation>
                                    <operation source="field" to="temp.dt_STG_count/output/Start_Time">Start Time</operation>
                                    <operation source="field" to="temp.dt_STG_count/output/End_Time">End Time</operation>
                                    <operation source="field" to="temp.dt_STG_count/output/Error_Message">Error Message</operation>
                                    <operation source="field" to="temp.dt_STG_count/inout/io_rowCount">io_rowCount</operation>
                                 </serviceOutput>
                              </service>
                              <link id="knqi4ro6" targetId="knqi4ro5"/>
                              <events>
                                 <catch faultField="temp.dt_STG_count/fault"
                                        id="knqi4rpu"
                                        interrupting="true"
                                        name="error">
                                    <suspend/>
                                 </catch>
                                 <catch faultField="temp.dt_STG_count/fault"
                                        id="knqi4rpv"
                                        interrupting="true"
                                        name="warning"/>
                              </events>
                           </eventContainer>
                           <container id="knqi4ro5" type="exclusive">
                              <title>dcn_row_count</title>
                              <flow id="knqi4ro9">
                                 <container id="knqi4ron" type="parallel">
                                    <title>Parallel_LoadRdv</title>
                                    <flow id="knqi4roo">
                                       <eventContainer id="kw100ddi">
                                          <service id="kw100dcl">
                                             <title>dt_LoadRDV_STG_IAS_IAVM_To_Shared_HUB_REGISTERED_REPRESENTATIVE</title>
                                             <serviceName>ICSExecuteDataTask</serviceName>
                                             <serviceGUID/>
                                             <serviceInput>
                                                <parameter name="Wait for Task to Complete" source="constant" updatable="true">true</parameter>
                                                <parameter name="Max Wait" source="constant" updatable="true">604800</parameter>
                                                <parameter name="Task Name" source="constant" updatable="true">mt_LoadRDV_STG_IAS_IAVM_To_Shared_HUB_REGISTERED_REPRESENTATIVE</parameter>
                                                <parameter name="GUID" source="constant" updatable="true">3Sz2nBHZYIfkn50lbKmTK7</parameter>
                                                <parameter name="Task Type" source="constant" updatable="true">MCT</parameter>
                                                <parameter name="Has Inout Parameters" source="constant" updatable="true">true</parameter>
                                                <parameter name="taskField" source="nested">
                                                   <operation source="field"
                                                              to="mt-LoadRDV-STG-IAS-IAVM-To-Shared-HUB-REGISTERED-REPRESENTATIVE">temp.dt_LoadRDV_STG_IAS_IAVM_To_Shared_HUB_REGISTERED_REPRESENTATIVE</operation>
                                                   <operation source="field"
                                                              to="mt-LoadRDV-STG-IAS-IAVM-To-Shared-HUB-REGISTERED-REPRESENTATIVE/inout[1]/io_tf_Audit_ID">temp.temp_tf_Audit_ID</operation>
                                                </parameter>
                                             </serviceInput>
                                             <serviceOutput>
                                                <operation source="field"
                                                           to="temp.dt_LoadRDV_STG_IAS_IAVM_To_Shared_HUB_REGISTERED_REPRESENTATIVE/output/Object_Name">Object Name</operation>
                                                <operation source="field"
                                                           to="temp.dt_LoadRDV_STG_IAS_IAVM_To_Shared_HUB_REGISTERED_REPRESENTATIVE/output/Run_Id">Run Id</operation>
                                                <operation source="field"
                                                           to="temp.dt_LoadRDV_STG_IAS_IAVM_To_Shared_HUB_REGISTERED_REPRESENTATIVE/output/Log_Id">Log Id</operation>
                                                <operation source="field"
                                                           to="temp.dt_LoadRDV_STG_IAS_IAVM_To_Shared_HUB_REGISTERED_REPRESENTATIVE/output/Task_Id">Task Id</operation>
                                                <operation source="field"
                                                           to="temp.dt_LoadRDV_STG_IAS_IAVM_To_Shared_HUB_REGISTERED_REPRESENTATIVE/output/Task_Status">Task Status</operation>
                                                <operation source="field"
                                                           to="temp.dt_LoadRDV_STG_IAS_IAVM_To_Shared_HUB_REGISTERED_REPRESENTATIVE/output/Success_Source_Rows">Success Source Rows</operation>
                                                <operation source="field"
                                                           to="temp.dt_LoadRDV_STG_IAS_IAVM_To_Shared_HUB_REGISTERED_REPRESENTATIVE/output/Failed_Source_Rows">Failed Source Rows</operation>
                                                <operation source="field"
                                                           to="temp.dt_LoadRDV_STG_IAS_IAVM_To_Shared_HUB_REGISTERED_REPRESENTATIVE/output/Success_Target_Rows">Success Target Rows</operation>
                                                <operation source="field"
                                                           to="temp.dt_LoadRDV_STG_IAS_IAVM_To_Shared_HUB_REGISTERED_REPRESENTATIVE/output/Failed_Target_Rows">Failed Target Rows</operation>
                                                <operation source="field"
                                                           to="temp.dt_LoadRDV_STG_IAS_IAVM_To_Shared_HUB_REGISTERED_REPRESENTATIVE/output/Start_Time">Start Time</operation>
                                                <operation source="field"
                                                           to="temp.dt_LoadRDV_STG_IAS_IAVM_To_Shared_HUB_REGISTERED_REPRESENTATIVE/output/End_Time">End Time</operation>
                                                <operation source="field"
                                                           to="temp.dt_LoadRDV_STG_IAS_IAVM_To_Shared_HUB_REGISTERED_REPRESENTATIVE/output/Error_Message">Error Message</operation>
                                                <operation source="field"
                                                           to="temp.dt_LoadRDV_STG_IAS_IAVM_To_Shared_HUB_REGISTERED_REPRESENTATIVE/output/TotalTransErrors">Total Transformation Errors</operation>
                                                <operation source="field"
                                                           to="temp.dt_LoadRDV_STG_IAS_IAVM_To_Shared_HUB_REGISTERED_REPRESENTATIVE/output/FirstErrorCode">First Error Code</operation>
                                                <operation source="field"
                                                           to="temp.dt_LoadRDV_STG_IAS_IAVM_To_Shared_HUB_REGISTERED_REPRESENTATIVE/inout/io_tf_Audit_ID">io_tf_Audit_ID</operation>
                                             </serviceOutput>
                                          </service>
                                          <events>
                                             <catch faultField="temp.dt_LoadRDV_STG_IAS_IAVM_To_Shared_HUB_REGISTERED_REPRESENTATIVE/fault"
                                                    id="kw100ddg"
                                                    interrupting="true"
                                                    name="error">
                                                <suspend/>
                                             </catch>
                                             <catch faultField="temp.dt_LoadRDV_STG_IAS_IAVM_To_Shared_HUB_REGISTERED_REPRESENTATIVE/fault"
                                                    id="kw100ddh"
                                                    interrupting="true"
                                                    name="warning"/>
                                          </events>
                                       </eventContainer>
                                       <link id="knqi4rp0" targetId="knqi4ron" type="containerLink"/>
                                    </flow>
                                    <flow id="knqi4ror">
                                       <eventContainer id="kw10nnsf">
                                          <service id="kw10nnri">
                                             <title>dt_LoadRDV_STG_IAS_IAVM_To_SAT_REGISTERED_REPRESENTATIVES_IAS_IAVM_Insert</title>
                                             <serviceName>ICSExecuteDataTask</serviceName>
                                             <serviceGUID/>
                                             <serviceInput>
                                                <parameter name="Wait for Task to Complete" source="constant" updatable="true">true</parameter>
                                                <parameter name="Max Wait" source="constant" updatable="true">604800</parameter>
                                                <parameter name="Task Name" source="constant" updatable="true">mt_LoadRDV_STG_IAS_IAVM_To_SAT_REGISTERED_REPRESENTATIVES_IAS_IAVM_Insert</parameter>
                                                <parameter name="GUID" source="constant" updatable="true">0QnYtqpjyFthHpKJlOMSIZ</parameter>
                                                <parameter name="Task Type" source="constant" updatable="true">MCT</parameter>
                                                <parameter name="Has Inout Parameters" source="constant" updatable="true">true</parameter>
                                                <parameter name="taskField" source="nested">
                                                   <operation source="field"
                                                              to="mt-LoadRDV-STG-IAS-IAVM-To-SAT-REGISTERED-REPRESENTATIVES-IAS-IAVM-Insert">temp.dt_LoadRDV_STG_IAS_IAVM_To_SAT_REGISTERED_REPRESENTATIVES_IAS_IAVM_Insert</operation>
                                                   <operation source="field"
                                                              to="mt-LoadRDV-STG-IAS-IAVM-To-SAT-REGISTERED-REPRESENTATIVES-IAS-IAVM-Insert/inout[1]/io_tf_Audit_ID">temp.temp_tf_Audit_ID</operation>
                                                </parameter>
                                             </serviceInput>
                                             <serviceOutput>
                                                <operation source="field"
                                                           to="temp.dt_LoadRDV_STG_IAS_IAVM_To_SAT_REGISTERED_REPRESENTATIVES_IAS_IAVM_Insert/output/Object_Name">Object Name</operation>
                                                <operation source="field"
                                                           to="temp.dt_LoadRDV_STG_IAS_IAVM_To_SAT_REGISTERED_REPRESENTATIVES_IAS_IAVM_Insert/output/Run_Id">Run Id</operation>
                                                <operation source="field"
                                                           to="temp.dt_LoadRDV_STG_IAS_IAVM_To_SAT_REGISTERED_REPRESENTATIVES_IAS_IAVM_Insert/output/Log_Id">Log Id</operation>
                                                <operation source="field"
                                                           to="temp.dt_LoadRDV_STG_IAS_IAVM_To_SAT_REGISTERED_REPRESENTATIVES_IAS_IAVM_Insert/output/Task_Id">Task Id</operation>
                                                <operation source="field"
                                                           to="temp.dt_LoadRDV_STG_IAS_IAVM_To_SAT_REGISTERED_REPRESENTATIVES_IAS_IAVM_Insert/output/Task_Status">Task Status</operation>
                                                <operation source="field"
                                                           to="temp.dt_LoadRDV_STG_IAS_IAVM_To_SAT_REGISTERED_REPRESENTATIVES_IAS_IAVM_Insert/output/Success_Source_Rows">Success Source Rows</operation>
                                                <operation source="field"
                                                           to="temp.dt_LoadRDV_STG_IAS_IAVM_To_SAT_REGISTERED_REPRESENTATIVES_IAS_IAVM_Insert/output/Failed_Source_Rows">Failed Source Rows</operation>
                                                <operation source="field"
                                                           to="temp.dt_LoadRDV_STG_IAS_IAVM_To_SAT_REGISTERED_REPRESENTATIVES_IAS_IAVM_Insert/output/Success_Target_Rows">Success Target Rows</operation>
                                                <operation source="field"
                                                           to="temp.dt_LoadRDV_STG_IAS_IAVM_To_SAT_REGISTERED_REPRESENTATIVES_IAS_IAVM_Insert/output/Failed_Target_Rows">Failed Target Rows</operation>
                                                <operation source="field"
                                                           to="temp.dt_LoadRDV_STG_IAS_IAVM_To_SAT_REGISTERED_REPRESENTATIVES_IAS_IAVM_Insert/output/Start_Time">Start Time</operation>
                                                <operation source="field"
                                                           to="temp.dt_LoadRDV_STG_IAS_IAVM_To_SAT_REGISTERED_REPRESENTATIVES_IAS_IAVM_Insert/output/End_Time">End Time</operation>
                                                <operation source="field"
                                                           to="temp.dt_LoadRDV_STG_IAS_IAVM_To_SAT_REGISTERED_REPRESENTATIVES_IAS_IAVM_Insert/output/Error_Message">Error Message</operation>
                                                <operation source="field"
                                                           to="temp.dt_LoadRDV_STG_IAS_IAVM_To_SAT_REGISTERED_REPRESENTATIVES_IAS_IAVM_Insert/output/TotalTransErrors">Total Transformation Errors</operation>
                                                <operation source="field"
                                                           to="temp.dt_LoadRDV_STG_IAS_IAVM_To_SAT_REGISTERED_REPRESENTATIVES_IAS_IAVM_Insert/output/FirstErrorCode">First Error Code</operation>
                                                <operation source="field"
                                                           to="temp.dt_LoadRDV_STG_IAS_IAVM_To_SAT_REGISTERED_REPRESENTATIVES_IAS_IAVM_Insert/inout/io_tf_Audit_ID">io_tf_Audit_ID</operation>
                                             </serviceOutput>
                                          </service>
                                          <events>
                                             <catch faultField="temp.dt_LoadRDV_STG_IAS_IAVM_To_SAT_REGISTERED_REPRESENTATIVES_IAS_IAVM_Insert/fault"
                                                    id="kw10nnsd"
                                                    interrupting="true"
                                                    name="error">
                                                <suspend/>
                                             </catch>
                                             <catch faultField="temp.dt_LoadRDV_STG_IAS_IAVM_To_SAT_REGISTERED_REPRESENTATIVES_IAS_IAVM_Insert/fault"
                                                    id="kw10nnse"
                                                    interrupting="true"
                                                    name="warning"/>
                                          </events>
                                       </eventContainer>
                                       <link id="knqi4rp1" targetId="knqi4ron" type="containerLink"/>
                                    </flow>
                                    <flow id="knqi4rou">
                                       <eventContainer id="kw10no4v">
                                          <service id="kw10no3q">
                                             <title>dt_LoadRDV_STG_IAS_IAVM_To_SAT_REGISTERED_REPRESENTATIVES_IAS_IAVM_Delete</title>
                                             <serviceName>ICSExecuteDataTask</serviceName>
                                             <serviceGUID/>
                                             <serviceInput>
                                                <parameter name="Wait for Task to Complete" source="constant" updatable="true">true</parameter>
                                                <parameter name="Max Wait" source="constant" updatable="true">604800</parameter>
                                                <parameter name="Task Name" source="constant" updatable="true">mt_LoadRDV_STG_IAS_IAVM_To_SAT_REGISTERED_REPRESENTATIVES_IAS_IAVM_Delete</parameter>
                                                <parameter name="GUID" source="constant" updatable="true">aEj6s4WHR6Dg1qWkNKMj4F</parameter>
                                                <parameter name="Task Type" source="constant" updatable="true">MCT</parameter>
                                                <parameter name="Has Inout Parameters" source="constant" updatable="true">true</parameter>
                                                <parameter name="taskField" source="nested">
                                                   <operation source="field"
                                                              to="mt-LoadRDV-STG-IAS-IAVM-To-SAT-REGISTERED-REPRESENTATIVES-IAS-IAVM-Delete">temp.dt_LoadRDV_STG_IAS_IAVM_To_SAT_REGISTERED_REPRESENTATIVES_IAS_IAVM_Delete</operation>
                                                   <operation source="field"
                                                              to="mt-LoadRDV-STG-IAS-IAVM-To-SAT-REGISTERED-REPRESENTATIVES-IAS-IAVM-Delete/inout[1]/io_tf_Audit_ID">temp.temp_tf_Audit_ID</operation>
                                                   <operation source="field"
                                                              to="mt-LoadRDV-STG-IAS-IAVM-To-SAT-REGISTERED-REPRESENTATIVES-IAS-IAVM-Delete/input[1]/i_DATA_START_DATE">temp.temp_dataStartDate</operation>
                                                   <operation source="field"
                                                              to="temp.dt_LoadRDV_STG_IAS_IAVM_To_SAT_REGISTERED_REPRESENTATIVES_IAS_IAVM_Delete[1]/input[1]/i_DATA_START_DATE">temp.temp_dataStartDate</operation>
                                                </parameter>
                                             </serviceInput>
                                             <serviceOutput>
                                                <operation source="field"
                                                           to="temp.dt_LoadRDV_STG_IAS_IAVM_To_SAT_REGISTERED_REPRESENTATIVES_IAS_IAVM_Delete/output/Object_Name">Object Name</operation>
                                                <operation source="field"
                                                           to="temp.dt_LoadRDV_STG_IAS_IAVM_To_SAT_REGISTERED_REPRESENTATIVES_IAS_IAVM_Delete/output/Run_Id">Run Id</operation>
                                                <operation source="field"
                                                           to="temp.dt_LoadRDV_STG_IAS_IAVM_To_SAT_REGISTERED_REPRESENTATIVES_IAS_IAVM_Delete/output/Log_Id">Log Id</operation>
                                                <operation source="field"
                                                           to="temp.dt_LoadRDV_STG_IAS_IAVM_To_SAT_REGISTERED_REPRESENTATIVES_IAS_IAVM_Delete/output/Task_Id">Task Id</operation>
                                                <operation source="field"
                                                           to="temp.dt_LoadRDV_STG_IAS_IAVM_To_SAT_REGISTERED_REPRESENTATIVES_IAS_IAVM_Delete/output/Task_Status">Task Status</operation>
                                                <operation source="field"
                                                           to="temp.dt_LoadRDV_STG_IAS_IAVM_To_SAT_REGISTERED_REPRESENTATIVES_IAS_IAVM_Delete/output/Success_Source_Rows">Success Source Rows</operation>
                                                <operation source="field"
                                                           to="temp.dt_LoadRDV_STG_IAS_IAVM_To_SAT_REGISTERED_REPRESENTATIVES_IAS_IAVM_Delete/output/Failed_Source_Rows">Failed Source Rows</operation>
                                                <operation source="field"
                                                           to="temp.dt_LoadRDV_STG_IAS_IAVM_To_SAT_REGISTERED_REPRESENTATIVES_IAS_IAVM_Delete/output/Success_Target_Rows">Success Target Rows</operation>
                                                <operation source="field"
                                                           to="temp.dt_LoadRDV_STG_IAS_IAVM_To_SAT_REGISTERED_REPRESENTATIVES_IAS_IAVM_Delete/output/Failed_Target_Rows">Failed Target Rows</operation>
                                                <operation source="field"
                                                           to="temp.dt_LoadRDV_STG_IAS_IAVM_To_SAT_REGISTERED_REPRESENTATIVES_IAS_IAVM_Delete/output/Start_Time">Start Time</operation>
                                                <operation source="field"
                                                           to="temp.dt_LoadRDV_STG_IAS_IAVM_To_SAT_REGISTERED_REPRESENTATIVES_IAS_IAVM_Delete/output/End_Time">End Time</operation>
                                                <operation source="field"
                                                           to="temp.dt_LoadRDV_STG_IAS_IAVM_To_SAT_REGISTERED_REPRESENTATIVES_IAS_IAVM_Delete/output/Error_Message">Error Message</operation>
                                                <operation source="field"
                                                           to="temp.dt_LoadRDV_STG_IAS_IAVM_To_SAT_REGISTERED_REPRESENTATIVES_IAS_IAVM_Delete/output/TotalTransErrors">Total Transformation Errors</operation>
                                                <operation source="field"
                                                           to="temp.dt_LoadRDV_STG_IAS_IAVM_To_SAT_REGISTERED_REPRESENTATIVES_IAS_IAVM_Delete/output/FirstErrorCode">First Error Code</operation>
                                                <operation source="field"
                                                           to="temp.dt_LoadRDV_STG_IAS_IAVM_To_SAT_REGISTERED_REPRESENTATIVES_IAS_IAVM_Delete/inout/io_tf_Audit_ID">io_tf_Audit_ID</operation>
                                             </serviceOutput>
                                          </service>
                                          <events>
                                             <catch faultField="temp.dt_LoadRDV_STG_IAS_IAVM_To_SAT_REGISTERED_REPRESENTATIVES_IAS_IAVM_Delete/fault"
                                                    id="kw10no4t"
                                                    interrupting="true"
                                                    name="error">
                                                <suspend/>
                                             </catch>
                                             <catch faultField="temp.dt_LoadRDV_STG_IAS_IAVM_To_SAT_REGISTERED_REPRESENTATIVES_IAS_IAVM_Delete/fault"
                                                    id="kw10no4u"
                                                    interrupting="true"
                                                    name="warning"/>
                                          </events>
                                       </eventContainer>
                                       <link id="knqi4rp2" targetId="knqi4ron" type="containerLink"/>
                                    </flow>
                                    <link id="knqi4rox" targetId="knqi4roo" type="containerLink"/>
                                    <link id="knqi4roy" targetId="knqi4ror" type="containerLink"/>
                                    <link id="knqi4roz" targetId="knqi4rou" type="containerLink"/>
                                 </container>
                                 <link id="knqi4roa" targetId="knqi4ro5" type="containerLink"/>
                              </flow>
                              <flow id="knqi4roc">
                                 <link id="knqi4rod" targetId="knqi4ro5" type="containerLink"/>
                              </flow>
                              <link id="knqi4ro8" targetId="knqi4ro9" type="containerLink">
                                 <condition source="formula">
                                    <function name="greater-than">
                                       <arg name="left">{$temp.dt_STG_count[1]/inout[1]/io_rowCount}</arg>
                                       <arg name="right">{0}</arg>
                                    </function>
                                 </condition>
                              </link>
                              <link id="knqi4rob" targetId="knqi4roc" type="containerLink"/>
                           </container>
                           <link id="kfkk0zt4" targetId="kfkk0zt0" type="containerLink"/>
                        </flow>
                        <flow id="kfkk0zt6">
                           <throw id="kfkk0zu3">
                              <title>Throw_Error_StartJob</title>
                              <throwInput>
                                 <parameter name="code" source="field" updatable="true">temp.dt_Audit_StartJob[1]/inout[1]/io_Result</parameter>
                                 <parameter name="detail" source="constant" updatable="true"/>
                                 <parameter name="reason" source="constant" updatable="true"/>
                              </throwInput>
                           </throw>
                        </flow>
                        <link id="kfkk0zt2" targetId="kfkk0zt3" type="containerLink">
                           <condition source="formula">
                              <function name="contains">
                                 <arg name="left">{$temp.dt_Audit_StartJob[1]/inout[1]/io_Result}</arg>
                                 <arg name="right">SUCCESS</arg>
                              </function>
                           </condition>
                        </link>
                        <link id="kfkk0zt5" targetId="kfkk0zt6" type="containerLink"/>
                        <link id="kw10nodk" targetId="kw10noem"/>
                     </container>
                     <link id="kfkk0zpo" targetId="kfkk0zpj" type="containerLink"/>
                  </flow>
                  <flow id="kfkk0zpq">
                     <link id="kfkk0zpr" targetId="kfkk0zpj" type="containerLink"/>
                  </flow>
                  <link id="kfkk0zpm" targetId="kfkk0zpn" type="containerLink">
                     <condition source="formula">
                        <function name="contains">
                           <arg name="left">{$temp.temp_filename}</arg>
                           <arg name="right">REGISTERED_REPRESENTATIVE__</arg>
                        </function>
                     </condition>
                  </link>
                  <link id="kfkk0zpp" targetId="kfkk0zpq" type="containerLink"/>
                  <link id="kfkk0zve" targetId="c"/>
               </container>
               <end id="c"/>
            </flow>
            <dependencies>
               <processObject xmlns="http://schemas.active-endpoints.com/appmodules/screenflow/2011/06/avosHostEnvironment.xsd"
                              displayName="mt-STG-count"
                              isByCopy="true"
                              name="mt-STG-count">
                  <description/>
                  <tags/>
                  <detail>
                     <field label="Input Parameters"
                            name="input"
                            nullable="true"
                            required="false"
                            type="reference"/>
                     <field label="InOut Parameters"
                            name="inout"
                            nullable="true"
                            required="false"
                            type="reference"/>
                     <field label="TaskProperties Parameters"
                            name="taskProperties"
                            nullable="true"
                            required="false"
                            type="reference"/>
                     <field label="Output Parameters"
                            name="output"
                            nullable="true"
                            required="false"
                            type="reference"/>
                     <field label="Fault"
                            name="fault"
                            nullable="true"
                            required="false"
                            type="reference"/>
                  </detail>
               </processObject>
               <processObject xmlns="http://schemas.active-endpoints.com/appmodules/screenflow/2011/06/avosHostEnvironment.xsd"
                              displayName="mt-LoadSTG-PSA-IAS-IAVM-To-STG-REGISTERED-REPRESENTATIVE"
                              isByCopy="true"
                              name="mt-LoadSTG-PSA-IAS-IAVM-To-STG-REGISTERED-REPRESENTATIVE">
                  <description/>
                  <tags/>
                  <detail>
                     <field label="InOut Parameters"
                            name="inout"
                            nullable="true"
                            required="false"
                            type="reference"/>
                     <field label="TaskProperties Parameters"
                            name="taskProperties"
                            nullable="true"
                            required="false"
                            type="reference"/>
                     <field label="Output Parameters"
                            name="output"
                            nullable="true"
                            required="false"
                            type="reference"/>
                     <field label="Fault"
                            name="fault"
                            nullable="true"
                            required="false"
                            type="reference"/>
                  </detail>
               </processObject>
               <processObject xmlns="http://schemas.active-endpoints.com/appmodules/screenflow/2011/06/avosHostEnvironment.xsd"
                              displayName="mt-LoadRDV-STG-IAS-IAVM-To-Shared-HUB-REGISTERED-REPRESENTATIVE"
                              isByCopy="true"
                              name="mt-LoadRDV-STG-IAS-IAVM-To-Shared-HUB-REGISTERED-REPRESENTATIVE">
                  <description/>
                  <tags/>
                  <detail>
                     <field label="Input Parameters"
                            name="input"
                            nullable="true"
                            required="false"
                            type="reference"/>
                     <field label="InOut Parameters"
                            name="inout"
                            nullable="true"
                            required="false"
                            type="reference"/>
                     <field label="TaskProperties Parameters"
                            name="taskProperties"
                            nullable="true"
                            required="false"
                            type="reference"/>
                     <field label="Output Parameters"
                            name="output"
                            nullable="true"
                            required="false"
                            type="reference"/>
                     <field label="Fault"
                            name="fault"
                            nullable="true"
                            required="false"
                            type="reference"/>
                  </detail>
               </processObject>
               <processObject xmlns="http://schemas.active-endpoints.com/appmodules/screenflow/2011/06/avosHostEnvironment.xsd"
                              displayName="mt-audit-startJob"
                              isByCopy="true"
                              name="mt-audit-startJob">
                  <description/>
                  <tags/>
                  <detail>
                     <field label="Input Parameters"
                            name="input"
                            nullable="true"
                            required="false"
                            type="reference"/>
                     <field label="InOut Parameters"
                            name="inout"
                            nullable="true"
                            required="false"
                            type="reference"/>
                     <field label="TaskProperties Parameters"
                            name="taskProperties"
                            nullable="true"
                            required="false"
                            type="reference"/>
                     <field label="Output Parameters"
                            name="output"
                            nullable="true"
                            required="false"
                            type="reference"/>
                     <field label="Fault"
                            name="fault"
                            nullable="true"
                            required="false"
                            type="reference"/>
                  </detail>
               </processObject>
               <processObject xmlns="http://schemas.active-endpoints.com/appmodules/screenflow/2011/06/avosHostEnvironment.xsd"
                              displayName="mt-LoadRDV-STG-IAS-IAVM-To-SAT-REGISTERED-REPRESENTATIVES-IAS-IAVM-Insert"
                              isByCopy="true"
                              name="mt-LoadRDV-STG-IAS-IAVM-To-SAT-REGISTERED-REPRESENTATIVES-IAS-IAVM-Insert">
                  <description/>
                  <tags/>
                  <detail>
                     <field label="Input Parameters"
                            name="input"
                            nullable="true"
                            required="false"
                            type="reference"/>
                     <field label="InOut Parameters"
                            name="inout"
                            nullable="true"
                            required="false"
                            type="reference"/>
                     <field label="TaskProperties Parameters"
                            name="taskProperties"
                            nullable="true"
                            required="false"
                            type="reference"/>
                     <field label="Output Parameters"
                            name="output"
                            nullable="true"
                            required="false"
                            type="reference"/>
                     <field label="Fault"
                            name="fault"
                            nullable="true"
                            required="false"
                            type="reference"/>
                  </detail>
               </processObject>
               <processObject xmlns="http://schemas.active-endpoints.com/appmodules/screenflow/2011/06/avosHostEnvironment.xsd"
                              displayName="mt-LoadRDV-STG-IAS-IAVM-To-SAT-REGISTERED-REPRESENTATIVES-IAS-IAVM-Delete"
                              isByCopy="true"
                              name="mt-LoadRDV-STG-IAS-IAVM-To-SAT-REGISTERED-REPRESENTATIVES-IAS-IAVM-Delete">
                  <description/>
                  <tags/>
                  <detail>
                     <field label="Input Parameters"
                            name="input"
                            nullable="true"
                            required="false"
                            type="reference"/>
                     <field label="InOut Parameters"
                            name="inout"
                            nullable="true"
                            required="false"
                            type="reference"/>
                     <field label="TaskProperties Parameters"
                            name="taskProperties"
                            nullable="true"
                            required="false"
                            type="reference"/>
                     <field label="Output Parameters"
                            name="output"
                            nullable="true"
                            required="false"
                            type="reference"/>
                     <field label="Fault"
                            name="fault"
                            nullable="true"
                            required="false"
                            type="reference"/>
                  </detail>
               </processObject>
               <processObject xmlns="http://schemas.active-endpoints.com/appmodules/screenflow/2011/06/avosHostEnvironment.xsd"
                              displayName="mt-audit-endJob"
                              isByCopy="true"
                              name="mt-audit-endJob">
                  <description/>
                  <tags/>
                  <detail>
                     <field label="Input Parameters"
                            name="input"
                            nullable="true"
                            required="false"
                            type="reference"/>
                     <field label="InOut Parameters"
                            name="inout"
                            nullable="true"
                            required="false"
                            type="reference"/>
                     <field label="TaskProperties Parameters"
                            name="taskProperties"
                            nullable="true"
                            required="false"
                            type="reference"/>
                     <field label="Output Parameters"
                            name="output"
                            nullable="true"
                            required="false"
                            type="reference"/>
                     <field label="Fault"
                            name="fault"
                            nullable="true"
                            required="false"
                            type="reference"/>
                  </detail>
               </processObject>
            </dependencies>
         </taskflow>
      </types1:Entry>
      <types1:GUID>5tdgBCGRw6YlzGsIdHPDSU</types1:GUID>
      <types1:DisplayName>tf_LoadRDV_20-30_PSA_IAS_IAVM_to_RDV_REGISTERED_REPRESENTATIVES</types1:DisplayName>
   </types1:Item>
   <types1:CurrentServerDateTime>2023-03-08T18:58:56.776Z</types1:CurrentServerDateTime>
</aetgt:getResponse>
