<aetgt:getResponse xmlns:aetgt="http://schemas.active-endpoints.com/appmodules/repository/2010/10/avrepository.xsd"
                   xmlns:types1="http://schemas.active-endpoints.com/appmodules/repository/2010/10/avrepository.xsd">
   <types1:Item>
      <types1:EntryId>USJRS4JtlI20hEL-gt-39614946-2022-02-23T20:42:12.746Z::tf.xml</types1:EntryId>
      <types1:Name>tf_INITIAL_LOADING_UNIVERIS_LoadRDV_20-30_IAS_UNIVERIS_to_RDV_TRAILER_FEES</types1:Name>
      <types1:MimeType>application/xml+taskflow</types1:MimeType>
      <types1:Description/>
      <types1:AppliesTo/>
      <types1:Tags/>
      <types1:VersionLabel>1.0</types1:VersionLabel>
      <types1:State>CURRENT</types1:State>
      <types1:ProcessGroup/>
      <types1:CreatedBy>iheb.benghali.adm@ia.ca</types1:CreatedBy>
      <types1:CreationDate>2022-02-23T20:42:13Z</types1:CreationDate>
      <types1:ModifiedBy/>
      <types1:PublicationStatus>published</types1:PublicationStatus>
      <types1:PublishedBy>iheb.benghali.adm@ia.ca</types1:PublishedBy>
      <types1:PublicationDate>2022-02-23T20:43:16Z</types1:PublicationDate>
      <types1:PublishedContributionId>project:/tf.tf_INITIAL_LOADING_UNIVERIS_LoadRDV_20-30_IAS_UNIVERIS_to_RDV_TRAILER_FEES/tf_INITIAL_LOADING_UNIVERIS_LoadRDV_20-30_IAS_UNIVERIS_to_RDV_TRAILER_FEES.tf.xml</types1:PublishedContributionId>
      <types1:AutosaveExists>false</types1:AutosaveExists>
      <types1:Entry>
         <taskflow xmlns="http://schemas.active-endpoints.com/appmodules/screenflow/2010/10/avosScreenflow.xsd"
                   xmlns:tfm="http://schemas.active-endpoints.com/appmodules/screenflow/2021/04/taskflowModel.xsd"
                   xmlns:list="urn:activevos:spi:list:functions"
                   displayName="tf_INITIAL_LOADING_UNIVERIS_LoadRDV_20-30_IAS_UNIVERIS_to_RDV_TRAILER_FEES"
                   name="tf_INITIAL_LOADING_UNIVERIS_LoadRDV_20-30_IAS_UNIVERIS_to_RDV_TRAILER_FEES"
                   overrideAPIName="false">
            <parameterSet xmlns="http://schemas.active-endpoints.com/appmodules/screenflow/2021/04/taskflowModel.xsd"/>
            <appliesTo/>
            <description/>
            <tags/>
            <generator>Informatica Process Designer 11</generator>
            <tempFields>
               <field description="Filename of the file detected by the filelistener"
                      name="temp_filename"
                      type="string">
                  <options>
                     <option name="required">false</option>
                  </options>
               </field>
               <field description="Data start date : extracted from the filename"
                      name="temp_dataStartDate"
                      type="date">
                  <options>
                     <option name="required">false</option>
                  </options>
               </field>
               <field description="" name="temp_JobName" type="string">
                  <options>
                     <option name="required">false</option>
                  </options>
               </field>
               <field description="" name="temp_tf_Audit_ID" type="string">
                  <options>
                     <option name="required">false</option>
                  </options>
               </field>
               <field description="" name="mt_audit_startJob_NextDate" type="reference">
                  <options>
                     <option name="referenceTo">$po:mt-audit-startJob-NextDate</option>
                  </options>
               </field>
               <field description="" name="dt_Audit_EndJob" type="reference">
                  <options>
                     <option name="referenceTo">$po:mt-audit-EndJob</option>
                     <option name="failOnNotRun">false</option>
                     <option name="failOnFault">false</option>
                  </options>
               </field>
               <field description=""
                      name="mt_LoadSTG_IAS_UNIVERIS_To_STG_TRAILER_FEES"
                      type="reference">
                  <options>
                     <option name="failOnNotRun">false</option>
                     <option name="failOnFault">false</option>
                     <option name="referenceTo">$po:mt-LoadSTG-IAS-UNIVERIS-To-STG-TRAILER-FEES</option>
                  </options>
               </field>
               <field description=""
                      name="mt_LoadRDV_STG_IAS_UNIVERIS_To_SAT_LINK_REVENUE_TRAILER_FEES_RR_IAS_UNIVERIS"
                      type="reference">
                  <options>
                     <option name="failOnNotRun">false</option>
                     <option name="failOnFault">false</option>
                     <option name="referenceTo">$po:mt-LoadRDV-STG-IAS-UNIVERIS-To-SAT-LINK-REVENUE-TRAILER-FEES-RR-IAS-UNIVERIS</option>
                  </options>
               </field>
               <field description=""
                      name="dt_LoadRDV_STG_IAS_UNIVERIS_To_RDV_TRAILER_FEES"
                      type="reference">
                  <options>
                     <option name="referenceTo">$po:mt-LoadRDV-STG-IAS-UNIVERIS-To-RDV-LINK-REVENUE-RR</option>
                     <option name="failOnNotRun">false</option>
                     <option name="failOnFault">false</option>
                  </options>
               </field>
            </tempFields>
            <notes/>
            <deployment suspendOnFault="false" tracingLevel="verbose">
               <rest/>
            </deployment>
            <flow id="a">
               <start id="b">
                  <link id="kmw3pjon" targetId="kmw3pjmq"/>
               </start>
               <assignment id="kmw3pjmq">
                  <title>asgn_StartJob_Parameters</title>
                  <operation source="formula" to="temp.temp_JobName">
                     <expression language="XQuery">fn:concat("'",util:getAssetName(),"'")</expression>
                  </operation>
                  <operation source="formula" to="temp.temp_tf_Audit_ID">
                     <expression language="XQuery">fn:concat("'",util:getAssetName(),"-", util:getProcessId(),"'")</expression>
                  </operation>
                  <operation source="constant"
                             to="temp.mt_audit_startJob_NextDate[1]/inout[1]/io_DataStartDate">01/01/2000 00:00:00.000000000</operation>
                  <operation source="constant"
                             to="temp.mt_audit_startJob_NextDate[1]/inout[1]/io_Result">ERROR</operation>
                  <link id="kmw3pjn2" targetId="kmw3pjn1"/>
               </assignment>
               <assignment id="kmw3pjnb">
                  <title>asgn_DataStartDate</title>
                  <operation source="formula" to="temp.temp_dataStartDate">
                     <expression language="XQuery">fn:concat("'",date:toChar(date:toDate($temp.mt_audit_startJob_NextDate[1]/inout[1]/io_DataStartDate , 'MM/DD/YYYY 00:00:00.000000000'),'YYYY-MM-DD'),"'")</expression>
                  </operation>
                  <link id="kmw3pjnx" targetId="kmw3pjnl"/>
               </assignment>
               <service id="kmw3pjn1">
                  <title>mt_audit_startJob_NextDate</title>
                  <serviceName>ICSExecuteDataTask</serviceName>
                  <serviceGUID/>
                  <serviceInput>
                     <parameter name="Wait for Task to Complete" source="constant" updatable="true">true</parameter>
                     <parameter name="Max Wait" source="constant" updatable="true">604800</parameter>
                     <parameter name="Task Name" source="constant" updatable="true">mt_audit_startJob_NextDate</parameter>
                     <parameter name="GUID" source="constant" updatable="true">b31iwXqS96dc6sWCDvQaOi</parameter>
                     <parameter name="Task Type" source="constant" updatable="true">MCT</parameter>
                     <parameter name="Has Inout Parameters" source="constant" updatable="true">true</parameter>
                     <parameter name="taskField" source="nested">
                        <operation source="field" to="mt-audit-startJob-NextDate">temp.mt_audit_startJob_NextDate</operation>
                        <operation source="field" to="mt-audit-startJob-NextDate/inout[1]/io_auditID">temp.temp_tf_Audit_ID</operation>
                        <operation source="field" to="mt-audit-startJob-NextDate/inout[1]/io_jobName">temp.temp_JobName</operation>
                     </parameter>
                  </serviceInput>
                  <serviceOutput>
                     <operation source="field" to="temp.mt_audit_startJob_NextDate/output/Object_Name">Object Name</operation>
                     <operation source="field" to="temp.mt_audit_startJob_NextDate/output/Run_Id">Run Id</operation>
                     <operation source="field" to="temp.mt_audit_startJob_NextDate/output/Log_Id">Log Id</operation>
                     <operation source="field" to="temp.mt_audit_startJob_NextDate/output/Task_Id">Task Id</operation>
                     <operation source="field" to="temp.mt_audit_startJob_NextDate/output/Task_Status">Task Status</operation>
                     <operation source="field"
                                to="temp.mt_audit_startJob_NextDate/output/Success_Source_Rows">Success Source Rows</operation>
                     <operation source="field"
                                to="temp.mt_audit_startJob_NextDate/output/Failed_Source_Rows">Failed Source Rows</operation>
                     <operation source="field"
                                to="temp.mt_audit_startJob_NextDate/output/Success_Target_Rows">Success Target Rows</operation>
                     <operation source="field"
                                to="temp.mt_audit_startJob_NextDate/output/Failed_Target_Rows">Failed Target Rows</operation>
                     <operation source="field" to="temp.mt_audit_startJob_NextDate/output/Start_Time">Start Time</operation>
                     <operation source="field" to="temp.mt_audit_startJob_NextDate/output/End_Time">End Time</operation>
                     <operation source="field"
                                to="temp.mt_audit_startJob_NextDate/output/Error_Message">Error Message</operation>
                     <operation source="field" to="temp.mt_audit_startJob_NextDate/inout/io_jobName">io_jobName</operation>
                     <operation source="field" to="temp.mt_audit_startJob_NextDate/inout/io_auditID">io_auditID</operation>
                     <operation source="field" to="temp.mt_audit_startJob_NextDate/inout/io_Result">io_Result</operation>
                     <operation source="field"
                                to="temp.mt_audit_startJob_NextDate/inout/io_DataStartDate">io_DataStartDate</operation>
                  </serviceOutput>
                  <link id="kmw3pjnc" targetId="kmw3pjnb"/>
               </service>
               <container id="kmw3pjnl" type="exclusive">
                  <title>dcn_StartJob_Result</title>
                  <flow id="kmw3pjnm">
                     <eventContainer id="kq8jnq54">
                        <service id="kq8jnq4j">
                           <title>mt_LoadSTG_IAS_UNIVERIS_To_STG_TRAILER_FEES</title>
                           <serviceName>ICSExecuteDataTask</serviceName>
                           <serviceGUID/>
                           <serviceInput>
                              <parameter name="Wait for Task to Complete" source="constant" updatable="true">true</parameter>
                              <parameter name="Max Wait" source="constant" updatable="true">604800</parameter>
                              <parameter name="Task Name" source="constant" updatable="true">mt_LoadSTG_IAS_UNIVERIS_To_STG_TRAILER_FEES</parameter>
                              <parameter name="GUID" source="constant" updatable="true">5IRirYijDzufZiJDaSVD0u</parameter>
                              <parameter name="Task Type" source="constant" updatable="true">MCT</parameter>
                              <parameter name="Has Inout Parameters" source="constant" updatable="true">false</parameter>
                              <parameter name="taskField" source="nested">
                                 <operation source="field" to="mt-LoadSTG-IAS-UNIVERIS-To-STG-TRAILER-FEES">temp.mt_LoadSTG_IAS_UNIVERIS_To_STG_TRAILER_FEES</operation>
                              </parameter>
                           </serviceInput>
                           <serviceOutput>
                              <operation source="field"
                                         to="temp.mt_LoadSTG_IAS_UNIVERIS_To_STG_TRAILER_FEES/output/Object_Name">Object Name</operation>
                              <operation source="field"
                                         to="temp.mt_LoadSTG_IAS_UNIVERIS_To_STG_TRAILER_FEES/output/Run_Id">Run Id</operation>
                              <operation source="field"
                                         to="temp.mt_LoadSTG_IAS_UNIVERIS_To_STG_TRAILER_FEES/output/Log_Id">Log Id</operation>
                              <operation source="field"
                                         to="temp.mt_LoadSTG_IAS_UNIVERIS_To_STG_TRAILER_FEES/output/Task_Id">Task Id</operation>
                              <operation source="field"
                                         to="temp.mt_LoadSTG_IAS_UNIVERIS_To_STG_TRAILER_FEES/output/Task_Status">Task Status</operation>
                              <operation source="field"
                                         to="temp.mt_LoadSTG_IAS_UNIVERIS_To_STG_TRAILER_FEES/output/Success_Source_Rows">Success Source Rows</operation>
                              <operation source="field"
                                         to="temp.mt_LoadSTG_IAS_UNIVERIS_To_STG_TRAILER_FEES/output/Failed_Source_Rows">Failed Source Rows</operation>
                              <operation source="field"
                                         to="temp.mt_LoadSTG_IAS_UNIVERIS_To_STG_TRAILER_FEES/output/Success_Target_Rows">Success Target Rows</operation>
                              <operation source="field"
                                         to="temp.mt_LoadSTG_IAS_UNIVERIS_To_STG_TRAILER_FEES/output/Failed_Target_Rows">Failed Target Rows</operation>
                              <operation source="field"
                                         to="temp.mt_LoadSTG_IAS_UNIVERIS_To_STG_TRAILER_FEES/output/Start_Time">Start Time</operation>
                              <operation source="field"
                                         to="temp.mt_LoadSTG_IAS_UNIVERIS_To_STG_TRAILER_FEES/output/End_Time">End Time</operation>
                              <operation source="field"
                                         to="temp.mt_LoadSTG_IAS_UNIVERIS_To_STG_TRAILER_FEES/output/Error_Message">Error Message</operation>
                           </serviceOutput>
                        </service>
                        <link id="kshunrjx" targetId="kshunrjw"/>
                        <events>
                           <catch faultField="temp.mt_LoadSTG_IAS_UNIVERIS_To_STG_TRAILER_FEES/fault"
                                  id="kq8jnq52"
                                  interrupting="true"
                                  name="error">
                              <suspend/>
                           </catch>
                           <catch faultField="temp.mt_LoadSTG_IAS_UNIVERIS_To_STG_TRAILER_FEES/fault"
                                  id="kq8jnq53"
                                  interrupting="true"
                                  name="warning"/>
                        </events>
                     </eventContainer>
                     <container id="kshunrjw" type="parallel">
                        <title>Parallel RDV Loading</title>
                        <flow id="kshunrk0">
                           <eventContainer id="kshunrkc">
                              <service id="kshunrk8">
                                 <title>dt_LoadRDV_STG_IAS_UNIVERIS_To_RDV_TRAILER_FEES</title>
                                 <serviceName>ICSExecuteDataTask</serviceName>
                                 <serviceGUID/>
                                 <serviceInput>
                                    <parameter name="Wait for Task to Complete" source="constant" updatable="true">true</parameter>
                                    <parameter name="Max Wait" source="constant" updatable="true">604800</parameter>
                                    <parameter name="Task Name" source="constant" updatable="true">mt_LoadRDV_STG_IAS_UNIVERIS_To_RDV_LINK_REVENUE_RR</parameter>
                                    <parameter name="GUID" source="constant" updatable="true">bBVNRhbsU2akSIrYcXiLOh</parameter>
                                    <parameter name="Task Type" source="constant" updatable="true">MCT</parameter>
                                    <parameter name="Has Inout Parameters" source="constant" updatable="true">false</parameter>
                                    <parameter name="taskField" source="nested">
                                       <operation source="field" to="mt-LoadRDV-STG-IAS-UNIVERIS-To-RDV-LINK-REVENUE-RR">temp.dt_LoadRDV_STG_IAS_UNIVERIS_To_RDV_TRAILER_FEES</operation>
                                       <operation source="field"
                                                  to="mt-LoadRDV-STG-IAS-UNIVERIS-To-RDV-LINK-REVENUE-RR/inout[1]/io_tf_Audit_ID">temp.temp_tf_Audit_ID</operation>
                                    </parameter>
                                 </serviceInput>
                                 <serviceOutput/>
                              </service>
                              <events>
                                 <catch faultField="temp.dt_LoadRDV_STG_IAS_UNIVERIS_To_RDV_TRAILER_FEES/fault"
                                        id="kl9mbo5c"
                                        interrupting="true"
                                        name="error">
                                    <suspend/>
                                 </catch>
                                 <catch faultField="temp.dt_LoadRDV_STG_IAS_UNIVERIS_To_RDV_TRAILER_FEES/fault"
                                        id="kl9mbo5d"
                                        interrupting="true"
                                        name="warning"/>
                              </events>
                           </eventContainer>
                           <link id="kshunrk1" targetId="kshunrjw" type="containerLink"/>
                        </flow>
                        <flow id="kshunrk3">
                           <eventContainer id="kshunrlh">
                              <service id="kshunrkj">
                                 <title>mt_LoadRDV_STG_IAS_UNIVERIS_To_SAT_LINK_REVENUE_TRAILER_FEES_RR_IAS_UNIVERIS</title>
                                 <serviceName>ICSExecuteDataTask</serviceName>
                                 <serviceGUID/>
                                 <serviceInput>
                                    <parameter name="Wait for Task to Complete" source="constant" updatable="true">true</parameter>
                                    <parameter name="Max Wait" source="constant" updatable="true">604800</parameter>
                                    <parameter name="Task Name" source="constant" updatable="true">mt_LoadRDV_STG_IAS_UNIVERIS_To_SAT_LINK_REVENUE_TRAILER_FEES_RR_IAS_UNIVERIS</parameter>
                                    <parameter name="GUID" source="constant" updatable="true">a2GrCoEXJ60h7IwkXm8TuD</parameter>
                                    <parameter name="Task Type" source="constant" updatable="true">MCT</parameter>
                                    <parameter name="Has Inout Parameters" source="constant" updatable="true">true</parameter>
                                    <parameter name="taskField" source="nested">
                                       <operation source="field"
                                                  to="mt-LoadRDV-STG-IAS-UNIVERIS-To-SAT-LINK-REVENUE-TRAILER-FEES-RR-IAS-UNIVERIS">temp.mt_LoadRDV_STG_IAS_UNIVERIS_To_SAT_LINK_REVENUE_TRAILER_FEES_RR_IAS_UNIVERIS</operation>
                                       <operation source="field"
                                                  to="mt-LoadRDV-STG-IAS-UNIVERIS-To-SAT-LINK-REVENUE-TRAILER-FEES-RR-IAS-UNIVERIS/inout[1]/io_tf_Audit_ID">temp.temp_tf_Audit_ID</operation>
                                    </parameter>
                                 </serviceInput>
                                 <serviceOutput>
                                    <operation source="field"
                                               to="temp.mt_LoadRDV_STG_IAS_UNIVERIS_To_SAT_LINK_REVENUE_TRAILER_FEES_RR_IAS_UNIVERIS/output/Object_Name">Object Name</operation>
                                    <operation source="field"
                                               to="temp.mt_LoadRDV_STG_IAS_UNIVERIS_To_SAT_LINK_REVENUE_TRAILER_FEES_RR_IAS_UNIVERIS/output/Run_Id">Run Id</operation>
                                    <operation source="field"
                                               to="temp.mt_LoadRDV_STG_IAS_UNIVERIS_To_SAT_LINK_REVENUE_TRAILER_FEES_RR_IAS_UNIVERIS/output/Log_Id">Log Id</operation>
                                    <operation source="field"
                                               to="temp.mt_LoadRDV_STG_IAS_UNIVERIS_To_SAT_LINK_REVENUE_TRAILER_FEES_RR_IAS_UNIVERIS/output/Task_Id">Task Id</operation>
                                    <operation source="field"
                                               to="temp.mt_LoadRDV_STG_IAS_UNIVERIS_To_SAT_LINK_REVENUE_TRAILER_FEES_RR_IAS_UNIVERIS/output/Task_Status">Task Status</operation>
                                    <operation source="field"
                                               to="temp.mt_LoadRDV_STG_IAS_UNIVERIS_To_SAT_LINK_REVENUE_TRAILER_FEES_RR_IAS_UNIVERIS/output/Success_Source_Rows">Success Source Rows</operation>
                                    <operation source="field"
                                               to="temp.mt_LoadRDV_STG_IAS_UNIVERIS_To_SAT_LINK_REVENUE_TRAILER_FEES_RR_IAS_UNIVERIS/output/Failed_Source_Rows">Failed Source Rows</operation>
                                    <operation source="field"
                                               to="temp.mt_LoadRDV_STG_IAS_UNIVERIS_To_SAT_LINK_REVENUE_TRAILER_FEES_RR_IAS_UNIVERIS/output/Success_Target_Rows">Success Target Rows</operation>
                                    <operation source="field"
                                               to="temp.mt_LoadRDV_STG_IAS_UNIVERIS_To_SAT_LINK_REVENUE_TRAILER_FEES_RR_IAS_UNIVERIS/output/Failed_Target_Rows">Failed Target Rows</operation>
                                    <operation source="field"
                                               to="temp.mt_LoadRDV_STG_IAS_UNIVERIS_To_SAT_LINK_REVENUE_TRAILER_FEES_RR_IAS_UNIVERIS/output/Start_Time">Start Time</operation>
                                    <operation source="field"
                                               to="temp.mt_LoadRDV_STG_IAS_UNIVERIS_To_SAT_LINK_REVENUE_TRAILER_FEES_RR_IAS_UNIVERIS/output/End_Time">End Time</operation>
                                    <operation source="field"
                                               to="temp.mt_LoadRDV_STG_IAS_UNIVERIS_To_SAT_LINK_REVENUE_TRAILER_FEES_RR_IAS_UNIVERIS/output/Error_Message">Error Message</operation>
                                    <operation source="field"
                                               to="temp.mt_LoadRDV_STG_IAS_UNIVERIS_To_SAT_LINK_REVENUE_TRAILER_FEES_RR_IAS_UNIVERIS/inout/io_tf_Audit_ID">io_tf_Audit_ID</operation>
                                 </serviceOutput>
                              </service>
                              <events>
                                 <catch faultField="temp.mt_LoadRDV_STG_IAS_UNIVERIS_To_SAT_LINK_REVENUE_TRAILER_FEES_RR_IAS_UNIVERIS/fault"
                                        id="kshunrlf"
                                        interrupting="true"
                                        name="error">
                                    <suspend/>
                                 </catch>
                                 <catch faultField="temp.mt_LoadRDV_STG_IAS_UNIVERIS_To_SAT_LINK_REVENUE_TRAILER_FEES_RR_IAS_UNIVERIS/fault"
                                        id="kshunrlg"
                                        interrupting="true"
                                        name="warning"/>
                              </events>
                           </eventContainer>
                           <link id="kshunrk4" targetId="kshunrjw" type="containerLink"/>
                        </flow>
                        <link id="kshunrjz" targetId="kshunrk0" type="containerLink"/>
                        <link id="kshunrk2" targetId="kshunrk3" type="containerLink"/>
                     </container>
                     <link id="kmw3pjnv" targetId="kmw3pjnl" type="containerLink"/>
                  </flow>
                  <flow id="kmw3pjnr">
                     <throw id="kmw3pjns">
                        <title>Throw_Error_StartJob</title>
                        <throwInput>
                           <parameter name="code" source="field" updatable="true">temp.mt_audit_startJob_NextDate[1]/inout[1]/io_Result</parameter>
                           <parameter name="detail" source="constant" updatable="true"/>
                           <parameter name="reason" source="constant" updatable="true"/>
                        </throwInput>
                     </throw>
                  </flow>
                  <link id="kmw3pjnt" targetId="kmw3pjnm" type="containerLink">
                     <condition source="formula">
                        <function name="contains">
                           <arg name="left">{$temp.mt_audit_startJob_NextDate[1]/inout[1]/io_Result}</arg>
                           <arg name="right">SUCCESS</arg>
                        </function>
                     </condition>
                  </link>
                  <link id="kmw3pjnu" targetId="kmw3pjnr" type="containerLink"/>
                  <link id="kmw3pjo9" targetId="knotj2ds"/>
               </container>
               <eventContainer id="knotj2ds">
                  <service id="kmw3pjo8">
                     <title>dt_Audit_EndJob</title>
                     <serviceName>ICSExecuteDataTask</serviceName>
                     <serviceGUID/>
                     <serviceInput>
                        <parameter name="Wait for Task to Complete" source="constant" updatable="true">true</parameter>
                        <parameter name="Max Wait" source="constant" updatable="true">604800</parameter>
                        <parameter name="Task Name" source="constant" updatable="true">mt_audit_EndJob</parameter>
                        <parameter name="GUID" source="constant" updatable="true">apYlxv5YweCjBTKGIKwOYc</parameter>
                        <parameter name="Task Type" source="constant" updatable="true">MCT</parameter>
                        <parameter name="Has Inout Parameters" source="constant" updatable="true">true</parameter>
                        <parameter name="taskField" source="nested">
                           <operation source="field" to="mt-audit-EndJob">temp.dt_Audit_EndJob</operation>
                           <operation source="field" to="mt-audit-EndJob/inout[1]/io_jobAuditID">temp.temp_tf_Audit_ID</operation>
                           <operation source="constant" to="mt-audit-EndJob/inout[1]/io_jobEndDesc">Successful execution</operation>
                           <operation source="constant" to="mt-audit-EndJob/inout[1]/io_jobEndStatus">SUCCESS</operation>
                           <operation source="field" to="mt-audit-EndJob/inout[1]/io_jobName">temp.temp_JobName</operation>
                           <operation source="field" to="mt-audit-EndJob/inout[1]/io_jobStartDate">temp.temp_dataStartDate</operation>
                        </parameter>
                     </serviceInput>
                     <serviceOutput>
                        <operation source="field" to="temp.dt_Audit_EndJob/output/Object_Name">Object Name</operation>
                        <operation source="field" to="temp.dt_Audit_EndJob/output/Run_Id">Run Id</operation>
                        <operation source="field" to="temp.dt_Audit_EndJob/output/Log_Id">Log Id</operation>
                        <operation source="field" to="temp.dt_Audit_EndJob/output/Task_Id">Task Id</operation>
                        <operation source="field" to="temp.dt_Audit_EndJob/output/Task_Status">Task Status</operation>
                        <operation source="field" to="temp.dt_Audit_EndJob/output/Success_Source_Rows">Success Source Rows</operation>
                        <operation source="field" to="temp.dt_Audit_EndJob/output/Failed_Source_Rows">Failed Source Rows</operation>
                        <operation source="field" to="temp.dt_Audit_EndJob/output/Success_Target_Rows">Success Target Rows</operation>
                        <operation source="field" to="temp.dt_Audit_EndJob/output/Failed_Target_Rows">Failed Target Rows</operation>
                        <operation source="field" to="temp.dt_Audit_EndJob/output/Start_Time">Start Time</operation>
                        <operation source="field" to="temp.dt_Audit_EndJob/output/End_Time">End Time</operation>
                        <operation source="field" to="temp.dt_Audit_EndJob/output/Error_Message">Error Message</operation>
                        <operation source="field" to="temp.dt_Audit_EndJob/inout/io_Result">io_Result</operation>
                        <operation source="field" to="temp.dt_Audit_EndJob/inout/io_jobName">io_jobName</operation>
                        <operation source="field" to="temp.dt_Audit_EndJob/inout/io_jobAuditID">io_jobAuditID</operation>
                        <operation source="field" to="temp.dt_Audit_EndJob/inout/io_jobStartDate">io_jobStartDate</operation>
                        <operation source="field" to="temp.dt_Audit_EndJob/inout/io_jobEndStatus">io_jobEndStatus</operation>
                        <operation source="field" to="temp.dt_Audit_EndJob/inout/io_jobEndDesc">io_jobEndDesc</operation>
                     </serviceOutput>
                  </service>
                  <link id="kmw3pjoj" targetId="c"/>
                  <events>
                     <catch faultField="temp.dt_Audit_EndJob/fault"
                            id="knotj2dq"
                            interrupting="true"
                            name="error">
                        <suspend/>
                     </catch>
                     <catch faultField="temp.dt_Audit_EndJob/fault"
                            id="knotj2dr"
                            interrupting="true"
                            name="warning"/>
                  </events>
               </eventContainer>
               <end id="c"/>
            </flow>
            <dependencies>
               <processObject xmlns="http://schemas.active-endpoints.com/appmodules/screenflow/2011/06/avosHostEnvironment.xsd"
                              displayName="mt-audit-startJob-NextDate"
                              isByCopy="true"
                              name="mt-audit-startJob-NextDate">
                  <description/>
                  <tags/>
                  <detail>
                     <field label="Input Parameters" name="input" type="reference"/>
                     <field label="InOut Parameters" name="inout" type="reference"/>
                     <field label="TaskProperties Parameters"
                            name="taskProperties"
                            type="reference"/>
                     <field label="Output Parameters" name="output" type="reference"/>
                     <field label="Fault" name="fault" type="reference"/>
                  </detail>
               </processObject>
               <processObject xmlns="http://schemas.active-endpoints.com/appmodules/screenflow/2011/06/avosHostEnvironment.xsd"
                              displayName="mt-audit-EndJob"
                              isByCopy="true"
                              name="mt-audit-EndJob">
                  <description/>
                  <tags/>
                  <detail>
                     <field label="Input Parameters" name="input" type="reference"/>
                     <field label="InOut Parameters" name="inout" type="reference"/>
                     <field label="TaskProperties Parameters"
                            name="taskProperties"
                            type="reference"/>
                     <field label="Output Parameters" name="output" type="reference"/>
                     <field label="Fault" name="fault" type="reference"/>
                  </detail>
               </processObject>
               <processObject xmlns="http://schemas.active-endpoints.com/appmodules/screenflow/2011/06/avosHostEnvironment.xsd"
                              displayName="mt-LoadSTG-IAS-UNIVERIS-To-STG-TRAILER-FEES"
                              isByCopy="true"
                              name="mt-LoadSTG-IAS-UNIVERIS-To-STG-TRAILER-FEES">
                  <description/>
                  <tags/>
                  <detail>
                     <field label="TaskProperties Parameters"
                            name="taskProperties"
                            type="reference"/>
                     <field label="Output Parameters" name="output" type="reference"/>
                     <field label="Fault" name="fault" type="reference"/>
                  </detail>
               </processObject>
               <processObject xmlns="http://schemas.active-endpoints.com/appmodules/screenflow/2011/06/avosHostEnvironment.xsd"
                              displayName="mt-LoadRDV-STG-IAS-UNIVERIS-To-SAT-LINK-REVENUE-TRAILER-FEES-RR-IAS-UNIVERIS"
                              isByCopy="true"
                              name="mt-LoadRDV-STG-IAS-UNIVERIS-To-SAT-LINK-REVENUE-TRAILER-FEES-RR-IAS-UNIVERIS">
                  <description/>
                  <tags/>
                  <detail>
                     <field label="Input Parameters" name="input" type="reference"/>
                     <field label="InOut Parameters" name="inout" type="reference"/>
                     <field label="TaskProperties Parameters"
                            name="taskProperties"
                            type="reference"/>
                     <field label="Output Parameters" name="output" type="reference"/>
                     <field label="Fault" name="fault" type="reference"/>
                  </detail>
               </processObject>
               <processObject xmlns="http://schemas.active-endpoints.com/appmodules/screenflow/2011/06/avosHostEnvironment.xsd"
                              displayName="mt-LoadRDV-STG-IAS-UNIVERIS-To-RDV-LINK-REVENUE-RR"
                              isByCopy="true"
                              name="mt-LoadRDV-STG-IAS-UNIVERIS-To-RDV-LINK-REVENUE-RR">
                  <description/>
                  <tags/>
                  <detail>
                     <field label="Input Parameters" name="input" type="reference"/>
                     <field label="InOut Parameters" name="inout" type="reference"/>
                     <field label="TaskProperties Parameters"
                            name="taskProperties"
                            type="reference"/>
                     <field label="Output Parameters" name="output" type="reference"/>
                     <field label="Fault" name="fault" type="reference"/>
                  </detail>
               </processObject>
            </dependencies>
         </taskflow>
      </types1:Entry>
      <types1:GUID>4QBPvN3yV8zfmO5IOvqLms</types1:GUID>
      <types1:DisplayName>tf_INITIAL_LOADING_UNIVERIS_LoadRDV_20-30_IAS_UNIVERIS_to_RDV_TRAILER_FEES</types1:DisplayName>
   </types1:Item>
   <types1:CurrentServerDateTime>2023-03-08T18:46:29.388Z</types1:CurrentServerDateTime>
</aetgt:getResponse>
