<aetgt:getResponse xmlns:aetgt="http://schemas.active-endpoints.com/appmodules/repository/2010/10/avrepository.xsd"
                   xmlns:types1="http://schemas.active-endpoints.com/appmodules/repository/2010/10/avrepository.xsd">
   <types1:Item>
      <types1:EntryId>SHbf13ErhNzUzeA-gt-51923118-2021-09-08T19:49:00.272Z::tf.xml</types1:EntryId>
      <types1:Name>tf_OnDemand_LoadDM_Exploration_Layer</types1:Name>
      <types1:MimeType>application/xml+taskflow</types1:MimeType>
      <types1:Description/>
      <types1:AppliesTo/>
      <types1:Tags/>
      <types1:VersionLabel>1.0</types1:VersionLabel>
      <types1:State>CURRENT</types1:State>
      <types1:ProcessGroup/>
      <types1:CreatedBy>iheb.benghali@ia.ca.SAML</types1:CreatedBy>
      <types1:CreationDate>2021-09-08T19:49:00Z</types1:CreationDate>
      <types1:ModifiedBy>iheb.benghali@ia.ca.SAML</types1:ModifiedBy>
      <types1:ModificationDate>2021-09-09T16:42:00Z</types1:ModificationDate>
      <types1:PublicationStatus>out-of-date</types1:PublicationStatus>
      <types1:PublishedBy>iheb.benghali@ia.ca.SAML</types1:PublishedBy>
      <types1:PublicationDate>2021-09-08T19:52:39Z</types1:PublicationDate>
      <types1:PublishedContributionId>project:/tf.tf_LoadDM_Exploration_Layer/tf_LoadDM_Exploration_Layer.tf.xml</types1:PublishedContributionId>
      <types1:AutosaveExists>false</types1:AutosaveExists>
      <types1:Entry>
         <taskflow xmlns="http://schemas.active-endpoints.com/appmodules/screenflow/2010/10/avosScreenflow.xsd"
                   xmlns:tfm="http://schemas.active-endpoints.com/appmodules/screenflow/2021/04/taskflowModel.xsd"
                   xmlns:list="urn:activevos:spi:list:functions"
                   displayName="tf_OnDemand_LoadDM_Exploration_Layer"
                   name="tf_OnDemand_LoadDM_Exploration_Layer"
                   overrideAPIName="false">
            <parameterSet xmlns="http://schemas.active-endpoints.com/appmodules/screenflow/2021/04/taskflowModel.xsd"/>
            <appliesTo/>
            <description/>
            <tags/>
            <generator>Informatica Process Designer 11</generator>
            <tempFields>
               <field description=""
                      name="Loading_IAS_COMISSION_REVENUES"
                      type="reference">
                  <options>
                     <option name="failOnNotRun">false</option>
                     <option name="failOnFault">false</option>
                     <option name="referenceTo">$po:m-LoadSTG-STG-IAS-COMMISSION-To-DM-EXPLORATION-REVENUES</option>
                  </options>
               </field>
               <field description="" name="Loading_IAS_HOLDINGS" type="reference">
                  <options>
                     <option name="failOnNotRun">false</option>
                     <option name="failOnFault">false</option>
                     <option name="referenceTo">$po:mt-LoadSTG-STG-IAS-To-DM-EXPLORATION-HOLDINGS</option>
                  </options>
               </field>
            </tempFields>
            <notes/>
            <deployment suspendOnFault="false" tracingLevel="verbose">
               <rest/>
            </deployment>
            <flow id="a">
               <start id="b">
                  <link id="ktbw2bfl" targetId="ktbw2bfk"/>
               </start>
               <container id="ktbw2bfk" type="parallel">
                  <title>Parallel Loading</title>
                  <flow id="ktbw2bfo">
                     <eventContainer id="ktbw2bga">
                        <service id="ktbw2bfw">
                           <title>Loading_IAS_COMISSION_REVENUES</title>
                           <serviceName>ICSExecuteDataTask</serviceName>
                           <serviceGUID/>
                           <serviceInput>
                              <parameter name="Wait for Task to Complete" source="constant" updatable="true">true</parameter>
                              <parameter name="Max Wait" source="constant" updatable="true">604800</parameter>
                              <parameter name="Task Name" source="constant" updatable="true">m_LoadSTG_STG_IAS_COMMISSION_To_DM_EXPLORATION_REVENUES</parameter>
                              <parameter name="GUID" source="constant" updatable="true">bqbWrYZV2ghcXWhq03fj8Y</parameter>
                              <parameter name="Task Type" source="constant" updatable="true">MCT</parameter>
                              <parameter name="Has Inout Parameters" source="constant" updatable="true">false</parameter>
                              <parameter name="taskField" source="nested">
                                 <operation source="field"
                                            to="m-LoadSTG-STG-IAS-COMMISSION-To-DM-EXPLORATION-REVENUES">temp.Loading_IAS_COMISSION_REVENUES</operation>
                              </parameter>
                           </serviceInput>
                           <serviceOutput>
                              <operation source="field"
                                         to="temp.Loading_IAS_COMISSION_REVENUES/output/Object_Name">Object Name</operation>
                              <operation source="field" to="temp.Loading_IAS_COMISSION_REVENUES/output/Run_Id">Run Id</operation>
                              <operation source="field" to="temp.Loading_IAS_COMISSION_REVENUES/output/Log_Id">Log Id</operation>
                              <operation source="field" to="temp.Loading_IAS_COMISSION_REVENUES/output/Task_Id">Task Id</operation>
                              <operation source="field"
                                         to="temp.Loading_IAS_COMISSION_REVENUES/output/Task_Status">Task Status</operation>
                              <operation source="field"
                                         to="temp.Loading_IAS_COMISSION_REVENUES/output/Success_Source_Rows">Success Source Rows</operation>
                              <operation source="field"
                                         to="temp.Loading_IAS_COMISSION_REVENUES/output/Failed_Source_Rows">Failed Source Rows</operation>
                              <operation source="field"
                                         to="temp.Loading_IAS_COMISSION_REVENUES/output/Success_Target_Rows">Success Target Rows</operation>
                              <operation source="field"
                                         to="temp.Loading_IAS_COMISSION_REVENUES/output/Failed_Target_Rows">Failed Target Rows</operation>
                              <operation source="field"
                                         to="temp.Loading_IAS_COMISSION_REVENUES/output/Start_Time">Start Time</operation>
                              <operation source="field" to="temp.Loading_IAS_COMISSION_REVENUES/output/End_Time">End Time</operation>
                              <operation source="field"
                                         to="temp.Loading_IAS_COMISSION_REVENUES/output/Error_Message">Error Message</operation>
                           </serviceOutput>
                        </service>
                        <events>
                           <catch faultField="temp.Loading_IAS_COMISSION_REVENUES/fault"
                                  id="ktbw2bg8"
                                  interrupting="true"
                                  name="error">
                              <suspend/>
                           </catch>
                           <catch faultField="temp.Loading_IAS_COMISSION_REVENUES/fault"
                                  id="ktbw2bg9"
                                  interrupting="true"
                                  name="warning"/>
                        </events>
                     </eventContainer>
                     <link id="ktbw2bfp" targetId="ktbw2bfk" type="containerLink"/>
                  </flow>
                  <flow id="ktbw2bfr">
                     <eventContainer id="ktbw2bgh">
                        <service id="ktbw2bg4">
                           <title>Loading_IAS_HOLDINGS</title>
                           <serviceName>ICSExecuteDataTask</serviceName>
                           <serviceGUID/>
                           <serviceInput>
                              <parameter name="Wait for Task to Complete" source="constant" updatable="true">true</parameter>
                              <parameter name="Max Wait" source="constant" updatable="true">604800</parameter>
                              <parameter name="Task Name" source="constant" updatable="true">mt_LoadSTG_STG_IAS_To_DM_EXPLORATION_HOLDINGS</parameter>
                              <parameter name="GUID" source="constant" updatable="true">0hXvzZMdoxHfzTWOgV9uG6</parameter>
                              <parameter name="Task Type" source="constant" updatable="true">MCT</parameter>
                              <parameter name="Has Inout Parameters" source="constant" updatable="true">false</parameter>
                              <parameter name="taskField" source="nested">
                                 <operation source="field" to="mt-LoadSTG-STG-IAS-To-DM-EXPLORATION-HOLDINGS">temp.Loading_IAS_HOLDINGS</operation>
                              </parameter>
                           </serviceInput>
                           <serviceOutput>
                              <operation source="field" to="temp.Loading_IAS_HOLDINGS/output/Object_Name">Object Name</operation>
                              <operation source="field" to="temp.Loading_IAS_HOLDINGS/output/Run_Id">Run Id</operation>
                              <operation source="field" to="temp.Loading_IAS_HOLDINGS/output/Log_Id">Log Id</operation>
                              <operation source="field" to="temp.Loading_IAS_HOLDINGS/output/Task_Id">Task Id</operation>
                              <operation source="field" to="temp.Loading_IAS_HOLDINGS/output/Task_Status">Task Status</operation>
                              <operation source="field"
                                         to="temp.Loading_IAS_HOLDINGS/output/Success_Source_Rows">Success Source Rows</operation>
                              <operation source="field" to="temp.Loading_IAS_HOLDINGS/output/Failed_Source_Rows">Failed Source Rows</operation>
                              <operation source="field"
                                         to="temp.Loading_IAS_HOLDINGS/output/Success_Target_Rows">Success Target Rows</operation>
                              <operation source="field" to="temp.Loading_IAS_HOLDINGS/output/Failed_Target_Rows">Failed Target Rows</operation>
                              <operation source="field" to="temp.Loading_IAS_HOLDINGS/output/Start_Time">Start Time</operation>
                              <operation source="field" to="temp.Loading_IAS_HOLDINGS/output/End_Time">End Time</operation>
                              <operation source="field" to="temp.Loading_IAS_HOLDINGS/output/Error_Message">Error Message</operation>
                           </serviceOutput>
                        </service>
                        <events>
                           <catch faultField="temp.Loading_IAS_HOLDINGS/fault"
                                  id="ktbw2bgf"
                                  interrupting="true"
                                  name="error">
                              <suspend/>
                           </catch>
                           <catch faultField="temp.Loading_IAS_HOLDINGS/fault"
                                  id="ktbw2bgg"
                                  interrupting="true"
                                  name="warning"/>
                        </events>
                     </eventContainer>
                     <link id="ktbw2bfs" targetId="ktbw2bfk" type="containerLink"/>
                  </flow>
                  <link id="ktbw2bfn" targetId="ktbw2bfo" type="containerLink"/>
                  <link id="ktbw2bfq" targetId="ktbw2bfr" type="containerLink"/>
                  <link id="ktbw2bfv" targetId="c"/>
               </container>
               <end id="c"/>
            </flow>
            <dependencies>
               <processObject xmlns="http://schemas.active-endpoints.com/appmodules/screenflow/2011/06/avosHostEnvironment.xsd"
                              displayName="m-LoadSTG-STG-IAS-COMMISSION-To-DM-EXPLORATION-REVENUES"
                              isByCopy="true"
                              name="m-LoadSTG-STG-IAS-COMMISSION-To-DM-EXPLORATION-REVENUES">
                  <description/>
                  <tags/>
                  <detail>
                     <field label="TaskProperties Parameters"
                            name="taskProperties"
                            type="reference"/>
                     <field label="Output Parameters" name="output" type="reference"/>
                     <field label="Fault" name="fault" type="reference"/>
                  </detail>
               </processObject>
               <processObject xmlns="http://schemas.active-endpoints.com/appmodules/screenflow/2011/06/avosHostEnvironment.xsd"
                              displayName="mt-LoadSTG-STG-IAS-To-DM-EXPLORATION-HOLDINGS"
                              isByCopy="true"
                              name="mt-LoadSTG-STG-IAS-To-DM-EXPLORATION-HOLDINGS">
                  <description/>
                  <tags/>
                  <detail>
                     <field label="TaskProperties Parameters"
                            name="taskProperties"
                            type="reference"/>
                     <field label="Output Parameters" name="output" type="reference"/>
                     <field label="Fault" name="fault" type="reference"/>
                  </detail>
               </processObject>
            </dependencies>
         </taskflow>
      </types1:Entry>
      <types1:GUID>0Hs9rZK4RI7hpUA5YCvnuB</types1:GUID>
      <types1:DisplayName>tf_OnDemand_LoadDM_Exploration_Layer</types1:DisplayName>
   </types1:Item>
   <types1:CurrentServerDateTime>2023-01-19T13:41:41.851Z</types1:CurrentServerDateTime>
</aetgt:getResponse>
