<aetgt:getResponse xmlns:aetgt="http://schemas.active-endpoints.com/appmodules/repository/2010/10/avrepository.xsd"
                   xmlns:types1="http://schemas.active-endpoints.com/appmodules/repository/2010/10/avrepository.xsd">
   <types1:Item>
      <types1:EntryId>9QtzbdtqSLlBWlD-gt-1701064-2021-06-09T18:34:12.983Z::tf.xml</types1:EntryId>
      <types1:Name>tf_LoadRDV_20-30_PSA_IAS_CERTS_to_RDV_SHARED_ADVISORS</types1:Name>
      <types1:MimeType>application/xml+taskflow</types1:MimeType>
      <types1:Description/>
      <types1:AppliesTo/>
      <types1:Tags/>
      <types1:VersionLabel>1.0</types1:VersionLabel>
      <types1:State>CURRENT</types1:State>
      <types1:ProcessGroup/>
      <types1:CreatedBy>vinita.singh.adm@ia.ca</types1:CreatedBy>
      <types1:CreationDate>2021-06-09T18:34:13Z</types1:CreationDate>
      <types1:ModifiedBy>jihed.laamiri.adm@ia.ca</types1:ModifiedBy>
      <types1:ModificationDate>2021-06-23T16:24:24Z</types1:ModificationDate>
      <types1:PublicationStatus>published</types1:PublicationStatus>
      <types1:PublishedBy>jihed.laamiri.adm@ia.ca</types1:PublishedBy>
      <types1:PublicationDate>2021-06-23T16:24:36Z</types1:PublicationDate>
      <types1:PublishedContributionId>project:/tf.tf_LoadRDV_20-30_PSA_IAS_CERTS_to_RDV_SHARED_ADVISORS/tf_LoadRDV_20-30_PSA_IAS_CERTS_to_RDV_SHARED_ADVISORS.tf.xml</types1:PublishedContributionId>
      <types1:AutosaveExists>false</types1:AutosaveExists>
      <types1:Entry>
         <taskflow xmlns="http://schemas.active-endpoints.com/appmodules/screenflow/2010/10/avosScreenflow.xsd"
                   xmlns:list="urn:activevos:spi:list:functions"
                   displayName="tf_LoadRDV_20-30_PSA_IAS_CERTS_to_RDV_SHARED_ADVISORS"
                   name="tf_LoadRDV_20-30_PSA_IAS_CERTS_to_RDV_SHARED_ADVISORS"
                   overrideAPIName="false">
            <appliesTo/>
            <description/>
            <tags/>
            <generator>Informatica Process Designer 11</generator>
            <input>
               <parameter description="" name="fl_IAS_CERTS" type="reference">
                  <options>
                     <option name="required">false</option>
                     <option name="referenceTo">$po:INTERNALB2BFILELISTENER1565084895</option>
                     <option name="isCopy">true</option>
                     <option name="guid">lpeQhuxzo8ljI1KL4KdMQ5</option>
                  </options>
               </parameter>
            </input>
            <tempFields>
               <field description="Filename of the file detected by the filelistener"
                      name="temp_filename"
                      type="string">
                  <options>
                     <option name="required">false</option>
                  </options>
               </field>
               <field description="Data start date : extracted from the filename"
                      name="temp_dataStartDate"
                      type="date">
                  <options>
                     <option name="required">false</option>
                  </options>
               </field>
               <field description="" name="dt_Audit_EndJob" type="reference">
                  <options>
                     <option name="referenceTo">$po:mt-Audit-EndJob</option>
                     <option name="failOnNotRun">false</option>
                     <option name="failOnFault">false</option>
                  </options>
               </field>
               <field description="" name="dt_Audit_StartJob" type="reference">
                  <options>
                     <option name="referenceTo">$po:mt-Audit-StartJob</option>
                     <option name="failOnNotRun">false</option>
                     <option name="failOnFault">false</option>
                  </options>
               </field>
               <field description=""
                      name="m_LoadSTG_PSA_IAS_CERT_To_STG_REGISTERED_REPRESENTATIVE_RECEPTION_IAS_CERTS"
                      type="reference">
                  <options>
                     <option name="referenceTo">$po:m-LoadSTG-PSA-IAS-CERT-To-STG-REGISTERED-REPRESENTATIVE-RECEPTION-IAS-CERTS</option>
                     <option name="failOnNotRun">false</option>
                     <option name="failOnFault">false</option>
                  </options>
               </field>
               <field description="" name="temp_JobName" type="string">
                  <options>
                     <option name="required">false</option>
                  </options>
               </field>
               <field description="" name="temp_tf_Audit_ID" type="string">
                  <options>
                     <option name="required">false</option>
                  </options>
               </field>
               <field description="" name="mt_STG_count" type="reference">
                  <options>
                     <option name="failOnNotRun">false</option>
                     <option name="failOnFault">false</option>
                     <option name="referenceTo">$po:mt-STG-count</option>
                  </options>
               </field>
               <field description=""
                      name="mt_LoadRDV_STG_IAS_CERT_To_Shared_HubAdvisor"
                      type="reference">
                  <options>
                     <option name="referenceTo">$po:mt-LoadRDV-STG-IAS-CERT-To-Shared-HUB-Advisor-IAS-CERTS</option>
                  </options>
               </field>
               <field description=""
                      name="mt_LoadRDV_STG_IAS_CERTS_To_Shared_SatAdvisor_insert"
                      type="reference">
                  <options>
                     <option name="referenceTo">$po:mt-LoadRDV-STG-IAS-CERTS-To-Shared-SatAdvisor-insert</option>
                  </options>
               </field>
               <field description=""
                      name="mt_LoadRDV_STG_IAS_CERTS_To_Shared_SatAdvisor_delete"
                      type="reference">
                  <options>
                     <option name="referenceTo">$po:mt-LoadRDV-STG-IAS-CERTS-To-Shared-SatAdvisor-Delete</option>
                  </options>
               </field>
               <field description=""
                      name="mt_LoadRDV_STG_IAS_CERT_To_Shared_HUB_REGISTERED_REPRESENTATIVE"
                      type="reference">
                  <options>
                     <option name="referenceTo">$po:mt-LoadRDV-STG-IAS-CERTS-To-Shared-HubRegisteredRepresentative</option>
                  </options>
               </field>
               <field description=""
                      name="mt_LoadRDV_STG_IAS_CERTS_To_Shared_SAT_REGISTERED_REPRESENTATIVE_IAS_CERTS_INSERT"
                      type="reference">
                  <options>
                     <option name="referenceTo">$po:mt-LoadRDV-STG-IAS-CERTS-To-Shared-SAT-REGISTERED-REPRESENTATIVE-IAS-CERTS-INSERT</option>
                  </options>
               </field>
               <field description=""
                      name="mt_LoadRDV_STG_IAS_CERTS_To_Shared_SAT_REGISTERED_REPRESENTATIVE_IAS_CERTS_DELETE"
                      type="reference">
                  <options>
                     <option name="referenceTo">$po:mt-LoadRDV-STG-IAS-CERTS-To-Shared-SAT-REGISTERED-REPRESENTATIVE-IAS-CERTS-DELETE</option>
                  </options>
               </field>
               <field description=""
                      name="m_LoadSTG_SPLIT_VIEW_To_STG_REGISTERED_REPRESENTATIVE_IAS_CERTS"
                      type="reference">
                  <options>
                     <option name="referenceTo">$po:m-LoadSTG-SPLIT-VIEW-To-STG-REGISTERED-REPRESENTATIVE-IAS-CERTS</option>
                  </options>
               </field>
            </tempFields>
            <notes/>
            <deployment suspendOnFault="false" tracingLevel="verbose">
               <event eventSource="fileListenerTask:fl_IAS_CERTS"/>
            </deployment>
            <flow id="a">
               <start id="b">
                  <link id="kggm4cjw" targetId="kfkit286"/>
               </start>
               <assignment id="kfkit286">
                  <title>asgn_Filename</title>
                  <operation source="field" to="temp.temp_filename">input.fl_IAS_CERTS[1]/arrivedFiles[1]/name</operation>
                  <link id="kfkk0zpk" targetId="kfkk0zpj"/>
               </assignment>
               <container id="kfkk0zpj" type="exclusive">
                  <title>dcn_AdvisorCERTSFile</title>
                  <flow id="kfkk0zpn">
                     <assignment id="kfkk0zqd">
                        <title>asgn_StartJob_Parameters</title>
                        <operation source="formula" to="temp.temp_dataStartDate">
                           <expression language="XQuery">fn:concat('''',fn:substring-before(fn:substring-after($temp.temp_filename , '__'), '.'),'''')</expression>
                        </operation>
                        <operation source="formula" to="temp.temp_JobName">
                           <expression language="XQuery">fn:concat("'",util:getAssetName(),"'")</expression>
                        </operation>
                        <operation source="formula" to="temp.temp_tf_Audit_ID">
                           <expression language="XQuery">fn:concat("'",util:getAssetName(),"-", util:getProcessId(),"'")</expression>
                        </operation>
                        <operation source="constant" to="temp.dt_Audit_StartJob[1]/inout[1]/io_Result">ERROR</operation>
                        <operation source="constant" to="temp.mt_STG_count[1]/inout[1]/io_rowCount">0</operation>
                        <link id="klu45zz9" targetId="kggm4cr0"/>
                     </assignment>
                     <eventContainer id="kggm4cr0">
                        <service id="kggm4cqj">
                           <title>dt_Audit_StartJob</title>
                           <serviceName>ICSExecuteDataTask</serviceName>
                           <serviceGUID/>
                           <serviceInput>
                              <parameter name="Wait for Task to Complete" source="constant" updatable="true">true</parameter>
                              <parameter name="Max Wait" source="constant" updatable="true">604800</parameter>
                              <parameter name="Task Name" source="constant" updatable="true">mt_Audit_StartJob</parameter>
                              <parameter name="GUID" source="constant" updatable="true">ekKDM5jSFILfCjVLShG2G4</parameter>
                              <parameter name="Task Type" source="constant" updatable="true">MCT</parameter>
                              <parameter name="Has Inout Parameters" source="constant" updatable="true">true</parameter>
                              <parameter name="taskField" source="nested">
                                 <operation source="field" to="mt-Audit-StartJob">temp.dt_Audit_StartJob</operation>
                                 <operation source="field" to="mt-Audit-StartJob/inout[1]/io_JOB_AUDIT_ID">temp.temp_tf_Audit_ID</operation>
                                 <operation source="field" to="mt-Audit-StartJob/inout[1]/io_JOB_NAME">temp.temp_JobName</operation>
                                 <operation source="field" to="mt-Audit-StartJob/inout[1]/io_JOB_START_DT">temp.temp_dataStartDate</operation>
                              </parameter>
                           </serviceInput>
                           <serviceOutput>
                              <operation source="field" to="temp.dt_Audit_StartJob/output/Object_Name">Object Name</operation>
                              <operation source="field" to="temp.dt_Audit_StartJob/output/Run_Id">Run Id</operation>
                              <operation source="field" to="temp.dt_Audit_StartJob/output/Log_Id">Log Id</operation>
                              <operation source="field" to="temp.dt_Audit_StartJob/output/Task_Id">Task Id</operation>
                              <operation source="field" to="temp.dt_Audit_StartJob/output/Task_Status">Task Status</operation>
                              <operation source="field" to="temp.dt_Audit_StartJob/output/Success_Source_Rows">Success Source Rows</operation>
                              <operation source="field" to="temp.dt_Audit_StartJob/output/Failed_Source_Rows">Failed Source Rows</operation>
                              <operation source="field" to="temp.dt_Audit_StartJob/output/Success_Target_Rows">Success Target Rows</operation>
                              <operation source="field" to="temp.dt_Audit_StartJob/output/Failed_Target_Rows">Failed Target Rows</operation>
                              <operation source="field" to="temp.dt_Audit_StartJob/output/Start_Time">Start Time</operation>
                              <operation source="field" to="temp.dt_Audit_StartJob/output/End_Time">End Time</operation>
                              <operation source="field" to="temp.dt_Audit_StartJob/output/Error_Message">Error Message</operation>
                              <operation source="field" to="temp.dt_Audit_StartJob/inout/io_Result">io_Result</operation>
                           </serviceOutput>
                        </service>
                        <link id="kggm4cql" targetId="kfkk0zt0"/>
                        <events>
                           <catch faultField="temp.dt_Audit_StartJob/fault"
                                  id="kggm4cqy"
                                  interrupting="true"
                                  name="error">
                              <suspend/>
                           </catch>
                           <catch faultField="temp.dt_Audit_StartJob/fault"
                                  id="kggm4cqz"
                                  interrupting="true"
                                  name="warning"/>
                        </events>
                     </eventContainer>
                     <eventContainer id="kfkk101o">
                        <service id="kfkk100w">
                           <title>dt_Audit_EndJob</title>
                           <serviceName>ICSExecuteDataTask</serviceName>
                           <serviceGUID/>
                           <serviceInput>
                              <parameter name="Wait for Task to Complete" source="constant" updatable="true">true</parameter>
                              <parameter name="Max Wait" source="constant" updatable="true">604800</parameter>
                              <parameter name="Task Name" source="constant" updatable="true">mt_Audit_EndJob</parameter>
                              <parameter name="GUID" source="constant" updatable="true">5xTyVt0TqpkbgI22Lw8rAs</parameter>
                              <parameter name="Task Type" source="constant" updatable="true">MCT</parameter>
                              <parameter name="Has Inout Parameters" source="constant" updatable="true">true</parameter>
                              <parameter name="taskField" source="nested">
                                 <operation source="field" to="mt-Audit-EndJob">temp.dt_Audit_EndJob</operation>
                                 <operation source="field" to="mt-Audit-EndJob/inout[1]/io_jobAuditID">temp.temp_tf_Audit_ID</operation>
                                 <operation source="constant" to="mt-Audit-EndJob/inout[1]/io_jobEndDesc">Successful execution</operation>
                                 <operation source="constant" to="mt-Audit-EndJob/inout[1]/io_jobEndStatus">SUCCESS</operation>
                                 <operation source="field" to="mt-Audit-EndJob/inout[1]/io_jobName">temp.temp_JobName</operation>
                                 <operation source="field" to="mt-Audit-EndJob/inout[1]/io_jobStartDate">temp.temp_dataStartDate</operation>
                              </parameter>
                           </serviceInput>
                           <serviceOutput>
                              <operation source="field" to="temp.dt_Audit_EndJob/output/Object_Name">Object Name</operation>
                              <operation source="field" to="temp.dt_Audit_EndJob/output/Run_Id">Run Id</operation>
                              <operation source="field" to="temp.dt_Audit_EndJob/output/Log_Id">Log Id</operation>
                              <operation source="field" to="temp.dt_Audit_EndJob/output/Task_Id">Task Id</operation>
                              <operation source="field" to="temp.dt_Audit_EndJob/output/Task_Status">Task Status</operation>
                              <operation source="field" to="temp.dt_Audit_EndJob/output/Success_Source_Rows">Success Source Rows</operation>
                              <operation source="field" to="temp.dt_Audit_EndJob/output/Failed_Source_Rows">Failed Source Rows</operation>
                              <operation source="field" to="temp.dt_Audit_EndJob/output/Success_Target_Rows">Success Target Rows</operation>
                              <operation source="field" to="temp.dt_Audit_EndJob/output/Failed_Target_Rows">Failed Target Rows</operation>
                              <operation source="field" to="temp.dt_Audit_EndJob/output/Start_Time">Start Time</operation>
                              <operation source="field" to="temp.dt_Audit_EndJob/output/End_Time">End Time</operation>
                              <operation source="field" to="temp.dt_Audit_EndJob/output/Error_Message">Error Message</operation>
                              <operation source="field" to="temp.dt_Audit_EndJob/inout/io_Result">io_Result</operation>
                              <operation source="field" to="temp.dt_Audit_EndJob/inout/io_jobName">io_jobName</operation>
                              <operation source="field" to="temp.dt_Audit_EndJob/inout/io_jobAuditID">io_jobAuditID</operation>
                              <operation source="field" to="temp.dt_Audit_EndJob/inout/io_jobStartDate">io_jobStartDate</operation>
                              <operation source="field" to="temp.dt_Audit_EndJob/inout/io_jobEndStatus">io_jobEndStatus</operation>
                              <operation source="field" to="temp.dt_Audit_EndJob/inout/io_jobEndDesc">io_jobEndDesc</operation>
                           </serviceOutput>
                        </service>
                        <events>
                           <catch faultField="temp.dt_Audit_EndJob/fault"
                                  id="kfkk101m"
                                  interrupting="true"
                                  name="error">
                              <suspend/>
                           </catch>
                           <catch faultField="temp.dt_Audit_EndJob/fault"
                                  id="kfkk101n"
                                  interrupting="true"
                                  name="warning"/>
                        </events>
                     </eventContainer>
                     <container id="kfkk0zt0" type="exclusive">
                        <title>dcn_StartJob_Result</title>
                        <flow id="kfkk0zt3">
                           <eventContainer id="kky4ni4i">
                              <service id="kky4ni47">
                                 <title>m_LoadSTG_PSA_IAS_CERT_To_STG_REGISTERED_REPRESENTATIVE_RECEPTION_IAS_CERTS</title>
                                 <serviceName>ICSExecuteDataTask</serviceName>
                                 <serviceGUID/>
                                 <serviceInput>
                                    <parameter name="Wait for Task to Complete" source="constant" updatable="true">true</parameter>
                                    <parameter name="Max Wait" source="constant" updatable="true">604800</parameter>
                                    <parameter name="Task Name" source="constant" updatable="true">m_LoadSTG_PSA_IAS_CERT_To_STG_REGISTERED_REPRESENTATIVE_RECEPTION_IAS_CERTS</parameter>
                                    <parameter name="GUID" source="constant" updatable="true">4Rp2PnPXscVfonIjeka5Cn</parameter>
                                    <parameter name="Task Type" source="constant" updatable="true">MCT</parameter>
                                    <parameter name="Has Inout Parameters" source="constant" updatable="true">false</parameter>
                                    <parameter name="taskField" source="nested">
                                       <operation source="field"
                                                  to="m-LoadSTG-PSA-IAS-CERT-To-STG-REGISTERED-REPRESENTATIVE-RECEPTION-IAS-CERTS">temp.m_LoadSTG_PSA_IAS_CERT_To_STG_REGISTERED_REPRESENTATIVE_RECEPTION_IAS_CERTS</operation>
                                       <operation source="formula"
                                                  to="m-LoadSTG-PSA-IAS-CERT-To-STG-REGISTERED-REPRESENTATIVE-RECEPTION-IAS-CERTS/inout[1]/io_PATH">
                                          <expression language="XQuery">fn:replace($input.fl_IAS_CERTS[1]/arrivedFiles[1]/path , fn:concat('/', $input.fl_IAS_CERTS[1]/arrivedFiles[1]/name ), '')</expression>
                                       </operation>
                                    </parameter>
                                 </serviceInput>
                                 <serviceOutput>
                                    <operation source="field"
                                               to="temp.m_LoadSTG_PSA_IAS_CERT_To_STG_REGISTERED_REPRESENTATIVE_RECEPTION_IAS_CERTS/output/Object_Name">Object Name</operation>
                                    <operation source="field"
                                               to="temp.m_LoadSTG_PSA_IAS_CERT_To_STG_REGISTERED_REPRESENTATIVE_RECEPTION_IAS_CERTS/output/Run_Id">Run Id</operation>
                                    <operation source="field"
                                               to="temp.m_LoadSTG_PSA_IAS_CERT_To_STG_REGISTERED_REPRESENTATIVE_RECEPTION_IAS_CERTS/output/Log_Id">Log Id</operation>
                                    <operation source="field"
                                               to="temp.m_LoadSTG_PSA_IAS_CERT_To_STG_REGISTERED_REPRESENTATIVE_RECEPTION_IAS_CERTS/output/Task_Id">Task Id</operation>
                                    <operation source="field"
                                               to="temp.m_LoadSTG_PSA_IAS_CERT_To_STG_REGISTERED_REPRESENTATIVE_RECEPTION_IAS_CERTS/output/Task_Status">Task Status</operation>
                                    <operation source="field"
                                               to="temp.m_LoadSTG_PSA_IAS_CERT_To_STG_REGISTERED_REPRESENTATIVE_RECEPTION_IAS_CERTS/output/Success_Source_Rows">Success Source Rows</operation>
                                    <operation source="field"
                                               to="temp.m_LoadSTG_PSA_IAS_CERT_To_STG_REGISTERED_REPRESENTATIVE_RECEPTION_IAS_CERTS/output/Failed_Source_Rows">Failed Source Rows</operation>
                                    <operation source="field"
                                               to="temp.m_LoadSTG_PSA_IAS_CERT_To_STG_REGISTERED_REPRESENTATIVE_RECEPTION_IAS_CERTS/output/Success_Target_Rows">Success Target Rows</operation>
                                    <operation source="field"
                                               to="temp.m_LoadSTG_PSA_IAS_CERT_To_STG_REGISTERED_REPRESENTATIVE_RECEPTION_IAS_CERTS/output/Failed_Target_Rows">Failed Target Rows</operation>
                                    <operation source="field"
                                               to="temp.m_LoadSTG_PSA_IAS_CERT_To_STG_REGISTERED_REPRESENTATIVE_RECEPTION_IAS_CERTS/output/Start_Time">Start Time</operation>
                                    <operation source="field"
                                               to="temp.m_LoadSTG_PSA_IAS_CERT_To_STG_REGISTERED_REPRESENTATIVE_RECEPTION_IAS_CERTS/output/End_Time">End Time</operation>
                                    <operation source="field"
                                               to="temp.m_LoadSTG_PSA_IAS_CERT_To_STG_REGISTERED_REPRESENTATIVE_RECEPTION_IAS_CERTS/output/Error_Message">Error Message</operation>
                                 </serviceOutput>
                              </service>
                              <link id="knrlou5z" targetId="knops93g"/>
                              <events>
                                 <catch faultField="temp.m_LoadSTG_PSA_IAS_CERT_To_STG_REGISTERED_REPRESENTATIVE_RECEPTION_IAS_CERTS/fault"
                                        id="kky4ni4g"
                                        interrupting="true"
                                        name="error">
                                    <suspend/>
                                 </catch>
                                 <catch faultField="temp.m_LoadSTG_PSA_IAS_CERT_To_STG_REGISTERED_REPRESENTATIVE_RECEPTION_IAS_CERTS/fault"
                                        id="kky4ni4h"
                                        interrupting="true"
                                        name="warning"/>
                              </events>
                           </eventContainer>
                           <eventContainer id="knops93g">
                              <service id="knops931">
                                 <title>mt_STG_count</title>
                                 <serviceName>ICSExecuteDataTask</serviceName>
                                 <serviceGUID/>
                                 <serviceInput>
                                    <parameter name="Wait for Task to Complete" source="constant" updatable="true">true</parameter>
                                    <parameter name="Max Wait" source="constant" updatable="true">604800</parameter>
                                    <parameter name="Task Name" source="constant" updatable="true">mt_STG_count</parameter>
                                    <parameter name="GUID" source="constant" updatable="true">lT8lvgxUPMPfXlpGb77Aey</parameter>
                                    <parameter name="Task Type" source="constant" updatable="true">MCT</parameter>
                                    <parameter name="Has Inout Parameters" source="constant" updatable="true">true</parameter>
                                    <parameter name="taskField" source="nested">
                                       <operation source="field" to="mt-STG-count">temp.mt_STG_count</operation>
                                       <operation source="field" to="mt-STG-count/input[1]/i_Job_name">temp.temp_JobName</operation>
                                       <operation source="field" to="mt-STG-count/input[1]/i_job_start_date">temp.temp_dataStartDate</operation>
                                    </parameter>
                                 </serviceInput>
                                 <serviceOutput>
                                    <operation source="field" to="temp.mt_STG_count/output/Object_Name">Object Name</operation>
                                    <operation source="field" to="temp.mt_STG_count/output/Run_Id">Run Id</operation>
                                    <operation source="field" to="temp.mt_STG_count/output/Log_Id">Log Id</operation>
                                    <operation source="field" to="temp.mt_STG_count/output/Task_Id">Task Id</operation>
                                    <operation source="field" to="temp.mt_STG_count/output/Task_Status">Task Status</operation>
                                    <operation source="field" to="temp.mt_STG_count/output/Success_Source_Rows">Success Source Rows</operation>
                                    <operation source="field" to="temp.mt_STG_count/output/Failed_Source_Rows">Failed Source Rows</operation>
                                    <operation source="field" to="temp.mt_STG_count/output/Success_Target_Rows">Success Target Rows</operation>
                                    <operation source="field" to="temp.mt_STG_count/output/Failed_Target_Rows">Failed Target Rows</operation>
                                    <operation source="field" to="temp.mt_STG_count/output/Start_Time">Start Time</operation>
                                    <operation source="field" to="temp.mt_STG_count/output/End_Time">End Time</operation>
                                    <operation source="field" to="temp.mt_STG_count/output/Error_Message">Error Message</operation>
                                    <operation source="field" to="temp.mt_STG_count/inout/io_rowCount">io_rowCount</operation>
                                 </serviceOutput>
                              </service>
                              <link id="knops94t" targetId="knops94s"/>
                              <events>
                                 <catch faultField="temp.mt_STG_count/fault"
                                        id="knops93e"
                                        interrupting="true"
                                        name="error">
                                    <suspend/>
                                 </catch>
                                 <catch faultField="temp.mt_STG_count/fault"
                                        id="knops93f"
                                        interrupting="true"
                                        name="warning"/>
                              </events>
                           </eventContainer>
                           <container id="knops94s" type="exclusive">
                              <title>dcn_row_count</title>
                              <flow id="knops94w">
                                 <service id="knrlou6b">
                                    <title>m_LoadSTG_SPLIT_VIEW_To_STG_REGISTERED_REPRESENTATIVE_IAS_CERTS</title>
                                    <serviceName>ICSExecuteDataTask</serviceName>
                                    <serviceGUID/>
                                    <serviceInput>
                                       <parameter name="Wait for Task to Complete" source="constant" updatable="true">true</parameter>
                                       <parameter name="Max Wait" source="constant" updatable="true">604800</parameter>
                                       <parameter name="Task Name" source="constant" updatable="true">m_LoadSTG_SPLIT_VIEW_To_STG_REGISTERED_REPRESENTATIVE_IAS_CERTS</parameter>
                                       <parameter name="GUID" source="constant" updatable="true">8enqHfb8QMYhSZNjud8lQ9</parameter>
                                       <parameter name="Task Type" source="constant" updatable="true">MCT</parameter>
                                       <parameter name="Has Inout Parameters" source="constant" updatable="true">false</parameter>
                                       <parameter name="taskField" source="nested">
                                          <operation source="field"
                                                     to="m-LoadSTG-SPLIT-VIEW-To-STG-REGISTERED-REPRESENTATIVE-IAS-CERTS">temp.m_LoadSTG_SPLIT_VIEW_To_STG_REGISTERED_REPRESENTATIVE_IAS_CERTS</operation>
                                       </parameter>
                                    </serviceInput>
                                    <serviceOutput>
                                       <operation source="field"
                                                  to="temp.m_LoadSTG_SPLIT_VIEW_To_STG_REGISTERED_REPRESENTATIVE_IAS_CERTS/output/Object_Name">Object Name</operation>
                                       <operation source="field"
                                                  to="temp.m_LoadSTG_SPLIT_VIEW_To_STG_REGISTERED_REPRESENTATIVE_IAS_CERTS/output/Run_Id">Run Id</operation>
                                       <operation source="field"
                                                  to="temp.m_LoadSTG_SPLIT_VIEW_To_STG_REGISTERED_REPRESENTATIVE_IAS_CERTS/output/Log_Id">Log Id</operation>
                                       <operation source="field"
                                                  to="temp.m_LoadSTG_SPLIT_VIEW_To_STG_REGISTERED_REPRESENTATIVE_IAS_CERTS/output/Task_Id">Task Id</operation>
                                       <operation source="field"
                                                  to="temp.m_LoadSTG_SPLIT_VIEW_To_STG_REGISTERED_REPRESENTATIVE_IAS_CERTS/output/Task_Status">Task Status</operation>
                                       <operation source="field"
                                                  to="temp.m_LoadSTG_SPLIT_VIEW_To_STG_REGISTERED_REPRESENTATIVE_IAS_CERTS/output/Success_Source_Rows">Success Source Rows</operation>
                                       <operation source="field"
                                                  to="temp.m_LoadSTG_SPLIT_VIEW_To_STG_REGISTERED_REPRESENTATIVE_IAS_CERTS/output/Failed_Source_Rows">Failed Source Rows</operation>
                                       <operation source="field"
                                                  to="temp.m_LoadSTG_SPLIT_VIEW_To_STG_REGISTERED_REPRESENTATIVE_IAS_CERTS/output/Success_Target_Rows">Success Target Rows</operation>
                                       <operation source="field"
                                                  to="temp.m_LoadSTG_SPLIT_VIEW_To_STG_REGISTERED_REPRESENTATIVE_IAS_CERTS/output/Failed_Target_Rows">Failed Target Rows</operation>
                                       <operation source="field"
                                                  to="temp.m_LoadSTG_SPLIT_VIEW_To_STG_REGISTERED_REPRESENTATIVE_IAS_CERTS/output/Start_Time">Start Time</operation>
                                       <operation source="field"
                                                  to="temp.m_LoadSTG_SPLIT_VIEW_To_STG_REGISTERED_REPRESENTATIVE_IAS_CERTS/output/End_Time">End Time</operation>
                                       <operation source="field"
                                                  to="temp.m_LoadSTG_SPLIT_VIEW_To_STG_REGISTERED_REPRESENTATIVE_IAS_CERTS/output/Error_Message">Error Message</operation>
                                    </serviceOutput>
                                    <link id="knrlou6c" targetId="knops95d"/>
                                 </service>
                                 <container id="knops95d" type="parallel">
                                    <title>Parallel_LoadRdv</title>
                                    <flow id="knops95e">
                                       <eventContainer id="knops95f">
                                          <service id="knops95g">
                                             <title>mt_LoadRDV_STG_IAS_CERT_To_Shared_HubAdvisor</title>
                                             <serviceName>ICSExecuteDataTask</serviceName>
                                             <serviceGUID/>
                                             <serviceInput>
                                                <parameter name="Wait for Task to Complete" source="constant" updatable="true">true</parameter>
                                                <parameter name="Max Wait" source="constant" updatable="true">604800</parameter>
                                                <parameter name="Task Name" source="constant" updatable="true">mt_LoadRDV_STG_IAS_CERT_To_Shared_HUB_Advisor_IAS_CERTS</parameter>
                                                <parameter name="GUID" source="constant" updatable="true">1p9ucLzep0ujwmUZJ1eXg0</parameter>
                                                <parameter name="Task Type" source="constant" updatable="true">MCT</parameter>
                                                <parameter name="Has Inout Parameters" source="constant" updatable="true">false</parameter>
                                                <parameter name="taskField" source="nested">
                                                   <operation source="field"
                                                              to="mt-LoadRDV-STG-IAS-CERT-To-Shared-HUB-Advisor-IAS-CERTS">temp.mt_LoadRDV_STG_IAS_CERT_To_Shared_HubAdvisor</operation>
                                                   <operation source="field"
                                                              to="mt-LoadRDV-STG-IAS-CERT-To-Shared-HUB-Advisor-IAS-CERTS/inout[1]/io_tf_Audit_ID">temp.temp_tf_Audit_ID</operation>
                                                </parameter>
                                             </serviceInput>
                                             <serviceOutput>
                                                <operation source="field"
                                                           to="temp.mt_LoadRDV_STG_IAS_CERT_To_Shared_HubAdvisor/output/Object_Name">Object Name</operation>
                                                <operation source="field"
                                                           to="temp.mt_LoadRDV_STG_IAS_CERT_To_Shared_HubAdvisor/output/Run_Id">Run Id</operation>
                                                <operation source="field"
                                                           to="temp.mt_LoadRDV_STG_IAS_CERT_To_Shared_HubAdvisor/output/Log_Id">Log Id</operation>
                                                <operation source="field"
                                                           to="temp.mt_LoadRDV_STG_IAS_CERT_To_Shared_HubAdvisor/output/Task_Id">Task Id</operation>
                                                <operation source="field"
                                                           to="temp.mt_LoadRDV_STG_IAS_CERT_To_Shared_HubAdvisor/output/Task_Status">Task Status</operation>
                                                <operation source="field"
                                                           to="temp.mt_LoadRDV_STG_IAS_CERT_To_Shared_HubAdvisor/output/Success_Source_Rows">Success Source Rows</operation>
                                                <operation source="field"
                                                           to="temp.mt_LoadRDV_STG_IAS_CERT_To_Shared_HubAdvisor/output/Failed_Source_Rows">Failed Source Rows</operation>
                                                <operation source="field"
                                                           to="temp.mt_LoadRDV_STG_IAS_CERT_To_Shared_HubAdvisor/output/Success_Target_Rows">Success Target Rows</operation>
                                                <operation source="field"
                                                           to="temp.mt_LoadRDV_STG_IAS_CERT_To_Shared_HubAdvisor/output/Failed_Target_Rows">Failed Target Rows</operation>
                                                <operation source="field"
                                                           to="temp.mt_LoadRDV_STG_IAS_CERT_To_Shared_HubAdvisor/output/Start_Time">Start Time</operation>
                                                <operation source="field"
                                                           to="temp.mt_LoadRDV_STG_IAS_CERT_To_Shared_HubAdvisor/output/End_Time">End Time</operation>
                                                <operation source="field"
                                                           to="temp.mt_LoadRDV_STG_IAS_CERT_To_Shared_HubAdvisor/output/Error_Message">Error Message</operation>
                                             </serviceOutput>
                                          </service>
                                          <events>
                                             <catch faultField="temp.mt_LoadRDV_STG_IAS_CERT_To_Shared_HubAdvisor/fault"
                                                    id="kfkk0zxg"
                                                    interrupting="true"
                                                    name="error">
                                                <suspend/>
                                             </catch>
                                             <catch faultField="temp.mt_LoadRDV_STG_IAS_CERT_To_Shared_HubAdvisor/fault"
                                                    id="kfkk0zxh"
                                                    interrupting="true"
                                                    name="warning"/>
                                          </events>
                                       </eventContainer>
                                       <link id="knops962" targetId="knops95d" type="containerLink"/>
                                    </flow>
                                    <flow id="knops95h">
                                       <eventContainer id="knops95i">
                                          <service id="knops95j">
                                             <title>mt_LoadRDV_STG_IAS_CERTS_To_Shared_SatAdvisor_insert</title>
                                             <serviceName>ICSExecuteDataTask</serviceName>
                                             <serviceGUID/>
                                             <serviceInput>
                                                <parameter name="Wait for Task to Complete" source="constant" updatable="true">true</parameter>
                                                <parameter name="Max Wait" source="constant" updatable="true">604800</parameter>
                                                <parameter name="Task Name" source="constant" updatable="true">mt_LoadRDV_STG_IAS_CERTS_To_Shared_SatAdvisor_insert</parameter>
                                                <parameter name="GUID" source="constant" updatable="true">8YFAE2kZMYYeUnvxdOlLeM</parameter>
                                                <parameter name="Task Type" source="constant" updatable="true">MCT</parameter>
                                                <parameter name="Has Inout Parameters" source="constant" updatable="true">false</parameter>
                                                <parameter name="taskField" source="nested">
                                                   <operation source="field"
                                                              to="mt-LoadRDV-STG-IAS-CERTS-To-Shared-SatAdvisor-insert">temp.mt_LoadRDV_STG_IAS_CERTS_To_Shared_SatAdvisor_insert</operation>
                                                   <operation source="field"
                                                              to="mt-LoadRDV-STG-IAS-CERTS-To-Shared-SatAdvisor-insert/inout[1]/io_tf_Audit_ID">temp.temp_tf_Audit_ID</operation>
                                                </parameter>
                                             </serviceInput>
                                             <serviceOutput>
                                                <operation source="field"
                                                           to="temp.mt_LoadRDV_STG_IAS_CERTS_To_Shared_SatAdvisor_insert/output/Object_Name">Object Name</operation>
                                                <operation source="field"
                                                           to="temp.mt_LoadRDV_STG_IAS_CERTS_To_Shared_SatAdvisor_insert/output/Run_Id">Run Id</operation>
                                                <operation source="field"
                                                           to="temp.mt_LoadRDV_STG_IAS_CERTS_To_Shared_SatAdvisor_insert/output/Log_Id">Log Id</operation>
                                                <operation source="field"
                                                           to="temp.mt_LoadRDV_STG_IAS_CERTS_To_Shared_SatAdvisor_insert/output/Task_Id">Task Id</operation>
                                                <operation source="field"
                                                           to="temp.mt_LoadRDV_STG_IAS_CERTS_To_Shared_SatAdvisor_insert/output/Task_Status">Task Status</operation>
                                                <operation source="field"
                                                           to="temp.mt_LoadRDV_STG_IAS_CERTS_To_Shared_SatAdvisor_insert/output/Success_Source_Rows">Success Source Rows</operation>
                                                <operation source="field"
                                                           to="temp.mt_LoadRDV_STG_IAS_CERTS_To_Shared_SatAdvisor_insert/output/Failed_Source_Rows">Failed Source Rows</operation>
                                                <operation source="field"
                                                           to="temp.mt_LoadRDV_STG_IAS_CERTS_To_Shared_SatAdvisor_insert/output/Success_Target_Rows">Success Target Rows</operation>
                                                <operation source="field"
                                                           to="temp.mt_LoadRDV_STG_IAS_CERTS_To_Shared_SatAdvisor_insert/output/Failed_Target_Rows">Failed Target Rows</operation>
                                                <operation source="field"
                                                           to="temp.mt_LoadRDV_STG_IAS_CERTS_To_Shared_SatAdvisor_insert/output/Start_Time">Start Time</operation>
                                                <operation source="field"
                                                           to="temp.mt_LoadRDV_STG_IAS_CERTS_To_Shared_SatAdvisor_insert/output/End_Time">End Time</operation>
                                                <operation source="field"
                                                           to="temp.mt_LoadRDV_STG_IAS_CERTS_To_Shared_SatAdvisor_insert/output/Error_Message">Error Message</operation>
                                             </serviceOutput>
                                          </service>
                                          <events>
                                             <catch faultField="temp.mt_LoadRDV_STG_IAS_CERTS_To_Shared_SatAdvisor_insert/fault"
                                                    id="kfkk0zw3"
                                                    interrupting="true"
                                                    name="error">
                                                <suspend/>
                                             </catch>
                                             <catch faultField="temp.mt_LoadRDV_STG_IAS_CERTS_To_Shared_SatAdvisor_insert/fault"
                                                    id="kfkk0zw4"
                                                    interrupting="true"
                                                    name="warning"/>
                                          </events>
                                       </eventContainer>
                                       <link id="knops963" targetId="knops95d" type="containerLink"/>
                                    </flow>
                                    <flow id="knops95k">
                                       <eventContainer id="knops95l">
                                          <service id="knops95m">
                                             <title>mt_LoadRDV_STG_IAS_CERTS_To_Shared_SatAdvisor_delete</title>
                                             <serviceName>ICSExecuteDataTask</serviceName>
                                             <serviceGUID/>
                                             <serviceInput>
                                                <parameter name="Wait for Task to Complete" source="constant" updatable="true">true</parameter>
                                                <parameter name="Max Wait" source="constant" updatable="true">604800</parameter>
                                                <parameter name="Task Name" source="constant" updatable="true">mt_LoadRDV_STG_IAS_CERTS_To_Shared_SatAdvisor_Delete</parameter>
                                                <parameter name="GUID" source="constant" updatable="true">1UFSyGiP3uNdFSauGsfBiK</parameter>
                                                <parameter name="Task Type" source="constant" updatable="true">MCT</parameter>
                                                <parameter name="Has Inout Parameters" source="constant" updatable="true">false</parameter>
                                                <parameter name="taskField" source="nested">
                                                   <operation source="field"
                                                              to="mt-LoadRDV-STG-IAS-CERTS-To-Shared-SatAdvisor-Delete">temp.mt_LoadRDV_STG_IAS_CERTS_To_Shared_SatAdvisor_delete</operation>
                                                   <operation source="field"
                                                              to="mt-LoadRDV-STG-IAS-CERTS-To-Shared-SatAdvisor-Delete/input[1]/i_DATA_START_DATE">temp.temp_dataStartDate</operation>
                                                   <operation source="field"
                                                              to="mt-LoadRDV-STG-IAS-CERTS-To-Shared-SatAdvisor-Delete/inout[1]/io_tf_Audit_ID">temp.temp_tf_Audit_ID</operation>
                                                </parameter>
                                             </serviceInput>
                                             <serviceOutput>
                                                <operation source="field"
                                                           to="temp.mt_LoadRDV_STG_IAS_CERTS_To_Shared_SatAdvisor_delete/output/Object_Name">Object Name</operation>
                                                <operation source="field"
                                                           to="temp.mt_LoadRDV_STG_IAS_CERTS_To_Shared_SatAdvisor_delete/output/Run_Id">Run Id</operation>
                                                <operation source="field"
                                                           to="temp.mt_LoadRDV_STG_IAS_CERTS_To_Shared_SatAdvisor_delete/output/Log_Id">Log Id</operation>
                                                <operation source="field"
                                                           to="temp.mt_LoadRDV_STG_IAS_CERTS_To_Shared_SatAdvisor_delete/output/Task_Id">Task Id</operation>
                                                <operation source="field"
                                                           to="temp.mt_LoadRDV_STG_IAS_CERTS_To_Shared_SatAdvisor_delete/output/Task_Status">Task Status</operation>
                                                <operation source="field"
                                                           to="temp.mt_LoadRDV_STG_IAS_CERTS_To_Shared_SatAdvisor_delete/output/Success_Source_Rows">Success Source Rows</operation>
                                                <operation source="field"
                                                           to="temp.mt_LoadRDV_STG_IAS_CERTS_To_Shared_SatAdvisor_delete/output/Failed_Source_Rows">Failed Source Rows</operation>
                                                <operation source="field"
                                                           to="temp.mt_LoadRDV_STG_IAS_CERTS_To_Shared_SatAdvisor_delete/output/Success_Target_Rows">Success Target Rows</operation>
                                                <operation source="field"
                                                           to="temp.mt_LoadRDV_STG_IAS_CERTS_To_Shared_SatAdvisor_delete/output/Failed_Target_Rows">Failed Target Rows</operation>
                                                <operation source="field"
                                                           to="temp.mt_LoadRDV_STG_IAS_CERTS_To_Shared_SatAdvisor_delete/output/Start_Time">Start Time</operation>
                                                <operation source="field"
                                                           to="temp.mt_LoadRDV_STG_IAS_CERTS_To_Shared_SatAdvisor_delete/output/End_Time">End Time</operation>
                                                <operation source="field"
                                                           to="temp.mt_LoadRDV_STG_IAS_CERTS_To_Shared_SatAdvisor_delete/output/Error_Message">Error Message</operation>
                                             </serviceOutput>
                                          </service>
                                          <events>
                                             <catch faultField="temp.mt_LoadRDV_STG_IAS_CERTS_To_Shared_SatAdvisor_delete/fault"
                                                    id="kfkk0zyq"
                                                    interrupting="true"
                                                    name="error">
                                                <suspend/>
                                             </catch>
                                             <catch faultField="temp.mt_LoadRDV_STG_IAS_CERTS_To_Shared_SatAdvisor_delete/fault"
                                                    id="kfkk0zyr"
                                                    interrupting="true"
                                                    name="warning"/>
                                          </events>
                                       </eventContainer>
                                       <link id="knops964" targetId="knops95d" type="containerLink"/>
                                    </flow>
                                    <flow id="knops95n">
                                       <eventContainer id="knops95o">
                                          <service id="knops95p">
                                             <title>mt_LoadRDV_STG_IAS_CERT_To_Shared_HUB_REGISTERED_REPRESENTATIVE</title>
                                             <serviceName>ICSExecuteDataTask</serviceName>
                                             <serviceGUID/>
                                             <serviceInput>
                                                <parameter name="Wait for Task to Complete" source="constant" updatable="true">true</parameter>
                                                <parameter name="Max Wait" source="constant" updatable="true">604800</parameter>
                                                <parameter name="Task Name" source="constant" updatable="true">mt_LoadRDV_STG_IAS_CERTS_To_Shared_HubRegisteredRepresentative</parameter>
                                                <parameter name="GUID" source="constant" updatable="true">2Mnl0cvM80UfSHa4b5Euur</parameter>
                                                <parameter name="Task Type" source="constant" updatable="true">MCT</parameter>
                                                <parameter name="Has Inout Parameters" source="constant" updatable="true">false</parameter>
                                                <parameter name="taskField" source="nested">
                                                   <operation source="field"
                                                              to="mt-LoadRDV-STG-IAS-CERTS-To-Shared-HubRegisteredRepresentative">temp.mt_LoadRDV_STG_IAS_CERT_To_Shared_HUB_REGISTERED_REPRESENTATIVE</operation>
                                                   <operation source="field"
                                                              to="mt-LoadRDV-STG-IAS-CERTS-To-Shared-HubRegisteredRepresentative/inout[1]/io_tf_Audit_ID">temp.temp_tf_Audit_ID</operation>
                                                </parameter>
                                             </serviceInput>
                                             <serviceOutput>
                                                <operation source="field"
                                                           to="temp.mt_LoadRDV_STG_IAS_CERT_To_Shared_HUB_REGISTERED_REPRESENTATIVE/output/Object_Name">Object Name</operation>
                                                <operation source="field"
                                                           to="temp.mt_LoadRDV_STG_IAS_CERT_To_Shared_HUB_REGISTERED_REPRESENTATIVE/output/Run_Id">Run Id</operation>
                                                <operation source="field"
                                                           to="temp.mt_LoadRDV_STG_IAS_CERT_To_Shared_HUB_REGISTERED_REPRESENTATIVE/output/Log_Id">Log Id</operation>
                                                <operation source="field"
                                                           to="temp.mt_LoadRDV_STG_IAS_CERT_To_Shared_HUB_REGISTERED_REPRESENTATIVE/output/Task_Id">Task Id</operation>
                                                <operation source="field"
                                                           to="temp.mt_LoadRDV_STG_IAS_CERT_To_Shared_HUB_REGISTERED_REPRESENTATIVE/output/Task_Status">Task Status</operation>
                                                <operation source="field"
                                                           to="temp.mt_LoadRDV_STG_IAS_CERT_To_Shared_HUB_REGISTERED_REPRESENTATIVE/output/Success_Source_Rows">Success Source Rows</operation>
                                                <operation source="field"
                                                           to="temp.mt_LoadRDV_STG_IAS_CERT_To_Shared_HUB_REGISTERED_REPRESENTATIVE/output/Failed_Source_Rows">Failed Source Rows</operation>
                                                <operation source="field"
                                                           to="temp.mt_LoadRDV_STG_IAS_CERT_To_Shared_HUB_REGISTERED_REPRESENTATIVE/output/Success_Target_Rows">Success Target Rows</operation>
                                                <operation source="field"
                                                           to="temp.mt_LoadRDV_STG_IAS_CERT_To_Shared_HUB_REGISTERED_REPRESENTATIVE/output/Failed_Target_Rows">Failed Target Rows</operation>
                                                <operation source="field"
                                                           to="temp.mt_LoadRDV_STG_IAS_CERT_To_Shared_HUB_REGISTERED_REPRESENTATIVE/output/Start_Time">Start Time</operation>
                                                <operation source="field"
                                                           to="temp.mt_LoadRDV_STG_IAS_CERT_To_Shared_HUB_REGISTERED_REPRESENTATIVE/output/End_Time">End Time</operation>
                                                <operation source="field"
                                                           to="temp.mt_LoadRDV_STG_IAS_CERT_To_Shared_HUB_REGISTERED_REPRESENTATIVE/output/Error_Message">Error Message</operation>
                                             </serviceOutput>
                                          </service>
                                          <events>
                                             <catch faultField="temp.mt_LoadRDV_STG_IAS_CERT_To_Shared_HUB_REGISTERED_REPRESENTATIVE/fault"
                                                    id="klblvv4t"
                                                    interrupting="true"
                                                    name="error">
                                                <suspend/>
                                             </catch>
                                             <catch faultField="temp.mt_LoadRDV_STG_IAS_CERT_To_Shared_HUB_REGISTERED_REPRESENTATIVE/fault"
                                                    id="klblvv4u"
                                                    interrupting="true"
                                                    name="warning"/>
                                          </events>
                                       </eventContainer>
                                       <link id="knops965" targetId="knops95d" type="containerLink"/>
                                    </flow>
                                    <flow id="knops95q">
                                       <eventContainer id="knops95r">
                                          <service id="knops95s">
                                             <title>mt_LoadRDV_STG_IAS_CERTS_To_Shared_SAT_REGISTERED_REPRESENTATIVE_IAS_CERTS_INSERT</title>
                                             <serviceName>ICSExecuteDataTask</serviceName>
                                             <serviceGUID/>
                                             <serviceInput>
                                                <parameter name="Wait for Task to Complete" source="constant" updatable="true">true</parameter>
                                                <parameter name="Max Wait" source="constant" updatable="true">604800</parameter>
                                                <parameter name="Task Name" source="constant" updatable="true">mt_LoadRDV_STG_IAS_CERTS_To_Shared_SAT_REGISTERED_REPRESENTATIVE_IAS_CERTS_INSERT</parameter>
                                                <parameter name="GUID" source="constant" updatable="true">gZBfGoBFTUfiA9259HCu6U</parameter>
                                                <parameter name="Task Type" source="constant" updatable="true">MCT</parameter>
                                                <parameter name="Has Inout Parameters" source="constant" updatable="true">false</parameter>
                                                <parameter name="taskField" source="nested">
                                                   <operation source="field"
                                                              to="mt-LoadRDV-STG-IAS-CERTS-To-Shared-SAT-REGISTERED-REPRESENTATIVE-IAS-CERTS-INSERT">temp.mt_LoadRDV_STG_IAS_CERTS_To_Shared_SAT_REGISTERED_REPRESENTATIVE_IAS_CERTS_INSERT</operation>
                                                   <operation source="field"
                                                              to="mt-LoadRDV-STG-IAS-CERTS-To-Shared-SAT-REGISTERED-REPRESENTATIVE-IAS-CERTS-INSERT/inout[1]/io_tf_Audit_ID">temp.temp_tf_Audit_ID</operation>
                                                </parameter>
                                             </serviceInput>
                                             <serviceOutput>
                                                <operation source="field"
                                                           to="temp.mt_LoadRDV_STG_IAS_CERTS_To_Shared_SAT_REGISTERED_REPRESENTATIVE_IAS_CERTS_INSERT/output/Object_Name">Object Name</operation>
                                                <operation source="field"
                                                           to="temp.mt_LoadRDV_STG_IAS_CERTS_To_Shared_SAT_REGISTERED_REPRESENTATIVE_IAS_CERTS_INSERT/output/Run_Id">Run Id</operation>
                                                <operation source="field"
                                                           to="temp.mt_LoadRDV_STG_IAS_CERTS_To_Shared_SAT_REGISTERED_REPRESENTATIVE_IAS_CERTS_INSERT/output/Log_Id">Log Id</operation>
                                                <operation source="field"
                                                           to="temp.mt_LoadRDV_STG_IAS_CERTS_To_Shared_SAT_REGISTERED_REPRESENTATIVE_IAS_CERTS_INSERT/output/Task_Id">Task Id</operation>
                                                <operation source="field"
                                                           to="temp.mt_LoadRDV_STG_IAS_CERTS_To_Shared_SAT_REGISTERED_REPRESENTATIVE_IAS_CERTS_INSERT/output/Task_Status">Task Status</operation>
                                                <operation source="field"
                                                           to="temp.mt_LoadRDV_STG_IAS_CERTS_To_Shared_SAT_REGISTERED_REPRESENTATIVE_IAS_CERTS_INSERT/output/Success_Source_Rows">Success Source Rows</operation>
                                                <operation source="field"
                                                           to="temp.mt_LoadRDV_STG_IAS_CERTS_To_Shared_SAT_REGISTERED_REPRESENTATIVE_IAS_CERTS_INSERT/output/Failed_Source_Rows">Failed Source Rows</operation>
                                                <operation source="field"
                                                           to="temp.mt_LoadRDV_STG_IAS_CERTS_To_Shared_SAT_REGISTERED_REPRESENTATIVE_IAS_CERTS_INSERT/output/Success_Target_Rows">Success Target Rows</operation>
                                                <operation source="field"
                                                           to="temp.mt_LoadRDV_STG_IAS_CERTS_To_Shared_SAT_REGISTERED_REPRESENTATIVE_IAS_CERTS_INSERT/output/Failed_Target_Rows">Failed Target Rows</operation>
                                                <operation source="field"
                                                           to="temp.mt_LoadRDV_STG_IAS_CERTS_To_Shared_SAT_REGISTERED_REPRESENTATIVE_IAS_CERTS_INSERT/output/Start_Time">Start Time</operation>
                                                <operation source="field"
                                                           to="temp.mt_LoadRDV_STG_IAS_CERTS_To_Shared_SAT_REGISTERED_REPRESENTATIVE_IAS_CERTS_INSERT/output/End_Time">End Time</operation>
                                                <operation source="field"
                                                           to="temp.mt_LoadRDV_STG_IAS_CERTS_To_Shared_SAT_REGISTERED_REPRESENTATIVE_IAS_CERTS_INSERT/output/Error_Message">Error Message</operation>
                                             </serviceOutput>
                                          </service>
                                          <events>
                                             <catch faultField="temp.mt_LoadRDV_STG_IAS_CERTS_To_Shared_SAT_REGISTERED_REPRESENTATIVE_IAS_CERTS_INSERT/fault"
                                                    id="klblvv5u"
                                                    interrupting="true"
                                                    name="error">
                                                <suspend/>
                                             </catch>
                                             <catch faultField="temp.mt_LoadRDV_STG_IAS_CERTS_To_Shared_SAT_REGISTERED_REPRESENTATIVE_IAS_CERTS_INSERT/fault"
                                                    id="klblvv5v"
                                                    interrupting="true"
                                                    name="warning"/>
                                          </events>
                                       </eventContainer>
                                       <link id="knops966" targetId="knops95d" type="containerLink"/>
                                    </flow>
                                    <flow id="knops95t">
                                       <eventContainer id="knops95u">
                                          <service id="knops95v">
                                             <title>mt_LoadRDV_STG_IAS_CERTS_To_Shared_SAT_REGISTERED_REPRESENTATIVE_IAS_CERTS_DELETE</title>
                                             <serviceName>ICSExecuteDataTask</serviceName>
                                             <serviceGUID/>
                                             <serviceInput>
                                                <parameter name="Wait for Task to Complete" source="constant" updatable="true">true</parameter>
                                                <parameter name="Max Wait" source="constant" updatable="true">604800</parameter>
                                                <parameter name="Task Name" source="constant" updatable="true">mt_LoadRDV_STG_IAS_CERTS_To_Shared_SAT_REGISTERED_REPRESENTATIVE_IAS_CERTS_DELETE</parameter>
                                                <parameter name="GUID" source="constant" updatable="true">gXd7ErRxTaLjVD3zSTqM8s</parameter>
                                                <parameter name="Task Type" source="constant" updatable="true">MCT</parameter>
                                                <parameter name="Has Inout Parameters" source="constant" updatable="true">false</parameter>
                                                <parameter name="taskField" source="nested">
                                                   <operation source="field"
                                                              to="mt-LoadRDV-STG-IAS-CERTS-To-Shared-SAT-REGISTERED-REPRESENTATIVE-IAS-CERTS-DELETE">temp.mt_LoadRDV_STG_IAS_CERTS_To_Shared_SAT_REGISTERED_REPRESENTATIVE_IAS_CERTS_DELETE</operation>
                                                   <operation source="field"
                                                              to="mt-LoadRDV-STG-IAS-CERTS-To-Shared-SAT-REGISTERED-REPRESENTATIVE-IAS-CERTS-DELETE/input[1]/i_DATA_START_DATE">temp.temp_dataStartDate</operation>
                                                   <operation source="field"
                                                              to="mt-LoadRDV-STG-IAS-CERTS-To-Shared-SAT-REGISTERED-REPRESENTATIVE-IAS-CERTS-DELETE/inout[1]/io_tf_Audit_ID">temp.temp_tf_Audit_ID</operation>
                                                </parameter>
                                             </serviceInput>
                                             <serviceOutput>
                                                <operation source="field"
                                                           to="temp.mt_LoadRDV_STG_IAS_CERTS_To_Shared_SAT_REGISTERED_REPRESENTATIVE_IAS_CERTS_DELETE/output/Object_Name">Object Name</operation>
                                                <operation source="field"
                                                           to="temp.mt_LoadRDV_STG_IAS_CERTS_To_Shared_SAT_REGISTERED_REPRESENTATIVE_IAS_CERTS_DELETE/output/Run_Id">Run Id</operation>
                                                <operation source="field"
                                                           to="temp.mt_LoadRDV_STG_IAS_CERTS_To_Shared_SAT_REGISTERED_REPRESENTATIVE_IAS_CERTS_DELETE/output/Log_Id">Log Id</operation>
                                                <operation source="field"
                                                           to="temp.mt_LoadRDV_STG_IAS_CERTS_To_Shared_SAT_REGISTERED_REPRESENTATIVE_IAS_CERTS_DELETE/output/Task_Id">Task Id</operation>
                                                <operation source="field"
                                                           to="temp.mt_LoadRDV_STG_IAS_CERTS_To_Shared_SAT_REGISTERED_REPRESENTATIVE_IAS_CERTS_DELETE/output/Task_Status">Task Status</operation>
                                                <operation source="field"
                                                           to="temp.mt_LoadRDV_STG_IAS_CERTS_To_Shared_SAT_REGISTERED_REPRESENTATIVE_IAS_CERTS_DELETE/output/Success_Source_Rows">Success Source Rows</operation>
                                                <operation source="field"
                                                           to="temp.mt_LoadRDV_STG_IAS_CERTS_To_Shared_SAT_REGISTERED_REPRESENTATIVE_IAS_CERTS_DELETE/output/Failed_Source_Rows">Failed Source Rows</operation>
                                                <operation source="field"
                                                           to="temp.mt_LoadRDV_STG_IAS_CERTS_To_Shared_SAT_REGISTERED_REPRESENTATIVE_IAS_CERTS_DELETE/output/Success_Target_Rows">Success Target Rows</operation>
                                                <operation source="field"
                                                           to="temp.mt_LoadRDV_STG_IAS_CERTS_To_Shared_SAT_REGISTERED_REPRESENTATIVE_IAS_CERTS_DELETE/output/Failed_Target_Rows">Failed Target Rows</operation>
                                                <operation source="field"
                                                           to="temp.mt_LoadRDV_STG_IAS_CERTS_To_Shared_SAT_REGISTERED_REPRESENTATIVE_IAS_CERTS_DELETE/output/Start_Time">Start Time</operation>
                                                <operation source="field"
                                                           to="temp.mt_LoadRDV_STG_IAS_CERTS_To_Shared_SAT_REGISTERED_REPRESENTATIVE_IAS_CERTS_DELETE/output/End_Time">End Time</operation>
                                                <operation source="field"
                                                           to="temp.mt_LoadRDV_STG_IAS_CERTS_To_Shared_SAT_REGISTERED_REPRESENTATIVE_IAS_CERTS_DELETE/output/Error_Message">Error Message</operation>
                                             </serviceOutput>
                                          </service>
                                          <events>
                                             <catch faultField="temp.mt_LoadRDV_STG_IAS_CERTS_To_Shared_SAT_REGISTERED_REPRESENTATIVE_IAS_CERTS_DELETE/fault"
                                                    id="klblvv6v"
                                                    interrupting="true"
                                                    name="error">
                                                <suspend/>
                                             </catch>
                                             <catch faultField="temp.mt_LoadRDV_STG_IAS_CERTS_To_Shared_SAT_REGISTERED_REPRESENTATIVE_IAS_CERTS_DELETE/fault"
                                                    id="klblvv6w"
                                                    interrupting="true"
                                                    name="warning"/>
                                          </events>
                                       </eventContainer>
                                       <link id="knops967" targetId="knops95d" type="containerLink"/>
                                    </flow>
                                    <link id="knops95w" targetId="knops95e" type="containerLink"/>
                                    <link id="knops95x" targetId="knops95h" type="containerLink"/>
                                    <link id="knops95y" targetId="knops95k" type="containerLink"/>
                                    <link id="knops95z" targetId="knops95n" type="containerLink"/>
                                    <link id="knops960" targetId="knops95q" type="containerLink"/>
                                    <link id="knops961" targetId="knops95t" type="containerLink"/>
                                 </container>
                                 <link id="knops94x" targetId="knops94s" type="containerLink"/>
                              </flow>
                              <flow id="knops94z">
                                 <link id="knops950" targetId="knops94s" type="containerLink"/>
                              </flow>
                              <link id="knops94v" targetId="knops94w" type="containerLink">
                                 <condition source="formula">
                                    <function name="greater-than">
                                       <arg name="left">{$temp.mt_STG_count[1]/inout[1]/io_rowCount}</arg>
                                       <arg name="right">{0}</arg>
                                    </function>
                                 </condition>
                              </link>
                              <link id="knops94y" targetId="knops94z" type="containerLink"/>
                           </container>
                           <link id="kfkk0zt4" targetId="kfkk0zt0" type="containerLink"/>
                        </flow>
                        <flow id="kfkk0zt6">
                           <throw id="kfkk0zu3">
                              <title>Throw_Error_StartJob</title>
                              <throwInput>
                                 <parameter name="code" source="field" updatable="true">temp.dt_Audit_StartJob[1]/inout[1]/io_Result</parameter>
                                 <parameter name="detail" source="constant" updatable="true"/>
                                 <parameter name="reason" source="constant" updatable="true"/>
                              </throwInput>
                           </throw>
                        </flow>
                        <link id="kfkk0zt2" targetId="kfkk0zt3" type="containerLink">
                           <condition source="formula">
                              <function name="contains">
                                 <arg name="left">{$temp.dt_Audit_StartJob[1]/inout[1]/io_Result}</arg>
                                 <arg name="right">SUCCESS</arg>
                              </function>
                           </condition>
                        </link>
                        <link id="kfkk0zt5" targetId="kfkk0zt6" type="containerLink"/>
                        <link id="kfkk100x" targetId="kfkk101o"/>
                     </container>
                     <link id="kfkk0zpo" targetId="kfkk0zpj" type="containerLink"/>
                  </flow>
                  <flow id="kfkk0zpq">
                     <link id="kfkk0zpr" targetId="kfkk0zpj" type="containerLink"/>
                  </flow>
                  <link id="kfkk0zpm" targetId="kfkk0zpn" type="containerLink">
                     <condition source="formula">
                        <function name="contains">
                           <arg name="left">{$temp.temp_filename}</arg>
                           <arg name="right">REGISTERED_REPRESENTATIVE__</arg>
                        </function>
                     </condition>
                  </link>
                  <link id="kfkk0zpp" targetId="kfkk0zpq" type="containerLink"/>
                  <link id="kfkk0zve" targetId="c"/>
               </container>
               <end id="c"/>
            </flow>
            <dependencies>
               <processObject xmlns="http://schemas.active-endpoints.com/appmodules/screenflow/2011/06/avosHostEnvironment.xsd"
                              displayName="mt-Audit-EndJob"
                              isByCopy="true"
                              name="mt-Audit-EndJob">
                  <description/>
                  <tags/>
                  <detail>
                     <field label="Input Parameters" name="input" type="reference"/>
                     <field label="InOut Parameters" name="inout" type="reference"/>
                     <field label="TaskProperties Parameters"
                            name="taskProperties"
                            type="reference"/>
                     <field label="Output Parameters" name="output" type="reference"/>
                     <field label="Fault" name="fault" type="reference"/>
                  </detail>
               </processObject>
               <processObject xmlns="http://schemas.active-endpoints.com/appmodules/screenflow/2011/06/avosHostEnvironment.xsd"
                              displayName="mt-Audit-StartJob"
                              isByCopy="true"
                              name="mt-Audit-StartJob">
                  <description/>
                  <tags/>
                  <detail>
                     <field label="Input Parameters" name="input" type="reference"/>
                     <field label="InOut Parameters" name="inout" type="reference"/>
                     <field label="TaskProperties Parameters"
                            name="taskProperties"
                            type="reference"/>
                     <field label="Output Parameters" name="output" type="reference"/>
                     <field label="Fault" name="fault" type="reference"/>
                  </detail>
               </processObject>
               <processObject xmlns="http://schemas.active-endpoints.com/appmodules/screenflow/2011/06/avosHostEnvironment.xsd"
                              displayName="m-LoadSTG-PSA-IAS-CERT-To-STG-REGISTERED-REPRESENTATIVE-RECEPTION-IAS-CERTS"
                              isByCopy="true"
                              name="m-LoadSTG-PSA-IAS-CERT-To-STG-REGISTERED-REPRESENTATIVE-RECEPTION-IAS-CERTS">
                  <description/>
                  <tags/>
                  <detail>
                     <field label="InOut Parameters" name="inout" type="reference"/>
                     <field label="TaskProperties Parameters"
                            name="taskProperties"
                            type="reference"/>
                     <field label="Output Parameters" name="output" type="reference"/>
                     <field label="Fault" name="fault" type="reference"/>
                  </detail>
               </processObject>
               <processObject xmlns="http://schemas.active-endpoints.com/appmodules/screenflow/2011/06/avosHostEnvironment.xsd"
                              displayName="mt-STG-count"
                              isByCopy="true"
                              name="mt-STG-count">
                  <description/>
                  <tags/>
                  <detail>
                     <field label="Input Parameters" name="input" type="reference"/>
                     <field label="InOut Parameters" name="inout" type="reference"/>
                     <field label="TaskProperties Parameters"
                            name="taskProperties"
                            type="reference"/>
                     <field label="Output Parameters" name="output" type="reference"/>
                     <field label="Fault" name="fault" type="reference"/>
                  </detail>
               </processObject>
               <processObject xmlns="http://schemas.active-endpoints.com/appmodules/screenflow/2011/06/avosHostEnvironment.xsd"
                              displayName="mt-LoadRDV-STG-IAS-CERT-To-Shared-HUB-Advisor-IAS-CERTS"
                              isByCopy="true"
                              name="mt-LoadRDV-STG-IAS-CERT-To-Shared-HUB-Advisor-IAS-CERTS">
                  <description/>
                  <tags/>
                  <detail>
                     <field label="Input Parameters" name="input" type="reference"/>
                     <field label="InOut Parameters" name="inout" type="reference"/>
                     <field label="TaskProperties Parameters"
                            name="taskProperties"
                            type="reference"/>
                     <field label="Output Parameters" name="output" type="reference"/>
                     <field label="Fault" name="fault" type="reference"/>
                  </detail>
               </processObject>
               <processObject xmlns="http://schemas.active-endpoints.com/appmodules/screenflow/2011/06/avosHostEnvironment.xsd"
                              displayName="mt-LoadRDV-STG-IAS-CERTS-To-Shared-SatAdvisor-insert"
                              isByCopy="true"
                              name="mt-LoadRDV-STG-IAS-CERTS-To-Shared-SatAdvisor-insert">
                  <description/>
                  <tags/>
                  <detail>
                     <field label="Input Parameters" name="input" type="reference"/>
                     <field label="InOut Parameters" name="inout" type="reference"/>
                     <field label="TaskProperties Parameters"
                            name="taskProperties"
                            type="reference"/>
                     <field label="Output Parameters" name="output" type="reference"/>
                     <field label="Fault" name="fault" type="reference"/>
                  </detail>
               </processObject>
               <processObject xmlns="http://schemas.active-endpoints.com/appmodules/screenflow/2011/06/avosHostEnvironment.xsd"
                              displayName="mt-LoadRDV-STG-IAS-CERTS-To-Shared-SatAdvisor-Delete"
                              isByCopy="true"
                              name="mt-LoadRDV-STG-IAS-CERTS-To-Shared-SatAdvisor-Delete">
                  <description/>
                  <tags/>
                  <detail>
                     <field label="Input Parameters" name="input" type="reference"/>
                     <field label="InOut Parameters" name="inout" type="reference"/>
                     <field label="TaskProperties Parameters"
                            name="taskProperties"
                            type="reference"/>
                     <field label="Output Parameters" name="output" type="reference"/>
                     <field label="Fault" name="fault" type="reference"/>
                  </detail>
               </processObject>
               <processObject xmlns="http://schemas.active-endpoints.com/appmodules/screenflow/2011/06/avosHostEnvironment.xsd"
                              displayName="mt-LoadRDV-STG-IAS-CERTS-To-Shared-HubRegisteredRepresentative"
                              isByCopy="true"
                              name="mt-LoadRDV-STG-IAS-CERTS-To-Shared-HubRegisteredRepresentative">
                  <description/>
                  <tags/>
                  <detail>
                     <field label="Input Parameters" name="input" type="reference"/>
                     <field label="InOut Parameters" name="inout" type="reference"/>
                     <field label="TaskProperties Parameters"
                            name="taskProperties"
                            type="reference"/>
                     <field label="Output Parameters" name="output" type="reference"/>
                     <field label="Fault" name="fault" type="reference"/>
                  </detail>
               </processObject>
               <processObject xmlns="http://schemas.active-endpoints.com/appmodules/screenflow/2011/06/avosHostEnvironment.xsd"
                              displayName="mt-LoadRDV-STG-IAS-CERTS-To-Shared-SAT-REGISTERED-REPRESENTATIVE-IAS-CERTS-INSERT"
                              isByCopy="true"
                              name="mt-LoadRDV-STG-IAS-CERTS-To-Shared-SAT-REGISTERED-REPRESENTATIVE-IAS-CERTS-INSERT">
                  <description/>
                  <tags/>
                  <detail>
                     <field label="Input Parameters" name="input" type="reference"/>
                     <field label="InOut Parameters" name="inout" type="reference"/>
                     <field label="TaskProperties Parameters"
                            name="taskProperties"
                            type="reference"/>
                     <field label="Output Parameters" name="output" type="reference"/>
                     <field label="Fault" name="fault" type="reference"/>
                  </detail>
               </processObject>
               <processObject xmlns="http://schemas.active-endpoints.com/appmodules/screenflow/2011/06/avosHostEnvironment.xsd"
                              displayName="mt-LoadRDV-STG-IAS-CERTS-To-Shared-SAT-REGISTERED-REPRESENTATIVE-IAS-CERTS-DELETE"
                              isByCopy="true"
                              name="mt-LoadRDV-STG-IAS-CERTS-To-Shared-SAT-REGISTERED-REPRESENTATIVE-IAS-CERTS-DELETE">
                  <description/>
                  <tags/>
                  <detail>
                     <field label="Input Parameters" name="input" type="reference"/>
                     <field label="InOut Parameters" name="inout" type="reference"/>
                     <field label="TaskProperties Parameters"
                            name="taskProperties"
                            type="reference"/>
                     <field label="Output Parameters" name="output" type="reference"/>
                     <field label="Fault" name="fault" type="reference"/>
                  </detail>
               </processObject>
               <processObject xmlns="http://schemas.active-endpoints.com/appmodules/screenflow/2011/06/avosHostEnvironment.xsd"
                              displayName="m-LoadSTG-SPLIT-VIEW-To-STG-REGISTERED-REPRESENTATIVE-IAS-CERTS"
                              isByCopy="true"
                              name="m-LoadSTG-SPLIT-VIEW-To-STG-REGISTERED-REPRESENTATIVE-IAS-CERTS">
                  <description/>
                  <tags/>
                  <detail>
                     <field label="TaskProperties Parameters"
                            name="taskProperties"
                            type="reference"/>
                     <field label="Output Parameters" name="output" type="reference"/>
                     <field label="Fault" name="fault" type="reference"/>
                  </detail>
               </processObject>
               <processObject xmlns="http://schemas.active-endpoints.com/appmodules/screenflow/2011/06/avosHostEnvironment.xsd"
                              displayName="INTERNALB2BFILELISTENER1565084895"
                              isByCopy="true"
                              name="INTERNALB2BFILELISTENER1565084895">
                  <description>This process object represents a taskflow specific file task field details.</description>
                  <tags/>
                  <detail>
                     <field label="Arrived Files" name="arrivedFiles" type="objectlist">
                        <options>
                           <option name="referenceTo">$po:INTERNALB2BFILELISTENER1565084895-arrivedFiles</option>
                           <option name="relationshipName">Child</option>
                           <option hide="true" name="multiSelect">true</option>
                           <option name="required">false</option>
                        </options>
                     </field>
                     <field label="Update Files" name="updatedFiles" type="objectlist">
                        <options>
                           <option name="referenceTo">$po:INTERNALB2BFILELISTENER1565084895-updatedFiles</option>
                           <option name="relationshipName">Child</option>
                           <option hide="true" name="multiSelect">true</option>
                           <option name="required">false</option>
                        </options>
                     </field>
                     <field label="Deleted Files" name="deletedFiles" type="objectlist">
                        <options>
                           <option name="referenceTo">$po:INTERNALB2BFILELISTENER1565084895-deletedFiles</option>
                           <option name="relationshipName">Child</option>
                           <option hide="true" name="multiSelect">true</option>
                           <option name="required">false</option>
                        </options>
                     </field>
                  </detail>
               </processObject>
               <processObject xmlns="http://schemas.active-endpoints.com/appmodules/screenflow/2011/06/avosHostEnvironment.xsd"
                              displayName="INTERNALB2BFILELISTENER1565084895-updatedFiles"
                              isByCopy="true"
                              name="INTERNALB2BFILELISTENER1565084895-updatedFiles">
                  <description>This process object represents a updatedFiles structure of the file task field.This is in case of taskflow.</description>
                  <tags/>
                  <detail>
                     <field label="Path" name="path" type="string"/>
                     <field label="Name" name="name" type="string"/>
                     <field label="Size" name="size" type="string"/>
                     <field label="Last Modified" name="lastModified" type="string"/>
                  </detail>
               </processObject>
               <processObject xmlns="http://schemas.active-endpoints.com/appmodules/screenflow/2011/06/avosHostEnvironment.xsd"
                              displayName="INTERNALB2BFILELISTENER1565084895-arrivedFiles"
                              isByCopy="true"
                              name="INTERNALB2BFILELISTENER1565084895-arrivedFiles">
                  <description>This process object represents a arrivedFiles structure of the file task field.This is in case of taskflow.</description>
                  <tags/>
                  <detail>
                     <field label="Path" name="path" type="string"/>
                     <field label="Name" name="name" type="string"/>
                     <field label="Size" name="size" type="string"/>
                     <field label="Last Modified" name="lastModified" type="string"/>
                  </detail>
               </processObject>
               <processObject xmlns="http://schemas.active-endpoints.com/appmodules/screenflow/2011/06/avosHostEnvironment.xsd"
                              displayName="INTERNALB2BFILELISTENER1565084895-deletedFiles"
                              isByCopy="true"
                              name="INTERNALB2BFILELISTENER1565084895-deletedFiles">
                  <description>This process object represents file listener task deletedFiles structure.This is in case of taskflow.</description>
                  <tags/>
                  <detail>
                     <field label="Path" name="path" type="string"/>
                     <field label="Name" name="name" type="string"/>
                     <field label="Size" name="size" type="string"/>
                     <field label="Last Modified" name="lastModified" type="string"/>
                  </detail>
               </processObject>
            </dependencies>
         </taskflow>
      </types1:Entry>
      <types1:GUID>5GC8ES7mnalfcr1H9I0NIj</types1:GUID>
      <types1:DisplayName>tf_LoadRDV_20-30_PSA_IAS_CERTS_to_RDV_SHARED_ADVISORS</types1:DisplayName>
   </types1:Item>
   <types1:CurrentServerDateTime>2023-03-08T18:46:30.838Z</types1:CurrentServerDateTime>
</aetgt:getResponse>
