<aetgt:getResponse xmlns:aetgt="http://schemas.active-endpoints.com/appmodules/repository/2010/10/avrepository.xsd"
                   xmlns:types1="http://schemas.active-endpoints.com/appmodules/repository/2010/10/avrepository.xsd">
   <types1:Item>
      <types1:EntryId>rswVYx8R8WrY1Sy-gt-52338169-2022-02-07T18:24:23.288Z::tf.xml</types1:EntryId>
      <types1:Name>tf_LoadDM_65_Reconciliation</types1:Name>
      <types1:MimeType>application/xml+taskflow</types1:MimeType>
      <types1:Description/>
      <types1:AppliesTo/>
      <types1:Tags/>
      <types1:VersionLabel>1.0</types1:VersionLabel>
      <types1:State>CURRENT</types1:State>
      <types1:ProcessGroup/>
      <types1:CreatedBy>pradeep.poptani@ia.ca</types1:CreatedBy>
      <types1:CreationDate>2022-02-07T18:24:23Z</types1:CreationDate>
      <types1:ModifiedBy>aazam.khan@ia.ca</types1:ModifiedBy>
      <types1:ModificationDate>2022-10-06T20:01:09Z</types1:ModificationDate>
      <types1:PublicationStatus>published</types1:PublicationStatus>
      <types1:PublishedBy>aazam.khan@ia.ca</types1:PublishedBy>
      <types1:PublicationDate>2022-10-06T20:01:22Z</types1:PublicationDate>
      <types1:PublishedContributionId>project:/tf.tf_LoadDM_65_Reconciliation/tf_LoadDM_65_Reconciliation.tf.xml</types1:PublishedContributionId>
      <types1:AutosaveExists>false</types1:AutosaveExists>
      <types1:Entry>
         <taskflow xmlns="http://schemas.active-endpoints.com/appmodules/screenflow/2010/10/avosScreenflow.xsd"
                   xmlns:tfm="http://schemas.active-endpoints.com/appmodules/screenflow/2021/04/taskflowModel.xsd"
                   xmlns:list="urn:activevos:spi:list:functions"
                   displayName="tf_LoadDM_65_Reconciliation"
                   name="tf_LoadDM_65_Reconciliation"
                   overrideAPIName="false">
            <parameterSet xmlns="http://schemas.active-endpoints.com/appmodules/screenflow/2021/04/taskflowModel.xsd"/>
            <appliesTo/>
            <description/>
            <tags/>
            <generator>Informatica Process Designer 11</generator>
            <tempFields>
               <field description="" name="dt_Audit_StartJob_NextDate" type="reference">
                  <options>
                     <option name="referenceTo">$po:mt-audit-startJob-NextDate</option>
                     <option name="failOnNotRun">false</option>
                     <option name="failOnFault">false</option>
                  </options>
               </field>
               <field description="" name="temp_JobName" type="string">
                  <options>
                     <option name="required">false</option>
                  </options>
               </field>
               <field description="" name="temp_tf_Audit_ID" type="string">
                  <options>
                     <option name="required">false</option>
                  </options>
               </field>
               <field description="" name="temp_dataStartDate" type="date">
                  <options>
                     <option name="required">false</option>
                  </options>
               </field>
               <field description="" name="temp_name" type="string">
                  <options>
                     <option name="required">false</option>
                  </options>
               </field>
               <field description="" name="temp_parttern" type="string">
                  <options>
                     <option name="required">false</option>
                  </options>
               </field>
               <field description="" name="temp_name_revn" type="string">
                  <options>
                     <option name="required">false</option>
                  </options>
               </field>
               <field description="" name="temp_pattern_revn" type="string">
                  <options>
                     <option name="required">false</option>
                  </options>
               </field>
               <field description="" name="dt_Recon_Trxn" type="reference">
                  <options>
                     <option name="failOnNotRun">false</option>
                     <option name="failOnFault">false</option>
                     <option name="referenceTo">$po:mt-reconcilication-Trxn</option>
                  </options>
               </field>
               <field description="" name="dt_Recon_Revenue" type="reference">
                  <options>
                     <option name="failOnNotRun">false</option>
                     <option name="failOnFault">false</option>
                     <option name="referenceTo">$po:mt-reconcilication-Revenue</option>
                  </options>
               </field>
               <field description="" name="temp_name_adv_start_date" type="string">
                  <options>
                     <option name="required">false</option>
                  </options>
               </field>
               <field description="" name="temp_pattern_adv_start_date" type="string">
                  <options>
                     <option name="required">false</option>
                  </options>
               </field>
               <field description="" name="dt_Recon_Advisor" type="reference">
                  <options>
                     <option name="failOnNotRun">false</option>
                     <option name="failOnFault">false</option>
                     <option name="referenceTo">$po:mt-reconcilication-advisor</option>
                  </options>
               </field>
               <field description="" name="dt_Audit_EndJob" type="reference">
                  <options>
                     <option name="referenceTo">$po:mt-audit-EndJob</option>
                  </options>
               </field>
               <field description="" name="temp_name_kpi_clarington" type="string">
                  <options>
                     <option name="required">false</option>
                  </options>
               </field>
               <field description="" name="temp_pattern_kpi_clarington" type="string">
                  <options>
                     <option name="required">false</option>
                  </options>
               </field>
               <field description="" name="dt_Recon_KPI_Clarington" type="reference">
                  <options>
                     <option name="failOnNotRun">false</option>
                     <option name="failOnFault">false</option>
                     <option name="referenceTo">$po:mt-reconcilication-KPI-Clarington</option>
                  </options>
               </field>
               <field description="" name="temp_name_kpi_investia" type="string">
                  <options>
                     <option name="required">false</option>
                  </options>
               </field>
               <field description="" name="temp_pattern_kpi_investia" type="string">
                  <options>
                     <option name="required">false</option>
                  </options>
               </field>
               <field description="" name="dt_Recon_KPI_Investia" type="reference">
                  <options>
                     <option name="failOnNotRun">false</option>
                     <option name="failOnFault">false</option>
                     <option name="referenceTo">$po:mt-reconcilication-KPI-Investia</option>
                  </options>
               </field>
               <field description="" name="temp_pattern_kpi_IAPW" type="string">
                  <options>
                     <option name="required">false</option>
                  </options>
               </field>
               <field description="" name="temp_name_kpi_IAPW" type="string">
                  <options>
                     <option name="required">false</option>
                  </options>
               </field>
               <field description="" name="dt_Recon_KPI_IAPW" type="reference">
                  <options>
                     <option name="failOnNotRun">false</option>
                     <option name="failOnFault">false</option>
                     <option name="referenceTo">$po:mt-reconcilication-KPI-IAPW</option>
                  </options>
               </field>
               <field description="" name="temp_pattern_depart_adv" type="string">
                  <options>
                     <option name="required">false</option>
                  </options>
               </field>
               <field description="" name="temp_name_depart_adv" type="string">
                  <options>
                     <option name="required">false</option>
                  </options>
               </field>
               <field description="" name="dt_Recon_Depart_Adv" type="reference">
                  <options>
                     <option name="failOnNotRun">false</option>
                     <option name="failOnFault">false</option>
                     <option name="referenceTo">$po:mt-reconcilication-Depart-Adv</option>
                  </options>
               </field>
               <field description="" name="dt_Recon_New_Adv" type="reference">
                  <options>
                     <option name="failOnNotRun">false</option>
                     <option name="failOnFault">false</option>
                     <option name="referenceTo">$po:mt-reconcilication-New-Adv</option>
                  </options>
               </field>
               <field description="" name="temp_pattern_new_adv" type="string">
                  <options>
                     <option name="required">false</option>
                  </options>
               </field>
               <field description="" name="temp_name_new_adv" type="string">
                  <options>
                     <option name="required">false</option>
                  </options>
               </field>
               <field description="" name="dt_Recon_AUA" type="reference">
                  <options>
                     <option name="failOnNotRun">false</option>
                     <option name="failOnFault">false</option>
                     <option name="referenceTo">$po:mt-reconcilication-AUA</option>
                  </options>
               </field>
               <field description="" name="temp_name_new_AUA" type="string">
                  <options>
                     <option name="required">false</option>
                  </options>
               </field>
               <field description="" name="temp_pattern_aua" type="string">
                  <options>
                     <option name="required">false</option>
                  </options>
               </field>
            </tempFields>
            <notes/>
            <deployment suspendOnFault="false" tracingLevel="verbose">
               <rest/>
            </deployment>
            <flow id="a">
               <start id="b">
                  <link id="kgblmv8d" targetId="kgblmv8c"/>
               </start>
               <assignment id="kgblmv8c">
                  <title>asgn_StartJob_Parameters</title>
                  <operation source="formula" to="temp.temp_JobName">
                     <expression language="XQuery">fn:concat("'",util:getAssetName(),"'")</expression>
                  </operation>
                  <operation source="formula" to="temp.temp_tf_Audit_ID">
                     <expression language="XQuery">fn:concat("'",util:getAssetName(),"-", util:getProcessId(),"'")</expression>
                  </operation>
                  <operation source="constant"
                             to="temp.dt_Audit_StartJob_NextDate[1]/inout[1]/io_DataStartDate">01/01/2000 00:00:00.000000000</operation>
                  <operation source="constant"
                             to="temp.dt_Audit_StartJob_NextDate[1]/inout[1]/io_Result">ERROR</operation>
                  <link id="kgblmv8e" targetId="kgblmv8y"/>
               </assignment>
               <eventContainer id="kgblmv8y">
                  <service id="kgblmv86">
                     <title>dt_Audit_StartJob_NextDate</title>
                     <serviceName>ICSExecuteDataTask</serviceName>
                     <serviceGUID/>
                     <serviceInput>
                        <parameter name="Wait for Task to Complete" source="constant" updatable="true">true</parameter>
                        <parameter name="Max Wait" source="constant" updatable="true">604800</parameter>
                        <parameter name="Task Name" source="constant" updatable="true">mt_audit_startJob_NextDate</parameter>
                        <parameter name="GUID" source="constant" updatable="true">6pB69fPobDah5LyjANyQG7</parameter>
                        <parameter name="Task Type" source="constant" updatable="true">MCT</parameter>
                        <parameter name="Has Inout Parameters" source="constant" updatable="true">true</parameter>
                        <parameter name="taskField" source="nested">
                           <operation source="field" to="mt-audit-startJob-NextDate">temp.dt_Audit_StartJob_NextDate</operation>
                           <operation source="field" to="mt-audit-startJob-NextDate/inout[1]/io_auditID">temp.temp_tf_Audit_ID<expression language="XQuery">fn:concat("'",fn:replace($temp.mt_audit_startJob_NextDate[1]/inout[1]/io_jobName , "'", ""),"-", util:getProcessId(),"'")</expression>
                           </operation>
                           <operation source="field" to="mt-audit-startJob-NextDate/inout[1]/io_jobName">temp.temp_JobName</operation>
                        </parameter>
                     </serviceInput>
                     <serviceOutput>
                        <operation source="field" to="temp.dt_Audit_StartJob_NextDate/output/Object_Name">Object Name</operation>
                        <operation source="field" to="temp.dt_Audit_StartJob_NextDate/output/Run_Id">Run Id</operation>
                        <operation source="field" to="temp.dt_Audit_StartJob_NextDate/output/Log_Id">Log Id</operation>
                        <operation source="field" to="temp.dt_Audit_StartJob_NextDate/output/Task_Id">Task Id</operation>
                        <operation source="field" to="temp.dt_Audit_StartJob_NextDate/output/Task_Status">Task Status</operation>
                        <operation source="field"
                                   to="temp.dt_Audit_StartJob_NextDate/output/Success_Source_Rows">Success Source Rows</operation>
                        <operation source="field"
                                   to="temp.dt_Audit_StartJob_NextDate/output/Failed_Source_Rows">Failed Source Rows</operation>
                        <operation source="field"
                                   to="temp.dt_Audit_StartJob_NextDate/output/Success_Target_Rows">Success Target Rows</operation>
                        <operation source="field"
                                   to="temp.dt_Audit_StartJob_NextDate/output/Failed_Target_Rows">Failed Target Rows</operation>
                        <operation source="field" to="temp.dt_Audit_StartJob_NextDate/output/Start_Time">Start Time</operation>
                        <operation source="field" to="temp.dt_Audit_StartJob_NextDate/output/End_Time">End Time</operation>
                        <operation source="field"
                                   to="temp.dt_Audit_StartJob_NextDate/output/Error_Message">Error Message</operation>
                        <operation source="field" to="temp.dt_Audit_StartJob_NextDate/inout/io_jobName">io_jobName</operation>
                        <operation source="field" to="temp.dt_Audit_StartJob_NextDate/inout/io_auditID">io_auditID</operation>
                        <operation source="field" to="temp.dt_Audit_StartJob_NextDate/inout/io_Result">io_Result</operation>
                        <operation source="field"
                                   to="temp.dt_Audit_StartJob_NextDate/inout/io_DataStartDate">io_DataStartDate</operation>
                     </serviceOutput>
                  </service>
                  <link id="kzt3bp7v" targetId="klwokcvj"/>
                  <events>
                     <catch faultField="temp.dt_Audit_StartJob_NextDate/fault"
                            id="kgblmv8w"
                            interrupting="true"
                            name="error">
                        <suspend/>
                     </catch>
                     <catch faultField="temp.dt_Audit_StartJob_NextDate/fault"
                            id="kgblmv8x"
                            interrupting="true"
                            name="warning"/>
                  </events>
               </eventContainer>
               <container id="klwokcvj" type="exclusive">
                  <title>dcn_StartJob_Result</title>
                  <flow id="klwokcvn">
                     <container id="kon8yoon" type="parallel">
                        <title>Parallel WT loading</title>
                        <flow id="kon8yooq">
                           <assignment id="kzfpq8i2">
                              <title>asgn_Trxn</title>
                              <operation source="formula" to="temp.temp_dataStartDate">
                                 <expression language="XQuery">fn:concat("'",date:toChar(date:toDate($temp.dt_Audit_StartJob_NextDate[1]/inout[1]/io_DataStartDate , 'MM/DD/YYYY 00:00:00.000000000'),'YYYY-MM-DD'),"'")</expression>
                              </operation>
                              <operation source="constant" to="temp.temp_name">VAL001_IAPW_DWH_TRANSLINK_FINANCIAL_TRANSACTION_MISSING_TRANSACTION_TYPE</operation>
                              <operation source="constant" to="temp.temp_parttern">TRANSACTION_MISSING</operation>
                              <link id="l0h6yzzx" targetId="l0h6yzxr"/>
                           </assignment>
                           <eventContainer id="l0h6yzxr">
                              <service id="l0h6yzw5">
                                 <title>dt_Recon_Trxn</title>
                                 <serviceName>ICSExecuteDataTask</serviceName>
                                 <serviceGUID/>
                                 <serviceInput>
                                    <parameter name="Wait for Task to Complete" source="constant" updatable="true">true</parameter>
                                    <parameter name="Max Wait" source="constant" updatable="true">604800</parameter>
                                    <parameter name="Task Name" source="constant" updatable="true">mt_reconcilication_Trxn</parameter>
                                    <parameter name="GUID" source="constant" updatable="true">7UfGnFNByskbms0PIIeiOr</parameter>
                                    <parameter name="Task Type" source="constant" updatable="true">MCT</parameter>
                                    <parameter name="Has Inout Parameters" source="constant" updatable="true">true</parameter>
                                    <parameter name="taskField" source="nested">
                                       <operation source="field" to="mt-reconcilication-Trxn">temp.dt_Recon_Trxn</operation>
                                       <operation source="field" to="mt-reconcilication-Trxn/inout[1]/io_auditID">temp.temp_tf_Audit_ID</operation>
                                       <operation source="field" to="mt-reconcilication-Trxn/inout[1]/io_DataStartDate">temp.temp_dataStartDate</operation>
                                       <operation source="field" to="mt-reconcilication-Trxn/inout[1]/io_name">temp.temp_name</operation>
                                       <operation source="field" to="mt-reconcilication-Trxn/inout[1]/io_pattern">temp.temp_parttern</operation>
                                    </parameter>
                                 </serviceInput>
                                 <serviceOutput>
                                    <operation source="field" to="temp.dt_Recon_Trxn/output/Object_Name">Object Name</operation>
                                    <operation source="field" to="temp.dt_Recon_Trxn/output/Run_Id">Run Id</operation>
                                    <operation source="field" to="temp.dt_Recon_Trxn/output/Log_Id">Log Id</operation>
                                    <operation source="field" to="temp.dt_Recon_Trxn/output/Task_Id">Task Id</operation>
                                    <operation source="field" to="temp.dt_Recon_Trxn/output/Task_Status">Task Status</operation>
                                    <operation source="field" to="temp.dt_Recon_Trxn/output/Success_Source_Rows">Success Source Rows</operation>
                                    <operation source="field" to="temp.dt_Recon_Trxn/output/Failed_Source_Rows">Failed Source Rows</operation>
                                    <operation source="field" to="temp.dt_Recon_Trxn/output/Success_Target_Rows">Success Target Rows</operation>
                                    <operation source="field" to="temp.dt_Recon_Trxn/output/Failed_Target_Rows">Failed Target Rows</operation>
                                    <operation source="field" to="temp.dt_Recon_Trxn/output/Start_Time">Start Time</operation>
                                    <operation source="field" to="temp.dt_Recon_Trxn/output/End_Time">End Time</operation>
                                    <operation source="field" to="temp.dt_Recon_Trxn/output/Error_Message">Error Message</operation>
                                    <operation source="field" to="temp.dt_Recon_Trxn/output/TotalTransErrors">Total Transformation Errors</operation>
                                    <operation source="field" to="temp.dt_Recon_Trxn/output/FirstErrorCode">First Error Code</operation>
                                    <operation source="field" to="temp.dt_Recon_Trxn/inout/io_auditID">io_auditID</operation>
                                    <operation source="field" to="temp.dt_Recon_Trxn/inout/io_DataStartDate">io_DataStartDate</operation>
                                    <operation source="field" to="temp.dt_Recon_Trxn/inout/io_name">io_name</operation>
                                    <operation source="field" to="temp.dt_Recon_Trxn/inout/io_pattern">io_pattern</operation>
                                 </serviceOutput>
                              </service>
                              <events>
                                 <catch faultField="temp.dt_Recon_Trxn/fault"
                                        id="l0h6yzxp"
                                        interrupting="true"
                                        name="error">
                                    <suspend/>
                                 </catch>
                                 <catch faultField="temp.dt_Recon_Trxn/fault"
                                        id="l0h6yzxq"
                                        interrupting="true"
                                        name="warning"/>
                              </events>
                           </eventContainer>
                           <link id="kon8yoor" targetId="kon8yoon" type="containerLink"/>
                        </flow>
                        <flow id="kzfpq8ht">
                           <assignment id="kzfpq8jf">
                              <title>asgn_Revn</title>
                              <operation source="formula" to="temp.temp_dataStartDate">
                                 <expression language="XQuery">fn:concat("'",date:toChar(date:toDate($temp.dt_Audit_StartJob_NextDate[1]/inout[1]/io_DataStartDate , 'MM/DD/YYYY 00:00:00.000000000'),'YYYY-MM-DD'),"'")</expression>
                              </operation>
                              <operation source="constant" to="temp.temp_name_revn">VAL002_IAPW_DM_FACT_REVENUE_REVENUES_AMOUNTS_MISMATCHED</operation>
                              <operation source="constant" to="temp.temp_pattern_revn">FACT_REVENUE_REVENUES_AMOUNTS_MISMATCHED</operation>
                              <link id="l0h6z067" targetId="l0h6z039"/>
                           </assignment>
                           <eventContainer id="l0h6z039">
                              <service id="l0h6z02c">
                                 <title>dt_Recon_Revenue</title>
                                 <serviceName>ICSExecuteDataTask</serviceName>
                                 <serviceGUID/>
                                 <serviceInput>
                                    <parameter name="Wait for Task to Complete" source="constant" updatable="true">true</parameter>
                                    <parameter name="Max Wait" source="constant" updatable="true">604800</parameter>
                                    <parameter name="Task Name" source="constant" updatable="true">mt_reconcilication_Revenue</parameter>
                                    <parameter name="GUID" source="constant" updatable="true">6jLEhrwx3UtcdioA3N47C2</parameter>
                                    <parameter name="Task Type" source="constant" updatable="true">MCT</parameter>
                                    <parameter name="Has Inout Parameters" source="constant" updatable="true">true</parameter>
                                    <parameter name="taskField" source="nested">
                                       <operation source="field" to="mt-reconcilication-Revenue">temp.dt_Recon_Revenue</operation>
                                       <operation source="field" to="mt-reconcilication-Revenue/inout[1]/io_auditID">temp.temp_tf_Audit_ID</operation>
                                       <operation source="field"
                                                  to="mt-reconcilication-Revenue/inout[1]/io_DataStartDate">temp.temp_dataStartDate</operation>
                                       <operation source="field" to="mt-reconcilication-Revenue/inout[1]/io_name">temp.temp_name_revn</operation>
                                       <operation source="field" to="mt-reconcilication-Revenue/inout[1]/io_pattern">temp.temp_pattern_revn</operation>
                                    </parameter>
                                 </serviceInput>
                                 <serviceOutput>
                                    <operation source="field" to="temp.dt_Recon_Revenue/output/Object_Name">Object Name</operation>
                                    <operation source="field" to="temp.dt_Recon_Revenue/output/Run_Id">Run Id</operation>
                                    <operation source="field" to="temp.dt_Recon_Revenue/output/Log_Id">Log Id</operation>
                                    <operation source="field" to="temp.dt_Recon_Revenue/output/Task_Id">Task Id</operation>
                                    <operation source="field" to="temp.dt_Recon_Revenue/output/Task_Status">Task Status</operation>
                                    <operation source="field" to="temp.dt_Recon_Revenue/output/Success_Source_Rows">Success Source Rows</operation>
                                    <operation source="field" to="temp.dt_Recon_Revenue/output/Failed_Source_Rows">Failed Source Rows</operation>
                                    <operation source="field" to="temp.dt_Recon_Revenue/output/Success_Target_Rows">Success Target Rows</operation>
                                    <operation source="field" to="temp.dt_Recon_Revenue/output/Failed_Target_Rows">Failed Target Rows</operation>
                                    <operation source="field" to="temp.dt_Recon_Revenue/output/Start_Time">Start Time</operation>
                                    <operation source="field" to="temp.dt_Recon_Revenue/output/End_Time">End Time</operation>
                                    <operation source="field" to="temp.dt_Recon_Revenue/output/Error_Message">Error Message</operation>
                                    <operation source="field" to="temp.dt_Recon_Revenue/output/TotalTransErrors">Total Transformation Errors</operation>
                                    <operation source="field" to="temp.dt_Recon_Revenue/output/FirstErrorCode">First Error Code</operation>
                                    <operation source="field" to="temp.dt_Recon_Revenue/inout/io_auditID">io_auditID</operation>
                                    <operation source="field" to="temp.dt_Recon_Revenue/inout/io_DataStartDate">io_DataStartDate</operation>
                                    <operation source="field" to="temp.dt_Recon_Revenue/inout/io_name">io_name</operation>
                                    <operation source="field" to="temp.dt_Recon_Revenue/inout/io_pattern">io_pattern</operation>
                                 </serviceOutput>
                              </service>
                              <events>
                                 <catch faultField="temp.dt_Recon_Revenue/fault"
                                        id="l0h6z037"
                                        interrupting="true"
                                        name="error">
                                    <suspend/>
                                 </catch>
                                 <catch faultField="temp.dt_Recon_Revenue/fault"
                                        id="l0h6z038"
                                        interrupting="true"
                                        name="warning"/>
                              </events>
                           </eventContainer>
                           <link id="kzfpq8hu" targetId="kon8yoon" type="containerLink"/>
                        </flow>
                        <flow id="l0h6z09s">
                           <assignment id="l0h6z0di">
                              <title>asgn_Advisor_Start_Date</title>
                              <operation source="formula" to="temp.temp_dataStartDate">
                                 <expression language="XQuery">fn:concat("'",date:toChar(date:toDate($temp.dt_Audit_StartJob_NextDate[1]/inout[1]/io_DataStartDate , 'MM/DD/YYYY 00:00:00.000000000'),'YYYY-MM-DD'),"'")</expression>
                              </operation>
                              <operation source="constant" to="temp.temp_pattern_adv_start_date">DIM_ADVISOR_MISSING_START_DATE</operation>
                              <operation source="constant" to="temp.temp_name_adv_start_date">VAL003_IAPW_DM_DIM_ADVISOR_MISSING_START_DATE</operation>
                              <link id="l0h6z0hs" targetId="l0ibn2dl"/>
                           </assignment>
                           <eventContainer id="l0ibn2dl">
                              <service id="l0h6z0hr">
                                 <title>dt_Recon_Advisor</title>
                                 <serviceName>ICSExecuteDataTask</serviceName>
                                 <serviceGUID/>
                                 <serviceInput>
                                    <parameter name="Wait for Task to Complete" source="constant" updatable="true">true</parameter>
                                    <parameter name="Max Wait" source="constant" updatable="true">604800</parameter>
                                    <parameter name="Task Name" source="constant" updatable="true">mt_reconcilication_advisor</parameter>
                                    <parameter name="GUID" source="constant" updatable="true">gw8X0kWTOq9dEk7s995kiL</parameter>
                                    <parameter name="Task Type" source="constant" updatable="true">MCT</parameter>
                                    <parameter name="Has Inout Parameters" source="constant" updatable="true">true</parameter>
                                    <parameter name="taskField" source="nested">
                                       <operation source="field" to="mt-reconcilication-advisor">temp.dt_Recon_Advisor</operation>
                                       <operation source="field" to="mt-reconcilication-advisor/inout[1]/io_auditID">temp.temp_tf_Audit_ID</operation>
                                       <operation source="field"
                                                  to="mt-reconcilication-advisor/inout[1]/io_DataStartDate">temp.temp_dataStartDate</operation>
                                       <operation source="field" to="mt-reconcilication-advisor/inout[1]/io_name">temp.temp_name_adv_start_date</operation>
                                       <operation source="field" to="mt-reconcilication-advisor/inout[1]/io_pattern">temp.temp_pattern_adv_start_date</operation>
                                    </parameter>
                                 </serviceInput>
                                 <serviceOutput>
                                    <operation source="field" to="temp.dt_Recon_Advisor/output/Object_Name">Object Name</operation>
                                    <operation source="field" to="temp.dt_Recon_Advisor/output/Run_Id">Run Id</operation>
                                    <operation source="field" to="temp.dt_Recon_Advisor/output/Log_Id">Log Id</operation>
                                    <operation source="field" to="temp.dt_Recon_Advisor/output/Task_Id">Task Id</operation>
                                    <operation source="field" to="temp.dt_Recon_Advisor/output/Task_Status">Task Status</operation>
                                    <operation source="field" to="temp.dt_Recon_Advisor/output/Success_Source_Rows">Success Source Rows</operation>
                                    <operation source="field" to="temp.dt_Recon_Advisor/output/Failed_Source_Rows">Failed Source Rows</operation>
                                    <operation source="field" to="temp.dt_Recon_Advisor/output/Success_Target_Rows">Success Target Rows</operation>
                                    <operation source="field" to="temp.dt_Recon_Advisor/output/Failed_Target_Rows">Failed Target Rows</operation>
                                    <operation source="field" to="temp.dt_Recon_Advisor/output/Start_Time">Start Time</operation>
                                    <operation source="field" to="temp.dt_Recon_Advisor/output/End_Time">End Time</operation>
                                    <operation source="field" to="temp.dt_Recon_Advisor/output/Error_Message">Error Message</operation>
                                    <operation source="field" to="temp.dt_Recon_Advisor/output/TotalTransErrors">Total Transformation Errors</operation>
                                    <operation source="field" to="temp.dt_Recon_Advisor/output/FirstErrorCode">First Error Code</operation>
                                    <operation source="field" to="temp.dt_Recon_Advisor/inout/io_auditID">io_auditID</operation>
                                    <operation source="field" to="temp.dt_Recon_Advisor/inout/io_DataStartDate">io_DataStartDate</operation>
                                    <operation source="field" to="temp.dt_Recon_Advisor/inout/io_name">io_name</operation>
                                    <operation source="field" to="temp.dt_Recon_Advisor/inout/io_pattern">io_pattern</operation>
                                 </serviceOutput>
                              </service>
                              <events>
                                 <catch faultField="temp.dt_Recon_Advisor/fault"
                                        id="l0ibn2dj"
                                        interrupting="true"
                                        name="error">
                                    <suspend/>
                                 </catch>
                                 <catch faultField="temp.dt_Recon_Advisor/fault"
                                        id="l0ibn2dk"
                                        interrupting="true"
                                        name="warning"/>
                              </events>
                           </eventContainer>
                           <link id="l0h6z09t" targetId="kon8yoon" type="containerLink"/>
                        </flow>
                        <flow id="l3c1xbbw">
                           <assignment id="l3c1xbc6">
                              <title>asgn_KPI_Clarignton</title>
                              <operation source="formula" to="temp.temp_dataStartDate">
                                 <expression language="XQuery">fn:concat("'",date:toChar(date:toDate($temp.dt_Audit_StartJob_NextDate[1]/inout[1]/io_DataStartDate , 'MM/DD/YYYY 00:00:00.000000000'),'YYYY-MM-DD'),"'")</expression>
                              </operation>
                              <operation source="constant" to="temp.temp_name_kpi_clarington">VAL004_IAPW_DM_MASTER_KPI_DATA_CLARINGTON_MISMATCHED</operation>
                              <operation source="constant" to="temp.temp_pattern_kpi_clarington">DM_MASTER_KPI_DATA_CLARINGTON_MISMATCHED</operation>
                              <link id="l3c1xbfu" targetId="l3c1xbh2"/>
                           </assignment>
                           <eventContainer id="l3c1xbh2">
                              <service id="l3c1xbft">
                                 <title>dt_Recon_KPI_Clarington</title>
                                 <serviceName>ICSExecuteDataTask</serviceName>
                                 <serviceGUID/>
                                 <serviceInput>
                                    <parameter name="Wait for Task to Complete" source="constant" updatable="true">true</parameter>
                                    <parameter name="Max Wait" source="constant" updatable="true">604800</parameter>
                                    <parameter name="Task Name" source="constant" updatable="true">mt_reconcilication_KPI_Clarington</parameter>
                                    <parameter name="GUID" source="constant" updatable="true">fLHF5keSlUQlH5xZIAEJSF</parameter>
                                    <parameter name="Task Type" source="constant" updatable="true">MCT</parameter>
                                    <parameter name="Has Inout Parameters" source="constant" updatable="true">true</parameter>
                                    <parameter name="taskField" source="nested">
                                       <operation source="field" to="mt-reconcilication-KPI-Clarington">temp.dt_Recon_KPI_Clarington</operation>
                                       <operation source="field"
                                                  to="mt-reconcilication-KPI-Clarington/inout[1]/io_auditID">temp.temp_tf_Audit_ID</operation>
                                       <operation source="field"
                                                  to="mt-reconcilication-KPI-Clarington/inout[1]/io_DataStartDate">temp.temp_dataStartDate</operation>
                                       <operation source="field" to="mt-reconcilication-KPI-Clarington/inout[1]/io_name">temp.temp_name_kpi_clarington</operation>
                                       <operation source="field"
                                                  to="mt-reconcilication-KPI-Clarington/inout[1]/io_pattern">temp.temp_pattern_kpi_clarington</operation>
                                    </parameter>
                                 </serviceInput>
                                 <serviceOutput>
                                    <operation source="field" to="temp.dt_Recon_KPI_Clarington/output/Object_Name">Object Name</operation>
                                    <operation source="field" to="temp.dt_Recon_KPI_Clarington/output/Run_Id">Run Id</operation>
                                    <operation source="field" to="temp.dt_Recon_KPI_Clarington/output/Log_Id">Log Id</operation>
                                    <operation source="field" to="temp.dt_Recon_KPI_Clarington/output/Task_Id">Task Id</operation>
                                    <operation source="field" to="temp.dt_Recon_KPI_Clarington/output/Task_Status">Task Status</operation>
                                    <operation source="field"
                                               to="temp.dt_Recon_KPI_Clarington/output/Success_Source_Rows">Success Source Rows</operation>
                                    <operation source="field"
                                               to="temp.dt_Recon_KPI_Clarington/output/Failed_Source_Rows">Failed Source Rows</operation>
                                    <operation source="field"
                                               to="temp.dt_Recon_KPI_Clarington/output/Success_Target_Rows">Success Target Rows</operation>
                                    <operation source="field"
                                               to="temp.dt_Recon_KPI_Clarington/output/Failed_Target_Rows">Failed Target Rows</operation>
                                    <operation source="field" to="temp.dt_Recon_KPI_Clarington/output/Start_Time">Start Time</operation>
                                    <operation source="field" to="temp.dt_Recon_KPI_Clarington/output/End_Time">End Time</operation>
                                    <operation source="field" to="temp.dt_Recon_KPI_Clarington/output/Error_Message">Error Message</operation>
                                    <operation source="field"
                                               to="temp.dt_Recon_KPI_Clarington/output/TotalTransErrors">Total Transformation Errors</operation>
                                    <operation source="field" to="temp.dt_Recon_KPI_Clarington/output/FirstErrorCode">First Error Code</operation>
                                    <operation source="field" to="temp.dt_Recon_KPI_Clarington/inout/io_auditID">io_auditID</operation>
                                    <operation source="field" to="temp.dt_Recon_KPI_Clarington/inout/io_DataStartDate">io_DataStartDate</operation>
                                    <operation source="field" to="temp.dt_Recon_KPI_Clarington/inout/io_name">io_name</operation>
                                    <operation source="field" to="temp.dt_Recon_KPI_Clarington/inout/io_pattern">io_pattern</operation>
                                 </serviceOutput>
                              </service>
                              <events>
                                 <catch faultField="temp.dt_Recon_KPI_Clarington/fault"
                                        id="l3c1xbh0"
                                        interrupting="true"
                                        name="error">
                                    <suspend/>
                                 </catch>
                                 <catch faultField="temp.dt_Recon_KPI_Clarington/fault"
                                        id="l3c1xbh1"
                                        interrupting="true"
                                        name="warning"/>
                              </events>
                           </eventContainer>
                           <link id="l3c1xbbx" targetId="kon8yoon" type="containerLink"/>
                        </flow>
                        <flow id="l3w1l3p1">
                           <assignment id="l3w1l3pc">
                              <title>asgn_KPI_Investia</title>
                              <operation source="formula" to="temp.temp_dataStartDate">
                                 <expression language="XQuery">fn:concat("'",date:toChar(date:toDate($temp.dt_Audit_StartJob_NextDate[1]/inout[1]/io_DataStartDate , 'MM/DD/YYYY 00:00:00.000000000'),'YYYY-MM-DD'),"'")</expression>
                              </operation>
                              <operation source="constant" to="temp.temp_name_kpi_investia">VAL005_IAPW_DM_MASTER_KPI_DATA_INVESTIA_MISMATCHED</operation>
                              <operation source="constant" to="temp.temp_pattern_kpi_investia">DM_MASTER_KPI_DATA_INVESTIA_MISMATCHED</operation>
                              <link id="l3w1l3tg" targetId="l3w1l3ud"/>
                           </assignment>
                           <eventContainer id="l3w1l3ud">
                              <service id="l3w1l3tf">
                                 <title>dt_Recon_KPI_Investia</title>
                                 <serviceName>ICSExecuteDataTask</serviceName>
                                 <serviceGUID/>
                                 <serviceInput>
                                    <parameter name="Wait for Task to Complete" source="constant" updatable="true">true</parameter>
                                    <parameter name="Max Wait" source="constant" updatable="true">604800</parameter>
                                    <parameter name="Task Name" source="constant" updatable="true">mt_reconcilication_KPI_Investia</parameter>
                                    <parameter name="GUID" source="constant" updatable="true">3HxXkLibbhSbVIk5lIsbCE</parameter>
                                    <parameter name="Task Type" source="constant" updatable="true">MCT</parameter>
                                    <parameter name="Has Inout Parameters" source="constant" updatable="true">true</parameter>
                                    <parameter name="taskField" source="nested">
                                       <operation source="field" to="mt-reconcilication-KPI-Investia">temp.dt_Recon_KPI_Investia</operation>
                                       <operation source="field" to="mt-reconcilication-KPI-Investia/inout[1]/io_auditID">temp.temp_tf_Audit_ID</operation>
                                       <operation source="field"
                                                  to="mt-reconcilication-KPI-Investia/inout[1]/io_DataStartDate">temp.temp_dataStartDate</operation>
                                       <operation source="field" to="mt-reconcilication-KPI-Investia/inout[1]/io_name">temp.temp_name_kpi_investia</operation>
                                       <operation source="field" to="mt-reconcilication-KPI-Investia/inout[1]/io_pattern">temp.temp_pattern_kpi_investia</operation>
                                    </parameter>
                                 </serviceInput>
                                 <serviceOutput>
                                    <operation source="field" to="temp.dt_Recon_KPI_Investia/output/Object_Name">Object Name</operation>
                                    <operation source="field" to="temp.dt_Recon_KPI_Investia/output/Run_Id">Run Id</operation>
                                    <operation source="field" to="temp.dt_Recon_KPI_Investia/output/Log_Id">Log Id</operation>
                                    <operation source="field" to="temp.dt_Recon_KPI_Investia/output/Task_Id">Task Id</operation>
                                    <operation source="field" to="temp.dt_Recon_KPI_Investia/output/Task_Status">Task Status</operation>
                                    <operation source="field"
                                               to="temp.dt_Recon_KPI_Investia/output/Success_Source_Rows">Success Source Rows</operation>
                                    <operation source="field"
                                               to="temp.dt_Recon_KPI_Investia/output/Failed_Source_Rows">Failed Source Rows</operation>
                                    <operation source="field"
                                               to="temp.dt_Recon_KPI_Investia/output/Success_Target_Rows">Success Target Rows</operation>
                                    <operation source="field"
                                               to="temp.dt_Recon_KPI_Investia/output/Failed_Target_Rows">Failed Target Rows</operation>
                                    <operation source="field" to="temp.dt_Recon_KPI_Investia/output/Start_Time">Start Time</operation>
                                    <operation source="field" to="temp.dt_Recon_KPI_Investia/output/End_Time">End Time</operation>
                                    <operation source="field" to="temp.dt_Recon_KPI_Investia/output/Error_Message">Error Message</operation>
                                    <operation source="field" to="temp.dt_Recon_KPI_Investia/output/TotalTransErrors">Total Transformation Errors</operation>
                                    <operation source="field" to="temp.dt_Recon_KPI_Investia/output/FirstErrorCode">First Error Code</operation>
                                    <operation source="field" to="temp.dt_Recon_KPI_Investia/inout/io_auditID">io_auditID</operation>
                                    <operation source="field" to="temp.dt_Recon_KPI_Investia/inout/io_DataStartDate">io_DataStartDate</operation>
                                    <operation source="field" to="temp.dt_Recon_KPI_Investia/inout/io_name">io_name</operation>
                                    <operation source="field" to="temp.dt_Recon_KPI_Investia/inout/io_pattern">io_pattern</operation>
                                 </serviceOutput>
                              </service>
                              <events>
                                 <catch faultField="temp.dt_Recon_KPI_Investia/fault"
                                        id="l3w1l3ub"
                                        interrupting="true"
                                        name="error">
                                    <suspend/>
                                 </catch>
                                 <catch faultField="temp.dt_Recon_KPI_Investia/fault"
                                        id="l3w1l3uc"
                                        interrupting="true"
                                        name="warning"/>
                              </events>
                           </eventContainer>
                           <link id="l3w1l3p2" targetId="kon8yoon" type="containerLink"/>
                        </flow>
                        <flow id="l3yherh5">
                           <assignment id="l3yherhp">
                              <title>asgn_KPI_IAPW</title>
                              <operation source="formula" to="temp.temp_dataStartDate">
                                 <expression language="XQuery">fn:concat("'",date:toChar(date:toDate($temp.dt_Audit_StartJob_NextDate[1]/inout[1]/io_DataStartDate , 'MM/DD/YYYY 00:00:00.000000000'),'YYYY-MM-DD'),"'")</expression>
                              </operation>
                              <operation source="constant" to="temp.temp_name_kpi_IAPW">VAL006_IAPW_DM_MASTER_KPI_DATA_IAPW_MISMATCHED</operation>
                              <operation source="constant" to="temp.temp_pattern_kpi_IAPW">DM_MASTER_KPI_DATA_IAPW_MISMATCHED</operation>
                              <link id="l3yhernp" targetId="l3yheron"/>
                           </assignment>
                           <eventContainer id="l3yheron">
                              <service id="l3yherno">
                                 <title>dt_Recon_KPI_IAPW</title>
                                 <serviceName>ICSExecuteDataTask</serviceName>
                                 <serviceGUID/>
                                 <serviceInput>
                                    <parameter name="Wait for Task to Complete" source="constant" updatable="true">true</parameter>
                                    <parameter name="Max Wait" source="constant" updatable="true">604800</parameter>
                                    <parameter name="Task Name" source="constant" updatable="true">mt_reconcilication_KPI_IAPW</parameter>
                                    <parameter name="GUID" source="constant" updatable="true">jGIVLBFHDuMl3Izj00R7gm</parameter>
                                    <parameter name="Task Type" source="constant" updatable="true">MCT</parameter>
                                    <parameter name="Has Inout Parameters" source="constant" updatable="true">true</parameter>
                                    <parameter name="taskField" source="nested">
                                       <operation source="field" to="mt-reconcilication-KPI-IAPW">temp.dt_Recon_KPI_IAPW</operation>
                                       <operation source="field" to="mt-reconcilication-KPI-IAPW/inout[1]/io_auditID">temp.temp_tf_Audit_ID</operation>
                                       <operation source="field"
                                                  to="mt-reconcilication-KPI-IAPW/inout[1]/io_DataStartDate">temp.temp_dataStartDate</operation>
                                       <operation source="field" to="mt-reconcilication-KPI-IAPW/inout[1]/io_name">temp.temp_name_kpi_IAPW</operation>
                                       <operation source="field" to="mt-reconcilication-KPI-IAPW/inout[1]/io_pattern">temp.temp_pattern_kpi_IAPW</operation>
                                    </parameter>
                                 </serviceInput>
                                 <serviceOutput>
                                    <operation source="field" to="temp.dt_Recon_KPI_IAPW/output/Object_Name">Object Name</operation>
                                    <operation source="field" to="temp.dt_Recon_KPI_IAPW/output/Run_Id">Run Id</operation>
                                    <operation source="field" to="temp.dt_Recon_KPI_IAPW/output/Log_Id">Log Id</operation>
                                    <operation source="field" to="temp.dt_Recon_KPI_IAPW/output/Task_Id">Task Id</operation>
                                    <operation source="field" to="temp.dt_Recon_KPI_IAPW/output/Task_Status">Task Status</operation>
                                    <operation source="field" to="temp.dt_Recon_KPI_IAPW/output/Success_Source_Rows">Success Source Rows</operation>
                                    <operation source="field" to="temp.dt_Recon_KPI_IAPW/output/Failed_Source_Rows">Failed Source Rows</operation>
                                    <operation source="field" to="temp.dt_Recon_KPI_IAPW/output/Success_Target_Rows">Success Target Rows</operation>
                                    <operation source="field" to="temp.dt_Recon_KPI_IAPW/output/Failed_Target_Rows">Failed Target Rows</operation>
                                    <operation source="field" to="temp.dt_Recon_KPI_IAPW/output/Start_Time">Start Time</operation>
                                    <operation source="field" to="temp.dt_Recon_KPI_IAPW/output/End_Time">End Time</operation>
                                    <operation source="field" to="temp.dt_Recon_KPI_IAPW/output/Error_Message">Error Message</operation>
                                    <operation source="field" to="temp.dt_Recon_KPI_IAPW/output/TotalTransErrors">Total Transformation Errors</operation>
                                    <operation source="field" to="temp.dt_Recon_KPI_IAPW/output/FirstErrorCode">First Error Code</operation>
                                    <operation source="field" to="temp.dt_Recon_KPI_IAPW/inout/io_auditID">io_auditID</operation>
                                    <operation source="field" to="temp.dt_Recon_KPI_IAPW/inout/io_DataStartDate">io_DataStartDate</operation>
                                    <operation source="field" to="temp.dt_Recon_KPI_IAPW/inout/io_name">io_name</operation>
                                    <operation source="field" to="temp.dt_Recon_KPI_IAPW/inout/io_pattern">io_pattern</operation>
                                 </serviceOutput>
                              </service>
                              <events>
                                 <catch faultField="temp.dt_Recon_KPI_IAPW/fault"
                                        id="l3yherol"
                                        interrupting="true"
                                        name="error">
                                    <suspend/>
                                 </catch>
                                 <catch faultField="temp.dt_Recon_KPI_IAPW/fault"
                                        id="l3yherom"
                                        interrupting="true"
                                        name="warning"/>
                              </events>
                           </eventContainer>
                           <link id="l3yherh6" targetId="kon8yoon" type="containerLink"/>
                        </flow>
                        <flow id="l42s0hzl">
                           <assignment id="l42s0i0l">
                              <title>asgn_Depart_Adv</title>
                              <operation source="formula" to="temp.temp_dataStartDate">
                                 <expression language="XQuery">fn:concat("'",date:toChar(date:toDate($temp.dt_Audit_StartJob_NextDate[1]/inout[1]/io_DataStartDate , 'MM/DD/YYYY 00:00:00.000000000'),'YYYY-MM-DD'),"'")</expression>
                              </operation>
                              <operation source="constant" to="temp.temp_name_depart_adv">VAL008_IAPW_DM_DEPART_ADVISOR_ROW_MISMATCHED</operation>
                              <operation source="constant" to="temp.temp_pattern_depart_adv">DM_DEPART_ADVISOR_ROW_MISMATCHED</operation>
                              <link id="l42s0i6h" targetId="l42s0i7r"/>
                           </assignment>
                           <eventContainer id="l42s0i7r">
                              <service id="l42s0i6g">
                                 <title>dt_Recon_Depart_Adv</title>
                                 <serviceName>ICSExecuteDataTask</serviceName>
                                 <serviceGUID/>
                                 <serviceInput>
                                    <parameter name="Wait for Task to Complete" source="constant" updatable="true">true</parameter>
                                    <parameter name="Max Wait" source="constant" updatable="true">604800</parameter>
                                    <parameter name="Task Name" source="constant" updatable="true">mt_reconcilication_Depart_Adv</parameter>
                                    <parameter name="GUID" source="constant" updatable="true">9ZcVkmoOFpgh06U1QwV7GE</parameter>
                                    <parameter name="Task Type" source="constant" updatable="true">MCT</parameter>
                                    <parameter name="Has Inout Parameters" source="constant" updatable="true">true</parameter>
                                    <parameter name="taskField" source="nested">
                                       <operation source="field" to="mt-reconcilication-Depart-Adv">temp.dt_Recon_Depart_Adv</operation>
                                       <operation source="field" to="mt-reconcilication-Depart-Adv/inout[1]/io_auditID">temp.temp_tf_Audit_ID</operation>
                                       <operation source="field"
                                                  to="mt-reconcilication-Depart-Adv/inout[1]/io_DataStartDate">temp.temp_dataStartDate</operation>
                                       <operation source="field" to="mt-reconcilication-Depart-Adv/inout[1]/io_name">temp.temp_name_depart_adv</operation>
                                       <operation source="field" to="mt-reconcilication-Depart-Adv/inout[1]/io_pattern">temp.temp_pattern_depart_adv</operation>
                                    </parameter>
                                 </serviceInput>
                                 <serviceOutput>
                                    <operation source="field" to="temp.dt_Recon_Depart_Adv/output/Object_Name">Object Name</operation>
                                    <operation source="field" to="temp.dt_Recon_Depart_Adv/output/Run_Id">Run Id</operation>
                                    <operation source="field" to="temp.dt_Recon_Depart_Adv/output/Log_Id">Log Id</operation>
                                    <operation source="field" to="temp.dt_Recon_Depart_Adv/output/Task_Id">Task Id</operation>
                                    <operation source="field" to="temp.dt_Recon_Depart_Adv/output/Task_Status">Task Status</operation>
                                    <operation source="field" to="temp.dt_Recon_Depart_Adv/output/Success_Source_Rows">Success Source Rows</operation>
                                    <operation source="field" to="temp.dt_Recon_Depart_Adv/output/Failed_Source_Rows">Failed Source Rows</operation>
                                    <operation source="field" to="temp.dt_Recon_Depart_Adv/output/Success_Target_Rows">Success Target Rows</operation>
                                    <operation source="field" to="temp.dt_Recon_Depart_Adv/output/Failed_Target_Rows">Failed Target Rows</operation>
                                    <operation source="field" to="temp.dt_Recon_Depart_Adv/output/Start_Time">Start Time</operation>
                                    <operation source="field" to="temp.dt_Recon_Depart_Adv/output/End_Time">End Time</operation>
                                    <operation source="field" to="temp.dt_Recon_Depart_Adv/output/Error_Message">Error Message</operation>
                                    <operation source="field" to="temp.dt_Recon_Depart_Adv/output/TotalTransErrors">Total Transformation Errors</operation>
                                    <operation source="field" to="temp.dt_Recon_Depart_Adv/output/FirstErrorCode">First Error Code</operation>
                                    <operation source="field" to="temp.dt_Recon_Depart_Adv/inout/io_auditID">io_auditID</operation>
                                    <operation source="field" to="temp.dt_Recon_Depart_Adv/inout/io_DataStartDate">io_DataStartDate</operation>
                                    <operation source="field" to="temp.dt_Recon_Depart_Adv/inout/io_name">io_name</operation>
                                    <operation source="field" to="temp.dt_Recon_Depart_Adv/inout/io_pattern">io_pattern</operation>
                                 </serviceOutput>
                              </service>
                              <events>
                                 <catch faultField="temp.dt_Recon_Depart_Adv/fault"
                                        id="l42s0i7p"
                                        interrupting="true"
                                        name="error">
                                    <suspend/>
                                 </catch>
                                 <catch faultField="temp.dt_Recon_Depart_Adv/fault"
                                        id="l42s0i7q"
                                        interrupting="true"
                                        name="warning"/>
                              </events>
                           </eventContainer>
                           <link id="l42s0hzm" targetId="kon8yoon" type="containerLink"/>
                        </flow>
                        <flow id="l42s0hzx">
                           <assignment id="l42s0ifj">
                              <title>asgn_New_Adv</title>
                              <operation source="formula" to="temp.temp_dataStartDate">
                                 <expression language="XQuery">fn:concat("'",date:toChar(date:toDate($temp.dt_Audit_StartJob_NextDate[1]/inout[1]/io_DataStartDate , 'MM/DD/YYYY 00:00:00.000000000'),'YYYY-MM-DD'),"'")</expression>
                              </operation>
                              <operation source="constant" to="temp.temp_name_new_adv">VAL007_IAPW_DM_NEW_ADVISOR_ROW_MISMATCHED</operation>
                              <operation source="constant" to="temp.temp_pattern_new_adv">DM_NEW_ADVISOR_ROW_MISMATCHED</operation>
                              <link id="l42s0ikb" targetId="l42s0ilb"/>
                           </assignment>
                           <eventContainer id="l42s0ilb">
                              <service id="l42s0ika">
                                 <title>dt_Recon_New_Adv</title>
                                 <serviceName>ICSExecuteDataTask</serviceName>
                                 <serviceGUID/>
                                 <serviceInput>
                                    <parameter name="Wait for Task to Complete" source="constant" updatable="true">true</parameter>
                                    <parameter name="Max Wait" source="constant" updatable="true">604800</parameter>
                                    <parameter name="Task Name" source="constant" updatable="true">mt_reconcilication_New_Adv</parameter>
                                    <parameter name="GUID" source="constant" updatable="true">1xeyATJMSHBcZJ4zI7pdSd</parameter>
                                    <parameter name="Task Type" source="constant" updatable="true">MCT</parameter>
                                    <parameter name="Has Inout Parameters" source="constant" updatable="true">true</parameter>
                                    <parameter name="taskField" source="nested">
                                       <operation source="field" to="mt-reconcilication-New-Adv">temp.dt_Recon_New_Adv</operation>
                                       <operation source="field" to="mt-reconcilication-New-Adv/inout[1]/io_auditID">temp.temp_tf_Audit_ID</operation>
                                       <operation source="field"
                                                  to="mt-reconcilication-New-Adv/inout[1]/io_DataStartDate">temp.temp_dataStartDate</operation>
                                       <operation source="field" to="mt-reconcilication-New-Adv/inout[1]/io_name">temp.temp_name_new_adv</operation>
                                       <operation source="field" to="mt-reconcilication-New-Adv/inout[1]/io_pattern">temp.temp_pattern_new_adv</operation>
                                    </parameter>
                                 </serviceInput>
                                 <serviceOutput>
                                    <operation source="field" to="temp.dt_Recon_New_Adv/output/Object_Name">Object Name</operation>
                                    <operation source="field" to="temp.dt_Recon_New_Adv/output/Run_Id">Run Id</operation>
                                    <operation source="field" to="temp.dt_Recon_New_Adv/output/Log_Id">Log Id</operation>
                                    <operation source="field" to="temp.dt_Recon_New_Adv/output/Task_Id">Task Id</operation>
                                    <operation source="field" to="temp.dt_Recon_New_Adv/output/Task_Status">Task Status</operation>
                                    <operation source="field" to="temp.dt_Recon_New_Adv/output/Success_Source_Rows">Success Source Rows</operation>
                                    <operation source="field" to="temp.dt_Recon_New_Adv/output/Failed_Source_Rows">Failed Source Rows</operation>
                                    <operation source="field" to="temp.dt_Recon_New_Adv/output/Success_Target_Rows">Success Target Rows</operation>
                                    <operation source="field" to="temp.dt_Recon_New_Adv/output/Failed_Target_Rows">Failed Target Rows</operation>
                                    <operation source="field" to="temp.dt_Recon_New_Adv/output/Start_Time">Start Time</operation>
                                    <operation source="field" to="temp.dt_Recon_New_Adv/output/End_Time">End Time</operation>
                                    <operation source="field" to="temp.dt_Recon_New_Adv/output/Error_Message">Error Message</operation>
                                    <operation source="field" to="temp.dt_Recon_New_Adv/output/TotalTransErrors">Total Transformation Errors</operation>
                                    <operation source="field" to="temp.dt_Recon_New_Adv/output/FirstErrorCode">First Error Code</operation>
                                    <operation source="field" to="temp.dt_Recon_New_Adv/inout/io_auditID">io_auditID</operation>
                                    <operation source="field" to="temp.dt_Recon_New_Adv/inout/io_DataStartDate">io_DataStartDate</operation>
                                    <operation source="field" to="temp.dt_Recon_New_Adv/inout/io_name">io_name</operation>
                                    <operation source="field" to="temp.dt_Recon_New_Adv/inout/io_pattern">io_pattern</operation>
                                 </serviceOutput>
                              </service>
                              <events>
                                 <catch faultField="temp.dt_Recon_New_Adv/fault"
                                        id="l42s0il9"
                                        interrupting="true"
                                        name="error">
                                    <suspend/>
                                 </catch>
                                 <catch faultField="temp.dt_Recon_New_Adv/fault"
                                        id="l42s0ila"
                                        interrupting="true"
                                        name="warning"/>
                              </events>
                           </eventContainer>
                           <link id="l42s0hzy" targetId="kon8yoon" type="containerLink"/>
                        </flow>
                        <flow id="l8ehrzcm">
                           <assignment id="l8ehrzd1">
                              <title>asgn_AUA</title>
                              <operation source="formula" to="temp.temp_dataStartDate">
                                 <expression language="XQuery">fn:concat("'",date:toChar(date:toDate($temp.dt_Audit_StartJob_NextDate[1]/inout[1]/io_DataStartDate , 'MM/DD/YYYY 00:00:00.000000000'),'YYYY-MM-DD'),"'")</expression>
                              </operation>
                              <operation source="constant" to="temp.temp_name_new_AUA">VAL009_IAPW_DM_FACT_HOLDINGS_VS_API_AUA_MISMATCHED</operation>
                              <operation source="constant" to="temp.temp_pattern_aua">AUA_MISMATCHED</operation>
                              <link id="l8ehrzdg" targetId="l8ehrzdv"/>
                           </assignment>
                           <eventContainer id="l8ehrzdv">
                              <service id="l8ehrzdf">
                                 <title>dt_Recon_AUA</title>
                                 <serviceName>ICSExecuteDataTask</serviceName>
                                 <serviceGUID/>
                                 <serviceInput>
                                    <parameter name="Wait for Task to Complete" source="constant" updatable="true">true</parameter>
                                    <parameter name="Max Wait" source="constant" updatable="true">604800</parameter>
                                    <parameter name="Task Name" source="constant" updatable="true">mt_reconcilication_AUA</parameter>
                                    <parameter name="GUID" source="constant" updatable="true">0pDmM534TGReFeu3a793o7</parameter>
                                    <parameter name="Task Type" source="constant" updatable="true">MCT</parameter>
                                    <parameter name="Has Inout Parameters" source="constant" updatable="true">true</parameter>
                                    <parameter name="taskField" source="nested">
                                       <operation source="field" to="mt-reconcilication-AUA">temp.dt_Recon_AUA</operation>
                                       <operation source="field" to="mt-reconcilication-AUA/inout[1]/io_auditID">temp.temp_tf_Audit_ID</operation>
                                       <operation source="field" to="mt-reconcilication-AUA/inout[1]/io_DataStartDate">temp.temp_dataStartDate</operation>
                                       <operation source="field" to="mt-reconcilication-AUA/inout[1]/io_name">temp.temp_name_new_AUA</operation>
                                       <operation source="field" to="mt-reconcilication-AUA/inout[1]/io_pattern">temp.temp_pattern_aua</operation>
                                    </parameter>
                                 </serviceInput>
                                 <serviceOutput>
                                    <operation source="field" to="temp.dt_Recon_AUA/output/Object_Name">Object Name</operation>
                                    <operation source="field" to="temp.dt_Recon_AUA/output/Run_Id">Run Id</operation>
                                    <operation source="field" to="temp.dt_Recon_AUA/output/Log_Id">Log Id</operation>
                                    <operation source="field" to="temp.dt_Recon_AUA/output/Task_Id">Task Id</operation>
                                    <operation source="field" to="temp.dt_Recon_AUA/output/Task_Status">Task Status</operation>
                                    <operation source="field" to="temp.dt_Recon_AUA/output/Success_Source_Rows">Success Source Rows</operation>
                                    <operation source="field" to="temp.dt_Recon_AUA/output/Failed_Source_Rows">Failed Source Rows</operation>
                                    <operation source="field" to="temp.dt_Recon_AUA/output/Success_Target_Rows">Success Target Rows</operation>
                                    <operation source="field" to="temp.dt_Recon_AUA/output/Failed_Target_Rows">Failed Target Rows</operation>
                                    <operation source="field" to="temp.dt_Recon_AUA/output/Start_Time">Start Time</operation>
                                    <operation source="field" to="temp.dt_Recon_AUA/output/End_Time">End Time</operation>
                                    <operation source="field" to="temp.dt_Recon_AUA/output/Error_Message">Error Message</operation>
                                    <operation source="field" to="temp.dt_Recon_AUA/output/TotalTransErrors">Total Transformation Errors</operation>
                                    <operation source="field" to="temp.dt_Recon_AUA/output/FirstErrorCode">First Error Code</operation>
                                    <operation source="field" to="temp.dt_Recon_AUA/inout/io_auditID">io_auditID</operation>
                                    <operation source="field" to="temp.dt_Recon_AUA/inout/io_DataStartDate">io_DataStartDate</operation>
                                    <operation source="field" to="temp.dt_Recon_AUA/inout/io_name">io_name</operation>
                                    <operation source="field" to="temp.dt_Recon_AUA/inout/io_pattern">io_pattern</operation>
                                 </serviceOutput>
                              </service>
                              <events>
                                 <catch faultField="temp.dt_Recon_AUA/fault"
                                        id="l8ehrzdt"
                                        interrupting="true"
                                        name="error">
                                    <suspend/>
                                 </catch>
                                 <catch faultField="temp.dt_Recon_AUA/fault"
                                        id="l8ehrzdu"
                                        interrupting="true"
                                        name="warning"/>
                              </events>
                           </eventContainer>
                           <link id="l8ehrzcn" targetId="kon8yoon" type="containerLink"/>
                        </flow>
                        <link id="kon8yoop" targetId="kon8yooq" type="containerLink"/>
                        <link id="kzfpq8hs" targetId="kzfpq8ht" type="containerLink"/>
                        <link id="l0h6z09r" targetId="l0h6z09s" type="containerLink"/>
                        <link id="l3c1xbbv" targetId="l3c1xbbw" type="containerLink"/>
                        <link id="l3w1l3p0" targetId="l3w1l3p1" type="containerLink"/>
                        <link id="l3yherh4" targetId="l3yherh5" type="containerLink"/>
                        <link id="l42s0hzk" targetId="l42s0hzl" type="containerLink"/>
                        <link id="l42s0hzw" targetId="l42s0hzx" type="containerLink"/>
                        <link id="l8ehrzcl" targetId="l8ehrzcm" type="containerLink"/>
                        <link id="l284258a" targetId="l2842595"/>
                     </container>
                     <eventContainer id="l2842595">
                        <service id="l2842589">
                           <title>dt_Audit_EndJob</title>
                           <serviceName>ICSExecuteDataTask</serviceName>
                           <serviceGUID/>
                           <serviceInput>
                              <parameter name="Wait for Task to Complete" source="constant" updatable="true">true</parameter>
                              <parameter name="Max Wait" source="constant" updatable="true">604800</parameter>
                              <parameter name="Task Name" source="constant" updatable="true">mt_audit_EndJob</parameter>
                              <parameter name="GUID" source="constant" updatable="true">6wsxUQqQ1Doh6a4MPoQYeW</parameter>
                              <parameter name="Task Type" source="constant" updatable="true">MCT</parameter>
                              <parameter name="Has Inout Parameters" source="constant" updatable="true">true</parameter>
                              <parameter name="taskField" source="nested">
                                 <operation source="field" to="mt-audit-EndJob">temp.dt_Audit_EndJob</operation>
                                 <operation source="field" to="mt-audit-EndJob/inout[1]/io_jobAuditID">temp.temp_tf_Audit_ID</operation>
                                 <operation source="constant" to="mt-audit-EndJob/inout[1]/io_jobEndDesc">Successful execution</operation>
                                 <operation source="constant" to="mt-audit-EndJob/inout[1]/io_jobEndStatus">SUCCESS</operation>
                                 <operation source="field" to="mt-audit-EndJob/inout[1]/io_jobName">temp.temp_JobName</operation>
                                 <operation source="field" to="mt-audit-EndJob/inout[1]/io_jobStartDate">temp.temp_dataStartDate</operation>
                              </parameter>
                           </serviceInput>
                           <serviceOutput>
                              <operation source="field" to="temp.dt_Audit_EndJob/output/Object_Name">Object Name</operation>
                              <operation source="field" to="temp.dt_Audit_EndJob/output/Run_Id">Run Id</operation>
                              <operation source="field" to="temp.dt_Audit_EndJob/output/Log_Id">Log Id</operation>
                              <operation source="field" to="temp.dt_Audit_EndJob/output/Task_Id">Task Id</operation>
                              <operation source="field" to="temp.dt_Audit_EndJob/output/Task_Status">Task Status</operation>
                              <operation source="field" to="temp.dt_Audit_EndJob/output/Success_Source_Rows">Success Source Rows</operation>
                              <operation source="field" to="temp.dt_Audit_EndJob/output/Failed_Source_Rows">Failed Source Rows</operation>
                              <operation source="field" to="temp.dt_Audit_EndJob/output/Success_Target_Rows">Success Target Rows</operation>
                              <operation source="field" to="temp.dt_Audit_EndJob/output/Failed_Target_Rows">Failed Target Rows</operation>
                              <operation source="field" to="temp.dt_Audit_EndJob/output/Start_Time">Start Time</operation>
                              <operation source="field" to="temp.dt_Audit_EndJob/output/End_Time">End Time</operation>
                              <operation source="field" to="temp.dt_Audit_EndJob/output/Error_Message">Error Message</operation>
                              <operation source="field" to="temp.dt_Audit_EndJob/inout/io_Result">io_Result</operation>
                              <operation source="field" to="temp.dt_Audit_EndJob/inout/io_jobName">io_jobName</operation>
                              <operation source="field" to="temp.dt_Audit_EndJob/inout/io_jobAuditID">io_jobAuditID</operation>
                              <operation source="field" to="temp.dt_Audit_EndJob/inout/io_jobStartDate">io_jobStartDate</operation>
                              <operation source="field" to="temp.dt_Audit_EndJob/inout/io_jobEndStatus">io_jobEndStatus</operation>
                              <operation source="field" to="temp.dt_Audit_EndJob/inout/io_jobEndDesc">io_jobEndDesc</operation>
                           </serviceOutput>
                        </service>
                        <events>
                           <catch faultField="temp.dt_Audit_EndJob/fault"
                                  id="kgblmva2"
                                  interrupting="true"
                                  name="error">
                              <suspend/>
                           </catch>
                           <catch faultField="temp.dt_Audit_EndJob/fault"
                                  id="kgblmva3"
                                  interrupting="true"
                                  name="warning"/>
                        </events>
                     </eventContainer>
                     <link id="klwokcvo" targetId="klwokcvj" type="containerLink"/>
                  </flow>
                  <flow id="klwokcvq">
                     <link id="l0tqg7xq" targetId="klwokcvj" type="containerLink"/>
                  </flow>
                  <link id="klwokcvm" targetId="klwokcvn" type="containerLink">
                     <condition source="formula">
                        <function name="contains">
                           <arg name="left">{$temp.dt_Audit_StartJob_NextDate[1]/inout[1]/io_Result}</arg>
                           <arg name="right">SUCCESS</arg>
                        </function>
                     </condition>
                  </link>
                  <link id="klwokcvp" targetId="klwokcvq" type="containerLink"/>
                  <link id="l2842588" targetId="c"/>
               </container>
               <end id="c"/>
            </flow>
            <dependencies>
               <processObject xmlns="http://schemas.active-endpoints.com/appmodules/screenflow/2011/06/avosHostEnvironment.xsd"
                              displayName="mt-audit-startJob-NextDate"
                              isByCopy="true"
                              name="mt-audit-startJob-NextDate">
                  <description/>
                  <tags/>
                  <detail>
                     <field label="Input Parameters"
                            name="input"
                            nullable="true"
                            required="false"
                            type="reference"/>
                     <field label="InOut Parameters"
                            name="inout"
                            nullable="true"
                            required="false"
                            type="reference"/>
                     <field label="TaskProperties Parameters"
                            name="taskProperties"
                            nullable="true"
                            required="false"
                            type="reference"/>
                     <field label="Output Parameters"
                            name="output"
                            nullable="true"
                            required="false"
                            type="reference"/>
                     <field label="Fault"
                            name="fault"
                            nullable="true"
                            required="false"
                            type="reference"/>
                  </detail>
               </processObject>
               <processObject xmlns="http://schemas.active-endpoints.com/appmodules/screenflow/2011/06/avosHostEnvironment.xsd"
                              displayName="mt-reconcilication-Trxn"
                              isByCopy="true"
                              name="mt-reconcilication-Trxn">
                  <description/>
                  <tags/>
                  <detail>
                     <field label="InOut Parameters"
                            name="inout"
                            nullable="true"
                            required="false"
                            type="reference"/>
                     <field label="TaskProperties Parameters"
                            name="taskProperties"
                            nullable="true"
                            required="false"
                            type="reference"/>
                     <field label="Output Parameters"
                            name="output"
                            nullable="true"
                            required="false"
                            type="reference"/>
                     <field label="Fault"
                            name="fault"
                            nullable="true"
                            required="false"
                            type="reference"/>
                  </detail>
               </processObject>
               <processObject xmlns="http://schemas.active-endpoints.com/appmodules/screenflow/2011/06/avosHostEnvironment.xsd"
                              displayName="mt-reconcilication-Revenue"
                              isByCopy="true"
                              name="mt-reconcilication-Revenue">
                  <description/>
                  <tags/>
                  <detail>
                     <field label="InOut Parameters"
                            name="inout"
                            nullable="true"
                            required="false"
                            type="reference"/>
                     <field label="TaskProperties Parameters"
                            name="taskProperties"
                            nullable="true"
                            required="false"
                            type="reference"/>
                     <field label="Output Parameters"
                            name="output"
                            nullable="true"
                            required="false"
                            type="reference"/>
                     <field label="Fault"
                            name="fault"
                            nullable="true"
                            required="false"
                            type="reference"/>
                  </detail>
               </processObject>
               <processObject xmlns="http://schemas.active-endpoints.com/appmodules/screenflow/2011/06/avosHostEnvironment.xsd"
                              displayName="mt-reconcilication-advisor"
                              isByCopy="true"
                              name="mt-reconcilication-advisor">
                  <description/>
                  <tags/>
                  <detail>
                     <field label="InOut Parameters"
                            name="inout"
                            nullable="true"
                            required="false"
                            type="reference"/>
                     <field label="TaskProperties Parameters"
                            name="taskProperties"
                            nullable="true"
                            required="false"
                            type="reference"/>
                     <field label="Output Parameters"
                            name="output"
                            nullable="true"
                            required="false"
                            type="reference"/>
                     <field label="Fault"
                            name="fault"
                            nullable="true"
                            required="false"
                            type="reference"/>
                  </detail>
               </processObject>
               <processObject xmlns="http://schemas.active-endpoints.com/appmodules/screenflow/2011/06/avosHostEnvironment.xsd"
                              displayName="mt-audit-EndJob"
                              isByCopy="true"
                              name="mt-audit-EndJob">
                  <description/>
                  <tags/>
                  <detail>
                     <field label="Input Parameters"
                            name="input"
                            nullable="true"
                            required="false"
                            type="reference"/>
                     <field label="InOut Parameters"
                            name="inout"
                            nullable="true"
                            required="false"
                            type="reference"/>
                     <field label="TaskProperties Parameters"
                            name="taskProperties"
                            nullable="true"
                            required="false"
                            type="reference"/>
                     <field label="Output Parameters"
                            name="output"
                            nullable="true"
                            required="false"
                            type="reference"/>
                     <field label="Fault"
                            name="fault"
                            nullable="true"
                            required="false"
                            type="reference"/>
                  </detail>
               </processObject>
               <processObject xmlns="http://schemas.active-endpoints.com/appmodules/screenflow/2011/06/avosHostEnvironment.xsd"
                              displayName="mt-reconcilication-KPI-Clarington"
                              isByCopy="true"
                              name="mt-reconcilication-KPI-Clarington">
                  <description/>
                  <tags/>
                  <detail>
                     <field label="InOut Parameters"
                            name="inout"
                            nullable="true"
                            required="false"
                            type="reference"/>
                     <field label="TaskProperties Parameters"
                            name="taskProperties"
                            nullable="true"
                            required="false"
                            type="reference"/>
                     <field label="Output Parameters"
                            name="output"
                            nullable="true"
                            required="false"
                            type="reference"/>
                     <field label="Fault"
                            name="fault"
                            nullable="true"
                            required="false"
                            type="reference"/>
                  </detail>
               </processObject>
               <processObject xmlns="http://schemas.active-endpoints.com/appmodules/screenflow/2011/06/avosHostEnvironment.xsd"
                              displayName="mt-reconcilication-KPI-Investia"
                              isByCopy="true"
                              name="mt-reconcilication-KPI-Investia">
                  <description/>
                  <tags/>
                  <detail>
                     <field label="InOut Parameters"
                            name="inout"
                            nullable="true"
                            required="false"
                            type="reference"/>
                     <field label="TaskProperties Parameters"
                            name="taskProperties"
                            nullable="true"
                            required="false"
                            type="reference"/>
                     <field label="Output Parameters"
                            name="output"
                            nullable="true"
                            required="false"
                            type="reference"/>
                     <field label="Fault"
                            name="fault"
                            nullable="true"
                            required="false"
                            type="reference"/>
                  </detail>
               </processObject>
               <processObject xmlns="http://schemas.active-endpoints.com/appmodules/screenflow/2011/06/avosHostEnvironment.xsd"
                              displayName="mt-reconcilication-KPI-IAPW"
                              isByCopy="true"
                              name="mt-reconcilication-KPI-IAPW">
                  <description/>
                  <tags/>
                  <detail>
                     <field label="InOut Parameters"
                            name="inout"
                            nullable="true"
                            required="false"
                            type="reference"/>
                     <field label="TaskProperties Parameters"
                            name="taskProperties"
                            nullable="true"
                            required="false"
                            type="reference"/>
                     <field label="Output Parameters"
                            name="output"
                            nullable="true"
                            required="false"
                            type="reference"/>
                     <field label="Fault"
                            name="fault"
                            nullable="true"
                            required="false"
                            type="reference"/>
                  </detail>
               </processObject>
               <processObject xmlns="http://schemas.active-endpoints.com/appmodules/screenflow/2011/06/avosHostEnvironment.xsd"
                              displayName="mt-reconcilication-Depart-Adv"
                              isByCopy="true"
                              name="mt-reconcilication-Depart-Adv">
                  <description/>
                  <tags/>
                  <detail>
                     <field label="InOut Parameters"
                            name="inout"
                            nullable="true"
                            required="false"
                            type="reference"/>
                     <field label="TaskProperties Parameters"
                            name="taskProperties"
                            nullable="true"
                            required="false"
                            type="reference"/>
                     <field label="Output Parameters"
                            name="output"
                            nullable="true"
                            required="false"
                            type="reference"/>
                     <field label="Fault"
                            name="fault"
                            nullable="true"
                            required="false"
                            type="reference"/>
                  </detail>
               </processObject>
               <processObject xmlns="http://schemas.active-endpoints.com/appmodules/screenflow/2011/06/avosHostEnvironment.xsd"
                              displayName="mt-reconcilication-New-Adv"
                              isByCopy="true"
                              name="mt-reconcilication-New-Adv">
                  <description/>
                  <tags/>
                  <detail>
                     <field label="InOut Parameters"
                            name="inout"
                            nullable="true"
                            required="false"
                            type="reference"/>
                     <field label="TaskProperties Parameters"
                            name="taskProperties"
                            nullable="true"
                            required="false"
                            type="reference"/>
                     <field label="Output Parameters"
                            name="output"
                            nullable="true"
                            required="false"
                            type="reference"/>
                     <field label="Fault"
                            name="fault"
                            nullable="true"
                            required="false"
                            type="reference"/>
                  </detail>
               </processObject>
               <processObject xmlns="http://schemas.active-endpoints.com/appmodules/screenflow/2011/06/avosHostEnvironment.xsd"
                              displayName="mt-reconcilication-AUA"
                              isByCopy="true"
                              name="mt-reconcilication-AUA">
                  <description/>
                  <tags/>
                  <detail>
                     <field label="InOut Parameters"
                            name="inout"
                            nullable="true"
                            required="false"
                            type="reference"/>
                     <field label="TaskProperties Parameters"
                            name="taskProperties"
                            nullable="true"
                            required="false"
                            type="reference"/>
                     <field label="Output Parameters"
                            name="output"
                            nullable="true"
                            required="false"
                            type="reference"/>
                     <field label="Fault"
                            name="fault"
                            nullable="true"
                            required="false"
                            type="reference"/>
                  </detail>
               </processObject>
            </dependencies>
         </taskflow>
      </types1:Entry>
      <types1:GUID>aoVLkVAFOohdL5PPJC0puO</types1:GUID>
      <types1:DisplayName>tf_LoadDM_65_Reconciliation</types1:DisplayName>
   </types1:Item>
   <types1:CurrentServerDateTime>2023-01-19T13:41:47.398Z</types1:CurrentServerDateTime>
</aetgt:getResponse>
