<aetgt:getResponse xmlns:aetgt="http://schemas.active-endpoints.com/appmodules/repository/2010/10/avrepository.xsd"
                   xmlns:types1="http://schemas.active-endpoints.com/appmodules/repository/2010/10/avrepository.xsd">
   <types1:Item>
      <types1:EntryId>3osoq3xgjATO9pH-gt-2741555-2022-01-19T23:31:05.687Z::tf.xml</types1:EntryId>
      <types1:Name>tf_OnDemand_LoadRDV_20-30_PSA_IAPW_STEWARDSHIP_to_RDV_REF_NEW_ADVISOR</types1:Name>
      <types1:MimeType>application/xml+taskflow</types1:MimeType>
      <types1:Description>This allows to load Manual_advisor_rvp STG table to finally load RDV tables (REF_MANUAL_ADVISOR_RVP_IAS and SAT_REF_MANUAL_ADVISOR_RVP_IAS).</types1:Description>
      <types1:AppliesTo/>
      <types1:Tags/>
      <types1:VersionLabel>1.0</types1:VersionLabel>
      <types1:State>CURRENT</types1:State>
      <types1:ProcessGroup/>
      <types1:CreatedBy>jihed.laamiri.adm@ia.ca</types1:CreatedBy>
      <types1:CreationDate>2022-01-19T23:31:06Z</types1:CreationDate>
      <types1:ModifiedBy>jihed.laamiri.adm@ia.ca</types1:ModifiedBy>
      <types1:ModificationDate>2022-07-06T20:35:32Z</types1:ModificationDate>
      <types1:PublicationStatus>out-of-date</types1:PublicationStatus>
      <types1:PublishedBy>iheb.benghali.adm@ia.ca</types1:PublishedBy>
      <types1:PublicationDate>2022-03-10T20:21:39Z</types1:PublicationDate>
      <types1:PublishedContributionId>project:/tf.tf_OnDemand_LoadRDV_20-30_PSA_IAPW_STEWARDSHIP_to_RDV_REF_NEW_ADVISOR/tf_OnDemand_LoadRDV_20-30_PSA_IAPW_STEWARDSHIP_to_RDV_REF_NEW_ADVISOR.tf.xml</types1:PublishedContributionId>
      <types1:AutosaveExists>false</types1:AutosaveExists>
      <types1:Entry>
         <taskflow xmlns="http://schemas.active-endpoints.com/appmodules/screenflow/2010/10/avosScreenflow.xsd"
                   xmlns:tfm="http://schemas.active-endpoints.com/appmodules/screenflow/2021/04/taskflowModel.xsd"
                   xmlns:list="urn:activevos:spi:list:functions"
                   displayName="tf_OnDemand_LoadRDV_20-30_PSA_IAPW_STEWARDSHIP_to_RDV_REF_NEW_ADVISOR"
                   name="tf_OnDemand_LoadRDV_20-30_PSA_IAPW_STEWARDSHIP_to_RDV_REF_NEW_ADVISOR"
                   overrideAPIName="false">
            <parameterSet xmlns="http://schemas.active-endpoints.com/appmodules/screenflow/2021/04/taskflowModel.xsd"/>
            <appliesTo/>
            <description>This allows to load Manual_advisor_rvp STG table to finally load RDV tables (REF_MANUAL_ADVISOR_RVP_IAS and SAT_REF_MANUAL_ADVISOR_RVP_IAS).</description>
            <tags/>
            <generator>Informatica Process Designer 11</generator>
            <input>
               <parameter description="" name="fl_IAS_STEWARDSHIP" type="reference">
                  <options>
                     <option name="required">false</option>
                     <option name="referenceTo">$po:INTERNALB2BFILELISTENER1565084895</option>
                     <option name="isCopy">true</option>
                     <option name="guid">kLGY94vNA2tjI8vuHRyRA4</option>
                  </options>
               </parameter>
            </input>
            <tempFields>
               <field description="Filename of the file detected by the filelistener"
                      name="temp_filename"
                      type="string">
                  <options>
                     <option name="required">false</option>
                  </options>
               </field>
               <field description="Data start date : extracted from the filename"
                      name="temp_dataStartDate"
                      type="date">
                  <options>
                     <option name="required">false</option>
                  </options>
               </field>
               <field description="" name="dt_Audit_EndJob" type="reference">
                  <options>
                     <option name="referenceTo">$po:mt-Audit-EndJob</option>
                     <option name="failOnNotRun">false</option>
                     <option name="failOnFault">false</option>
                  </options>
               </field>
               <field description=""
                      name="dt_LoadSTG_PSA_IAPW_To_STG_REF_NEW_ADVISOR"
                      type="reference">
                  <options>
                     <option name="referenceTo">$po:mt-LoadSTG-PSA-IAPW-To-STG-REF-NEW-ADVISOR</option>
                     <option name="failOnNotRun">false</option>
                     <option name="failOnFault">false</option>
                  </options>
               </field>
               <field description="" name="dt_Audit_StartJob" type="reference">
                  <options>
                     <option name="referenceTo">$po:mt-Audit-StartJob</option>
                     <option name="failOnNotRun">false</option>
                     <option name="failOnFault">false</option>
                  </options>
               </field>
               <field description="" name="temp_JobName" type="string">
                  <options>
                     <option name="required">false</option>
                  </options>
               </field>
               <field description="" name="temp_tf_Audit_ID" type="string">
                  <options>
                     <option name="required">false</option>
                  </options>
               </field>
               <field description="" name="dt_STG_count" type="reference">
                  <options>
                     <option name="failOnNotRun">false</option>
                     <option name="failOnFault">false</option>
                     <option name="referenceTo">$po:mt-STG-count</option>
                  </options>
               </field>
               <field description=""
                      name="dt_LoadRDV_STG_IAPW_To_REF_NEW_ADVISOR"
                      type="reference">
                  <options>
                     <option name="referenceTo">$po:mt-LoadRDV-STG-IAPW-To-REF-NEW-ADVISOR</option>
                     <option name="failOnNotRun">false</option>
                     <option name="failOnFault">false</option>
                  </options>
               </field>
               <field description=""
                      name="dt_LoadRDV_STG_IAPW_To_SAT_REF_NEW_ADVISOR_IAPW_Insert"
                      type="reference">
                  <options>
                     <option name="referenceTo">$po:mt-LoadRDV-STG-IAPW-To-SAT-REF-NEW-ADVISOR-IAPW-Insert</option>
                     <option name="failOnNotRun">false</option>
                     <option name="failOnFault">false</option>
                  </options>
               </field>
               <field description=""
                      name="dt_LoadRDV_STG_IAPW_To_SAT_REF_NEW_ADVISOR_IAPW_Delete"
                      type="reference">
                  <options>
                     <option name="referenceTo">$po:mt-LoadRDV-STG-IAPW-To-SAT-REF-NEW-ADVISOR-IAPW-Delete</option>
                     <option name="failOnNotRun">false</option>
                     <option name="failOnFault">false</option>
                  </options>
               </field>
            </tempFields>
            <notes/>
            <deployment suspendOnFault="true" tracingLevel="verbose">
               <event eventSource="fileListenerTask:fl_IAS_STEWARDSHIP"/>
               <emailProperties emailOnSuspend="true">
                  <emailTo>Iheb.BenGhali@ia.ca,Anis.Hammami@ia.ca,Aazam.Khan@ia.ca,Jihed.Laamiri@ia.ca,Pradeep.Poptani@ia.ca,Sudarshan.Vinjamuri@ia.ca,Rachid.Fakhfakh@ia.ca,Maxime.Rousseau@iagto.ca</emailTo>
                  <emailCc/>
                  <emailSubject>Suspended Job - OnDemand - NEW ADVISOR</emailSubject>
                  <emailContentType>html</emailContentType>
                  <emailBody/>
               </emailProperties>
            </deployment>
            <flow id="a">
               <start id="b">
                  <link id="kggm4cjw" targetId="kfkit286"/>
               </start>
               <assignment id="kfkit286">
                  <title>asgn_Filename</title>
                  <operation source="field" to="temp.temp_filename">input.fl_IAS_STEWARDSHIP[1]/arrivedFiles[1]/name</operation>
                  <link id="kfkk0zpk" targetId="kfkk0zpj"/>
               </assignment>
               <container id="kfkk0zpj" type="exclusive">
                  <title>dcn_NEW_ADVISOR_File</title>
                  <flow id="kfkk0zpn">
                     <assignment id="kfkk0zqz">
                        <title>asgn_StartJob_Parameters</title>
                        <operation source="formula" to="temp.temp_dataStartDate">
                           <expression language="XQuery">fn:concat('''',fn:substring-before(fn:substring-after($temp.temp_filename , '__'), '.'),'''')</expression>
                        </operation>
                        <operation source="formula" to="temp.temp_JobName">
                           <expression language="XQuery">fn:concat("'",util:getAssetName(),"'")</expression>
                        </operation>
                        <operation source="formula" to="temp.temp_tf_Audit_ID">
                           <expression language="XQuery">fn:concat("'",util:getAssetName(),"-", util:getProcessId(),"'")</expression>
                        </operation>
                        <operation source="constant" to="temp.dt_Audit_StartJob[1]/inout[1]/io_Result">ERROR</operation>
                        <operation source="constant" to="temp.dt_STG_count[1]/inout[1]/io_rowCount">0</operation>
                        <link id="kggm4cqk" targetId="kggm4cr0"/>
                     </assignment>
                     <eventContainer id="kggm4cr0">
                        <service id="kggm4cqj">
                           <title>dt_Audit_StartJob</title>
                           <serviceName>ICSExecuteDataTask</serviceName>
                           <serviceGUID/>
                           <serviceInput>
                              <parameter name="Wait for Task to Complete" source="constant" updatable="true">true</parameter>
                              <parameter name="Max Wait" source="constant" updatable="true">604800</parameter>
                              <parameter name="Task Name" source="constant" updatable="true">mt_Audit_StartJob</parameter>
                              <parameter name="GUID" source="constant" updatable="true">5MYMwvLM9G9gbE9xuCgMe8</parameter>
                              <parameter name="Task Type" source="constant" updatable="true">MCT</parameter>
                              <parameter name="Has Inout Parameters" source="constant" updatable="true">true</parameter>
                              <parameter name="taskField" source="nested">
                                 <operation source="field" to="mt-Audit-StartJob">temp.dt_Audit_StartJob</operation>
                                 <operation source="field" to="mt-Audit-StartJob/inout[1]/io_JOB_AUDIT_ID">temp.temp_tf_Audit_ID</operation>
                                 <operation source="field" to="mt-Audit-StartJob/inout[1]/io_JOB_NAME">temp.temp_JobName</operation>
                                 <operation source="field" to="mt-Audit-StartJob/inout[1]/io_JOB_START_DT">temp.temp_dataStartDate</operation>
                              </parameter>
                           </serviceInput>
                           <serviceOutput>
                              <operation source="field" to="temp.dt_Audit_StartJob/output/Object_Name">Object Name</operation>
                              <operation source="field" to="temp.dt_Audit_StartJob/output/Run_Id">Run Id</operation>
                              <operation source="field" to="temp.dt_Audit_StartJob/output/Log_Id">Log Id</operation>
                              <operation source="field" to="temp.dt_Audit_StartJob/output/Task_Id">Task Id</operation>
                              <operation source="field" to="temp.dt_Audit_StartJob/output/Task_Status">Task Status</operation>
                              <operation source="field" to="temp.dt_Audit_StartJob/output/Success_Source_Rows">Success Source Rows</operation>
                              <operation source="field" to="temp.dt_Audit_StartJob/output/Failed_Source_Rows">Failed Source Rows</operation>
                              <operation source="field" to="temp.dt_Audit_StartJob/output/Success_Target_Rows">Success Target Rows</operation>
                              <operation source="field" to="temp.dt_Audit_StartJob/output/Failed_Target_Rows">Failed Target Rows</operation>
                              <operation source="field" to="temp.dt_Audit_StartJob/output/Start_Time">Start Time</operation>
                              <operation source="field" to="temp.dt_Audit_StartJob/output/End_Time">End Time</operation>
                              <operation source="field" to="temp.dt_Audit_StartJob/output/Error_Message">Error Message</operation>
                              <operation source="field" to="temp.dt_Audit_StartJob/output/TotalTransErrors">Total Transformation Errors</operation>
                              <operation source="field" to="temp.dt_Audit_StartJob/output/FirstErrorCode">First Error Code</operation>
                              <operation source="field" to="temp.dt_Audit_StartJob/inout/io_Result">io_Result</operation>
                              <operation source="field" to="temp.dt_Audit_StartJob/inout/io_JOB_START_DT">io_JOB_START_DT</operation>
                              <operation source="field" to="temp.dt_Audit_StartJob/inout/io_JOB_NAME">io_JOB_NAME</operation>
                              <operation source="field" to="temp.dt_Audit_StartJob/inout/io_JOB_AUDIT_ID">io_JOB_AUDIT_ID</operation>
                           </serviceOutput>
                        </service>
                        <link id="kggm4cql" targetId="kfkk0zt0"/>
                        <events>
                           <catch faultField="temp.dt_Audit_StartJob/fault"
                                  id="kggm4cqy"
                                  interrupting="true"
                                  name="error"/>
                           <catch faultField="temp.dt_Audit_StartJob/fault"
                                  id="kggm4cqz"
                                  interrupting="true"
                                  name="warning"/>
                        </events>
                     </eventContainer>
                     <eventContainer id="kfkk101o">
                        <service id="kfkk100w">
                           <title>dt_Audit_EndJob</title>
                           <serviceName>ICSExecuteDataTask</serviceName>
                           <serviceGUID/>
                           <serviceInput>
                              <parameter name="Wait for Task to Complete" source="constant" updatable="true">true</parameter>
                              <parameter name="Max Wait" source="constant" updatable="true">604800</parameter>
                              <parameter name="Task Name" source="constant" updatable="true">mt_Audit_EndJob</parameter>
                              <parameter name="GUID" source="constant" updatable="true">kkrEdK7G8YAlq4uDZPeyMd</parameter>
                              <parameter name="Task Type" source="constant" updatable="true">MCT</parameter>
                              <parameter name="Has Inout Parameters" source="constant" updatable="true">true</parameter>
                              <parameter name="taskField" source="nested">
                                 <operation source="field" to="mt-Audit-EndJob">temp.dt_Audit_EndJob</operation>
                                 <operation source="field" to="mt-Audit-EndJob/inout[1]/io_jobAuditID">temp.temp_tf_Audit_ID</operation>
                                 <operation source="constant" to="mt-Audit-EndJob/inout[1]/io_jobEndDesc">Successful execution</operation>
                                 <operation source="constant" to="mt-Audit-EndJob/inout[1]/io_jobEndStatus">SUCCESS</operation>
                                 <operation source="field" to="mt-Audit-EndJob/inout[1]/io_jobName">temp.temp_JobName</operation>
                                 <operation source="field" to="mt-Audit-EndJob/inout[1]/io_jobStartDate">temp.temp_dataStartDate</operation>
                              </parameter>
                           </serviceInput>
                           <serviceOutput>
                              <operation source="field" to="temp.dt_Audit_EndJob/output/Object_Name">Object Name</operation>
                              <operation source="field" to="temp.dt_Audit_EndJob/output/Run_Id">Run Id</operation>
                              <operation source="field" to="temp.dt_Audit_EndJob/output/Log_Id">Log Id</operation>
                              <operation source="field" to="temp.dt_Audit_EndJob/output/Task_Id">Task Id</operation>
                              <operation source="field" to="temp.dt_Audit_EndJob/output/Task_Status">Task Status</operation>
                              <operation source="field" to="temp.dt_Audit_EndJob/output/Success_Source_Rows">Success Source Rows</operation>
                              <operation source="field" to="temp.dt_Audit_EndJob/output/Failed_Source_Rows">Failed Source Rows</operation>
                              <operation source="field" to="temp.dt_Audit_EndJob/output/Success_Target_Rows">Success Target Rows</operation>
                              <operation source="field" to="temp.dt_Audit_EndJob/output/Failed_Target_Rows">Failed Target Rows</operation>
                              <operation source="field" to="temp.dt_Audit_EndJob/output/Start_Time">Start Time</operation>
                              <operation source="field" to="temp.dt_Audit_EndJob/output/End_Time">End Time</operation>
                              <operation source="field" to="temp.dt_Audit_EndJob/output/Error_Message">Error Message</operation>
                              <operation source="field" to="temp.dt_Audit_EndJob/inout/io_Result">io_Result</operation>
                              <operation source="field" to="temp.dt_Audit_EndJob/inout/io_jobName">io_jobName</operation>
                              <operation source="field" to="temp.dt_Audit_EndJob/inout/io_jobAuditID">io_jobAuditID</operation>
                              <operation source="field" to="temp.dt_Audit_EndJob/inout/io_jobStartDate">io_jobStartDate</operation>
                              <operation source="field" to="temp.dt_Audit_EndJob/inout/io_jobEndStatus">io_jobEndStatus</operation>
                              <operation source="field" to="temp.dt_Audit_EndJob/inout/io_jobEndDesc">io_jobEndDesc</operation>
                           </serviceOutput>
                        </service>
                        <events>
                           <catch faultField="temp.dt_Audit_EndJob/fault"
                                  id="kfkk101m"
                                  interrupting="true"
                                  name="error">
                              <suspend/>
                           </catch>
                           <catch faultField="temp.dt_Audit_EndJob/fault"
                                  id="kfkk101n"
                                  interrupting="true"
                                  name="warning"/>
                        </events>
                     </eventContainer>
                     <container id="kfkk0zt0" type="exclusive">
                        <title>dcn_StartJob_Result</title>
                        <flow id="kfkk0zt3">
                           <eventContainer id="kgcs1bie">
                              <service id="kgcs1bhp">
                                 <title>dt_LoadSTG_PSA_IAPW_To_STG_REF_NEW_ADVISOR</title>
                                 <serviceName>ICSExecuteDataTask</serviceName>
                                 <serviceGUID/>
                                 <serviceInput>
                                    <parameter name="Wait for Task to Complete" source="constant" updatable="true">true</parameter>
                                    <parameter name="Max Wait" source="constant" updatable="true">604800</parameter>
                                    <parameter name="Task Name" source="constant" updatable="true">mt_LoadSTG_PSA_IAPW_To_STG_REF_NEW_ADVISOR</parameter>
                                    <parameter name="GUID" source="constant" updatable="true">fvtUoDArHkKf6Gmbhk7kC9</parameter>
                                    <parameter name="Task Type" source="constant" updatable="true">MCT</parameter>
                                    <parameter name="Has Inout Parameters" source="constant" updatable="true">true</parameter>
                                    <parameter name="taskField" source="nested">
                                       <operation source="field" to="mt-LoadSTG-PSA-IAPW-To-STG-REF-NEW-ADVISOR">temp.dt_LoadSTG_PSA_IAPW_To_STG_REF_NEW_ADVISOR</operation>
                                       <operation source="formula"
                                                  to="mt-LoadSTG-PSA-IAPW-To-STG-REF-NEW-ADVISOR/inout[1]/io_PATH">
                                          <expression language="XQuery">fn:replace($input.fl_IAS_STEWARDSHIP[1]/arrivedFiles[1]/path , fn:concat('/', $input.fl_IAS_STEWARDSHIP[1]/arrivedFiles[1]/name ), '')</expression>
                                       </operation>
                                    </parameter>
                                 </serviceInput>
                                 <serviceOutput>
                                    <operation source="field"
                                               to="temp.dt_LoadSTG_PSA_IAPW_To_STG_REF_NEW_ADVISOR/output/Object_Name">Object Name</operation>
                                    <operation source="field"
                                               to="temp.dt_LoadSTG_PSA_IAPW_To_STG_REF_NEW_ADVISOR/output/Run_Id">Run Id</operation>
                                    <operation source="field"
                                               to="temp.dt_LoadSTG_PSA_IAPW_To_STG_REF_NEW_ADVISOR/output/Log_Id">Log Id</operation>
                                    <operation source="field"
                                               to="temp.dt_LoadSTG_PSA_IAPW_To_STG_REF_NEW_ADVISOR/output/Task_Id">Task Id</operation>
                                    <operation source="field"
                                               to="temp.dt_LoadSTG_PSA_IAPW_To_STG_REF_NEW_ADVISOR/output/Task_Status">Task Status</operation>
                                    <operation source="field"
                                               to="temp.dt_LoadSTG_PSA_IAPW_To_STG_REF_NEW_ADVISOR/output/Success_Source_Rows">Success Source Rows</operation>
                                    <operation source="field"
                                               to="temp.dt_LoadSTG_PSA_IAPW_To_STG_REF_NEW_ADVISOR/output/Failed_Source_Rows">Failed Source Rows</operation>
                                    <operation source="field"
                                               to="temp.dt_LoadSTG_PSA_IAPW_To_STG_REF_NEW_ADVISOR/output/Success_Target_Rows">Success Target Rows</operation>
                                    <operation source="field"
                                               to="temp.dt_LoadSTG_PSA_IAPW_To_STG_REF_NEW_ADVISOR/output/Failed_Target_Rows">Failed Target Rows</operation>
                                    <operation source="field"
                                               to="temp.dt_LoadSTG_PSA_IAPW_To_STG_REF_NEW_ADVISOR/output/Start_Time">Start Time</operation>
                                    <operation source="field"
                                               to="temp.dt_LoadSTG_PSA_IAPW_To_STG_REF_NEW_ADVISOR/output/End_Time">End Time</operation>
                                    <operation source="field"
                                               to="temp.dt_LoadSTG_PSA_IAPW_To_STG_REF_NEW_ADVISOR/output/Error_Message">Error Message</operation>
                                    <operation source="field"
                                               to="temp.dt_LoadSTG_PSA_IAPW_To_STG_REF_NEW_ADVISOR/output/TotalTransErrors">Total Transformation Errors</operation>
                                    <operation source="field"
                                               to="temp.dt_LoadSTG_PSA_IAPW_To_STG_REF_NEW_ADVISOR/output/FirstErrorCode">First Error Code</operation>
                                    <operation source="field"
                                               to="temp.dt_LoadSTG_PSA_IAPW_To_STG_REF_NEW_ADVISOR/inout/io_PATH">io_PATH</operation>
                                 </serviceOutput>
                              </service>
                              <link id="knqq72h4" targetId="knqq72iy"/>
                              <events>
                                 <catch faultField="temp.dt_LoadSTG_PSA_IAPW_To_STG_REF_NEW_ADVISOR/fault"
                                        id="kgcs1bic"
                                        interrupting="true"
                                        name="error">
                                    <suspend/>
                                 </catch>
                                 <catch faultField="temp.dt_LoadSTG_PSA_IAPW_To_STG_REF_NEW_ADVISOR/fault"
                                        id="kgcs1bid"
                                        interrupting="true"
                                        name="warning"/>
                              </events>
                           </eventContainer>
                           <eventContainer id="knqq72iy">
                              <service id="knqq72h3">
                                 <title>dt_STG_count</title>
                                 <serviceName>ICSExecuteDataTask</serviceName>
                                 <serviceGUID/>
                                 <serviceInput>
                                    <parameter name="Wait for Task to Complete" source="constant" updatable="true">true</parameter>
                                    <parameter name="Max Wait" source="constant" updatable="true">604800</parameter>
                                    <parameter name="Task Name" source="constant" updatable="true">mt_STG_count</parameter>
                                    <parameter name="GUID" source="constant" updatable="true">duyeFy8XFETfzJpC8N8Bqr</parameter>
                                    <parameter name="Task Type" source="constant" updatable="true">MCT</parameter>
                                    <parameter name="Has Inout Parameters" source="constant" updatable="true">true</parameter>
                                    <parameter name="taskField" source="nested">
                                       <operation source="field" to="mt-STG-count">temp.dt_STG_count</operation>
                                       <operation source="field" to="mt-STG-count/input[1]/i_Job_name">temp.temp_JobName</operation>
                                       <operation source="field" to="mt-STG-count/input[1]/i_job_start_date">temp.temp_dataStartDate</operation>
                                       <operation source="field" to="temp.dt_STG_count[1]/input[1]/i_Job_name">temp.temp_JobName</operation>
                                       <operation source="field" to="temp.dt_STG_count[1]/input[1]/i_job_start_date">temp.temp_dataStartDate</operation>
                                    </parameter>
                                 </serviceInput>
                                 <serviceOutput>
                                    <operation source="field" to="temp.dt_STG_count/output/Object_Name">Object Name</operation>
                                    <operation source="field" to="temp.dt_STG_count/output/Run_Id">Run Id</operation>
                                    <operation source="field" to="temp.dt_STG_count/output/Log_Id">Log Id</operation>
                                    <operation source="field" to="temp.dt_STG_count/output/Task_Id">Task Id</operation>
                                    <operation source="field" to="temp.dt_STG_count/output/Task_Status">Task Status</operation>
                                    <operation source="field" to="temp.dt_STG_count/output/Success_Source_Rows">Success Source Rows</operation>
                                    <operation source="field" to="temp.dt_STG_count/output/Failed_Source_Rows">Failed Source Rows</operation>
                                    <operation source="field" to="temp.dt_STG_count/output/Success_Target_Rows">Success Target Rows</operation>
                                    <operation source="field" to="temp.dt_STG_count/output/Failed_Target_Rows">Failed Target Rows</operation>
                                    <operation source="field" to="temp.dt_STG_count/output/Start_Time">Start Time</operation>
                                    <operation source="field" to="temp.dt_STG_count/output/End_Time">End Time</operation>
                                    <operation source="field" to="temp.dt_STG_count/output/Error_Message">Error Message</operation>
                                    <operation source="field" to="temp.dt_STG_count/output/TotalTransErrors">Total Transformation Errors</operation>
                                    <operation source="field" to="temp.dt_STG_count/output/FirstErrorCode">First Error Code</operation>
                                    <operation source="field" to="temp.dt_STG_count/inout/io_rowCount">io_rowCount</operation>
                                 </serviceOutput>
                              </service>
                              <link id="knqq72hg" targetId="knqq72hf"/>
                              <events>
                                 <catch faultField="temp.dt_STG_count/fault"
                                        id="knqq72iw"
                                        interrupting="true"
                                        name="error">
                                    <suspend/>
                                 </catch>
                                 <catch faultField="temp.dt_STG_count/fault"
                                        id="knqq72ix"
                                        interrupting="true"
                                        name="warning"/>
                              </events>
                           </eventContainer>
                           <container id="knqq72hf" type="exclusive">
                              <title>dcn_row_count</title>
                              <flow id="knqq72hj">
                                 <container id="knqq72hx" type="parallel">
                                    <title>Parallel_LoadRdv</title>
                                    <flow id="knqq72hy">
                                       <eventContainer id="knqq72hz">
                                          <service id="knqq72i0">
                                             <title>dt_LoadRDV_STG_IAPW_To_REF_NEW_ADVISOR</title>
                                             <serviceName>ICSExecuteDataTask</serviceName>
                                             <serviceGUID/>
                                             <serviceInput>
                                                <parameter name="Wait for Task to Complete" source="constant" updatable="true">true</parameter>
                                                <parameter name="Max Wait" source="constant" updatable="true">604800</parameter>
                                                <parameter name="Task Name" source="constant" updatable="true">mt_LoadRDV_STG_IAPW_To_REF_NEW_ADVISOR</parameter>
                                                <parameter name="GUID" source="constant" updatable="true">hGKhrPqafKCdr76997nNSJ</parameter>
                                                <parameter name="Task Type" source="constant" updatable="true">MCT</parameter>
                                                <parameter name="Has Inout Parameters" source="constant" updatable="true">true</parameter>
                                                <parameter name="taskField" source="nested">
                                                   <operation source="field" to="mt-LoadRDV-STG-IAPW-To-REF-NEW-ADVISOR">temp.dt_LoadRDV_STG_IAPW_To_REF_NEW_ADVISOR</operation>
                                                   <operation source="field"
                                                              to="mt-LoadRDV-STG-IAPW-To-REF-NEW-ADVISOR/inout[1]/io_tf_Audit_ID">temp.temp_tf_Audit_ID</operation>
                                                </parameter>
                                             </serviceInput>
                                             <serviceOutput>
                                                <operation source="field"
                                                           to="temp.dt_LoadRDV_STG_IAPW_To_REF_NEW_ADVISOR/output/Object_Name">Object Name</operation>
                                                <operation source="field"
                                                           to="temp.dt_LoadRDV_STG_IAPW_To_REF_NEW_ADVISOR/output/Run_Id">Run Id</operation>
                                                <operation source="field"
                                                           to="temp.dt_LoadRDV_STG_IAPW_To_REF_NEW_ADVISOR/output/Log_Id">Log Id</operation>
                                                <operation source="field"
                                                           to="temp.dt_LoadRDV_STG_IAPW_To_REF_NEW_ADVISOR/output/Task_Id">Task Id</operation>
                                                <operation source="field"
                                                           to="temp.dt_LoadRDV_STG_IAPW_To_REF_NEW_ADVISOR/output/Task_Status">Task Status</operation>
                                                <operation source="field"
                                                           to="temp.dt_LoadRDV_STG_IAPW_To_REF_NEW_ADVISOR/output/Success_Source_Rows">Success Source Rows</operation>
                                                <operation source="field"
                                                           to="temp.dt_LoadRDV_STG_IAPW_To_REF_NEW_ADVISOR/output/Failed_Source_Rows">Failed Source Rows</operation>
                                                <operation source="field"
                                                           to="temp.dt_LoadRDV_STG_IAPW_To_REF_NEW_ADVISOR/output/Success_Target_Rows">Success Target Rows</operation>
                                                <operation source="field"
                                                           to="temp.dt_LoadRDV_STG_IAPW_To_REF_NEW_ADVISOR/output/Failed_Target_Rows">Failed Target Rows</operation>
                                                <operation source="field"
                                                           to="temp.dt_LoadRDV_STG_IAPW_To_REF_NEW_ADVISOR/output/Start_Time">Start Time</operation>
                                                <operation source="field"
                                                           to="temp.dt_LoadRDV_STG_IAPW_To_REF_NEW_ADVISOR/output/End_Time">End Time</operation>
                                                <operation source="field"
                                                           to="temp.dt_LoadRDV_STG_IAPW_To_REF_NEW_ADVISOR/output/Error_Message">Error Message</operation>
                                                <operation source="field"
                                                           to="temp.dt_LoadRDV_STG_IAPW_To_REF_NEW_ADVISOR/output/TotalTransErrors">Total Transformation Errors</operation>
                                                <operation source="field"
                                                           to="temp.dt_LoadRDV_STG_IAPW_To_REF_NEW_ADVISOR/output/FirstErrorCode">First Error Code</operation>
                                                <operation source="field"
                                                           to="temp.dt_LoadRDV_STG_IAPW_To_REF_NEW_ADVISOR/inout/io_tf_Audit_ID">io_tf_Audit_ID</operation>
                                             </serviceOutput>
                                          </service>
                                          <events>
                                             <catch faultField="temp.dt_LoadRDV_STG_IAPW_To_REF_NEW_ADVISOR/fault"
                                                    id="kfkk0zw3"
                                                    interrupting="true"
                                                    name="error">
                                                <suspend/>
                                             </catch>
                                             <catch faultField="temp.dt_LoadRDV_STG_IAPW_To_REF_NEW_ADVISOR/fault"
                                                    id="kfkk0zw4"
                                                    interrupting="true"
                                                    name="warning"/>
                                          </events>
                                       </eventContainer>
                                       <link id="knqq72ia" targetId="knqq72hx" type="containerLink"/>
                                    </flow>
                                    <flow id="knqq72i1">
                                       <eventContainer id="knqq72i2">
                                          <service id="knqq72i3">
                                             <title>dt_LoadRDV_STG_IAPW_To_SAT_REF_NEW_ADVISOR_IAPW_Insert</title>
                                             <serviceName>ICSExecuteDataTask</serviceName>
                                             <serviceGUID/>
                                             <serviceInput>
                                                <parameter name="Wait for Task to Complete" source="constant" updatable="true">true</parameter>
                                                <parameter name="Max Wait" source="constant" updatable="true">604800</parameter>
                                                <parameter name="Task Name" source="constant" updatable="true">mt_LoadRDV_STG_IAPW_To_SAT_REF_NEW_ADVISOR_IAPW_Insert</parameter>
                                                <parameter name="GUID" source="constant" updatable="true">6HuJsuPyr6BgexL9QeVV00</parameter>
                                                <parameter name="Task Type" source="constant" updatable="true">MCT</parameter>
                                                <parameter name="Has Inout Parameters" source="constant" updatable="true">true</parameter>
                                                <parameter name="taskField" source="nested">
                                                   <operation source="field"
                                                              to="mt-LoadRDV-STG-IAPW-To-SAT-REF-NEW-ADVISOR-IAPW-Insert">temp.dt_LoadRDV_STG_IAPW_To_SAT_REF_NEW_ADVISOR_IAPW_Insert</operation>
                                                   <operation source="field"
                                                              to="mt-LoadRDV-STG-IAPW-To-SAT-REF-NEW-ADVISOR-IAPW-Insert/inout[1]/io_tf_Audit_ID">temp.temp_tf_Audit_ID</operation>
                                                </parameter>
                                             </serviceInput>
                                             <serviceOutput>
                                                <operation source="field"
                                                           to="temp.dt_LoadRDV_STG_IAPW_To_SAT_REF_NEW_ADVISOR_IAPW_Insert/output/Object_Name">Object Name</operation>
                                                <operation source="field"
                                                           to="temp.dt_LoadRDV_STG_IAPW_To_SAT_REF_NEW_ADVISOR_IAPW_Insert/output/Run_Id">Run Id</operation>
                                                <operation source="field"
                                                           to="temp.dt_LoadRDV_STG_IAPW_To_SAT_REF_NEW_ADVISOR_IAPW_Insert/output/Log_Id">Log Id</operation>
                                                <operation source="field"
                                                           to="temp.dt_LoadRDV_STG_IAPW_To_SAT_REF_NEW_ADVISOR_IAPW_Insert/output/Task_Id">Task Id</operation>
                                                <operation source="field"
                                                           to="temp.dt_LoadRDV_STG_IAPW_To_SAT_REF_NEW_ADVISOR_IAPW_Insert/output/Task_Status">Task Status</operation>
                                                <operation source="field"
                                                           to="temp.dt_LoadRDV_STG_IAPW_To_SAT_REF_NEW_ADVISOR_IAPW_Insert/output/Success_Source_Rows">Success Source Rows</operation>
                                                <operation source="field"
                                                           to="temp.dt_LoadRDV_STG_IAPW_To_SAT_REF_NEW_ADVISOR_IAPW_Insert/output/Failed_Source_Rows">Failed Source Rows</operation>
                                                <operation source="field"
                                                           to="temp.dt_LoadRDV_STG_IAPW_To_SAT_REF_NEW_ADVISOR_IAPW_Insert/output/Success_Target_Rows">Success Target Rows</operation>
                                                <operation source="field"
                                                           to="temp.dt_LoadRDV_STG_IAPW_To_SAT_REF_NEW_ADVISOR_IAPW_Insert/output/Failed_Target_Rows">Failed Target Rows</operation>
                                                <operation source="field"
                                                           to="temp.dt_LoadRDV_STG_IAPW_To_SAT_REF_NEW_ADVISOR_IAPW_Insert/output/Start_Time">Start Time</operation>
                                                <operation source="field"
                                                           to="temp.dt_LoadRDV_STG_IAPW_To_SAT_REF_NEW_ADVISOR_IAPW_Insert/output/End_Time">End Time</operation>
                                                <operation source="field"
                                                           to="temp.dt_LoadRDV_STG_IAPW_To_SAT_REF_NEW_ADVISOR_IAPW_Insert/output/Error_Message">Error Message</operation>
                                                <operation source="field"
                                                           to="temp.dt_LoadRDV_STG_IAPW_To_SAT_REF_NEW_ADVISOR_IAPW_Insert/output/TotalTransErrors">Total Transformation Errors</operation>
                                                <operation source="field"
                                                           to="temp.dt_LoadRDV_STG_IAPW_To_SAT_REF_NEW_ADVISOR_IAPW_Insert/output/FirstErrorCode">First Error Code</operation>
                                                <operation source="field"
                                                           to="temp.dt_LoadRDV_STG_IAPW_To_SAT_REF_NEW_ADVISOR_IAPW_Insert/inout/io_tf_Audit_ID">io_tf_Audit_ID</operation>
                                             </serviceOutput>
                                          </service>
                                          <events>
                                             <catch faultField="temp.dt_LoadRDV_STG_IAPW_To_SAT_REF_NEW_ADVISOR_IAPW_Insert/fault"
                                                    id="kfkk0zxg"
                                                    interrupting="true"
                                                    name="error">
                                                <suspend/>
                                             </catch>
                                             <catch faultField="temp.dt_LoadRDV_STG_IAPW_To_SAT_REF_NEW_ADVISOR_IAPW_Insert/fault"
                                                    id="kfkk0zxh"
                                                    interrupting="true"
                                                    name="warning"/>
                                          </events>
                                       </eventContainer>
                                       <link id="knqq72ib" targetId="knqq72hx" type="containerLink"/>
                                    </flow>
                                    <flow id="knqq72i4">
                                       <eventContainer id="knqq72i5">
                                          <service id="knqq72i6">
                                             <title>dt_LoadRDV_STG_IAPW_To_SAT_REF_NEW_ADVISOR_IAPW_Delete</title>
                                             <serviceName>ICSExecuteDataTask</serviceName>
                                             <serviceGUID/>
                                             <serviceInput>
                                                <parameter name="Wait for Task to Complete" source="constant" updatable="true">true</parameter>
                                                <parameter name="Max Wait" source="constant" updatable="true">604800</parameter>
                                                <parameter name="Task Name" source="constant" updatable="true">mt_LoadRDV_STG_IAPW_To_SAT_REF_NEW_ADVISOR_IAPW_Delete</parameter>
                                                <parameter name="GUID" source="constant" updatable="true">aVocG4BBI5al8pSACkhrYV</parameter>
                                                <parameter name="Task Type" source="constant" updatable="true">MCT</parameter>
                                                <parameter name="Has Inout Parameters" source="constant" updatable="true">true</parameter>
                                                <parameter name="taskField" source="nested">
                                                   <operation source="field"
                                                              to="mt-LoadRDV-STG-IAPW-To-SAT-REF-NEW-ADVISOR-IAPW-Delete">temp.dt_LoadRDV_STG_IAPW_To_SAT_REF_NEW_ADVISOR_IAPW_Delete</operation>
                                                   <operation source="field"
                                                              to="mt-LoadRDV-STG-IAPW-To-SAT-REF-NEW-ADVISOR-IAPW-Delete/input[1]/i_DATA_START_DATE">temp.temp_dataStartDate</operation>
                                                   <operation source="field"
                                                              to="mt-LoadRDV-STG-IAPW-To-SAT-REF-NEW-ADVISOR-IAPW-Delete/inout[1]/io_tf_Audit_ID">temp.temp_tf_Audit_ID</operation>
                                                   <operation source="field"
                                                              to="temp.dt_LoadRDV_STG_IAPW_To_SAT_REF_NEW_ADVISOR_IAPW_Delete[1]/input[1]/i_DATA_START_DATE">temp.temp_dataStartDate</operation>
                                                </parameter>
                                             </serviceInput>
                                             <serviceOutput>
                                                <operation source="field"
                                                           to="temp.dt_LoadRDV_STG_IAPW_To_SAT_REF_NEW_ADVISOR_IAPW_Delete/output/Object_Name">Object Name</operation>
                                                <operation source="field"
                                                           to="temp.dt_LoadRDV_STG_IAPW_To_SAT_REF_NEW_ADVISOR_IAPW_Delete/output/Run_Id">Run Id</operation>
                                                <operation source="field"
                                                           to="temp.dt_LoadRDV_STG_IAPW_To_SAT_REF_NEW_ADVISOR_IAPW_Delete/output/Log_Id">Log Id</operation>
                                                <operation source="field"
                                                           to="temp.dt_LoadRDV_STG_IAPW_To_SAT_REF_NEW_ADVISOR_IAPW_Delete/output/Task_Id">Task Id</operation>
                                                <operation source="field"
                                                           to="temp.dt_LoadRDV_STG_IAPW_To_SAT_REF_NEW_ADVISOR_IAPW_Delete/output/Task_Status">Task Status</operation>
                                                <operation source="field"
                                                           to="temp.dt_LoadRDV_STG_IAPW_To_SAT_REF_NEW_ADVISOR_IAPW_Delete/output/Success_Source_Rows">Success Source Rows</operation>
                                                <operation source="field"
                                                           to="temp.dt_LoadRDV_STG_IAPW_To_SAT_REF_NEW_ADVISOR_IAPW_Delete/output/Failed_Source_Rows">Failed Source Rows</operation>
                                                <operation source="field"
                                                           to="temp.dt_LoadRDV_STG_IAPW_To_SAT_REF_NEW_ADVISOR_IAPW_Delete/output/Success_Target_Rows">Success Target Rows</operation>
                                                <operation source="field"
                                                           to="temp.dt_LoadRDV_STG_IAPW_To_SAT_REF_NEW_ADVISOR_IAPW_Delete/output/Failed_Target_Rows">Failed Target Rows</operation>
                                                <operation source="field"
                                                           to="temp.dt_LoadRDV_STG_IAPW_To_SAT_REF_NEW_ADVISOR_IAPW_Delete/output/Start_Time">Start Time</operation>
                                                <operation source="field"
                                                           to="temp.dt_LoadRDV_STG_IAPW_To_SAT_REF_NEW_ADVISOR_IAPW_Delete/output/End_Time">End Time</operation>
                                                <operation source="field"
                                                           to="temp.dt_LoadRDV_STG_IAPW_To_SAT_REF_NEW_ADVISOR_IAPW_Delete/output/Error_Message">Error Message</operation>
                                                <operation source="field"
                                                           to="temp.dt_LoadRDV_STG_IAPW_To_SAT_REF_NEW_ADVISOR_IAPW_Delete/output/TotalTransErrors">Total Transformation Errors</operation>
                                                <operation source="field"
                                                           to="temp.dt_LoadRDV_STG_IAPW_To_SAT_REF_NEW_ADVISOR_IAPW_Delete/output/FirstErrorCode">First Error Code</operation>
                                                <operation source="field"
                                                           to="temp.dt_LoadRDV_STG_IAPW_To_SAT_REF_NEW_ADVISOR_IAPW_Delete/inout/io_tf_Audit_ID">io_tf_Audit_ID</operation>
                                             </serviceOutput>
                                          </service>
                                          <events>
                                             <catch faultField="temp.dt_LoadRDV_STG_IAPW_To_SAT_REF_NEW_ADVISOR_IAPW_Delete/fault"
                                                    id="kfkk0zyq"
                                                    interrupting="true"
                                                    name="error">
                                                <suspend/>
                                             </catch>
                                             <catch faultField="temp.dt_LoadRDV_STG_IAPW_To_SAT_REF_NEW_ADVISOR_IAPW_Delete/fault"
                                                    id="kfkk0zyr"
                                                    interrupting="true"
                                                    name="warning"/>
                                          </events>
                                       </eventContainer>
                                       <link id="knqq72ic" targetId="knqq72hx" type="containerLink"/>
                                    </flow>
                                    <link id="knqq72i7" targetId="knqq72hy" type="containerLink"/>
                                    <link id="knqq72i8" targetId="knqq72i1" type="containerLink"/>
                                    <link id="knqq72i9" targetId="knqq72i4" type="containerLink"/>
                                 </container>
                                 <link id="knqq72hk" targetId="knqq72hf" type="containerLink"/>
                              </flow>
                              <flow id="knqq72hm">
                                 <link id="knqq72hn" targetId="knqq72hf" type="containerLink"/>
                              </flow>
                              <link id="knqq72hi" targetId="knqq72hj" type="containerLink">
                                 <condition source="formula">
                                    <function name="greater-than">
                                       <arg name="left">{$temp.dt_STG_count[1]/inout[1]/io_rowCount}</arg>
                                       <arg name="right">{0}</arg>
                                    </function>
                                 </condition>
                              </link>
                              <link id="knqq72hl" targetId="knqq72hm" type="containerLink"/>
                           </container>
                           <link id="kfkk0zt4" targetId="kfkk0zt0" type="containerLink"/>
                        </flow>
                        <flow id="kfkk0zt6">
                           <throw id="kfkk0zu3">
                              <title>Throw_Error_StartJob</title>
                              <throwInput>
                                 <parameter name="code" source="field" updatable="true">temp.dt_Audit_StartJob[1]/inout[1]/io_Result</parameter>
                                 <parameter name="detail" source="constant" updatable="true"/>
                                 <parameter name="reason" source="constant" updatable="true"/>
                              </throwInput>
                           </throw>
                        </flow>
                        <link id="kfkk0zt2" targetId="kfkk0zt3" type="containerLink">
                           <condition source="formula">
                              <function name="contains">
                                 <arg name="left">{$temp.dt_Audit_StartJob[1]/inout[1]/io_Result}</arg>
                                 <arg name="right">SUCCESS</arg>
                              </function>
                           </condition>
                        </link>
                        <link id="kfkk0zt5" targetId="kfkk0zt6" type="containerLink"/>
                        <link id="kfkk100x" targetId="kfkk101o"/>
                     </container>
                     <link id="kfkk0zpo" targetId="kfkk0zpj" type="containerLink"/>
                  </flow>
                  <flow id="kfkk0zpq">
                     <link id="kfkk0zpr" targetId="kfkk0zpj" type="containerLink"/>
                  </flow>
                  <link id="kfkk0zpm" targetId="kfkk0zpn" type="containerLink">
                     <condition source="formula">
                        <function name="contains">
                           <arg name="left">{$temp.temp_filename}</arg>
                           <arg name="right">NEW_ADVISOR__</arg>
                        </function>
                     </condition>
                  </link>
                  <link id="kfkk0zpp" targetId="kfkk0zpq" type="containerLink"/>
                  <link id="kfkk0zve" targetId="c"/>
               </container>
               <end id="c"/>
            </flow>
            <dependencies>
               <processObject xmlns="http://schemas.active-endpoints.com/appmodules/screenflow/2011/06/avosHostEnvironment.xsd"
                              displayName="mt-Audit-EndJob"
                              isByCopy="true"
                              name="mt-Audit-EndJob">
                  <description/>
                  <tags/>
                  <detail>
                     <field label="Input Parameters"
                            name="input"
                            nullable="true"
                            required="false"
                            type="reference"/>
                     <field label="InOut Parameters"
                            name="inout"
                            nullable="true"
                            required="false"
                            type="reference"/>
                     <field label="TaskProperties Parameters"
                            name="taskProperties"
                            nullable="true"
                            required="false"
                            type="reference"/>
                     <field label="Output Parameters"
                            name="output"
                            nullable="true"
                            required="false"
                            type="reference"/>
                     <field label="Fault"
                            name="fault"
                            nullable="true"
                            required="false"
                            type="reference"/>
                  </detail>
               </processObject>
               <processObject xmlns="http://schemas.active-endpoints.com/appmodules/screenflow/2011/06/avosHostEnvironment.xsd"
                              displayName="mt-LoadSTG-PSA-IAPW-To-STG-REF-NEW-ADVISOR"
                              isByCopy="true"
                              name="mt-LoadSTG-PSA-IAPW-To-STG-REF-NEW-ADVISOR">
                  <description/>
                  <tags/>
                  <detail>
                     <field label="InOut Parameters"
                            name="inout"
                            nullable="true"
                            required="false"
                            type="reference"/>
                     <field label="TaskProperties Parameters"
                            name="taskProperties"
                            nullable="true"
                            required="false"
                            type="reference"/>
                     <field label="Output Parameters"
                            name="output"
                            nullable="true"
                            required="false"
                            type="reference"/>
                     <field label="Fault"
                            name="fault"
                            nullable="true"
                            required="false"
                            type="reference"/>
                  </detail>
               </processObject>
               <processObject xmlns="http://schemas.active-endpoints.com/appmodules/screenflow/2011/06/avosHostEnvironment.xsd"
                              displayName="mt-Audit-StartJob"
                              isByCopy="true"
                              name="mt-Audit-StartJob">
                  <description/>
                  <tags/>
                  <detail>
                     <field label="Input Parameters"
                            name="input"
                            nullable="true"
                            required="false"
                            type="reference"/>
                     <field label="InOut Parameters"
                            name="inout"
                            nullable="true"
                            required="false"
                            type="reference"/>
                     <field label="TaskProperties Parameters"
                            name="taskProperties"
                            nullable="true"
                            required="false"
                            type="reference"/>
                     <field label="Output Parameters"
                            name="output"
                            nullable="true"
                            required="false"
                            type="reference"/>
                     <field label="Fault"
                            name="fault"
                            nullable="true"
                            required="false"
                            type="reference"/>
                  </detail>
               </processObject>
               <processObject xmlns="http://schemas.active-endpoints.com/appmodules/screenflow/2011/06/avosHostEnvironment.xsd"
                              displayName="mt-STG-count"
                              isByCopy="true"
                              name="mt-STG-count">
                  <description/>
                  <tags/>
                  <detail>
                     <field label="Input Parameters"
                            name="input"
                            nullable="true"
                            required="false"
                            type="reference"/>
                     <field label="InOut Parameters"
                            name="inout"
                            nullable="true"
                            required="false"
                            type="reference"/>
                     <field label="TaskProperties Parameters"
                            name="taskProperties"
                            nullable="true"
                            required="false"
                            type="reference"/>
                     <field label="Output Parameters"
                            name="output"
                            nullable="true"
                            required="false"
                            type="reference"/>
                     <field label="Fault"
                            name="fault"
                            nullable="true"
                            required="false"
                            type="reference"/>
                  </detail>
               </processObject>
               <processObject xmlns="http://schemas.active-endpoints.com/appmodules/screenflow/2011/06/avosHostEnvironment.xsd"
                              displayName="mt-LoadRDV-STG-IAPW-To-REF-NEW-ADVISOR"
                              isByCopy="true"
                              name="mt-LoadRDV-STG-IAPW-To-REF-NEW-ADVISOR">
                  <description/>
                  <tags/>
                  <detail>
                     <field label="Input Parameters"
                            name="input"
                            nullable="true"
                            required="false"
                            type="reference"/>
                     <field label="InOut Parameters"
                            name="inout"
                            nullable="true"
                            required="false"
                            type="reference"/>
                     <field label="TaskProperties Parameters"
                            name="taskProperties"
                            nullable="true"
                            required="false"
                            type="reference"/>
                     <field label="Output Parameters"
                            name="output"
                            nullable="true"
                            required="false"
                            type="reference"/>
                     <field label="Fault"
                            name="fault"
                            nullable="true"
                            required="false"
                            type="reference"/>
                  </detail>
               </processObject>
               <processObject xmlns="http://schemas.active-endpoints.com/appmodules/screenflow/2011/06/avosHostEnvironment.xsd"
                              displayName="mt-LoadRDV-STG-IAPW-To-SAT-REF-NEW-ADVISOR-IAPW-Insert"
                              isByCopy="true"
                              name="mt-LoadRDV-STG-IAPW-To-SAT-REF-NEW-ADVISOR-IAPW-Insert">
                  <description/>
                  <tags/>
                  <detail>
                     <field label="Input Parameters"
                            name="input"
                            nullable="true"
                            required="false"
                            type="reference"/>
                     <field label="InOut Parameters"
                            name="inout"
                            nullable="true"
                            required="false"
                            type="reference"/>
                     <field label="TaskProperties Parameters"
                            name="taskProperties"
                            nullable="true"
                            required="false"
                            type="reference"/>
                     <field label="Output Parameters"
                            name="output"
                            nullable="true"
                            required="false"
                            type="reference"/>
                     <field label="Fault"
                            name="fault"
                            nullable="true"
                            required="false"
                            type="reference"/>
                  </detail>
               </processObject>
               <processObject xmlns="http://schemas.active-endpoints.com/appmodules/screenflow/2011/06/avosHostEnvironment.xsd"
                              displayName="mt-LoadRDV-STG-IAPW-To-SAT-REF-NEW-ADVISOR-IAPW-Delete"
                              isByCopy="true"
                              name="mt-LoadRDV-STG-IAPW-To-SAT-REF-NEW-ADVISOR-IAPW-Delete">
                  <description/>
                  <tags/>
                  <detail>
                     <field label="Input Parameters"
                            name="input"
                            nullable="true"
                            required="false"
                            type="reference"/>
                     <field label="InOut Parameters"
                            name="inout"
                            nullable="true"
                            required="false"
                            type="reference"/>
                     <field label="TaskProperties Parameters"
                            name="taskProperties"
                            nullable="true"
                            required="false"
                            type="reference"/>
                     <field label="Output Parameters"
                            name="output"
                            nullable="true"
                            required="false"
                            type="reference"/>
                     <field label="Fault"
                            name="fault"
                            nullable="true"
                            required="false"
                            type="reference"/>
                  </detail>
               </processObject>
               <processObject xmlns="http://schemas.active-endpoints.com/appmodules/screenflow/2011/06/avosHostEnvironment.xsd"
                              displayName="INTERNALB2BFILELISTENER1565084895"
                              isByCopy="true"
                              name="INTERNALB2BFILELISTENER1565084895">
                  <description>This process object represents a taskflow specific file task field details.</description>
                  <tags/>
                  <detail>
                     <field label="Arrived Files"
                            name="arrivedFiles"
                            nullable="true"
                            required="false"
                            type="objectlist">
                        <options>
                           <option name="referenceTo">$po:INTERNALB2BFILELISTENER1565084895-arrivedFiles</option>
                           <option name="relationshipName">Child</option>
                           <option hide="true" name="multiSelect">true</option>
                           <option name="required">false</option>
                        </options>
                     </field>
                     <field label="Update Files"
                            name="updatedFiles"
                            nullable="true"
                            required="false"
                            type="objectlist">
                        <options>
                           <option name="referenceTo">$po:INTERNALB2BFILELISTENER1565084895-updatedFiles</option>
                           <option name="relationshipName">Child</option>
                           <option hide="true" name="multiSelect">true</option>
                           <option name="required">false</option>
                        </options>
                     </field>
                     <field label="Deleted Files"
                            name="deletedFiles"
                            nullable="true"
                            required="false"
                            type="objectlist">
                        <options>
                           <option name="referenceTo">$po:INTERNALB2BFILELISTENER1565084895-deletedFiles</option>
                           <option name="relationshipName">Child</option>
                           <option hide="true" name="multiSelect">true</option>
                           <option name="required">false</option>
                        </options>
                     </field>
                  </detail>
               </processObject>
               <processObject xmlns="http://schemas.active-endpoints.com/appmodules/screenflow/2011/06/avosHostEnvironment.xsd"
                              displayName="INTERNALB2BFILELISTENER1565084895-arrivedFiles"
                              isByCopy="true"
                              name="INTERNALB2BFILELISTENER1565084895-arrivedFiles">
                  <description>This process object represents a arrivedFiles structure of the file task field.This is in case of taskflow.</description>
                  <tags/>
                  <detail>
                     <field label="Path"
                            name="path"
                            nullable="true"
                            required="false"
                            type="string"/>
                     <field label="Name"
                            name="name"
                            nullable="true"
                            required="false"
                            type="string"/>
                     <field label="Size"
                            name="size"
                            nullable="true"
                            required="false"
                            type="string"/>
                     <field label="Last Modified"
                            name="lastModified"
                            nullable="true"
                            required="false"
                            type="string"/>
                  </detail>
               </processObject>
               <processObject xmlns="http://schemas.active-endpoints.com/appmodules/screenflow/2011/06/avosHostEnvironment.xsd"
                              displayName="INTERNALB2BFILELISTENER1565084895-updatedFiles"
                              isByCopy="true"
                              name="INTERNALB2BFILELISTENER1565084895-updatedFiles">
                  <description>This process object represents a updatedFiles structure of the file task field.This is in case of taskflow.</description>
                  <tags/>
                  <detail>
                     <field label="Path"
                            name="path"
                            nullable="true"
                            required="false"
                            type="string"/>
                     <field label="Name"
                            name="name"
                            nullable="true"
                            required="false"
                            type="string"/>
                     <field label="Size"
                            name="size"
                            nullable="true"
                            required="false"
                            type="string"/>
                     <field label="Last Modified"
                            name="lastModified"
                            nullable="true"
                            required="false"
                            type="string"/>
                  </detail>
               </processObject>
               <processObject xmlns="http://schemas.active-endpoints.com/appmodules/screenflow/2011/06/avosHostEnvironment.xsd"
                              displayName="INTERNALB2BFILELISTENER1565084895-deletedFiles"
                              isByCopy="true"
                              name="INTERNALB2BFILELISTENER1565084895-deletedFiles">
                  <description>This process object represents file listener task deletedFiles structure.This is in case of taskflow.</description>
                  <tags/>
                  <detail>
                     <field label="Path"
                            name="path"
                            nullable="true"
                            required="false"
                            type="string"/>
                     <field label="Name"
                            name="name"
                            nullable="true"
                            required="false"
                            type="string"/>
                     <field label="Size"
                            name="size"
                            nullable="true"
                            required="false"
                            type="string"/>
                     <field label="Last Modified"
                            name="lastModified"
                            nullable="true"
                            required="false"
                            type="string"/>
                  </detail>
               </processObject>
            </dependencies>
         </taskflow>
      </types1:Entry>
      <types1:GUID>eryg9KFa1grkzVjVTqcxMA</types1:GUID>
      <types1:DisplayName>tf_OnDemand_LoadRDV_20-30_PSA_IAPW_STEWARDSHIP_to_RDV_REF_NEW_ADVISOR</types1:DisplayName>
   </types1:Item>
   <types1:CurrentServerDateTime>2023-03-08T18:46:21.547Z</types1:CurrentServerDateTime>
</aetgt:getResponse>
