<aetgt:getResponse xmlns:aetgt="http://schemas.active-endpoints.com/appmodules/repository/2010/10/avrepository.xsd"
                   xmlns:types1="http://schemas.active-endpoints.com/appmodules/repository/2010/10/avrepository.xsd">
   <types1:Item>
      <types1:EntryId>GtuslqAOclkZ2sB-gt-31386457-2021-07-28T19:27:12.52Z::tf.xml</types1:EntryId>
      <types1:Name>tf_LoadBDV_40_Shared_InvestmentSavingProgramType</types1:Name>
      <types1:MimeType>application/xml+taskflow</types1:MimeType>
      <types1:Description/>
      <types1:AppliesTo/>
      <types1:Tags/>
      <types1:VersionLabel>1.0</types1:VersionLabel>
      <types1:State>CURRENT</types1:State>
      <types1:ProcessGroup/>
      <types1:CreatedBy>vinita.singh.adm@ia.ca.SAML</types1:CreatedBy>
      <types1:CreationDate>2021-07-28T19:27:13Z</types1:CreationDate>
      <types1:ModifiedBy>jihed.laamiri.adm@ia.ca.SAML</types1:ModifiedBy>
      <types1:ModificationDate>2022-02-15T16:41:25Z</types1:ModificationDate>
      <types1:PublicationStatus>published</types1:PublicationStatus>
      <types1:PublishedBy>jihed.laamiri.adm@ia.ca.SAML</types1:PublishedBy>
      <types1:PublicationDate>2022-07-04T13:48:03Z</types1:PublicationDate>
      <types1:PublishedContributionId>project:/tf.tf_LoadBDV_40_Shared_InvestmentSavingProgramType/tf_LoadBDV_40_Shared_InvestmentSavingProgramType.tf.xml</types1:PublishedContributionId>
      <types1:AutosaveExists>false</types1:AutosaveExists>
      <types1:Entry>
         <taskflow xmlns="http://schemas.active-endpoints.com/appmodules/screenflow/2010/10/avosScreenflow.xsd"
                   xmlns:list="urn:activevos:spi:list:functions"
                   displayName="tf_LoadBDV_40_Shared_InvestmentSavingProgramType"
                   name="tf_LoadBDV_40_Shared_InvestmentSavingProgramType"
                   overrideAPIName="false">
            <appliesTo/>
            <description/>
            <tags/>
            <generator>Informatica Process Designer 11</generator>
            <tempFields>
               <field description="" name="mt_audit_startJob_NextDate" type="reference">
                  <options>
                     <option name="referenceTo">$po:mt-audit-startJob-NextDate</option>
                     <option name="failOnNotRun">false</option>
                     <option name="failOnFault">false</option>
                  </options>
               </field>
               <field description=""
                      name="dt_LoadBDV_RDV_IAS_NBIN_To_BDV_WT_AGG_Plans"
                      type="reference">
                  <options>
                     <option name="referenceTo">$po:mt-LoadBDV-RDV-IAS-NBIN-To-BDV-WT-AGG-Plans</option>
                     <option name="failOnNotRun">false</option>
                     <option name="failOnFault">false</option>
                  </options>
               </field>
               <field description=""
                      name="dt_LoadBDV_RDV_IAS_NBIN_To_BDV_AGG_REF_Plans"
                      type="reference">
                  <options>
                     <option name="referenceTo">$po:mt-LoadBDV-RDV-IAS-NBIN-To-BDV-AGG-REF-Plans</option>
                     <option name="failOnNotRun">false</option>
                     <option name="failOnFault">false</option>
                  </options>
               </field>
               <field description=""
                      name="mt_LoadBDV_RDV_IAS_NBIN_To_BDV_AGG_SAT_Plans_insert"
                      type="reference">
                  <options>
                     <option name="referenceTo">$po:mt-LoadBDV-RDV-IAS-NBIN-To-BDV-AGG-SAT-Plans-insert</option>
                     <option name="failOnNotRun">false</option>
                     <option name="failOnFault">false</option>
                  </options>
               </field>
               <field description=""
                      name="mt_LoadBDV_RDV_IAS_NBIN_To_BDV_AGG_SAT_Plans_delete"
                      type="reference">
                  <options>
                     <option name="referenceTo">$po:mt-LoadBDV-RDV-IAS-NBIN-To-BDV-AGG-SAT-Plans-delete</option>
                     <option name="failOnNotRun">false</option>
                     <option name="failOnFault">false</option>
                  </options>
               </field>
               <field description=""
                      name="dt_LoadBDV_To_SatPlans_insert"
                      type="reference">
                  <options>
                     <option name="referenceTo">$po:mt-LoadBDV-BDV-Wt-To-Shared-SatPlan-Compute-insert</option>
                     <option name="failOnNotRun">false</option>
                     <option name="failOnFault">false</option>
                  </options>
               </field>
               <field description=""
                      name="dt_LoadBDV_To_SatPlans_delete"
                      type="reference">
                  <options>
                     <option name="referenceTo">$po:mt-LoadBDV-BDV-Wt-To-Shared-SatPlan-Compute-Delete</option>
                     <option name="failOnNotRun">false</option>
                     <option name="failOnFault">false</option>
                  </options>
               </field>
               <field description="" name="dt_Audit_EndJob" type="reference">
                  <options>
                     <option name="referenceTo">$po:mt-audit-endJob</option>
                     <option name="failOnNotRun">false</option>
                     <option name="failOnFault">false</option>
                  </options>
               </field>
               <field description="" name="temp_JobName" type="string">
                  <options>
                     <option name="required">false</option>
                  </options>
               </field>
               <field description="" name="temp_tf_Audit_ID" type="string">
                  <options>
                     <option name="required">false</option>
                  </options>
               </field>
               <field description="" name="temp_dataStartDate" type="date">
                  <options>
                     <option name="required">false</option>
                  </options>
               </field>
               <field description=""
                      name="dt_LoadBDV_PSA_IAS_NBIN_To_WtSat_Plans"
                      type="reference">
                  <options>
                     <option name="referenceTo">$po:mt-LoadBDV-RDV-Shared-To-Wt-IAS-NBIN-SatPlan-Compute</option>
                  </options>
               </field>
               <field description=""
                      name="mt_LoadBDV_RDV_Shared_To_Wt_IAS_UNIVERIS_SatPlan_Compute"
                      type="reference">
                  <options>
                     <option name="failOnNotRun">false</option>
                     <option name="failOnFault">false</option>
                     <option name="referenceTo">$po:mt-LoadBDV-RDV-Shared-To-Wt-IAS-UNIVERIS-SatPlan-Compute</option>
                  </options>
               </field>
            </tempFields>
            <notes/>
            <deployment suspendOnFault="false" tracingLevel="verbose">
               <rest/>
            </deployment>
            <flow id="a">
               <start id="b">
                  <link id="kg9lcwdf" targetId="kg9lcwde"/>
               </start>
               <assignment id="kg9lcwde">
                  <title>asgn_StartJob_Parameters</title>
                  <operation source="formula" to="temp.temp_JobName">
                     <expression language="XQuery">fn:concat("'",util:getAssetName(),"'")</expression>
                  </operation>
                  <operation source="formula" to="temp.temp_tf_Audit_ID">
                     <expression language="XQuery">fn:concat("'",util:getAssetName(),"-", util:getProcessId(),"'")</expression>
                  </operation>
                  <operation source="constant"
                             to="temp.mt_audit_startJob_NextDate[1]/inout[1]/io_DataStartDate">01/01/2000 00:00:00.000000000</operation>
                  <operation source="constant"
                             to="temp.mt_audit_startJob_NextDate[1]/inout[1]/io_Result">ERROR</operation>
                  <link id="kg9lcwdg" targetId="kg9i7hj8"/>
               </assignment>
               <assignment id="km590f23">
                  <title>asgn_DataStartDate</title>
                  <operation source="formula" to="temp.temp_dataStartDate">
                     <expression language="XQuery">fn:concat("'",date:toChar(date:toDate($temp.mt_audit_startJob_NextDate[1]/inout[1]/io_DataStartDate , 'MM/DD/YYYY 00:00:00.000000000'),'YYYY-MM-DD'),"'")</expression>
                  </operation>
                  <link id="km590f25" targetId="kg9i7hju"/>
               </assignment>
               <eventContainer id="kg9i7hj8">
                  <service id="kg9i7hj2">
                     <title>mt_audit_startJob_NextDate</title>
                     <serviceName>ICSExecuteDataTask</serviceName>
                     <serviceGUID/>
                     <serviceInput>
                        <parameter name="Wait for Task to Complete" source="constant" updatable="true">true</parameter>
                        <parameter name="Max Wait" source="constant" updatable="true">604800</parameter>
                        <parameter name="Task Name" source="constant" updatable="true">mt_audit_startJob_NextDate</parameter>
                        <parameter name="GUID" source="constant" updatable="true">3Hupf9pdwzlibDSnQrX1kw</parameter>
                        <parameter name="Task Type" source="constant" updatable="true">MCT</parameter>
                        <parameter name="Has Inout Parameters" source="constant" updatable="true">true</parameter>
                        <parameter name="taskField" source="nested">
                           <operation source="field" to="mt-audit-startJob-NextDate">temp.mt_audit_startJob_NextDate</operation>
                           <operation source="field" to="mt-audit-startJob-NextDate/inout[1]/io_auditID">temp.temp_tf_Audit_ID
                           
                           <expression language="XQuery">fn:concat("'",fn:replace($temp.mt_audit_startJob_NextDate[1]/inout[1]/io_jobName , "'", ""),"-", util:getProcessId(),"'")</expression>
                           </operation>
                           <operation source="field" to="mt-audit-startJob-NextDate/inout[1]/io_jobName">temp.temp_JobName</operation>
                        </parameter>
                     </serviceInput>
                     <serviceOutput>
                        <operation source="field" to="temp.mt_audit_startJob_NextDate/output/Object_Name">Object Name</operation>
                        <operation source="field" to="temp.mt_audit_startJob_NextDate/output/Run_Id">Run Id</operation>
                        <operation source="field" to="temp.mt_audit_startJob_NextDate/output/Log_Id">Log Id</operation>
                        <operation source="field" to="temp.mt_audit_startJob_NextDate/output/Task_Id">Task Id</operation>
                        <operation source="field" to="temp.mt_audit_startJob_NextDate/output/Task_Status">Task Status</operation>
                        <operation source="field"
                                   to="temp.mt_audit_startJob_NextDate/output/Success_Source_Rows">Success Source Rows</operation>
                        <operation source="field"
                                   to="temp.mt_audit_startJob_NextDate/output/Failed_Source_Rows">Failed Source Rows</operation>
                        <operation source="field"
                                   to="temp.mt_audit_startJob_NextDate/output/Success_Target_Rows">Success Target Rows</operation>
                        <operation source="field"
                                   to="temp.mt_audit_startJob_NextDate/output/Failed_Target_Rows">Failed Target Rows</operation>
                        <operation source="field" to="temp.mt_audit_startJob_NextDate/output/Start_Time">Start Time</operation>
                        <operation source="field" to="temp.mt_audit_startJob_NextDate/output/End_Time">End Time</operation>
                        <operation source="field"
                                   to="temp.mt_audit_startJob_NextDate/output/Error_Message">Error Message</operation>
                        <operation source="field" to="temp.mt_audit_startJob_NextDate/inout/io_jobName">io_jobName</operation>
                        <operation source="field" to="temp.mt_audit_startJob_NextDate/inout/io_auditID">io_auditID</operation>
                        <operation source="field" to="temp.mt_audit_startJob_NextDate/inout/io_Result">io_Result</operation>
                        <operation source="field"
                                   to="temp.mt_audit_startJob_NextDate/inout/io_DataStartDate">io_DataStartDate</operation>
                     </serviceOutput>
                  </service>
                  <link id="km590f24" targetId="km590f23"/>
                  <events>
                     <catch faultField="temp.mt_audit_startJob_NextDate/fault"
                            id="kg9i7hj6"
                            interrupting="true"
                            name="error">
                        <suspend/>
                     </catch>
                     <catch faultField="temp.mt_audit_startJob_NextDate/fault"
                            id="kg9i7hj7"
                            interrupting="true"
                            name="warning"/>
                  </events>
               </eventContainer>
               <container id="kg9i7hju" type="exclusive">
                  <title>dcn_StartJob_Result</title>
                  <flow id="kg9i7hjy">
                     <eventContainer id="km590f3z">
                        <service id="km279hbw">
                           <title>dt_LoadBDV_RDV_IAS_NBIN_To_BDV_WT_AGG_Plans</title>
                           <serviceName>ICSExecuteDataTask</serviceName>
                           <serviceGUID/>
                           <serviceInput>
                              <parameter name="Wait for Task to Complete" source="constant" updatable="true">true</parameter>
                              <parameter name="Max Wait" source="constant" updatable="true">604800</parameter>
                              <parameter name="Task Name" source="constant" updatable="true">mt_LoadBDV_RDV_IAS_NBIN_To_BDV_WT_AGG_Plans</parameter>
                              <parameter name="GUID" source="constant" updatable="true">7Ta2SY1iIKmfS834MHVD2i</parameter>
                              <parameter name="Task Type" source="constant" updatable="true">MCT</parameter>
                              <parameter name="Has Inout Parameters" source="constant" updatable="true">false</parameter>
                              <parameter name="taskField" source="nested">
                                 <operation source="field" to="mt-LoadBDV-RDV-IAS-NBIN-To-BDV-WT-AGG-Plans">temp.dt_LoadBDV_RDV_IAS_NBIN_To_BDV_WT_AGG_Plans</operation>
                                 <operation source="field"
                                            to="mt-LoadBDV-RDV-IAS-NBIN-To-BDV-WT-AGG-Plans/input[1]/i_DATA_START_DATE">temp.temp_dataStartDate
                                 
                                 <expression language="XQuery">fn:concat("'",date:toChar(date:toDate($temp.mt_audit_startJob_NextDate[1]/inout[1]/io_DataStartDate , 'MM/DD/YYYY 00:00:00.000000000'),'YYYY-MM-DD'),"'")</expression>
                                 </operation>
                              </parameter>
                           </serviceInput>
                           <serviceOutput>
                              <operation source="field"
                                         to="temp.dt_LoadBDV_RDV_IAS_NBIN_To_BDV_WT_AGG_Plans/output/Object_Name">Object Name</operation>
                              <operation source="field"
                                         to="temp.dt_LoadBDV_RDV_IAS_NBIN_To_BDV_WT_AGG_Plans/output/Run_Id">Run Id</operation>
                              <operation source="field"
                                         to="temp.dt_LoadBDV_RDV_IAS_NBIN_To_BDV_WT_AGG_Plans/output/Log_Id">Log Id</operation>
                              <operation source="field"
                                         to="temp.dt_LoadBDV_RDV_IAS_NBIN_To_BDV_WT_AGG_Plans/output/Task_Id">Task Id</operation>
                              <operation source="field"
                                         to="temp.dt_LoadBDV_RDV_IAS_NBIN_To_BDV_WT_AGG_Plans/output/Task_Status">Task Status</operation>
                              <operation source="field"
                                         to="temp.dt_LoadBDV_RDV_IAS_NBIN_To_BDV_WT_AGG_Plans/output/Success_Source_Rows">Success Source Rows</operation>
                              <operation source="field"
                                         to="temp.dt_LoadBDV_RDV_IAS_NBIN_To_BDV_WT_AGG_Plans/output/Failed_Source_Rows">Failed Source Rows</operation>
                              <operation source="field"
                                         to="temp.dt_LoadBDV_RDV_IAS_NBIN_To_BDV_WT_AGG_Plans/output/Success_Target_Rows">Success Target Rows</operation>
                              <operation source="field"
                                         to="temp.dt_LoadBDV_RDV_IAS_NBIN_To_BDV_WT_AGG_Plans/output/Failed_Target_Rows">Failed Target Rows</operation>
                              <operation source="field"
                                         to="temp.dt_LoadBDV_RDV_IAS_NBIN_To_BDV_WT_AGG_Plans/output/Start_Time">Start Time</operation>
                              <operation source="field"
                                         to="temp.dt_LoadBDV_RDV_IAS_NBIN_To_BDV_WT_AGG_Plans/output/End_Time">End Time</operation>
                              <operation source="field"
                                         to="temp.dt_LoadBDV_RDV_IAS_NBIN_To_BDV_WT_AGG_Plans/output/Error_Message">Error Message</operation>
                           </serviceOutput>
                        </service>
                        <link id="km279hct" targetId="km279hcd"/>
                        <events>
                           <catch faultField="temp.dt_LoadBDV_RDV_IAS_NBIN_To_BDV_WT_AGG_Plans/fault"
                                  id="km590f3x"
                                  interrupting="true"
                                  name="error">
                              <suspend/>
                           </catch>
                           <catch faultField="temp.dt_LoadBDV_RDV_IAS_NBIN_To_BDV_WT_AGG_Plans/fault"
                                  id="km590f3y"
                                  interrupting="true"
                                  name="warning"/>
                        </events>
                     </eventContainer>
                     <eventContainer id="km590f5b">
                        <service id="km279hfm">
                           <title>dt_Audit_EndJob</title>
                           <serviceName>ICSExecuteDataTask</serviceName>
                           <serviceGUID/>
                           <serviceInput>
                              <parameter name="Wait for Task to Complete" source="constant" updatable="true">true</parameter>
                              <parameter name="Max Wait" source="constant" updatable="true">604800</parameter>
                              <parameter name="Task Name" source="constant" updatable="true">mt_audit_endJob</parameter>
                              <parameter name="GUID" source="constant" updatable="true">dViP12T7g8HdpZmiM8ImyI</parameter>
                              <parameter name="Task Type" source="constant" updatable="true">MCT</parameter>
                              <parameter name="Has Inout Parameters" source="constant" updatable="true">true</parameter>
                              <parameter name="taskField" source="nested">
                                 <operation source="field" to="mt-audit-endJob">temp.dt_Audit_EndJob</operation>
                                 <operation source="field" to="mt-audit-endJob/inout[1]/io_jobAuditID">temp.temp_tf_Audit_ID</operation>
                                 <operation source="constant" to="mt-audit-endJob/inout[1]/io_jobEndDesc">Successful execution</operation>
                                 <operation source="constant" to="mt-audit-endJob/inout[1]/io_jobEndStatus">SUCCESS</operation>
                                 <operation source="field" to="mt-audit-endJob/inout[1]/io_jobName">temp.temp_JobName</operation>
                                 <operation source="field" to="mt-audit-endJob/inout[1]/io_jobStartDate">temp.temp_dataStartDate</operation>
                              </parameter>
                           </serviceInput>
                           <serviceOutput>
                              <operation source="field" to="temp.dt_Audit_EndJob/output/Object_Name">Object Name</operation>
                              <operation source="field" to="temp.dt_Audit_EndJob/output/Run_Id">Run Id</operation>
                              <operation source="field" to="temp.dt_Audit_EndJob/output/Log_Id">Log Id</operation>
                              <operation source="field" to="temp.dt_Audit_EndJob/output/Task_Id">Task Id</operation>
                              <operation source="field" to="temp.dt_Audit_EndJob/output/Task_Status">Task Status</operation>
                              <operation source="field" to="temp.dt_Audit_EndJob/output/Success_Source_Rows">Success Source Rows</operation>
                              <operation source="field" to="temp.dt_Audit_EndJob/output/Failed_Source_Rows">Failed Source Rows</operation>
                              <operation source="field" to="temp.dt_Audit_EndJob/output/Success_Target_Rows">Success Target Rows</operation>
                              <operation source="field" to="temp.dt_Audit_EndJob/output/Failed_Target_Rows">Failed Target Rows</operation>
                              <operation source="field" to="temp.dt_Audit_EndJob/output/Start_Time">Start Time</operation>
                              <operation source="field" to="temp.dt_Audit_EndJob/output/End_Time">End Time</operation>
                              <operation source="field" to="temp.dt_Audit_EndJob/output/Error_Message">Error Message</operation>
                              <operation source="field" to="temp.dt_Audit_EndJob/inout/io_Result">io_Result</operation>
                              <operation source="field" to="temp.dt_Audit_EndJob/inout/io_jobName">io_jobName</operation>
                              <operation source="field" to="temp.dt_Audit_EndJob/inout/io_jobAuditID">io_jobAuditID</operation>
                              <operation source="field" to="temp.dt_Audit_EndJob/inout/io_jobStartDate">io_jobStartDate</operation>
                              <operation source="field" to="temp.dt_Audit_EndJob/inout/io_jobEndStatus">io_jobEndStatus</operation>
                              <operation source="field" to="temp.dt_Audit_EndJob/inout/io_jobEndDesc">io_jobEndDesc</operation>
                           </serviceOutput>
                        </service>
                        <events>
                           <catch faultField="temp.dt_Audit_EndJob/fault"
                                  id="km590f59"
                                  interrupting="true"
                                  name="error">
                              <suspend/>
                           </catch>
                           <catch faultField="temp.dt_Audit_EndJob/fault"
                                  id="km590f5a"
                                  interrupting="true"
                                  name="warning"/>
                        </events>
                     </eventContainer>
                     <container id="km279hcd" type="parallel">
                        <title>Parallel AGG REF SAT Loading</title>
                        <flow id="km279hce">
                           <eventContainer id="km279hcf">
                              <service id="km279hcg">
                                 <title>dt_LoadBDV_RDV_IAS_NBIN_To_BDV_AGG_REF_Plans</title>
                                 <serviceName>ICSExecuteDataTask</serviceName>
                                 <serviceGUID/>
                                 <serviceInput>
                                    <parameter name="Wait for Task to Complete" source="constant" updatable="true">true</parameter>
                                    <parameter name="Max Wait" source="constant" updatable="true">604800</parameter>
                                    <parameter name="Task Name" source="constant" updatable="true">mt_LoadBDV_RDV_IAS_NBIN_To_BDV_AGG_REF_Plans</parameter>
                                    <parameter name="GUID" source="constant" updatable="true">0ZSB6YyRNURdtYaQos94O9</parameter>
                                    <parameter name="Task Type" source="constant" updatable="true">MCT</parameter>
                                    <parameter name="Has Inout Parameters" source="constant" updatable="true">false</parameter>
                                    <parameter name="taskField" source="nested">
                                       <operation source="field" to="mt-LoadBDV-RDV-IAS-NBIN-To-BDV-AGG-REF-Plans">temp.dt_LoadBDV_RDV_IAS_NBIN_To_BDV_AGG_REF_Plans</operation>
                                       <operation source="field"
                                                  to="mt-LoadBDV-RDV-IAS-NBIN-To-BDV-AGG-REF-Plans/inout[1]/io_tf_Audit_ID">temp.temp_tf_Audit_ID</operation>
                                    </parameter>
                                 </serviceInput>
                                 <serviceOutput>
                                    <operation source="field"
                                               to="temp.dt_LoadBDV_RDV_IAS_NBIN_To_BDV_AGG_REF_Plans/output/Object_Name">Object Name</operation>
                                    <operation source="field"
                                               to="temp.dt_LoadBDV_RDV_IAS_NBIN_To_BDV_AGG_REF_Plans/output/Run_Id">Run Id</operation>
                                    <operation source="field"
                                               to="temp.dt_LoadBDV_RDV_IAS_NBIN_To_BDV_AGG_REF_Plans/output/Log_Id">Log Id</operation>
                                    <operation source="field"
                                               to="temp.dt_LoadBDV_RDV_IAS_NBIN_To_BDV_AGG_REF_Plans/output/Task_Id">Task Id</operation>
                                    <operation source="field"
                                               to="temp.dt_LoadBDV_RDV_IAS_NBIN_To_BDV_AGG_REF_Plans/output/Task_Status">Task Status</operation>
                                    <operation source="field"
                                               to="temp.dt_LoadBDV_RDV_IAS_NBIN_To_BDV_AGG_REF_Plans/output/Success_Source_Rows">Success Source Rows</operation>
                                    <operation source="field"
                                               to="temp.dt_LoadBDV_RDV_IAS_NBIN_To_BDV_AGG_REF_Plans/output/Failed_Source_Rows">Failed Source Rows</operation>
                                    <operation source="field"
                                               to="temp.dt_LoadBDV_RDV_IAS_NBIN_To_BDV_AGG_REF_Plans/output/Success_Target_Rows">Success Target Rows</operation>
                                    <operation source="field"
                                               to="temp.dt_LoadBDV_RDV_IAS_NBIN_To_BDV_AGG_REF_Plans/output/Failed_Target_Rows">Failed Target Rows</operation>
                                    <operation source="field"
                                               to="temp.dt_LoadBDV_RDV_IAS_NBIN_To_BDV_AGG_REF_Plans/output/Start_Time">Start Time</operation>
                                    <operation source="field"
                                               to="temp.dt_LoadBDV_RDV_IAS_NBIN_To_BDV_AGG_REF_Plans/output/End_Time">End Time</operation>
                                    <operation source="field"
                                               to="temp.dt_LoadBDV_RDV_IAS_NBIN_To_BDV_AGG_REF_Plans/output/Error_Message">Error Message</operation>
                                 </serviceOutput>
                              </service>
                              <events>
                                 <catch faultField="temp.dt_LoadBDV_RDV_IAS_NBIN_To_BDV_AGG_REF_Plans/fault"
                                        id="klv9zijb"
                                        interrupting="true"
                                        name="error">
                                    <suspend/>
                                 </catch>
                                 <catch faultField="temp.dt_LoadBDV_RDV_IAS_NBIN_To_BDV_AGG_REF_Plans/fault"
                                        id="klv9zijc"
                                        interrupting="true"
                                        name="warning"/>
                              </events>
                           </eventContainer>
                           <link id="km279hcq" targetId="km279hcd" type="containerLink"/>
                        </flow>
                        <flow id="km279hch">
                           <eventContainer id="km279hci">
                              <service id="km279hcj">
                                 <title>mt_LoadBDV_RDV_IAS_NBIN_To_BDV_AGG_SAT_Plans_insert</title>
                                 <serviceName>ICSExecuteDataTask</serviceName>
                                 <serviceGUID/>
                                 <serviceInput>
                                    <parameter name="Wait for Task to Complete" source="constant" updatable="true">true</parameter>
                                    <parameter name="Max Wait" source="constant" updatable="true">604800</parameter>
                                    <parameter name="Task Name" source="constant" updatable="true">mt_LoadBDV_RDV_IAS_NBIN_To_BDV_AGG_SAT_Plans_insert</parameter>
                                    <parameter name="GUID" source="constant" updatable="true">itkSfE3k0KFe82OsPWRZWY</parameter>
                                    <parameter name="Task Type" source="constant" updatable="true">MCT</parameter>
                                    <parameter name="Has Inout Parameters" source="constant" updatable="true">false</parameter>
                                    <parameter name="taskField" source="nested">
                                       <operation source="field" to="mt-LoadBDV-RDV-IAS-NBIN-To-BDV-AGG-SAT-Plans-insert">temp.mt_LoadBDV_RDV_IAS_NBIN_To_BDV_AGG_SAT_Plans_insert</operation>
                                       <operation source="field"
                                                  to="mt-LoadBDV-RDV-IAS-NBIN-To-BDV-AGG-SAT-Plans-insert/inout[1]/io_tf_Audit_ID">temp.temp_tf_Audit_ID</operation>
                                    </parameter>
                                 </serviceInput>
                                 <serviceOutput/>
                              </service>
                              <events>
                                 <catch faultField="temp.mt_LoadBDV_RDV_IAS_NBIN_To_BDV_AGG_SAT_Plans_insert/fault"
                                        id="klv9ziki"
                                        interrupting="true"
                                        name="error">
                                    <suspend/>
                                 </catch>
                                 <catch faultField="temp.mt_LoadBDV_RDV_IAS_NBIN_To_BDV_AGG_SAT_Plans_insert/fault"
                                        id="klv9zikj"
                                        interrupting="true"
                                        name="warning"/>
                              </events>
                           </eventContainer>
                           <link id="km279hcr" targetId="km279hcd" type="containerLink"/>
                        </flow>
                        <flow id="km279hck">
                           <eventContainer id="km279hcl">
                              <service id="km279hcm">
                                 <title>mt_LoadBDV_RDV_IAS_NBIN_To_BDV_AGG_SAT_Plans_delete</title>
                                 <serviceName>ICSExecuteDataTask</serviceName>
                                 <serviceGUID/>
                                 <serviceInput>
                                    <parameter name="Wait for Task to Complete" source="constant" updatable="true">true</parameter>
                                    <parameter name="Max Wait" source="constant" updatable="true">604800</parameter>
                                    <parameter name="Task Name" source="constant" updatable="true">mt_LoadBDV_RDV_IAS_NBIN_To_BDV_AGG_SAT_Plans_delete</parameter>
                                    <parameter name="GUID" source="constant" updatable="true">6KhAhr2DasZlmCHtAXjA2D</parameter>
                                    <parameter name="Task Type" source="constant" updatable="true">MCT</parameter>
                                    <parameter name="Has Inout Parameters" source="constant" updatable="true">false</parameter>
                                    <parameter name="taskField" source="nested">
                                       <operation source="field" to="mt-LoadBDV-RDV-IAS-NBIN-To-BDV-AGG-SAT-Plans-delete">temp.mt_LoadBDV_RDV_IAS_NBIN_To_BDV_AGG_SAT_Plans_delete</operation>
                                       <operation source="field"
                                                  to="mt-LoadBDV-RDV-IAS-NBIN-To-BDV-AGG-SAT-Plans-delete/input[1]/i_DATA_START_DATE">temp.temp_dataStartDate
                                       
                                       <expression language="XQuery">fn:concat("'",date:toChar(date:toDate($temp.mt_audit_startJob_NextDate[1]/inout[1]/io_DataStartDate , 'MM/DD/YYYY 00:00:00.000000000'),'YYYY-MM-DD'),"'")</expression>
                                       </operation>
                                       <operation source="field"
                                                  to="mt-LoadBDV-RDV-IAS-NBIN-To-BDV-AGG-SAT-Plans-delete/inout[1]/io_tf_Audit_ID">temp.temp_tf_Audit_ID</operation>
                                    </parameter>
                                 </serviceInput>
                                 <serviceOutput>
                                    <operation source="field"
                                               to="temp.mt_LoadBDV_RDV_IAS_NBIN_To_BDV_AGG_SAT_Plans_delete/output/Object_Name">Object Name</operation>
                                    <operation source="field"
                                               to="temp.mt_LoadBDV_RDV_IAS_NBIN_To_BDV_AGG_SAT_Plans_delete/output/Run_Id">Run Id</operation>
                                    <operation source="field"
                                               to="temp.mt_LoadBDV_RDV_IAS_NBIN_To_BDV_AGG_SAT_Plans_delete/output/Log_Id">Log Id</operation>
                                    <operation source="field"
                                               to="temp.mt_LoadBDV_RDV_IAS_NBIN_To_BDV_AGG_SAT_Plans_delete/output/Task_Id">Task Id</operation>
                                    <operation source="field"
                                               to="temp.mt_LoadBDV_RDV_IAS_NBIN_To_BDV_AGG_SAT_Plans_delete/output/Task_Status">Task Status</operation>
                                    <operation source="field"
                                               to="temp.mt_LoadBDV_RDV_IAS_NBIN_To_BDV_AGG_SAT_Plans_delete/output/Success_Source_Rows">Success Source Rows</operation>
                                    <operation source="field"
                                               to="temp.mt_LoadBDV_RDV_IAS_NBIN_To_BDV_AGG_SAT_Plans_delete/output/Failed_Source_Rows">Failed Source Rows</operation>
                                    <operation source="field"
                                               to="temp.mt_LoadBDV_RDV_IAS_NBIN_To_BDV_AGG_SAT_Plans_delete/output/Success_Target_Rows">Success Target Rows</operation>
                                    <operation source="field"
                                               to="temp.mt_LoadBDV_RDV_IAS_NBIN_To_BDV_AGG_SAT_Plans_delete/output/Failed_Target_Rows">Failed Target Rows</operation>
                                    <operation source="field"
                                               to="temp.mt_LoadBDV_RDV_IAS_NBIN_To_BDV_AGG_SAT_Plans_delete/output/Start_Time">Start Time</operation>
                                    <operation source="field"
                                               to="temp.mt_LoadBDV_RDV_IAS_NBIN_To_BDV_AGG_SAT_Plans_delete/output/End_Time">End Time</operation>
                                    <operation source="field"
                                               to="temp.mt_LoadBDV_RDV_IAS_NBIN_To_BDV_AGG_SAT_Plans_delete/output/Error_Message">Error Message</operation>
                                 </serviceOutput>
                              </service>
                              <events>
                                 <catch faultField="temp.mt_LoadBDV_RDV_IAS_NBIN_To_BDV_AGG_SAT_Plans_delete/fault"
                                        id="klva6819"
                                        interrupting="true"
                                        name="error">
                                    <suspend/>
                                 </catch>
                                 <catch faultField="temp.mt_LoadBDV_RDV_IAS_NBIN_To_BDV_AGG_SAT_Plans_delete/fault"
                                        id="klva681a"
                                        interrupting="true"
                                        name="warning"/>
                              </events>
                           </eventContainer>
                           <link id="km279hcs" targetId="km279hcd" type="containerLink"/>
                        </flow>
                        <link id="km279hcn" targetId="km279hce" type="containerLink"/>
                        <link id="km279hco" targetId="km279hch" type="containerLink"/>
                        <link id="km279hcp" targetId="km279hck" type="containerLink"/>
                        <link id="koyglu76" targetId="koyglu75"/>
                     </container>
                     <container id="koyglu75" type="parallel">
                        <title>Parallel Paths 1</title>
                        <flow id="koyglu79">
                           <service id="koyglu7v">
                              <title>dt_LoadBDV_PSA_IAS_NBIN_To_WtSat_Plans</title>
                              <serviceName>ICSExecuteDataTask</serviceName>
                              <serviceGUID/>
                              <serviceInput>
                                 <parameter name="Wait for Task to Complete" source="constant" updatable="true">true</parameter>
                                 <parameter name="Max Wait" source="constant" updatable="true">604800</parameter>
                                 <parameter name="Task Name" source="constant" updatable="true">mt_LoadBDV_RDV_Shared_To_Wt_IAS_NBIN_SatPlan_Compute</parameter>
                                 <parameter name="GUID" source="constant" updatable="true">88sJP1ndfamlp9HIFGlOez</parameter>
                                 <parameter name="Task Type" source="constant" updatable="true">MCT</parameter>
                                 <parameter name="Has Inout Parameters" source="constant" updatable="true">false</parameter>
                                 <parameter name="taskField" source="nested">
                                    <operation source="field"
                                               to="mt-LoadBDV-RDV-Shared-To-Wt-IAS-NBIN-SatPlan-Compute">temp.dt_LoadBDV_PSA_IAS_NBIN_To_WtSat_Plans</operation>
                                    <operation source="field"
                                               to="mt-LoadBDV-RDV-Shared-To-Wt-IAS-NBIN-SatPlan-Compute/input[1]/i_DATA_START_DATE">temp.temp_dataStartDate
                                    
                                    <expression language="XQuery">fn:concat("'",date:toChar(date:toDate($temp.mt_audit_startJob_NextDate[1]/inout[1]/io_DataStartDate , 'MM/DD/YYYY 00:00:00.000000000'),'YYYY-MM-DD'),"'")</expression>
                                    </operation>
                                 </parameter>
                              </serviceInput>
                              <serviceOutput>
                                 <operation source="field"
                                            to="temp.dt_LoadBDV_PSA_IAS_NBIN_To_WtSat_Plans/output/Object_Name">Object Name</operation>
                                 <operation source="field"
                                            to="temp.dt_LoadBDV_PSA_IAS_NBIN_To_WtSat_Plans/output/Run_Id">Run Id</operation>
                                 <operation source="field"
                                            to="temp.dt_LoadBDV_PSA_IAS_NBIN_To_WtSat_Plans/output/Log_Id">Log Id</operation>
                                 <operation source="field"
                                            to="temp.dt_LoadBDV_PSA_IAS_NBIN_To_WtSat_Plans/output/Task_Id">Task Id</operation>
                                 <operation source="field"
                                            to="temp.dt_LoadBDV_PSA_IAS_NBIN_To_WtSat_Plans/output/Task_Status">Task Status</operation>
                                 <operation source="field"
                                            to="temp.dt_LoadBDV_PSA_IAS_NBIN_To_WtSat_Plans/output/Success_Source_Rows">Success Source Rows</operation>
                                 <operation source="field"
                                            to="temp.dt_LoadBDV_PSA_IAS_NBIN_To_WtSat_Plans/output/Failed_Source_Rows">Failed Source Rows</operation>
                                 <operation source="field"
                                            to="temp.dt_LoadBDV_PSA_IAS_NBIN_To_WtSat_Plans/output/Success_Target_Rows">Success Target Rows</operation>
                                 <operation source="field"
                                            to="temp.dt_LoadBDV_PSA_IAS_NBIN_To_WtSat_Plans/output/Failed_Target_Rows">Failed Target Rows</operation>
                                 <operation source="field"
                                            to="temp.dt_LoadBDV_PSA_IAS_NBIN_To_WtSat_Plans/output/Start_Time">Start Time</operation>
                                 <operation source="field"
                                            to="temp.dt_LoadBDV_PSA_IAS_NBIN_To_WtSat_Plans/output/End_Time">End Time</operation>
                                 <operation source="field"
                                            to="temp.dt_LoadBDV_PSA_IAS_NBIN_To_WtSat_Plans/output/Error_Message">Error Message</operation>
                              </serviceOutput>
                           </service>
                           <link id="koyglu7a" targetId="koyglu75" type="containerLink"/>
                        </flow>
                        <flow id="koyglu7c">
                           <eventContainer id="koyglu8z">
                              <service id="koyglu8f">
                                 <title>mt_LoadBDV_RDV_Shared_To_Wt_IAS_UNIVERIS_SatPlan_Compute</title>
                                 <serviceName>ICSExecuteDataTask</serviceName>
                                 <serviceGUID/>
                                 <serviceInput>
                                    <parameter name="Wait for Task to Complete" source="constant" updatable="true">true</parameter>
                                    <parameter name="Max Wait" source="constant" updatable="true">604800</parameter>
                                    <parameter name="Task Name" source="constant" updatable="true">mt_LoadBDV_RDV_Shared_To_Wt_IAS_UNIVERIS_SatPlan_Compute</parameter>
                                    <parameter name="GUID" source="constant" updatable="true">1ffSGOFoJS6fVUEgRV2Qoq</parameter>
                                    <parameter name="Task Type" source="constant" updatable="true">MCT</parameter>
                                    <parameter name="Has Inout Parameters" source="constant" updatable="true">false</parameter>
                                    <parameter name="taskField" source="nested">
                                       <operation source="field"
                                                  to="mt-LoadBDV-RDV-Shared-To-Wt-IAS-UNIVERIS-SatPlan-Compute">temp.mt_LoadBDV_RDV_Shared_To_Wt_IAS_UNIVERIS_SatPlan_Compute</operation>
                                       <operation source="field"
                                                  to="mt-LoadBDV-RDV-Shared-To-Wt-IAS-UNIVERIS-SatPlan-Compute/input[1]/i_DATA_START_DATE">temp.temp_dataStartDate</operation>
                                    </parameter>
                                 </serviceInput>
                                 <serviceOutput>
                                    <operation source="field"
                                               to="temp.mt_LoadBDV_RDV_Shared_To_Wt_IAS_UNIVERIS_SatPlan_Compute/output/Object_Name">Object Name</operation>
                                    <operation source="field"
                                               to="temp.mt_LoadBDV_RDV_Shared_To_Wt_IAS_UNIVERIS_SatPlan_Compute/output/Run_Id">Run Id</operation>
                                    <operation source="field"
                                               to="temp.mt_LoadBDV_RDV_Shared_To_Wt_IAS_UNIVERIS_SatPlan_Compute/output/Log_Id">Log Id</operation>
                                    <operation source="field"
                                               to="temp.mt_LoadBDV_RDV_Shared_To_Wt_IAS_UNIVERIS_SatPlan_Compute/output/Task_Id">Task Id</operation>
                                    <operation source="field"
                                               to="temp.mt_LoadBDV_RDV_Shared_To_Wt_IAS_UNIVERIS_SatPlan_Compute/output/Task_Status">Task Status</operation>
                                    <operation source="field"
                                               to="temp.mt_LoadBDV_RDV_Shared_To_Wt_IAS_UNIVERIS_SatPlan_Compute/output/Success_Source_Rows">Success Source Rows</operation>
                                    <operation source="field"
                                               to="temp.mt_LoadBDV_RDV_Shared_To_Wt_IAS_UNIVERIS_SatPlan_Compute/output/Failed_Source_Rows">Failed Source Rows</operation>
                                    <operation source="field"
                                               to="temp.mt_LoadBDV_RDV_Shared_To_Wt_IAS_UNIVERIS_SatPlan_Compute/output/Success_Target_Rows">Success Target Rows</operation>
                                    <operation source="field"
                                               to="temp.mt_LoadBDV_RDV_Shared_To_Wt_IAS_UNIVERIS_SatPlan_Compute/output/Failed_Target_Rows">Failed Target Rows</operation>
                                    <operation source="field"
                                               to="temp.mt_LoadBDV_RDV_Shared_To_Wt_IAS_UNIVERIS_SatPlan_Compute/output/Start_Time">Start Time</operation>
                                    <operation source="field"
                                               to="temp.mt_LoadBDV_RDV_Shared_To_Wt_IAS_UNIVERIS_SatPlan_Compute/output/End_Time">End Time</operation>
                                    <operation source="field"
                                               to="temp.mt_LoadBDV_RDV_Shared_To_Wt_IAS_UNIVERIS_SatPlan_Compute/output/Error_Message">Error Message</operation>
                                 </serviceOutput>
                              </service>
                              <events>
                                 <catch faultField="temp.mt_LoadBDV_RDV_Shared_To_Wt_IAS_UNIVERIS_SatPlan_Compute/fault"
                                        id="koyglu8x"
                                        interrupting="true"
                                        name="error">
                                    <suspend/>
                                 </catch>
                                 <catch faultField="temp.mt_LoadBDV_RDV_Shared_To_Wt_IAS_UNIVERIS_SatPlan_Compute/fault"
                                        id="koyglu8y"
                                        interrupting="true"
                                        name="warning"/>
                              </events>
                           </eventContainer>
                           <link id="koyglu7d" targetId="koyglu75" type="containerLink"/>
                        </flow>
                        <link id="koyglu78" targetId="koyglu79" type="containerLink"/>
                        <link id="koyglu7b" targetId="koyglu7c" type="containerLink"/>
                        <link id="koyglu7m" targetId="km279he6"/>
                     </container>
                     <container id="km279he6" type="parallel">
                        <title>Parallel BDV Loading</title>
                        <flow id="km279he7">
                           <eventContainer id="km279he8">
                              <service id="km279he9">
                                 <title>dt_LoadBDV_To_SatPlans_insert</title>
                                 <serviceName>ICSExecuteDataTask</serviceName>
                                 <serviceGUID/>
                                 <serviceInput>
                                    <parameter name="Wait for Task to Complete" source="constant" updatable="true">true</parameter>
                                    <parameter name="Max Wait" source="constant" updatable="true">604800</parameter>
                                    <parameter name="Task Name" source="constant" updatable="true">mt_LoadBDV_BDV_Wt_To_Shared_SatPlan_Compute_insert</parameter>
                                    <parameter name="GUID" source="constant" updatable="true">5CWkPltKi4dhbaJNZ9v56g</parameter>
                                    <parameter name="Task Type" source="constant" updatable="true">MCT</parameter>
                                    <parameter name="Has Inout Parameters" source="constant" updatable="true">false</parameter>
                                    <parameter name="taskField" source="nested">
                                       <operation source="field" to="mt-LoadBDV-BDV-Wt-To-Shared-SatPlan-Compute-insert">temp.dt_LoadBDV_To_SatPlans_insert</operation>
                                       <operation source="field"
                                                  to="mt-LoadBDV-BDV-Wt-To-Shared-SatPlan-Compute-insert/inout[1]/io_tf_Audit_ID">temp.temp_tf_Audit_ID</operation>
                                    </parameter>
                                 </serviceInput>
                                 <serviceOutput/>
                              </service>
                              <events>
                                 <catch faultField="temp.dt_LoadBDV_To_SatPlans_insert/fault"
                                        id="kln67uw2"
                                        interrupting="true"
                                        name="error">
                                    <suspend/>
                                 </catch>
                                 <catch faultField="temp.dt_LoadBDV_To_SatPlans_insert/fault"
                                        id="kln67uw3"
                                        interrupting="true"
                                        name="warning"/>
                              </events>
                           </eventContainer>
                           <link id="km279hef" targetId="km279he6" type="containerLink"/>
                        </flow>
                        <flow id="km279hea">
                           <eventContainer id="km279heb">
                              <service id="km279hec">
                                 <title>dt_LoadBDV_To_SatPlans_delete</title>
                                 <serviceName>ICSExecuteDataTask</serviceName>
                                 <serviceGUID/>
                                 <serviceInput>
                                    <parameter name="Wait for Task to Complete" source="constant" updatable="true">true</parameter>
                                    <parameter name="Max Wait" source="constant" updatable="true">604800</parameter>
                                    <parameter name="Task Name" source="constant" updatable="true">mt_LoadBDV_BDV_Wt_To_Shared_SatPlan_Compute_Delete</parameter>
                                    <parameter name="GUID" source="constant" updatable="true">kLNJ8TO0tS9eh9Zt3Dzvmu</parameter>
                                    <parameter name="Task Type" source="constant" updatable="true">MCT</parameter>
                                    <parameter name="Has Inout Parameters" source="constant" updatable="true">false</parameter>
                                    <parameter name="taskField" source="nested">
                                       <operation source="field" to="mt-LoadBDV-BDV-Wt-To-Shared-SatPlan-Compute-Delete">temp.dt_LoadBDV_To_SatPlans_delete</operation>
                                       <operation source="field"
                                                  to="mt-LoadBDV-BDV-Wt-To-Shared-SatPlan-Compute-Delete/inout[1]/io_tf_Audit_ID">temp.temp_tf_Audit_ID</operation>
                                       <operation source="field"
                                                  to="mt-LoadBDV-BDV-Wt-To-Shared-SatPlan-Compute-Delete/input[1]/i_DATA_START_DATE">temp.temp_dataStartDate</operation>
                                    </parameter>
                                 </serviceInput>
                                 <serviceOutput/>
                              </service>
                              <events>
                                 <catch faultField="temp.dt_LoadBDV_To_SatPlans_delete/fault"
                                        id="kln67uwu"
                                        interrupting="true"
                                        name="error">
                                    <suspend/>
                                 </catch>
                                 <catch faultField="temp.dt_LoadBDV_To_SatPlans_delete/fault"
                                        id="kln67uwv"
                                        interrupting="true"
                                        name="warning"/>
                              </events>
                           </eventContainer>
                           <link id="km279heg" targetId="km279he6" type="containerLink"/>
                        </flow>
                        <link id="km279hed" targetId="km279he7" type="containerLink"/>
                        <link id="km279hee" targetId="km279hea" type="containerLink"/>
                        <link id="km279hfn" targetId="km590f5b"/>
                     </container>
                     <link id="kg9i7hjz" targetId="kg9i7hju" type="containerLink"/>
                  </flow>
                  <flow id="kg9i7hk1">
                     <throw id="kg9i7hkn">
                        <title>Throw_Error_StartJob</title>
                        <throwInput>
                           <parameter name="code" source="field" updatable="true">temp.mt_audit_startJob_NextDate[1]/inout[1]/io_Result</parameter>
                           <parameter name="detail" source="constant" updatable="true"/>
                           <parameter name="reason" source="constant" updatable="true"/>
                        </throwInput>
                     </throw>
                  </flow>
                  <link id="kg9i7hjx" targetId="kg9i7hjy" type="containerLink">
                     <condition source="formula">
                        <function name="contains">
                           <arg name="left">{$temp.mt_audit_startJob_NextDate[1]/inout[1]/io_Result}</arg>
                           <arg name="right">SUCCESS</arg>
                        </function>
                     </condition>
                  </link>
                  <link id="kg9i7hk0" targetId="kg9i7hk1" type="containerLink"/>
                  <link id="kg9i7hjw" targetId="c"/>
               </container>
               <end id="c"/>
            </flow>
            <dependencies>
               <processObject xmlns="http://schemas.active-endpoints.com/appmodules/screenflow/2011/06/avosHostEnvironment.xsd"
                              displayName="mt-audit-startJob-NextDate"
                              isByCopy="true"
                              name="mt-audit-startJob-NextDate">
                  <description/>
                  <tags/>
                  <detail>
                     <field label="Input Parameters" name="input" type="reference"/>
                     <field label="InOut Parameters" name="inout" type="reference"/>
                     <field label="TaskProperties Parameters"
                            name="taskProperties"
                            type="reference"/>
                     <field label="Output Parameters" name="output" type="reference"/>
                     <field label="Fault" name="fault" type="reference"/>
                  </detail>
               </processObject>
               <processObject xmlns="http://schemas.active-endpoints.com/appmodules/screenflow/2011/06/avosHostEnvironment.xsd"
                              displayName="mt-LoadBDV-RDV-IAS-NBIN-To-BDV-WT-AGG-Plans"
                              isByCopy="true"
                              name="mt-LoadBDV-RDV-IAS-NBIN-To-BDV-WT-AGG-Plans">
                  <description/>
                  <tags/>
                  <detail>
                     <field label="Input Parameters" name="input" type="reference"/>
                     <field label="TaskProperties Parameters"
                            name="taskProperties"
                            type="reference"/>
                     <field label="Output Parameters" name="output" type="reference"/>
                     <field label="Fault" name="fault" type="reference"/>
                  </detail>
               </processObject>
               <processObject xmlns="http://schemas.active-endpoints.com/appmodules/screenflow/2011/06/avosHostEnvironment.xsd"
                              displayName="mt-LoadBDV-RDV-IAS-NBIN-To-BDV-AGG-REF-Plans"
                              isByCopy="true"
                              name="mt-LoadBDV-RDV-IAS-NBIN-To-BDV-AGG-REF-Plans">
                  <description/>
                  <tags/>
                  <detail>
                     <field label="Input Parameters" name="input" type="reference"/>
                     <field label="InOut Parameters" name="inout" type="reference"/>
                     <field label="TaskProperties Parameters"
                            name="taskProperties"
                            type="reference"/>
                     <field label="Output Parameters" name="output" type="reference"/>
                     <field label="Fault" name="fault" type="reference"/>
                  </detail>
               </processObject>
               <processObject xmlns="http://schemas.active-endpoints.com/appmodules/screenflow/2011/06/avosHostEnvironment.xsd"
                              displayName="mt-LoadBDV-RDV-IAS-NBIN-To-BDV-AGG-SAT-Plans-insert"
                              isByCopy="true"
                              name="mt-LoadBDV-RDV-IAS-NBIN-To-BDV-AGG-SAT-Plans-insert">
                  <description/>
                  <tags/>
                  <detail>
                     <field label="Input Parameters" name="input" type="reference"/>
                     <field label="InOut Parameters" name="inout" type="reference"/>
                     <field label="TaskProperties Parameters"
                            name="taskProperties"
                            type="reference"/>
                     <field label="Output Parameters" name="output" type="reference"/>
                     <field label="Fault" name="fault" type="reference"/>
                  </detail>
               </processObject>
               <processObject xmlns="http://schemas.active-endpoints.com/appmodules/screenflow/2011/06/avosHostEnvironment.xsd"
                              displayName="mt-LoadBDV-RDV-IAS-NBIN-To-BDV-AGG-SAT-Plans-delete"
                              isByCopy="true"
                              name="mt-LoadBDV-RDV-IAS-NBIN-To-BDV-AGG-SAT-Plans-delete">
                  <description/>
                  <tags/>
                  <detail>
                     <field label="Input Parameters" name="input" type="reference"/>
                     <field label="InOut Parameters" name="inout" type="reference"/>
                     <field label="TaskProperties Parameters"
                            name="taskProperties"
                            type="reference"/>
                     <field label="Output Parameters" name="output" type="reference"/>
                     <field label="Fault" name="fault" type="reference"/>
                  </detail>
               </processObject>
               <processObject xmlns="http://schemas.active-endpoints.com/appmodules/screenflow/2011/06/avosHostEnvironment.xsd"
                              displayName="mt-LoadBDV-BDV-Wt-To-Shared-SatPlan-Compute-insert"
                              isByCopy="true"
                              name="mt-LoadBDV-BDV-Wt-To-Shared-SatPlan-Compute-insert">
                  <description/>
                  <tags/>
                  <detail>
                     <field label="Input Parameters" name="input" type="reference"/>
                     <field label="InOut Parameters" name="inout" type="reference"/>
                     <field label="TaskProperties Parameters"
                            name="taskProperties"
                            type="reference"/>
                     <field label="Output Parameters" name="output" type="reference"/>
                     <field label="Fault" name="fault" type="reference"/>
                  </detail>
               </processObject>
               <processObject xmlns="http://schemas.active-endpoints.com/appmodules/screenflow/2011/06/avosHostEnvironment.xsd"
                              displayName="mt-LoadBDV-BDV-Wt-To-Shared-SatPlan-Compute-Delete"
                              isByCopy="true"
                              name="mt-LoadBDV-BDV-Wt-To-Shared-SatPlan-Compute-Delete">
                  <description/>
                  <tags/>
                  <detail>
                     <field label="Input Parameters" name="input" type="reference"/>
                     <field label="InOut Parameters" name="inout" type="reference"/>
                     <field label="TaskProperties Parameters"
                            name="taskProperties"
                            type="reference"/>
                     <field label="Output Parameters" name="output" type="reference"/>
                     <field label="Fault" name="fault" type="reference"/>
                  </detail>
               </processObject>
               <processObject xmlns="http://schemas.active-endpoints.com/appmodules/screenflow/2011/06/avosHostEnvironment.xsd"
                              displayName="mt-audit-endJob"
                              isByCopy="true"
                              name="mt-audit-endJob">
                  <description/>
                  <tags/>
                  <detail>
                     <field label="Input Parameters" name="input" type="reference"/>
                     <field label="InOut Parameters" name="inout" type="reference"/>
                     <field label="TaskProperties Parameters"
                            name="taskProperties"
                            type="reference"/>
                     <field label="Output Parameters" name="output" type="reference"/>
                     <field label="Fault" name="fault" type="reference"/>
                  </detail>
               </processObject>
               <processObject xmlns="http://schemas.active-endpoints.com/appmodules/screenflow/2011/06/avosHostEnvironment.xsd"
                              displayName="mt-LoadBDV-RDV-Shared-To-Wt-IAS-NBIN-SatPlan-Compute"
                              isByCopy="true"
                              name="mt-LoadBDV-RDV-Shared-To-Wt-IAS-NBIN-SatPlan-Compute">
                  <description/>
                  <tags/>
                  <detail>
                     <field label="Input Parameters" name="input" type="reference"/>
                     <field label="TaskProperties Parameters"
                            name="taskProperties"
                            type="reference"/>
                     <field label="Output Parameters" name="output" type="reference"/>
                     <field label="Fault" name="fault" type="reference"/>
                  </detail>
               </processObject>
               <processObject xmlns="http://schemas.active-endpoints.com/appmodules/screenflow/2011/06/avosHostEnvironment.xsd"
                              displayName="mt-LoadBDV-RDV-Shared-To-Wt-IAS-UNIVERIS-SatPlan-Compute"
                              isByCopy="true"
                              name="mt-LoadBDV-RDV-Shared-To-Wt-IAS-UNIVERIS-SatPlan-Compute">
                  <description/>
                  <tags/>
                  <detail>
                     <field label="Input Parameters" name="input" type="reference"/>
                     <field label="TaskProperties Parameters"
                            name="taskProperties"
                            type="reference"/>
                     <field label="Output Parameters" name="output" type="reference"/>
                     <field label="Fault" name="fault" type="reference"/>
                  </detail>
               </processObject>
            </dependencies>
         </taskflow>
      </types1:Entry>
      <types1:GUID>jva6c1xkwyregpQpVboeUg</types1:GUID>
      <types1:DisplayName>tf_LoadBDV_40_Shared_InvestmentSavingProgramType</types1:DisplayName>
   </types1:Item>
   <types1:CurrentServerDateTime>2023-03-08T18:58:52.304Z</types1:CurrentServerDateTime>
</aetgt:getResponse>
