<aetgt:getResponse xmlns:aetgt="http://schemas.active-endpoints.com/appmodules/repository/2010/10/avrepository.xsd"
                   xmlns:types1="http://schemas.active-endpoints.com/appmodules/repository/2010/10/avrepository.xsd">
   <types1:Item>
      <types1:EntryId>CUrXoE9paabdqpw-gt-1052535-2022-09-19T23:33:34.466Z::tf.xml</types1:EntryId>
      <types1:Name>tf_LoadSTG_DM_10-61_IAPW_PORTAL_API_to_DM_STRATEGIC</types1:Name>
      <types1:MimeType>application/xml+taskflow</types1:MimeType>
      <types1:Description/>
      <types1:AppliesTo/>
      <types1:Tags/>
      <types1:VersionLabel>1.0</types1:VersionLabel>
      <types1:State>CURRENT</types1:State>
      <types1:ProcessGroup/>
      <types1:CreatedBy>iheb.benghali.adm@ia.ca</types1:CreatedBy>
      <types1:CreationDate>2022-09-19T23:33:34Z</types1:CreationDate>
      <types1:ModifiedBy>iheb.benghali.adm@ia.ca</types1:ModifiedBy>
      <types1:ModificationDate>2022-09-19T23:53:32Z</types1:ModificationDate>
      <types1:PublicationStatus>out-of-date</types1:PublicationStatus>
      <types1:PublishedBy>iheb.benghali.adm@ia.ca</types1:PublishedBy>
      <types1:PublicationDate>2022-09-19T23:54:34Z</types1:PublicationDate>
      <types1:PublishedContributionId>project:/tf.tf_LoadSTG_DM_10-61_IAPW_PORTAL_API_to_DM_STRATEGIC/tf_LoadSTG_DM_10-61_IAPW_PORTAL_API_to_DM_STRATEGIC.tf.xml</types1:PublishedContributionId>
      <types1:AutosaveExists>false</types1:AutosaveExists>
      <types1:Entry>
         <taskflow xmlns="http://schemas.active-endpoints.com/appmodules/screenflow/2010/10/avosScreenflow.xsd"
                   xmlns:tfm="http://schemas.active-endpoints.com/appmodules/screenflow/2021/04/taskflowModel.xsd"
                   xmlns:list="urn:activevos:spi:list:functions"
                   displayName="tf_LoadSTG_DM_10-61_IAPW_PORTAL_API_to_DM_STRATEGIC"
                   name="tf_LoadSTG_DM_10-61_IAPW_PORTAL_API_to_DM_STRATEGIC"
                   overrideAPIName="false">
            <parameterSet xmlns="http://schemas.active-endpoints.com/appmodules/screenflow/2021/04/taskflowModel.xsd"/>
            <appliesTo/>
            <description/>
            <tags/>
            <generator>Informatica Process Designer 11</generator>
            <tempFields>
               <field description="Number of the remaining iterations"
                      name="temp_remainingIterations"
                      type="int">
                  <options>
                     <option name="required">false</option>
                  </options>
               </field>
               <field description=""
                      name="mt_LoadSTG_PSA_IAPW_PROTAL_API_To_ACCOUNTS_CLIENTS_SUMMARY_RVP"
                      type="reference">
                  <options>
                     <option name="failOnNotRun">false</option>
                     <option name="failOnFault">false</option>
                     <option name="referenceTo">$po:mt-LoadSTG-PSA-IAPW-PROTAL-API-To-ACCOUNTS-CLIENTS-SUMMARY-RVP</option>
                  </options>
               </field>
               <field description=""
                      name="mt_LoadSTG_PSA_IAW_PORTAL_API_To_ASSETS_SUMMARY_BYPROVINCE_RVP"
                      type="reference">
                  <options>
                     <option name="failOnNotRun">false</option>
                     <option name="failOnFault">false</option>
                     <option name="referenceTo">$po:mt-LoadSTG-PSA-IAW-PORTAL-API-To-ASSETS-SUMMARY-BYPROVINCE-RVP</option>
                  </options>
               </field>
               <field description=""
                      name="mt_LoadSTG_PSA_IAW_PORTAL_API_To_ASSETS_SUMMARY_BYACCOUNTTYPE_RVP"
                      type="reference">
                  <options>
                     <option name="failOnNotRun">false</option>
                     <option name="failOnFault">false</option>
                     <option name="referenceTo">$po:mt-LoadSTG-PSA-IAW-PORTAL-API-To-ASSETS-SUMMARY-BYACCOUNTTYPE-RVP</option>
                  </options>
               </field>
               <field description=""
                      name="mt_LoadSTG_PSA_IAS_CERT_To_ASSETS_SUMMARY_BY_COMMISSIONTYPE_AND_PRODUCT_RVP"
                      type="reference">
                  <options>
                     <option name="failOnNotRun">false</option>
                     <option name="failOnFault">false</option>
                     <option name="referenceTo">$po:mt-LoadSTG-PSA-IAS-CERT-To-ASSETS-SUMMARY-BY-COMMISSIONTYPE-AND-PRODUCT-RVP</option>
                  </options>
               </field>
               <field description=""
                      name="mt_LoadSTG_PSA_IAW_PORTAL_API_To_ASSETS_SUMMARY_BYPRODUCT_RVP"
                      type="reference">
                  <options>
                     <option name="failOnNotRun">false</option>
                     <option name="failOnFault">false</option>
                     <option name="referenceTo">$po:mt-LoadSTG-PSA-IAW-PORTAL-API-To-ASSETS-SUMMARY-BYPRODUCT-RVP</option>
                  </options>
               </field>
               <field description=""
                      name="mt_LoadSTG_PSA_IAPW_PORTAL_API_To_ASSETS_SUMMARY_BY_COMMISSIONTYPE_RVP"
                      type="reference">
                  <options>
                     <option name="failOnNotRun">false</option>
                     <option name="failOnFault">false</option>
                     <option name="referenceTo">$po:mt-LoadSTG-PSA-IAPW-PORTAL-API-To-ASSETS-SUMMARY-BY-COMMISSIONTYPE-RVP</option>
                  </options>
               </field>
               <field description=""
                      name="tf_LoadDM_61_DM_STRATEGIC_Assest_Summary_ByAccountType_RVP"
                      type="reference">
                  <options>
                     <option name="referenceTo">$po:InternalInfaSubTaskflowField</option>
                  </options>
               </field>
               <field description=""
                      name="tf_LoadDM_61_STRATEGIC_Accounts_Clients_Summary_RVP_Daily"
                      type="reference">
                  <options>
                     <option name="referenceTo">$po:InternalInfaSubTaskflowField</option>
                  </options>
               </field>
               <field description=""
                      name="tf_LoadDM_61_DM_STRATEGIC_Assest_Summary_ByProvince_RVP"
                      type="reference">
                  <options>
                     <option name="referenceTo">$po:InternalInfaSubTaskflowField</option>
                  </options>
               </field>
               <field description=""
                      name="tf_LoadDM_61_DM_STRATEGIC_Assest_Summary_ByProduct_RVP"
                      type="reference">
                  <options>
                     <option name="referenceTo">$po:InternalInfaSubTaskflowField</option>
                  </options>
               </field>
               <field description=""
                      name="tf_LoadDM_61_STRATEGIC_Assest_Summary_ByCommissionType_And_Product_RVP"
                      type="reference">
                  <options>
                     <option name="referenceTo">$po:InternalInfaSubTaskflowField</option>
                  </options>
               </field>
               <field description=""
                      name="tf_LoadDM_61_STRATEGIC_Assests_Summary_ByCommissionType_RVP_Daily"
                      type="reference">
                  <options>
                     <option name="referenceTo">$po:InternalInfaSubTaskflowField</option>
                  </options>
               </field>
            </tempFields>
            <notes/>
            <deployment suspendOnFault="false" tracingLevel="verbose">
               <rest/>
            </deployment>
            <flow id="a">
               <start id="b">
                  <link id="l84q4wry" targetId="l84q4wrx"/>
               </start>
               <container id="l84q4wrx" type="parallel">
                  <title>load_API_files</title>
                  <flow id="l84q4ws1">
                     <eventContainer id="l84q4ww6">
                        <service id="l84q4wtf">
                           <title>mt_LoadSTG_PSA_IAPW_PROTAL_API_To_ACCOUNTS_CLIENTS_SUMMARY_RVP</title>
                           <serviceName>ICSExecuteDataTask</serviceName>
                           <serviceGUID/>
                           <serviceInput>
                              <parameter name="Wait for Task to Complete" source="constant" updatable="true">true</parameter>
                              <parameter name="Max Wait" source="constant" updatable="true">604800</parameter>
                              <parameter name="Task Name" source="constant" updatable="true">mt_LoadSTG_PSA_IAPW_PROTAL_API_To_ACCOUNTS_CLIENTS_SUMMARY_RVP</parameter>
                              <parameter name="GUID" source="constant" updatable="true">8PRdAW8D9KjbIQr2wGSaWa</parameter>
                              <parameter name="Task Type" source="constant" updatable="true">MCT</parameter>
                              <parameter name="Has Inout Parameters" source="constant" updatable="true">false</parameter>
                              <parameter name="taskField" source="nested">
                                 <operation source="field"
                                            to="mt-LoadSTG-PSA-IAPW-PROTAL-API-To-ACCOUNTS-CLIENTS-SUMMARY-RVP">temp.mt_LoadSTG_PSA_IAPW_PROTAL_API_To_ACCOUNTS_CLIENTS_SUMMARY_RVP</operation>
                              </parameter>
                           </serviceInput>
                           <serviceOutput>
                              <operation source="field"
                                         to="temp.mt_LoadSTG_PSA_IAPW_PROTAL_API_To_ACCOUNTS_CLIENTS_SUMMARY_RVP/output/Object_Name">Object Name</operation>
                              <operation source="field"
                                         to="temp.mt_LoadSTG_PSA_IAPW_PROTAL_API_To_ACCOUNTS_CLIENTS_SUMMARY_RVP/output/Run_Id">Run Id</operation>
                              <operation source="field"
                                         to="temp.mt_LoadSTG_PSA_IAPW_PROTAL_API_To_ACCOUNTS_CLIENTS_SUMMARY_RVP/output/Log_Id">Log Id</operation>
                              <operation source="field"
                                         to="temp.mt_LoadSTG_PSA_IAPW_PROTAL_API_To_ACCOUNTS_CLIENTS_SUMMARY_RVP/output/Task_Id">Task Id</operation>
                              <operation source="field"
                                         to="temp.mt_LoadSTG_PSA_IAPW_PROTAL_API_To_ACCOUNTS_CLIENTS_SUMMARY_RVP/output/Task_Status">Task Status</operation>
                              <operation source="field"
                                         to="temp.mt_LoadSTG_PSA_IAPW_PROTAL_API_To_ACCOUNTS_CLIENTS_SUMMARY_RVP/output/Success_Source_Rows">Success Source Rows</operation>
                              <operation source="field"
                                         to="temp.mt_LoadSTG_PSA_IAPW_PROTAL_API_To_ACCOUNTS_CLIENTS_SUMMARY_RVP/output/Failed_Source_Rows">Failed Source Rows</operation>
                              <operation source="field"
                                         to="temp.mt_LoadSTG_PSA_IAPW_PROTAL_API_To_ACCOUNTS_CLIENTS_SUMMARY_RVP/output/Success_Target_Rows">Success Target Rows</operation>
                              <operation source="field"
                                         to="temp.mt_LoadSTG_PSA_IAPW_PROTAL_API_To_ACCOUNTS_CLIENTS_SUMMARY_RVP/output/Failed_Target_Rows">Failed Target Rows</operation>
                              <operation source="field"
                                         to="temp.mt_LoadSTG_PSA_IAPW_PROTAL_API_To_ACCOUNTS_CLIENTS_SUMMARY_RVP/output/Start_Time">Start Time</operation>
                              <operation source="field"
                                         to="temp.mt_LoadSTG_PSA_IAPW_PROTAL_API_To_ACCOUNTS_CLIENTS_SUMMARY_RVP/output/End_Time">End Time</operation>
                              <operation source="field"
                                         to="temp.mt_LoadSTG_PSA_IAPW_PROTAL_API_To_ACCOUNTS_CLIENTS_SUMMARY_RVP/output/Error_Message">Error Message</operation>
                              <operation source="field"
                                         to="temp.mt_LoadSTG_PSA_IAPW_PROTAL_API_To_ACCOUNTS_CLIENTS_SUMMARY_RVP/output/TotalTransErrors">Total Transformation Errors</operation>
                              <operation source="field"
                                         to="temp.mt_LoadSTG_PSA_IAPW_PROTAL_API_To_ACCOUNTS_CLIENTS_SUMMARY_RVP/output/FirstErrorCode">First Error Code</operation>
                           </serviceOutput>
                        </service>
                        <events>
                           <catch faultField="temp.mt_LoadSTG_PSA_IAPW_PROTAL_API_To_ACCOUNTS_CLIENTS_SUMMARY_RVP/fault"
                                  id="l84q4ww4"
                                  interrupting="true"
                                  name="error">
                              <suspend/>
                           </catch>
                           <catch faultField="temp.mt_LoadSTG_PSA_IAPW_PROTAL_API_To_ACCOUNTS_CLIENTS_SUMMARY_RVP/fault"
                                  id="l84q4ww5"
                                  interrupting="true"
                                  name="warning"/>
                        </events>
                     </eventContainer>
                     <link id="l84q4ws2" targetId="l84q4wrx" type="containerLink"/>
                  </flow>
                  <flow id="l84q4ws4">
                     <eventContainer id="l84q4wyr">
                        <service id="l84q4wtq">
                           <title>mt_LoadSTG_PSA_IAW_PORTAL_API_To_ASSETS_SUMMARY_BYPROVINCE_RVP</title>
                           <serviceName>ICSExecuteDataTask</serviceName>
                           <serviceGUID/>
                           <serviceInput>
                              <parameter name="Wait for Task to Complete" source="constant" updatable="true">true</parameter>
                              <parameter name="Max Wait" source="constant" updatable="true">604800</parameter>
                              <parameter name="Task Name" source="constant" updatable="true">mt_LoadSTG_PSA_IAW_PORTAL_API_To_ASSETS_SUMMARY_BYPROVINCE_RVP</parameter>
                              <parameter name="GUID" source="constant" updatable="true">8TN9p1qpkHukl6K6mJYNwH</parameter>
                              <parameter name="Task Type" source="constant" updatable="true">MCT</parameter>
                              <parameter name="Has Inout Parameters" source="constant" updatable="true">false</parameter>
                              <parameter name="taskField" source="nested">
                                 <operation source="field"
                                            to="mt-LoadSTG-PSA-IAW-PORTAL-API-To-ASSETS-SUMMARY-BYPROVINCE-RVP">temp.mt_LoadSTG_PSA_IAW_PORTAL_API_To_ASSETS_SUMMARY_BYPROVINCE_RVP</operation>
                              </parameter>
                           </serviceInput>
                           <serviceOutput>
                              <operation source="field"
                                         to="temp.mt_LoadSTG_PSA_IAW_PORTAL_API_To_ASSETS_SUMMARY_BYPROVINCE_RVP/output/Object_Name">Object Name</operation>
                              <operation source="field"
                                         to="temp.mt_LoadSTG_PSA_IAW_PORTAL_API_To_ASSETS_SUMMARY_BYPROVINCE_RVP/output/Run_Id">Run Id</operation>
                              <operation source="field"
                                         to="temp.mt_LoadSTG_PSA_IAW_PORTAL_API_To_ASSETS_SUMMARY_BYPROVINCE_RVP/output/Log_Id">Log Id</operation>
                              <operation source="field"
                                         to="temp.mt_LoadSTG_PSA_IAW_PORTAL_API_To_ASSETS_SUMMARY_BYPROVINCE_RVP/output/Task_Id">Task Id</operation>
                              <operation source="field"
                                         to="temp.mt_LoadSTG_PSA_IAW_PORTAL_API_To_ASSETS_SUMMARY_BYPROVINCE_RVP/output/Task_Status">Task Status</operation>
                              <operation source="field"
                                         to="temp.mt_LoadSTG_PSA_IAW_PORTAL_API_To_ASSETS_SUMMARY_BYPROVINCE_RVP/output/Success_Source_Rows">Success Source Rows</operation>
                              <operation source="field"
                                         to="temp.mt_LoadSTG_PSA_IAW_PORTAL_API_To_ASSETS_SUMMARY_BYPROVINCE_RVP/output/Failed_Source_Rows">Failed Source Rows</operation>
                              <operation source="field"
                                         to="temp.mt_LoadSTG_PSA_IAW_PORTAL_API_To_ASSETS_SUMMARY_BYPROVINCE_RVP/output/Success_Target_Rows">Success Target Rows</operation>
                              <operation source="field"
                                         to="temp.mt_LoadSTG_PSA_IAW_PORTAL_API_To_ASSETS_SUMMARY_BYPROVINCE_RVP/output/Failed_Target_Rows">Failed Target Rows</operation>
                              <operation source="field"
                                         to="temp.mt_LoadSTG_PSA_IAW_PORTAL_API_To_ASSETS_SUMMARY_BYPROVINCE_RVP/output/Start_Time">Start Time</operation>
                              <operation source="field"
                                         to="temp.mt_LoadSTG_PSA_IAW_PORTAL_API_To_ASSETS_SUMMARY_BYPROVINCE_RVP/output/End_Time">End Time</operation>
                              <operation source="field"
                                         to="temp.mt_LoadSTG_PSA_IAW_PORTAL_API_To_ASSETS_SUMMARY_BYPROVINCE_RVP/output/Error_Message">Error Message</operation>
                              <operation source="field"
                                         to="temp.mt_LoadSTG_PSA_IAW_PORTAL_API_To_ASSETS_SUMMARY_BYPROVINCE_RVP/output/TotalTransErrors">Total Transformation Errors</operation>
                              <operation source="field"
                                         to="temp.mt_LoadSTG_PSA_IAW_PORTAL_API_To_ASSETS_SUMMARY_BYPROVINCE_RVP/output/FirstErrorCode">First Error Code</operation>
                           </serviceOutput>
                        </service>
                        <events>
                           <catch faultField="temp.mt_LoadSTG_PSA_IAW_PORTAL_API_To_ASSETS_SUMMARY_BYPROVINCE_RVP/fault"
                                  id="l84q4wyp"
                                  interrupting="true"
                                  name="error">
                              <suspend/>
                           </catch>
                           <catch faultField="temp.mt_LoadSTG_PSA_IAW_PORTAL_API_To_ASSETS_SUMMARY_BYPROVINCE_RVP/fault"
                                  id="l84q4wyq"
                                  interrupting="true"
                                  name="warning"/>
                        </events>
                     </eventContainer>
                     <link id="l84q4ws5" targetId="l84q4wrx" type="containerLink"/>
                  </flow>
                  <flow id="l84q4wsg">
                     <eventContainer id="l84q4x0u">
                        <service id="l84q4wu1">
                           <title>mt_LoadSTG_PSA_IAW_PORTAL_API_To_ASSETS_SUMMARY_BYACCOUNTTYPE_RVP</title>
                           <serviceName>ICSExecuteDataTask</serviceName>
                           <serviceGUID/>
                           <serviceInput>
                              <parameter name="Wait for Task to Complete" source="constant" updatable="true">true</parameter>
                              <parameter name="Max Wait" source="constant" updatable="true">604800</parameter>
                              <parameter name="Task Name" source="constant" updatable="true">mt_LoadSTG_PSA_IAW_PORTAL_API_To_ASSETS_SUMMARY_BYACCOUNTTYPE_RVP</parameter>
                              <parameter name="GUID" source="constant" updatable="true">8qQFbW9Y1MldKKjDcwcYWJ</parameter>
                              <parameter name="Task Type" source="constant" updatable="true">MCT</parameter>
                              <parameter name="Has Inout Parameters" source="constant" updatable="true">false</parameter>
                              <parameter name="taskField" source="nested">
                                 <operation source="field"
                                            to="mt-LoadSTG-PSA-IAW-PORTAL-API-To-ASSETS-SUMMARY-BYACCOUNTTYPE-RVP">temp.mt_LoadSTG_PSA_IAW_PORTAL_API_To_ASSETS_SUMMARY_BYACCOUNTTYPE_RVP</operation>
                              </parameter>
                           </serviceInput>
                           <serviceOutput>
                              <operation source="field"
                                         to="temp.mt_LoadSTG_PSA_IAW_PORTAL_API_To_ASSETS_SUMMARY_BYACCOUNTTYPE_RVP/output/Object_Name">Object Name</operation>
                              <operation source="field"
                                         to="temp.mt_LoadSTG_PSA_IAW_PORTAL_API_To_ASSETS_SUMMARY_BYACCOUNTTYPE_RVP/output/Run_Id">Run Id</operation>
                              <operation source="field"
                                         to="temp.mt_LoadSTG_PSA_IAW_PORTAL_API_To_ASSETS_SUMMARY_BYACCOUNTTYPE_RVP/output/Log_Id">Log Id</operation>
                              <operation source="field"
                                         to="temp.mt_LoadSTG_PSA_IAW_PORTAL_API_To_ASSETS_SUMMARY_BYACCOUNTTYPE_RVP/output/Task_Id">Task Id</operation>
                              <operation source="field"
                                         to="temp.mt_LoadSTG_PSA_IAW_PORTAL_API_To_ASSETS_SUMMARY_BYACCOUNTTYPE_RVP/output/Task_Status">Task Status</operation>
                              <operation source="field"
                                         to="temp.mt_LoadSTG_PSA_IAW_PORTAL_API_To_ASSETS_SUMMARY_BYACCOUNTTYPE_RVP/output/Success_Source_Rows">Success Source Rows</operation>
                              <operation source="field"
                                         to="temp.mt_LoadSTG_PSA_IAW_PORTAL_API_To_ASSETS_SUMMARY_BYACCOUNTTYPE_RVP/output/Failed_Source_Rows">Failed Source Rows</operation>
                              <operation source="field"
                                         to="temp.mt_LoadSTG_PSA_IAW_PORTAL_API_To_ASSETS_SUMMARY_BYACCOUNTTYPE_RVP/output/Success_Target_Rows">Success Target Rows</operation>
                              <operation source="field"
                                         to="temp.mt_LoadSTG_PSA_IAW_PORTAL_API_To_ASSETS_SUMMARY_BYACCOUNTTYPE_RVP/output/Failed_Target_Rows">Failed Target Rows</operation>
                              <operation source="field"
                                         to="temp.mt_LoadSTG_PSA_IAW_PORTAL_API_To_ASSETS_SUMMARY_BYACCOUNTTYPE_RVP/output/Start_Time">Start Time</operation>
                              <operation source="field"
                                         to="temp.mt_LoadSTG_PSA_IAW_PORTAL_API_To_ASSETS_SUMMARY_BYACCOUNTTYPE_RVP/output/End_Time">End Time</operation>
                              <operation source="field"
                                         to="temp.mt_LoadSTG_PSA_IAW_PORTAL_API_To_ASSETS_SUMMARY_BYACCOUNTTYPE_RVP/output/Error_Message">Error Message</operation>
                              <operation source="field"
                                         to="temp.mt_LoadSTG_PSA_IAW_PORTAL_API_To_ASSETS_SUMMARY_BYACCOUNTTYPE_RVP/output/TotalTransErrors">Total Transformation Errors</operation>
                              <operation source="field"
                                         to="temp.mt_LoadSTG_PSA_IAW_PORTAL_API_To_ASSETS_SUMMARY_BYACCOUNTTYPE_RVP/output/FirstErrorCode">First Error Code</operation>
                           </serviceOutput>
                        </service>
                        <events>
                           <catch faultField="temp.mt_LoadSTG_PSA_IAW_PORTAL_API_To_ASSETS_SUMMARY_BYACCOUNTTYPE_RVP/fault"
                                  id="l84q4x0s"
                                  interrupting="true"
                                  name="error">
                              <suspend/>
                           </catch>
                           <catch faultField="temp.mt_LoadSTG_PSA_IAW_PORTAL_API_To_ASSETS_SUMMARY_BYACCOUNTTYPE_RVP/fault"
                                  id="l84q4x0t"
                                  interrupting="true"
                                  name="warning"/>
                        </events>
                     </eventContainer>
                     <link id="l84q4wsh" targetId="l84q4wrx" type="containerLink"/>
                  </flow>
                  <flow id="l84q4wsn">
                     <eventContainer id="l84q4x42">
                        <service id="l84q4wuc">
                           <title>mt_LoadSTG_PSA_IAS_CERT_To_ASSETS_SUMMARY_BY_COMMISSIONTYPE_AND_PRODUCT_RVP</title>
                           <serviceName>ICSExecuteDataTask</serviceName>
                           <serviceGUID/>
                           <serviceInput>
                              <parameter name="Wait for Task to Complete" source="constant" updatable="true">true</parameter>
                              <parameter name="Max Wait" source="constant" updatable="true">604800</parameter>
                              <parameter name="Task Name" source="constant" updatable="true">mt_LoadSTG_PSA_IAS_CERT_To_ASSETS_SUMMARY_BY_COMMISSIONTYPE_AND_PRODUCT_RVP</parameter>
                              <parameter name="GUID" source="constant" updatable="true">eZfaIFz1xUKd6H4hhom9Ef</parameter>
                              <parameter name="Task Type" source="constant" updatable="true">MCT</parameter>
                              <parameter name="Has Inout Parameters" source="constant" updatable="true">false</parameter>
                              <parameter name="taskField" source="nested">
                                 <operation source="field"
                                            to="mt-LoadSTG-PSA-IAS-CERT-To-ASSETS-SUMMARY-BY-COMMISSIONTYPE-AND-PRODUCT-RVP">temp.mt_LoadSTG_PSA_IAS_CERT_To_ASSETS_SUMMARY_BY_COMMISSIONTYPE_AND_PRODUCT_RVP</operation>
                              </parameter>
                           </serviceInput>
                           <serviceOutput>
                              <operation source="field"
                                         to="temp.mt_LoadSTG_PSA_IAS_CERT_To_ASSETS_SUMMARY_BY_COMMISSIONTYPE_AND_PRODUCT_RVP/output/Object_Name">Object Name</operation>
                              <operation source="field"
                                         to="temp.mt_LoadSTG_PSA_IAS_CERT_To_ASSETS_SUMMARY_BY_COMMISSIONTYPE_AND_PRODUCT_RVP/output/Run_Id">Run Id</operation>
                              <operation source="field"
                                         to="temp.mt_LoadSTG_PSA_IAS_CERT_To_ASSETS_SUMMARY_BY_COMMISSIONTYPE_AND_PRODUCT_RVP/output/Log_Id">Log Id</operation>
                              <operation source="field"
                                         to="temp.mt_LoadSTG_PSA_IAS_CERT_To_ASSETS_SUMMARY_BY_COMMISSIONTYPE_AND_PRODUCT_RVP/output/Task_Id">Task Id</operation>
                              <operation source="field"
                                         to="temp.mt_LoadSTG_PSA_IAS_CERT_To_ASSETS_SUMMARY_BY_COMMISSIONTYPE_AND_PRODUCT_RVP/output/Task_Status">Task Status</operation>
                              <operation source="field"
                                         to="temp.mt_LoadSTG_PSA_IAS_CERT_To_ASSETS_SUMMARY_BY_COMMISSIONTYPE_AND_PRODUCT_RVP/output/Success_Source_Rows">Success Source Rows</operation>
                              <operation source="field"
                                         to="temp.mt_LoadSTG_PSA_IAS_CERT_To_ASSETS_SUMMARY_BY_COMMISSIONTYPE_AND_PRODUCT_RVP/output/Failed_Source_Rows">Failed Source Rows</operation>
                              <operation source="field"
                                         to="temp.mt_LoadSTG_PSA_IAS_CERT_To_ASSETS_SUMMARY_BY_COMMISSIONTYPE_AND_PRODUCT_RVP/output/Success_Target_Rows">Success Target Rows</operation>
                              <operation source="field"
                                         to="temp.mt_LoadSTG_PSA_IAS_CERT_To_ASSETS_SUMMARY_BY_COMMISSIONTYPE_AND_PRODUCT_RVP/output/Failed_Target_Rows">Failed Target Rows</operation>
                              <operation source="field"
                                         to="temp.mt_LoadSTG_PSA_IAS_CERT_To_ASSETS_SUMMARY_BY_COMMISSIONTYPE_AND_PRODUCT_RVP/output/Start_Time">Start Time</operation>
                              <operation source="field"
                                         to="temp.mt_LoadSTG_PSA_IAS_CERT_To_ASSETS_SUMMARY_BY_COMMISSIONTYPE_AND_PRODUCT_RVP/output/End_Time">End Time</operation>
                              <operation source="field"
                                         to="temp.mt_LoadSTG_PSA_IAS_CERT_To_ASSETS_SUMMARY_BY_COMMISSIONTYPE_AND_PRODUCT_RVP/output/Error_Message">Error Message</operation>
                              <operation source="field"
                                         to="temp.mt_LoadSTG_PSA_IAS_CERT_To_ASSETS_SUMMARY_BY_COMMISSIONTYPE_AND_PRODUCT_RVP/output/TotalTransErrors">Total Transformation Errors</operation>
                              <operation source="field"
                                         to="temp.mt_LoadSTG_PSA_IAS_CERT_To_ASSETS_SUMMARY_BY_COMMISSIONTYPE_AND_PRODUCT_RVP/output/FirstErrorCode">First Error Code</operation>
                           </serviceOutput>
                        </service>
                        <events>
                           <catch faultField="temp.mt_LoadSTG_PSA_IAS_CERT_To_ASSETS_SUMMARY_BY_COMMISSIONTYPE_AND_PRODUCT_RVP/fault"
                                  id="l84q4x40"
                                  interrupting="true"
                                  name="error">
                              <suspend/>
                           </catch>
                           <catch faultField="temp.mt_LoadSTG_PSA_IAS_CERT_To_ASSETS_SUMMARY_BY_COMMISSIONTYPE_AND_PRODUCT_RVP/fault"
                                  id="l84q4x41"
                                  interrupting="true"
                                  name="warning"/>
                        </events>
                     </eventContainer>
                     <link id="l84q4wso" targetId="l84q4wrx" type="containerLink"/>
                  </flow>
                  <flow id="l84q4wsv">
                     <eventContainer id="l84q4x6c">
                        <service id="l84q4wun">
                           <title>mt_LoadSTG_PSA_IAW_PORTAL_API_To_ASSETS_SUMMARY_BYPRODUCT_RVP</title>
                           <serviceName>ICSExecuteDataTask</serviceName>
                           <serviceGUID/>
                           <serviceInput>
                              <parameter name="Wait for Task to Complete" source="constant" updatable="true">true</parameter>
                              <parameter name="Max Wait" source="constant" updatable="true">604800</parameter>
                              <parameter name="Task Name" source="constant" updatable="true">mt_LoadSTG_PSA_IAW_PORTAL_API_To_ASSETS_SUMMARY_BYPRODUCT_RVP</parameter>
                              <parameter name="GUID" source="constant" updatable="true">3tJBrqinNbbfsTOuFv7LkN</parameter>
                              <parameter name="Task Type" source="constant" updatable="true">MCT</parameter>
                              <parameter name="Has Inout Parameters" source="constant" updatable="true">false</parameter>
                              <parameter name="taskField" source="nested">
                                 <operation source="field"
                                            to="mt-LoadSTG-PSA-IAW-PORTAL-API-To-ASSETS-SUMMARY-BYPRODUCT-RVP">temp.mt_LoadSTG_PSA_IAW_PORTAL_API_To_ASSETS_SUMMARY_BYPRODUCT_RVP</operation>
                              </parameter>
                           </serviceInput>
                           <serviceOutput>
                              <operation source="field"
                                         to="temp.mt_LoadSTG_PSA_IAW_PORTAL_API_To_ASSETS_SUMMARY_BYPRODUCT_RVP/output/Object_Name">Object Name</operation>
                              <operation source="field"
                                         to="temp.mt_LoadSTG_PSA_IAW_PORTAL_API_To_ASSETS_SUMMARY_BYPRODUCT_RVP/output/Run_Id">Run Id</operation>
                              <operation source="field"
                                         to="temp.mt_LoadSTG_PSA_IAW_PORTAL_API_To_ASSETS_SUMMARY_BYPRODUCT_RVP/output/Log_Id">Log Id</operation>
                              <operation source="field"
                                         to="temp.mt_LoadSTG_PSA_IAW_PORTAL_API_To_ASSETS_SUMMARY_BYPRODUCT_RVP/output/Task_Id">Task Id</operation>
                              <operation source="field"
                                         to="temp.mt_LoadSTG_PSA_IAW_PORTAL_API_To_ASSETS_SUMMARY_BYPRODUCT_RVP/output/Task_Status">Task Status</operation>
                              <operation source="field"
                                         to="temp.mt_LoadSTG_PSA_IAW_PORTAL_API_To_ASSETS_SUMMARY_BYPRODUCT_RVP/output/Success_Source_Rows">Success Source Rows</operation>
                              <operation source="field"
                                         to="temp.mt_LoadSTG_PSA_IAW_PORTAL_API_To_ASSETS_SUMMARY_BYPRODUCT_RVP/output/Failed_Source_Rows">Failed Source Rows</operation>
                              <operation source="field"
                                         to="temp.mt_LoadSTG_PSA_IAW_PORTAL_API_To_ASSETS_SUMMARY_BYPRODUCT_RVP/output/Success_Target_Rows">Success Target Rows</operation>
                              <operation source="field"
                                         to="temp.mt_LoadSTG_PSA_IAW_PORTAL_API_To_ASSETS_SUMMARY_BYPRODUCT_RVP/output/Failed_Target_Rows">Failed Target Rows</operation>
                              <operation source="field"
                                         to="temp.mt_LoadSTG_PSA_IAW_PORTAL_API_To_ASSETS_SUMMARY_BYPRODUCT_RVP/output/Start_Time">Start Time</operation>
                              <operation source="field"
                                         to="temp.mt_LoadSTG_PSA_IAW_PORTAL_API_To_ASSETS_SUMMARY_BYPRODUCT_RVP/output/End_Time">End Time</operation>
                              <operation source="field"
                                         to="temp.mt_LoadSTG_PSA_IAW_PORTAL_API_To_ASSETS_SUMMARY_BYPRODUCT_RVP/output/Error_Message">Error Message</operation>
                              <operation source="field"
                                         to="temp.mt_LoadSTG_PSA_IAW_PORTAL_API_To_ASSETS_SUMMARY_BYPRODUCT_RVP/output/TotalTransErrors">Total Transformation Errors</operation>
                              <operation source="field"
                                         to="temp.mt_LoadSTG_PSA_IAW_PORTAL_API_To_ASSETS_SUMMARY_BYPRODUCT_RVP/output/FirstErrorCode">First Error Code</operation>
                           </serviceOutput>
                        </service>
                        <events>
                           <catch faultField="temp.mt_LoadSTG_PSA_IAW_PORTAL_API_To_ASSETS_SUMMARY_BYPRODUCT_RVP/fault"
                                  id="l84q4x6a"
                                  interrupting="true"
                                  name="error">
                              <suspend/>
                           </catch>
                           <catch faultField="temp.mt_LoadSTG_PSA_IAW_PORTAL_API_To_ASSETS_SUMMARY_BYPRODUCT_RVP/fault"
                                  id="l84q4x6b"
                                  interrupting="true"
                                  name="warning"/>
                        </events>
                     </eventContainer>
                     <link id="l84q4wsw" targetId="l84q4wrx" type="containerLink"/>
                  </flow>
                  <flow id="l84q4wt4">
                     <eventContainer id="l84q4x8m">
                        <service id="l84q4wuy">
                           <title>mt_LoadSTG_PSA_IAPW_PORTAL_API_To_ASSETS_SUMMARY_BY_COMMISSIONTYPE_RVP</title>
                           <serviceName>ICSExecuteDataTask</serviceName>
                           <serviceGUID/>
                           <serviceInput>
                              <parameter name="Wait for Task to Complete" source="constant" updatable="true">true</parameter>
                              <parameter name="Max Wait" source="constant" updatable="true">604800</parameter>
                              <parameter name="Task Name" source="constant" updatable="true">mt_LoadSTG_PSA_IAPW_PORTAL_API_To_ASSETS_SUMMARY_BY_COMMISSIONTYPE_RVP</parameter>
                              <parameter name="GUID" source="constant" updatable="true">3Yhmkb7CXf5dGApszxNCUQ</parameter>
                              <parameter name="Task Type" source="constant" updatable="true">MCT</parameter>
                              <parameter name="Has Inout Parameters" source="constant" updatable="true">false</parameter>
                              <parameter name="taskField" source="nested">
                                 <operation source="field"
                                            to="mt-LoadSTG-PSA-IAPW-PORTAL-API-To-ASSETS-SUMMARY-BY-COMMISSIONTYPE-RVP">temp.mt_LoadSTG_PSA_IAPW_PORTAL_API_To_ASSETS_SUMMARY_BY_COMMISSIONTYPE_RVP</operation>
                              </parameter>
                           </serviceInput>
                           <serviceOutput>
                              <operation source="field"
                                         to="temp.mt_LoadSTG_PSA_IAPW_PORTAL_API_To_ASSETS_SUMMARY_BY_COMMISSIONTYPE_RVP/output/Object_Name">Object Name</operation>
                              <operation source="field"
                                         to="temp.mt_LoadSTG_PSA_IAPW_PORTAL_API_To_ASSETS_SUMMARY_BY_COMMISSIONTYPE_RVP/output/Run_Id">Run Id</operation>
                              <operation source="field"
                                         to="temp.mt_LoadSTG_PSA_IAPW_PORTAL_API_To_ASSETS_SUMMARY_BY_COMMISSIONTYPE_RVP/output/Log_Id">Log Id</operation>
                              <operation source="field"
                                         to="temp.mt_LoadSTG_PSA_IAPW_PORTAL_API_To_ASSETS_SUMMARY_BY_COMMISSIONTYPE_RVP/output/Task_Id">Task Id</operation>
                              <operation source="field"
                                         to="temp.mt_LoadSTG_PSA_IAPW_PORTAL_API_To_ASSETS_SUMMARY_BY_COMMISSIONTYPE_RVP/output/Task_Status">Task Status</operation>
                              <operation source="field"
                                         to="temp.mt_LoadSTG_PSA_IAPW_PORTAL_API_To_ASSETS_SUMMARY_BY_COMMISSIONTYPE_RVP/output/Success_Source_Rows">Success Source Rows</operation>
                              <operation source="field"
                                         to="temp.mt_LoadSTG_PSA_IAPW_PORTAL_API_To_ASSETS_SUMMARY_BY_COMMISSIONTYPE_RVP/output/Failed_Source_Rows">Failed Source Rows</operation>
                              <operation source="field"
                                         to="temp.mt_LoadSTG_PSA_IAPW_PORTAL_API_To_ASSETS_SUMMARY_BY_COMMISSIONTYPE_RVP/output/Success_Target_Rows">Success Target Rows</operation>
                              <operation source="field"
                                         to="temp.mt_LoadSTG_PSA_IAPW_PORTAL_API_To_ASSETS_SUMMARY_BY_COMMISSIONTYPE_RVP/output/Failed_Target_Rows">Failed Target Rows</operation>
                              <operation source="field"
                                         to="temp.mt_LoadSTG_PSA_IAPW_PORTAL_API_To_ASSETS_SUMMARY_BY_COMMISSIONTYPE_RVP/output/Start_Time">Start Time</operation>
                              <operation source="field"
                                         to="temp.mt_LoadSTG_PSA_IAPW_PORTAL_API_To_ASSETS_SUMMARY_BY_COMMISSIONTYPE_RVP/output/End_Time">End Time</operation>
                              <operation source="field"
                                         to="temp.mt_LoadSTG_PSA_IAPW_PORTAL_API_To_ASSETS_SUMMARY_BY_COMMISSIONTYPE_RVP/output/Error_Message">Error Message</operation>
                              <operation source="field"
                                         to="temp.mt_LoadSTG_PSA_IAPW_PORTAL_API_To_ASSETS_SUMMARY_BY_COMMISSIONTYPE_RVP/output/TotalTransErrors">Total Transformation Errors</operation>
                              <operation source="field"
                                         to="temp.mt_LoadSTG_PSA_IAPW_PORTAL_API_To_ASSETS_SUMMARY_BY_COMMISSIONTYPE_RVP/output/FirstErrorCode">First Error Code</operation>
                           </serviceOutput>
                        </service>
                        <events>
                           <catch faultField="temp.mt_LoadSTG_PSA_IAPW_PORTAL_API_To_ASSETS_SUMMARY_BY_COMMISSIONTYPE_RVP/fault"
                                  id="l84q4x8k"
                                  interrupting="true"
                                  name="error">
                              <suspend/>
                           </catch>
                           <catch faultField="temp.mt_LoadSTG_PSA_IAPW_PORTAL_API_To_ASSETS_SUMMARY_BY_COMMISSIONTYPE_RVP/fault"
                                  id="l84q4x8l"
                                  interrupting="true"
                                  name="warning"/>
                        </events>
                     </eventContainer>
                     <link id="l84q4wt5" targetId="l84q4wrx" type="containerLink"/>
                  </flow>
                  <link id="l84q4ws0" targetId="l84q4ws1" type="containerLink"/>
                  <link id="l84q4ws3" targetId="l84q4ws4" type="containerLink"/>
                  <link id="l84q4wsf" targetId="l84q4wsg" type="containerLink"/>
                  <link id="l84q4wsm" targetId="l84q4wsn" type="containerLink"/>
                  <link id="l84q4wsu" targetId="l84q4wsv" type="containerLink"/>
                  <link id="l84q4wt3" targetId="l84q4wt4" type="containerLink"/>
                  <link id="l89amjgd" targetId="l89amjgc"/>
               </container>
               <container id="l89amjgc" type="parallel">
                  <title>Parallel Paths 1</title>
                  <flow id="l89amjgg">
                     <subflow id="l89amjid">
                        <title>tf_LoadDM_61_DM_STRATEGIC_Assest_Summary_ByAccountType_RVP</title>
                        <subflowGUID>81pTIx5e465idDGZbyftKQ</subflowGUID>
                        <subflowPath>tf_LoadDM_61_DM_STRATEGIC_Assest_Summary_ByAccountType_RVP</subflowPath>
                        <runForEach>false</runForEach>
                        <input/>
                        <outputDef/>
                     </subflow>
                     <link id="l89amjgh" targetId="l89amjgc" type="containerLink"/>
                  </flow>
                  <flow id="l89amjgj">
                     <subflow id="l89amjiu">
                        <title>tf_LoadDM_61_STRATEGIC_Accounts_Clients_Summary_RVP_Daily</title>
                        <subflowGUID>imcfHmh8HkBeuX306AZL6m</subflowGUID>
                        <subflowPath>tf_LoadDM_61_STRATEGIC_Accounts_Clients_Summary_RVP_Daily</subflowPath>
                        <runForEach>false</runForEach>
                        <input/>
                        <outputDef/>
                     </subflow>
                     <link id="l89amjgk" targetId="l89amjgc" type="containerLink"/>
                  </flow>
                  <flow id="l89amjgu">
                     <subflow id="l89amjjb">
                        <title>tf_LoadDM_61_DM_STRATEGIC_Assest_Summary_ByProvince_RVP</title>
                        <subflowGUID>6XmKKCawEhUlVqm6AgViCX</subflowGUID>
                        <subflowPath>tf_LoadDM_61_DM_STRATEGIC_Assest_Summary_ByProvince_RVP</subflowPath>
                        <runForEach>false</runForEach>
                        <input/>
                        <outputDef/>
                     </subflow>
                     <link id="l89amjgv" targetId="l89amjgc" type="containerLink"/>
                  </flow>
                  <flow id="l89amjh6">
                     <subflow id="l89amjjs">
                        <title>tf_LoadDM_61_DM_STRATEGIC_Assest_Summary_ByProduct_RVP</title>
                        <subflowGUID>8xFGnwosFeEjpvFX9ZYTAL</subflowGUID>
                        <subflowPath>tf_LoadDM_61_DM_STRATEGIC_Assest_Summary_ByProduct_RVP</subflowPath>
                        <runForEach>false</runForEach>
                        <input/>
                        <outputDef/>
                     </subflow>
                     <link id="l89amjh7" targetId="l89amjgc" type="containerLink"/>
                  </flow>
                  <flow id="l89amjhj">
                     <subflow id="l89amjk9">
                        <title>tf_LoadDM_61_STRATEGIC_Assest_Summary_ByCommissionType_And_Product_RVP</title>
                        <subflowGUID>4a3MUNKPGLpkVx8xRVXJgl</subflowGUID>
                        <subflowPath>tf_LoadDM_61_STRATEGIC_Assest_Summary_ByCommissionType_And_Product_RVP</subflowPath>
                        <runForEach>false</runForEach>
                        <input/>
                        <outputDef/>
                     </subflow>
                     <link id="l89amjhk" targetId="l89amjgc" type="containerLink"/>
                  </flow>
                  <flow id="l89amjhx">
                     <subflow id="l89amjkq">
                        <title>tf_LoadDM_61_STRATEGIC_Assests_Summary_ByCommissionType_RVP_Daily</title>
                        <subflowGUID>0WVIBq85uCqjc3lVZSxS67</subflowGUID>
                        <subflowPath>tf_LoadDM_61_STRATEGIC_Assests_Summary_ByCommissionType_RVP_Daily</subflowPath>
                        <runForEach>false</runForEach>
                        <input/>
                        <outputDef/>
                     </subflow>
                     <link id="l89amjhy" targetId="l89amjgc" type="containerLink"/>
                  </flow>
                  <link id="l89amjgf" targetId="l89amjgg" type="containerLink"/>
                  <link id="l89amjgi" targetId="l89amjgj" type="containerLink"/>
                  <link id="l89amjgt" targetId="l89amjgu" type="containerLink"/>
                  <link id="l89amjh5" targetId="l89amjh6" type="containerLink"/>
                  <link id="l89amjhi" targetId="l89amjhj" type="containerLink"/>
                  <link id="l89amjhw" targetId="l89amjhx" type="containerLink"/>
                  <link id="l89amjge" targetId="c"/>
               </container>
               <end id="c"/>
            </flow>
            <dependencies>
               <processObject xmlns="http://schemas.active-endpoints.com/appmodules/screenflow/2011/06/avosHostEnvironment.xsd"
                              displayName="mt-LoadSTG-PSA-IAPW-PROTAL-API-To-ACCOUNTS-CLIENTS-SUMMARY-RVP"
                              isByCopy="true"
                              name="mt-LoadSTG-PSA-IAPW-PROTAL-API-To-ACCOUNTS-CLIENTS-SUMMARY-RVP">
                  <description/>
                  <tags/>
                  <detail>
                     <field label="TaskProperties Parameters"
                            name="taskProperties"
                            nullable="true"
                            required="false"
                            type="reference"/>
                     <field label="Output Parameters"
                            name="output"
                            nullable="true"
                            required="false"
                            type="reference"/>
                     <field label="Fault"
                            name="fault"
                            nullable="true"
                            required="false"
                            type="reference"/>
                  </detail>
               </processObject>
               <processObject xmlns="http://schemas.active-endpoints.com/appmodules/screenflow/2011/06/avosHostEnvironment.xsd"
                              displayName="mt-LoadSTG-PSA-IAW-PORTAL-API-To-ASSETS-SUMMARY-BYPROVINCE-RVP"
                              isByCopy="true"
                              name="mt-LoadSTG-PSA-IAW-PORTAL-API-To-ASSETS-SUMMARY-BYPROVINCE-RVP">
                  <description/>
                  <tags/>
                  <detail>
                     <field label="TaskProperties Parameters"
                            name="taskProperties"
                            nullable="true"
                            required="false"
                            type="reference"/>
                     <field label="Output Parameters"
                            name="output"
                            nullable="true"
                            required="false"
                            type="reference"/>
                     <field label="Fault"
                            name="fault"
                            nullable="true"
                            required="false"
                            type="reference"/>
                  </detail>
               </processObject>
               <processObject xmlns="http://schemas.active-endpoints.com/appmodules/screenflow/2011/06/avosHostEnvironment.xsd"
                              displayName="mt-LoadSTG-PSA-IAW-PORTAL-API-To-ASSETS-SUMMARY-BYACCOUNTTYPE-RVP"
                              isByCopy="true"
                              name="mt-LoadSTG-PSA-IAW-PORTAL-API-To-ASSETS-SUMMARY-BYACCOUNTTYPE-RVP">
                  <description/>
                  <tags/>
                  <detail>
                     <field label="TaskProperties Parameters"
                            name="taskProperties"
                            nullable="true"
                            required="false"
                            type="reference"/>
                     <field label="Output Parameters"
                            name="output"
                            nullable="true"
                            required="false"
                            type="reference"/>
                     <field label="Fault"
                            name="fault"
                            nullable="true"
                            required="false"
                            type="reference"/>
                  </detail>
               </processObject>
               <processObject xmlns="http://schemas.active-endpoints.com/appmodules/screenflow/2011/06/avosHostEnvironment.xsd"
                              displayName="mt-LoadSTG-PSA-IAS-CERT-To-ASSETS-SUMMARY-BY-COMMISSIONTYPE-AND-PRODUCT-RVP"
                              isByCopy="true"
                              name="mt-LoadSTG-PSA-IAS-CERT-To-ASSETS-SUMMARY-BY-COMMISSIONTYPE-AND-PRODUCT-RVP">
                  <description/>
                  <tags/>
                  <detail>
                     <field label="TaskProperties Parameters"
                            name="taskProperties"
                            nullable="true"
                            required="false"
                            type="reference"/>
                     <field label="Output Parameters"
                            name="output"
                            nullable="true"
                            required="false"
                            type="reference"/>
                     <field label="Fault"
                            name="fault"
                            nullable="true"
                            required="false"
                            type="reference"/>
                  </detail>
               </processObject>
               <processObject xmlns="http://schemas.active-endpoints.com/appmodules/screenflow/2011/06/avosHostEnvironment.xsd"
                              displayName="mt-LoadSTG-PSA-IAW-PORTAL-API-To-ASSETS-SUMMARY-BYPRODUCT-RVP"
                              isByCopy="true"
                              name="mt-LoadSTG-PSA-IAW-PORTAL-API-To-ASSETS-SUMMARY-BYPRODUCT-RVP">
                  <description/>
                  <tags/>
                  <detail>
                     <field label="TaskProperties Parameters"
                            name="taskProperties"
                            nullable="true"
                            required="false"
                            type="reference"/>
                     <field label="Output Parameters"
                            name="output"
                            nullable="true"
                            required="false"
                            type="reference"/>
                     <field label="Fault"
                            name="fault"
                            nullable="true"
                            required="false"
                            type="reference"/>
                  </detail>
               </processObject>
               <processObject xmlns="http://schemas.active-endpoints.com/appmodules/screenflow/2011/06/avosHostEnvironment.xsd"
                              displayName="mt-LoadSTG-PSA-IAPW-PORTAL-API-To-ASSETS-SUMMARY-BY-COMMISSIONTYPE-RVP"
                              isByCopy="true"
                              name="mt-LoadSTG-PSA-IAPW-PORTAL-API-To-ASSETS-SUMMARY-BY-COMMISSIONTYPE-RVP">
                  <description/>
                  <tags/>
                  <detail>
                     <field label="TaskProperties Parameters"
                            name="taskProperties"
                            nullable="true"
                            required="false"
                            type="reference"/>
                     <field label="Output Parameters"
                            name="output"
                            nullable="true"
                            required="false"
                            type="reference"/>
                     <field label="Fault"
                            name="fault"
                            nullable="true"
                            required="false"
                            type="reference"/>
                  </detail>
               </processObject>
            </dependencies>
         </taskflow>
      </types1:Entry>
      <types1:GUID>8PCrTmBWnCIjso3rvnx561</types1:GUID>
      <types1:DisplayName>tf_LoadSTG_DM_10-61_IAPW_PORTAL_API_to_DM_STRATEGIC</types1:DisplayName>
   </types1:Item>
   <types1:CurrentServerDateTime>2023-03-08T18:46:31.254Z</types1:CurrentServerDateTime>
</aetgt:getResponse>
