<aetgt:getResponse xmlns:aetgt="http://schemas.active-endpoints.com/appmodules/repository/2010/10/avrepository.xsd"
                   xmlns:types1="http://schemas.active-endpoints.com/appmodules/repository/2010/10/avrepository.xsd">
   <types1:Item>
      <types1:EntryId>FBrlnfXjISUXL86-gt-16301038-2022-08-17T15:30:22.514Z::tf.xml</types1:EntryId>
      <types1:Name>tf_INITIAL_LOADING_LoadRDV_20-30_PSA_IAS_COMISSION_to_RDV_REVENUES</types1:Name>
      <types1:MimeType>application/xml+taskflow</types1:MimeType>
      <types1:Description/>
      <types1:AppliesTo/>
      <types1:Tags/>
      <types1:VersionLabel>1.0</types1:VersionLabel>
      <types1:State>CURRENT</types1:State>
      <types1:ProcessGroup/>
      <types1:CreatedBy>jihed.laamiri.adm@ia.ca</types1:CreatedBy>
      <types1:CreationDate>2022-08-17T15:30:23Z</types1:CreationDate>
      <types1:ModifiedBy>jihed.laamiri.adm@ia.ca</types1:ModifiedBy>
      <types1:ModificationDate>2022-09-14T17:00:52Z</types1:ModificationDate>
      <types1:PublicationStatus>published</types1:PublicationStatus>
      <types1:PublishedBy>jihed.laamiri.adm@ia.ca</types1:PublishedBy>
      <types1:PublicationDate>2022-09-14T17:02:19Z</types1:PublicationDate>
      <types1:PublishedContributionId>project:/tf.tf_INITIAL_LOADING_LoadRDV_20-30_PSA_IAS_COMISSION_to_RDV_REVENUES/tf_INITIAL_LOADING_LoadRDV_20-30_PSA_IAS_COMISSION_to_RDV_REVENUES.tf.xml</types1:PublishedContributionId>
      <types1:AutosaveExists>false</types1:AutosaveExists>
      <types1:Entry>
         <taskflow xmlns="http://schemas.active-endpoints.com/appmodules/screenflow/2010/10/avosScreenflow.xsd"
                   xmlns:tfm="http://schemas.active-endpoints.com/appmodules/screenflow/2021/04/taskflowModel.xsd"
                   xmlns:list="urn:activevos:spi:list:functions"
                   displayName="tf_INITIAL_LOADING_LoadRDV_20-30_PSA_IAS_COMISSION_to_RDV_REVENUES"
                   name="tf_INITIAL_LOADING_LoadRDV_20-30_PSA_IAS_COMISSION_to_RDV_REVENUES"
                   overrideAPIName="false">
            <parameterSet xmlns="http://schemas.active-endpoints.com/appmodules/screenflow/2021/04/taskflowModel.xsd"/>
            <appliesTo/>
            <description/>
            <tags/>
            <generator>Informatica Process Designer 11</generator>
            <tempFields>
               <field description="Filename of the file detected by the filelistener"
                      name="temp_filename"
                      type="string">
                  <options>
                     <option name="required">false</option>
                  </options>
               </field>
               <field description="Data start date : extracted from the filename"
                      name="temp_dataStartDate"
                      type="date">
                  <options>
                     <option name="required">false</option>
                  </options>
               </field>
               <field description="" name="temp_JobName" type="string">
                  <options>
                     <option name="required">false</option>
                  </options>
               </field>
               <field description="" name="temp_tf_Audit_ID" type="string">
                  <options>
                     <option name="required">false</option>
                  </options>
               </field>
               <field description=""
                      name="dt_LoadSTG_PSA_IAS_COMMISSION_To_STG_REVENUES"
                      type="reference">
                  <options>
                     <option name="failOnNotRun">false</option>
                     <option name="failOnFault">false</option>
                     <option name="referenceTo">$po:mt-LoadSTG-PSA-IAS-COMMISSION-To-STG-REVENUES</option>
                  </options>
               </field>
               <field description=""
                      name="dt_LoadRDV_STG_IAS_COMMISSION_To_RDV_REVENUES"
                      type="reference">
                  <options>
                     <option name="failOnNotRun">false</option>
                     <option name="failOnFault">false</option>
                     <option name="referenceTo">$po:mt-LoadRDV-STG-IAS-COMMISSION-To-RDV-REVENUES</option>
                  </options>
               </field>
               <field description="" name="dt_audit_EndJob" type="reference">
                  <options>
                     <option name="failOnNotRun">false</option>
                     <option name="failOnFault">false</option>
                     <option name="referenceTo">$po:mt-audit-EndJob</option>
                  </options>
               </field>
               <field description="" name="dt_audit_startJob_NextDate" type="reference">
                  <options>
                     <option name="failOnNotRun">false</option>
                     <option name="failOnFault">false</option>
                     <option name="referenceTo">$po:mt-audit-startJob-NextDate</option>
                  </options>
               </field>
            </tempFields>
            <notes/>
            <deployment suspendOnFault="false" tracingLevel="verbose">
               <rest/>
            </deployment>
            <flow id="a">
               <start id="b">
                  <link id="kmukdo9r" targetId="kmukdo9q"/>
               </start>
               <assignment id="kmukdo9q">
                  <title>asgn_StartJob_Parameters</title>
                  <operation source="formula" to="temp.temp_JobName">
                     <expression language="XQuery">fn:concat("'",util:getAssetName(),"'")</expression>
                  </operation>
                  <operation source="formula" to="temp.temp_tf_Audit_ID">
                     <expression language="XQuery">fn:concat("'",util:getAssetName(),"-", util:getProcessId(),"'")</expression>
                  </operation>
                  <operation source="constant"
                             to="temp.dt_audit_startJob_NextDate[1]/inout[1]/io_DataStartDate">01/01/2000 00:00:00.000000000</operation>
                  <operation source="constant"
                             to="temp.dt_audit_startJob_NextDate[1]/inout[1]/io_Result">ERROR</operation>
                  <link id="l6v6a5oa" targetId="l6v6a5p3"/>
               </assignment>
               <assignment id="kmulc2vz">
                  <title>asgn_DataStartDate</title>
                  <operation source="formula" to="temp.temp_dataStartDate">
                     <expression language="XQuery">fn:concat("'",date:toChar(date:toDate($temp.dt_audit_startJob_NextDate[1]/inout[1]/io_DataStartDate , 'MM/DD/YYYY 00:00:00.000000000'),'YYYY-MM-DD'),"'")</expression>
                  </operation>
                  <link id="kmulc2w1" targetId="kmukdoak"/>
               </assignment>
               <eventContainer id="l6v6a5p3">
                  <service id="l6v6a5o9">
                     <title>dt_audit_startJob_NextDate</title>
                     <serviceName>ICSExecuteDataTask</serviceName>
                     <serviceGUID/>
                     <serviceInput>
                        <parameter name="Wait for Task to Complete" source="constant" updatable="true">true</parameter>
                        <parameter name="Max Wait" source="constant" updatable="true">604800</parameter>
                        <parameter name="Task Name" source="constant" updatable="true">mt_audit_startJob_NextDate</parameter>
                        <parameter name="GUID" source="constant" updatable="true">9lNCJ7p6rsugfNaDw2GfYT</parameter>
                        <parameter name="Task Type" source="constant" updatable="true">MCT</parameter>
                        <parameter name="Has Inout Parameters" source="constant" updatable="true">true</parameter>
                        <parameter name="taskField" source="nested">
                           <operation source="field" to="mt-audit-startJob-NextDate">temp.dt_audit_startJob_NextDate</operation>
                           <operation source="field" to="mt-audit-startJob-NextDate/inout[1]/io_auditID">temp.temp_tf_Audit_ID</operation>
                           <operation source="field" to="mt-audit-startJob-NextDate/inout[1]/io_jobName">temp.temp_JobName</operation>
                        </parameter>
                     </serviceInput>
                     <serviceOutput>
                        <operation source="field" to="temp.dt_audit_startJob_NextDate/output/Object_Name">Object Name</operation>
                        <operation source="field" to="temp.dt_audit_startJob_NextDate/output/Run_Id">Run Id</operation>
                        <operation source="field" to="temp.dt_audit_startJob_NextDate/output/Log_Id">Log Id</operation>
                        <operation source="field" to="temp.dt_audit_startJob_NextDate/output/Task_Id">Task Id</operation>
                        <operation source="field" to="temp.dt_audit_startJob_NextDate/output/Task_Status">Task Status</operation>
                        <operation source="field"
                                   to="temp.dt_audit_startJob_NextDate/output/Success_Source_Rows">Success Source Rows</operation>
                        <operation source="field"
                                   to="temp.dt_audit_startJob_NextDate/output/Failed_Source_Rows">Failed Source Rows</operation>
                        <operation source="field"
                                   to="temp.dt_audit_startJob_NextDate/output/Success_Target_Rows">Success Target Rows</operation>
                        <operation source="field"
                                   to="temp.dt_audit_startJob_NextDate/output/Failed_Target_Rows">Failed Target Rows</operation>
                        <operation source="field" to="temp.dt_audit_startJob_NextDate/output/Start_Time">Start Time</operation>
                        <operation source="field" to="temp.dt_audit_startJob_NextDate/output/End_Time">End Time</operation>
                        <operation source="field"
                                   to="temp.dt_audit_startJob_NextDate/output/Error_Message">Error Message</operation>
                        <operation source="field"
                                   to="temp.dt_audit_startJob_NextDate/output/TotalTransErrors">Total Transformation Errors</operation>
                        <operation source="field"
                                   to="temp.dt_audit_startJob_NextDate/output/FirstErrorCode">First Error Code</operation>
                        <operation source="field" to="temp.dt_audit_startJob_NextDate/inout/io_jobName">io_jobName</operation>
                        <operation source="field" to="temp.dt_audit_startJob_NextDate/inout/io_auditID">io_auditID</operation>
                        <operation source="field" to="temp.dt_audit_startJob_NextDate/inout/io_Result">io_Result</operation>
                        <operation source="field"
                                   to="temp.dt_audit_startJob_NextDate/inout/io_DataStartDate">io_DataStartDate</operation>
                     </serviceOutput>
                  </service>
                  <link id="l6v6a5we" targetId="kmulc2vz"/>
                  <events>
                     <catch faultField="temp.dt_audit_startJob_NextDate/fault"
                            id="l6v6a5p1"
                            interrupting="true"
                            name="error">
                        <suspend/>
                     </catch>
                     <catch faultField="temp.dt_audit_startJob_NextDate/fault"
                            id="l6v6a5p2"
                            interrupting="true"
                            name="warning"/>
                  </events>
               </eventContainer>
               <container id="kmukdoak" type="exclusive">
                  <title>dcn_StartJob_Result</title>
                  <flow id="kmukdoal">
                     <eventContainer id="l6v5zkfq">
                        <service id="l6v5zkf1">
                           <title>dt_LoadSTG_PSA_IAS_COMMISSION_To_STG_REVENUES</title>
                           <serviceName>ICSExecuteDataTask</serviceName>
                           <serviceGUID/>
                           <serviceInput>
                              <parameter name="Wait for Task to Complete" source="constant" updatable="true">true</parameter>
                              <parameter name="Max Wait" source="constant" updatable="true">604800</parameter>
                              <parameter name="Task Name" source="constant" updatable="true">mt_LoadSTG_PSA_IAS_COMMISSION_To_STG_REVENUES</parameter>
                              <parameter name="GUID" source="constant" updatable="true">0C3XNveP0M1fLQdI4wrQ0Z</parameter>
                              <parameter name="Task Type" source="constant" updatable="true">MCT</parameter>
                              <parameter name="Has Inout Parameters" source="constant" updatable="true">true</parameter>
                              <parameter name="taskField" source="nested">
                                 <operation source="field" to="mt-LoadSTG-PSA-IAS-COMMISSION-To-STG-REVENUES">temp.dt_LoadSTG_PSA_IAS_COMMISSION_To_STG_REVENUES</operation>
                              </parameter>
                           </serviceInput>
                           <serviceOutput>
                              <operation source="field"
                                         to="temp.dt_LoadSTG_PSA_IAS_COMMISSION_To_STG_REVENUES/output/Object_Name">Object Name</operation>
                              <operation source="field"
                                         to="temp.dt_LoadSTG_PSA_IAS_COMMISSION_To_STG_REVENUES/output/Run_Id">Run Id</operation>
                              <operation source="field"
                                         to="temp.dt_LoadSTG_PSA_IAS_COMMISSION_To_STG_REVENUES/output/Log_Id">Log Id</operation>
                              <operation source="field"
                                         to="temp.dt_LoadSTG_PSA_IAS_COMMISSION_To_STG_REVENUES/output/Task_Id">Task Id</operation>
                              <operation source="field"
                                         to="temp.dt_LoadSTG_PSA_IAS_COMMISSION_To_STG_REVENUES/output/Task_Status">Task Status</operation>
                              <operation source="field"
                                         to="temp.dt_LoadSTG_PSA_IAS_COMMISSION_To_STG_REVENUES/output/Success_Source_Rows">Success Source Rows</operation>
                              <operation source="field"
                                         to="temp.dt_LoadSTG_PSA_IAS_COMMISSION_To_STG_REVENUES/output/Failed_Source_Rows">Failed Source Rows</operation>
                              <operation source="field"
                                         to="temp.dt_LoadSTG_PSA_IAS_COMMISSION_To_STG_REVENUES/output/Success_Target_Rows">Success Target Rows</operation>
                              <operation source="field"
                                         to="temp.dt_LoadSTG_PSA_IAS_COMMISSION_To_STG_REVENUES/output/Failed_Target_Rows">Failed Target Rows</operation>
                              <operation source="field"
                                         to="temp.dt_LoadSTG_PSA_IAS_COMMISSION_To_STG_REVENUES/output/Start_Time">Start Time</operation>
                              <operation source="field"
                                         to="temp.dt_LoadSTG_PSA_IAS_COMMISSION_To_STG_REVENUES/output/End_Time">End Time</operation>
                              <operation source="field"
                                         to="temp.dt_LoadSTG_PSA_IAS_COMMISSION_To_STG_REVENUES/output/Error_Message">Error Message</operation>
                              <operation source="field"
                                         to="temp.dt_LoadSTG_PSA_IAS_COMMISSION_To_STG_REVENUES/output/TotalTransErrors">Total Transformation Errors</operation>
                              <operation source="field"
                                         to="temp.dt_LoadSTG_PSA_IAS_COMMISSION_To_STG_REVENUES/output/FirstErrorCode">First Error Code</operation>
                              <operation source="field"
                                         to="temp.dt_LoadSTG_PSA_IAS_COMMISSION_To_STG_REVENUES/inout/io_PATH">io_PATH</operation>
                           </serviceOutput>
                        </service>
                        <link id="l6v5zkj8" targetId="l6v5zkjx"/>
                        <events>
                           <catch faultField="temp.dt_LoadSTG_PSA_IAS_COMMISSION_To_STG_REVENUES/fault"
                                  id="l6v5zkfo"
                                  interrupting="true"
                                  name="error">
                              <suspend/>
                           </catch>
                           <catch faultField="temp.dt_LoadSTG_PSA_IAS_COMMISSION_To_STG_REVENUES/fault"
                                  id="l6v5zkfp"
                                  interrupting="true"
                                  name="warning"/>
                        </events>
                     </eventContainer>
                     <eventContainer id="l6v5zkjx">
                        <service id="l6v5zkj7">
                           <title>dt_LoadRDV_STG_IAS_COMMISSION_To_RDV_REVENUES</title>
                           <serviceName>ICSExecuteDataTask</serviceName>
                           <serviceGUID/>
                           <serviceInput>
                              <parameter name="Wait for Task to Complete" source="constant" updatable="true">true</parameter>
                              <parameter name="Max Wait" source="constant" updatable="true">604800</parameter>
                              <parameter name="Task Name" source="constant" updatable="true">mt_LoadRDV_STG_IAS_COMMISSION_To_RDV_REVENUES</parameter>
                              <parameter name="GUID" source="constant" updatable="true">9iWSzWgtzHbcxNL7xWULqj</parameter>
                              <parameter name="Task Type" source="constant" updatable="true">MCT</parameter>
                              <parameter name="Has Inout Parameters" source="constant" updatable="true">true</parameter>
                              <parameter name="taskField" source="nested">
                                 <operation source="field" to="mt-LoadRDV-STG-IAS-COMMISSION-To-RDV-REVENUES">temp.dt_LoadRDV_STG_IAS_COMMISSION_To_RDV_REVENUES</operation>
                              </parameter>
                           </serviceInput>
                           <serviceOutput>
                              <operation source="field"
                                         to="temp.dt_LoadRDV_STG_IAS_COMMISSION_To_RDV_REVENUES/output/Object_Name">Object Name</operation>
                              <operation source="field"
                                         to="temp.dt_LoadRDV_STG_IAS_COMMISSION_To_RDV_REVENUES/output/Run_Id">Run Id</operation>
                              <operation source="field"
                                         to="temp.dt_LoadRDV_STG_IAS_COMMISSION_To_RDV_REVENUES/output/Log_Id">Log Id</operation>
                              <operation source="field"
                                         to="temp.dt_LoadRDV_STG_IAS_COMMISSION_To_RDV_REVENUES/output/Task_Id">Task Id</operation>
                              <operation source="field"
                                         to="temp.dt_LoadRDV_STG_IAS_COMMISSION_To_RDV_REVENUES/output/Task_Status">Task Status</operation>
                              <operation source="field"
                                         to="temp.dt_LoadRDV_STG_IAS_COMMISSION_To_RDV_REVENUES/output/Success_Source_Rows">Success Source Rows</operation>
                              <operation source="field"
                                         to="temp.dt_LoadRDV_STG_IAS_COMMISSION_To_RDV_REVENUES/output/Failed_Source_Rows">Failed Source Rows</operation>
                              <operation source="field"
                                         to="temp.dt_LoadRDV_STG_IAS_COMMISSION_To_RDV_REVENUES/output/Success_Target_Rows">Success Target Rows</operation>
                              <operation source="field"
                                         to="temp.dt_LoadRDV_STG_IAS_COMMISSION_To_RDV_REVENUES/output/Failed_Target_Rows">Failed Target Rows</operation>
                              <operation source="field"
                                         to="temp.dt_LoadRDV_STG_IAS_COMMISSION_To_RDV_REVENUES/output/Start_Time">Start Time</operation>
                              <operation source="field"
                                         to="temp.dt_LoadRDV_STG_IAS_COMMISSION_To_RDV_REVENUES/output/End_Time">End Time</operation>
                              <operation source="field"
                                         to="temp.dt_LoadRDV_STG_IAS_COMMISSION_To_RDV_REVENUES/output/Error_Message">Error Message</operation>
                              <operation source="field"
                                         to="temp.dt_LoadRDV_STG_IAS_COMMISSION_To_RDV_REVENUES/output/TotalTransErrors">Total Transformation Errors</operation>
                              <operation source="field"
                                         to="temp.dt_LoadRDV_STG_IAS_COMMISSION_To_RDV_REVENUES/output/FirstErrorCode">First Error Code</operation>
                              <operation source="field"
                                         to="temp.dt_LoadRDV_STG_IAS_COMMISSION_To_RDV_REVENUES/inout/io_PATH">io_PATH</operation>
                           </serviceOutput>
                        </service>
                        <link id="l6v5zkr9" targetId="l6v5zks4"/>
                        <events>
                           <catch faultField="temp.dt_LoadRDV_STG_IAS_COMMISSION_To_RDV_REVENUES/fault"
                                  id="l6v5zkjv"
                                  interrupting="true"
                                  name="error">
                              <suspend/>
                           </catch>
                           <catch faultField="temp.dt_LoadRDV_STG_IAS_COMMISSION_To_RDV_REVENUES/fault"
                                  id="l6v5zkjw"
                                  interrupting="true"
                                  name="warning"/>
                        </events>
                     </eventContainer>
                     <eventContainer id="l6v5zks4">
                        <service id="l6v5zkr8">
                           <title>dt_audit_EndJob</title>
                           <serviceName>ICSExecuteDataTask</serviceName>
                           <serviceGUID/>
                           <serviceInput>
                              <parameter name="Wait for Task to Complete" source="constant" updatable="true">true</parameter>
                              <parameter name="Max Wait" source="constant" updatable="true">604800</parameter>
                              <parameter name="Task Name" source="constant" updatable="true">mt_audit_EndJob</parameter>
                              <parameter name="GUID" source="constant" updatable="true">8WUVW4zNQAgdipIzLgiKME</parameter>
                              <parameter name="Task Type" source="constant" updatable="true">MCT</parameter>
                              <parameter name="Has Inout Parameters" source="constant" updatable="true">true</parameter>
                              <parameter name="taskField" source="nested">
                                 <operation source="field" to="mt-audit-EndJob">temp.dt_audit_EndJob</operation>
                                 <operation source="field" to="mt-audit-EndJob/inout[1]/io_jobAuditID">temp.temp_tf_Audit_ID</operation>
                                 <operation source="constant" to="mt-audit-EndJob/inout[1]/io_jobEndDesc">Successful Execution</operation>
                                 <operation source="constant" to="mt-audit-EndJob/inout[1]/io_jobEndStatus">SUCCESS</operation>
                                 <operation source="field" to="mt-audit-EndJob/inout[1]/io_jobName">temp.temp_JobName</operation>
                                 <operation source="field" to="mt-audit-EndJob/inout[1]/io_jobStartDate">temp.temp_dataStartDate</operation>
                              </parameter>
                           </serviceInput>
                           <serviceOutput>
                              <operation source="field" to="temp.dt_audit_EndJob/output/Object_Name">Object Name</operation>
                              <operation source="field" to="temp.dt_audit_EndJob/output/Run_Id">Run Id</operation>
                              <operation source="field" to="temp.dt_audit_EndJob/output/Log_Id">Log Id</operation>
                              <operation source="field" to="temp.dt_audit_EndJob/output/Task_Id">Task Id</operation>
                              <operation source="field" to="temp.dt_audit_EndJob/output/Task_Status">Task Status</operation>
                              <operation source="field" to="temp.dt_audit_EndJob/output/Success_Source_Rows">Success Source Rows</operation>
                              <operation source="field" to="temp.dt_audit_EndJob/output/Failed_Source_Rows">Failed Source Rows</operation>
                              <operation source="field" to="temp.dt_audit_EndJob/output/Success_Target_Rows">Success Target Rows</operation>
                              <operation source="field" to="temp.dt_audit_EndJob/output/Failed_Target_Rows">Failed Target Rows</operation>
                              <operation source="field" to="temp.dt_audit_EndJob/output/Start_Time">Start Time</operation>
                              <operation source="field" to="temp.dt_audit_EndJob/output/End_Time">End Time</operation>
                              <operation source="field" to="temp.dt_audit_EndJob/output/Error_Message">Error Message</operation>
                              <operation source="field" to="temp.dt_audit_EndJob/output/TotalTransErrors">Total Transformation Errors</operation>
                              <operation source="field" to="temp.dt_audit_EndJob/output/FirstErrorCode">First Error Code</operation>
                              <operation source="field" to="temp.dt_audit_EndJob/inout/io_Result">io_Result</operation>
                              <operation source="field" to="temp.dt_audit_EndJob/inout/io_jobName">io_jobName</operation>
                              <operation source="field" to="temp.dt_audit_EndJob/inout/io_jobAuditID">io_jobAuditID</operation>
                              <operation source="field" to="temp.dt_audit_EndJob/inout/io_jobStartDate">io_jobStartDate</operation>
                              <operation source="field" to="temp.dt_audit_EndJob/inout/io_jobEndStatus">io_jobEndStatus</operation>
                              <operation source="field" to="temp.dt_audit_EndJob/inout/io_jobEndDesc">io_jobEndDesc</operation>
                           </serviceOutput>
                        </service>
                        <events>
                           <catch faultField="temp.dt_audit_EndJob/fault"
                                  id="l6v5zks2"
                                  interrupting="true"
                                  name="error">
                              <suspend/>
                           </catch>
                           <catch faultField="temp.dt_audit_EndJob/fault"
                                  id="l6v5zks3"
                                  interrupting="true"
                                  name="warning"/>
                        </events>
                     </eventContainer>
                     <link id="kmukdoaz" targetId="kmukdoak" type="containerLink"/>
                  </flow>
                  <flow id="kmukdoav">
                     <throw id="kmukdoaw">
                        <title>Throw_Error_StartJob</title>
                        <throwInput>
                           <parameter name="code" source="field" updatable="true">temp.mt_audit_startJob_NextDate[1]/inout[1]/io_Result</parameter>
                           <parameter name="detail" source="constant" updatable="true"/>
                           <parameter name="reason" source="constant" updatable="true"/>
                        </throwInput>
                     </throw>
                  </flow>
                  <link id="kmukdoax" targetId="kmukdoal" type="containerLink">
                     <condition source="formula">
                        <function name="contains">
                           <arg name="left">{$temp.dt_audit_startJob_NextDate[1]/inout[1]/io_Result}</arg>
                           <arg name="right">SUCCESS</arg>
                        </function>
                     </condition>
                  </link>
                  <link id="kmukdoay" targetId="kmukdoav" type="containerLink"/>
                  <link id="kmukdocc" targetId="c"/>
               </container>
               <end id="c"/>
            </flow>
            <dependencies>
               <processObject xmlns="http://schemas.active-endpoints.com/appmodules/screenflow/2011/06/avosHostEnvironment.xsd"
                              displayName="mt-LoadSTG-PSA-IAS-COMMISSION-To-STG-REVENUES"
                              isByCopy="true"
                              name="mt-LoadSTG-PSA-IAS-COMMISSION-To-STG-REVENUES">
                  <description/>
                  <tags/>
                  <detail>
                     <field label="InOut Parameters"
                            name="inout"
                            nullable="true"
                            required="false"
                            type="reference"/>
                     <field label="TaskProperties Parameters"
                            name="taskProperties"
                            nullable="true"
                            required="false"
                            type="reference"/>
                     <field label="Output Parameters"
                            name="output"
                            nullable="true"
                            required="false"
                            type="reference"/>
                     <field label="Fault"
                            name="fault"
                            nullable="true"
                            required="false"
                            type="reference"/>
                  </detail>
               </processObject>
               <processObject xmlns="http://schemas.active-endpoints.com/appmodules/screenflow/2011/06/avosHostEnvironment.xsd"
                              displayName="mt-LoadRDV-STG-IAS-COMMISSION-To-RDV-REVENUES"
                              isByCopy="true"
                              name="mt-LoadRDV-STG-IAS-COMMISSION-To-RDV-REVENUES">
                  <description/>
                  <tags/>
                  <detail>
                     <field label="InOut Parameters"
                            name="inout"
                            nullable="true"
                            required="false"
                            type="reference"/>
                     <field label="TaskProperties Parameters"
                            name="taskProperties"
                            nullable="true"
                            required="false"
                            type="reference"/>
                     <field label="Output Parameters"
                            name="output"
                            nullable="true"
                            required="false"
                            type="reference"/>
                     <field label="Fault"
                            name="fault"
                            nullable="true"
                            required="false"
                            type="reference"/>
                  </detail>
               </processObject>
               <processObject xmlns="http://schemas.active-endpoints.com/appmodules/screenflow/2011/06/avosHostEnvironment.xsd"
                              displayName="mt-audit-EndJob"
                              isByCopy="true"
                              name="mt-audit-EndJob">
                  <description/>
                  <tags/>
                  <detail>
                     <field label="Input Parameters"
                            name="input"
                            nullable="true"
                            required="false"
                            type="reference"/>
                     <field label="InOut Parameters"
                            name="inout"
                            nullable="true"
                            required="false"
                            type="reference"/>
                     <field label="TaskProperties Parameters"
                            name="taskProperties"
                            nullable="true"
                            required="false"
                            type="reference"/>
                     <field label="Output Parameters"
                            name="output"
                            nullable="true"
                            required="false"
                            type="reference"/>
                     <field label="Fault"
                            name="fault"
                            nullable="true"
                            required="false"
                            type="reference"/>
                  </detail>
               </processObject>
               <processObject xmlns="http://schemas.active-endpoints.com/appmodules/screenflow/2011/06/avosHostEnvironment.xsd"
                              displayName="mt-audit-startJob-NextDate"
                              isByCopy="true"
                              name="mt-audit-startJob-NextDate">
                  <description/>
                  <tags/>
                  <detail>
                     <field label="Input Parameters"
                            name="input"
                            nullable="true"
                            required="false"
                            type="reference"/>
                     <field label="InOut Parameters"
                            name="inout"
                            nullable="true"
                            required="false"
                            type="reference"/>
                     <field label="TaskProperties Parameters"
                            name="taskProperties"
                            nullable="true"
                            required="false"
                            type="reference"/>
                     <field label="Output Parameters"
                            name="output"
                            nullable="true"
                            required="false"
                            type="reference"/>
                     <field label="Fault"
                            name="fault"
                            nullable="true"
                            required="false"
                            type="reference"/>
                  </detail>
               </processObject>
            </dependencies>
         </taskflow>
      </types1:Entry>
      <types1:GUID>7uSYQg8xTStfNZ3QhuuB4d</types1:GUID>
      <types1:DisplayName>tf_INITIAL_LOADING_LoadRDV_20-30_PSA_IAS_COMISSION_to_RDV_REVENUES</types1:DisplayName>
   </types1:Item>
   <types1:CurrentServerDateTime>2023-03-08T18:46:26.363Z</types1:CurrentServerDateTime>
</aetgt:getResponse>
