<aetgt:getResponse xmlns:aetgt="http://schemas.active-endpoints.com/appmodules/repository/2010/10/avrepository.xsd"
                   xmlns:types1="http://schemas.active-endpoints.com/appmodules/repository/2010/10/avrepository.xsd">
   <types1:Item>
      <types1:EntryId>UO01huaa-gt-31388760-2021-07-28T19:27:03.875Z::tf.xml</types1:EntryId>
      <types1:Name>tf_LoadDM_60_Shared_DimPlans</types1:Name>
      <types1:MimeType>application/xml+taskflow</types1:MimeType>
      <types1:Description/>
      <types1:AppliesTo/>
      <types1:Tags/>
      <types1:VersionLabel>1.0</types1:VersionLabel>
      <types1:State>CURRENT</types1:State>
      <types1:ProcessGroup/>
      <types1:CreatedBy>vinita.singh.adm@ia.ca.SAML</types1:CreatedBy>
      <types1:CreationDate>2021-07-28T19:27:04Z</types1:CreationDate>
      <types1:ModifiedBy>jihed.laamiri.adm@ia.ca.SAML</types1:ModifiedBy>
      <types1:ModificationDate>2022-02-15T16:41:11Z</types1:ModificationDate>
      <types1:PublicationStatus>published</types1:PublicationStatus>
      <types1:PublishedBy>jihed.laamiri.adm@ia.ca.SAML</types1:PublishedBy>
      <types1:PublicationDate>2022-07-04T13:48:03Z</types1:PublicationDate>
      <types1:PublishedContributionId>project:/tf.tf_LoadDM_60_Shared_DimPlans/tf_LoadDM_60_Shared_DimPlans.tf.xml</types1:PublishedContributionId>
      <types1:AutosaveExists>false</types1:AutosaveExists>
      <types1:Entry>
         <taskflow xmlns="http://schemas.active-endpoints.com/appmodules/screenflow/2010/10/avosScreenflow.xsd"
                   xmlns:list="urn:activevos:spi:list:functions"
                   displayName="tf_LoadDM_60_Shared_DimPlans"
                   name="tf_LoadDM_60_Shared_DimPlans"
                   overrideAPIName="false">
            <appliesTo/>
            <description/>
            <tags/>
            <generator>Informatica Process Designer 11</generator>
            <tempFields>
               <field description="" name="mt_audit_startJob_NextDate" type="reference">
                  <options>
                     <option name="referenceTo">$po:mt-audit-startJob-NextDate</option>
                     <option name="failOnNotRun">false</option>
                     <option name="failOnFault">false</option>
                  </options>
               </field>
               <field description=""
                      name="dt_LoadDM_IAS_NBIN_To_DmPLAN_insert"
                      type="reference">
                  <options>
                     <option name="referenceTo">$po:mt-LoadDM-DM-Wt-To-DM-DimPlans-Insert</option>
                     <option name="failOnNotRun">false</option>
                     <option name="failOnFault">false</option>
                  </options>
               </field>
               <field description=""
                      name="dt_LoadDM_IAS_NBIN_To_DmPLAN_close"
                      type="reference">
                  <options>
                     <option name="referenceTo">$po:mt-LoadDM-DM-Wt-To-DM-DimPlans-Close</option>
                     <option name="failOnNotRun">false</option>
                     <option name="failOnFault">false</option>
                  </options>
               </field>
               <field description="" name="dt_audit_EndJob" type="reference">
                  <options>
                     <option name="failOnNotRun">false</option>
                     <option name="failOnFault">false</option>
                     <option name="referenceTo">$po:mt-audit-EndJob</option>
                  </options>
               </field>
               <field description="" name="temp_JobName" type="string">
                  <options>
                     <option name="required">false</option>
                  </options>
               </field>
               <field description="" name="temp_tf_Audit_ID" type="string">
                  <options>
                     <option name="required">false</option>
                  </options>
               </field>
               <field description="" name="temp_dataStartDate" type="date">
                  <options>
                     <option name="required">false</option>
                  </options>
               </field>
               <field description=""
                      name="dt_LoadDM_IAS_NBIN_To_DM_WtPLAN"
                      type="reference">
                  <options>
                     <option name="referenceTo">$po:mt-LoadDM-NBIN-BDV-Shared-To-DM-Wt-DimPlans</option>
                  </options>
               </field>
               <field description=""
                      name="mt_LoadDM_UNIVERIS_BDV_Shared_To_DM_Wt_DimPlans  Edit  Run"
                      type="reference">
                  <options>
                     <option name="failOnNotRun">false</option>
                     <option name="failOnFault">false</option>
                     <option name="referenceTo">$po:mt-LoadDM-UNIVERIS-BDV-Shared-To-DM-Wt-DimPlans</option>
                  </options>
               </field>
               <field description=""
                      name="mt_LoadDM_UNIVERIS_BDV_Shared_To_DM_Wt_DimPlans"
                      type="reference">
                  <options>
                     <option name="failOnNotRun">false</option>
                     <option name="failOnFault">false</option>
                     <option name="referenceTo">$po:mt-LoadDM-UNIVERIS-BDV-Shared-To-DM-Wt-DimPlans</option>
                  </options>
               </field>
            </tempFields>
            <notes/>
            <deployment suspendOnFault="false" tracingLevel="verbose">
               <rest/>
            </deployment>
            <flow id="a">
               <start id="b">
                  <link id="kg9lcwdf" targetId="kg9lcwde"/>
               </start>
               <assignment id="kg9lcwde">
                  <title>asgn_StartJob_Parameters</title>
                  <operation source="formula" to="temp.temp_JobName">
                     <expression language="XQuery">fn:concat("'",util:getAssetName(),"'")</expression>
                  </operation>
                  <operation source="formula" to="temp.temp_tf_Audit_ID">
                     <expression language="XQuery">fn:concat("'",util:getAssetName(),"-", util:getProcessId(),"'")</expression>
                  </operation>
                  <operation source="constant"
                             to="temp.mt_audit_startJob_NextDate[1]/inout[1]/io_DataStartDate">01/01/2000 00:00:00.000000000</operation>
                  <operation source="constant"
                             to="temp.mt_audit_startJob_NextDate[1]/inout[1]/io_Result">ERROR</operation>
                  <link id="kg9lcwdg" targetId="kg9i7hj8"/>
               </assignment>
               <assignment id="km5mfnpw">
                  <title>asgn_DataStartDate</title>
                  <operation source="formula" to="temp.temp_dataStartDate">
                     <expression language="XQuery">fn:concat("'",date:toChar(date:toDate($temp.mt_audit_startJob_NextDate[1]/inout[1]/io_DataStartDate , 'MM/DD/YYYY 00:00:00.000000000'),'YYYY-MM-DD'),"'")</expression>
                  </operation>
                  <link id="km5mfnpy" targetId="kg9i7hju"/>
               </assignment>
               <eventContainer id="kg9i7hj8">
                  <service id="kg9i7hj2">
                     <title>mt_audit_startJob_NextDate</title>
                     <serviceName>ICSExecuteDataTask</serviceName>
                     <serviceGUID/>
                     <serviceInput>
                        <parameter name="Wait for Task to Complete" source="constant" updatable="true">true</parameter>
                        <parameter name="Max Wait" source="constant" updatable="true">604800</parameter>
                        <parameter name="Task Name" source="constant" updatable="true">mt_audit_startJob_NextDate</parameter>
                        <parameter name="GUID" source="constant" updatable="true">627hWv3Xe4AlJK5UgeloGT</parameter>
                        <parameter name="Task Type" source="constant" updatable="true">MCT</parameter>
                        <parameter name="Has Inout Parameters" source="constant" updatable="true">true</parameter>
                        <parameter name="taskField" source="nested">
                           <operation source="field" to="mt-audit-startJob-NextDate">temp.mt_audit_startJob_NextDate</operation>
                           <operation source="field" to="mt-audit-startJob-NextDate/inout[1]/io_auditID">temp.temp_tf_Audit_ID
                           
                           <expression language="XQuery">fn:concat("'",fn:replace($temp.mt_audit_startJob_NextDate[1]/inout[1]/io_jobName , "'", ""),"-", util:getProcessId(),"'")</expression>
                           </operation>
                           <operation source="field" to="mt-audit-startJob-NextDate/inout[1]/io_jobName">temp.temp_JobName</operation>
                        </parameter>
                     </serviceInput>
                     <serviceOutput>
                        <operation source="field" to="temp.mt_audit_startJob_NextDate/output/Object_Name">Object Name</operation>
                        <operation source="field" to="temp.mt_audit_startJob_NextDate/output/Run_Id">Run Id</operation>
                        <operation source="field" to="temp.mt_audit_startJob_NextDate/output/Log_Id">Log Id</operation>
                        <operation source="field" to="temp.mt_audit_startJob_NextDate/output/Task_Id">Task Id</operation>
                        <operation source="field" to="temp.mt_audit_startJob_NextDate/output/Task_Status">Task Status</operation>
                        <operation source="field"
                                   to="temp.mt_audit_startJob_NextDate/output/Success_Source_Rows">Success Source Rows</operation>
                        <operation source="field"
                                   to="temp.mt_audit_startJob_NextDate/output/Failed_Source_Rows">Failed Source Rows</operation>
                        <operation source="field"
                                   to="temp.mt_audit_startJob_NextDate/output/Success_Target_Rows">Success Target Rows</operation>
                        <operation source="field"
                                   to="temp.mt_audit_startJob_NextDate/output/Failed_Target_Rows">Failed Target Rows</operation>
                        <operation source="field" to="temp.mt_audit_startJob_NextDate/output/Start_Time">Start Time</operation>
                        <operation source="field" to="temp.mt_audit_startJob_NextDate/output/End_Time">End Time</operation>
                        <operation source="field"
                                   to="temp.mt_audit_startJob_NextDate/output/Error_Message">Error Message</operation>
                        <operation source="field" to="temp.mt_audit_startJob_NextDate/inout/io_jobName">io_jobName</operation>
                        <operation source="field" to="temp.mt_audit_startJob_NextDate/inout/io_auditID">io_auditID</operation>
                        <operation source="field" to="temp.mt_audit_startJob_NextDate/inout/io_Result">io_Result</operation>
                        <operation source="field"
                                   to="temp.mt_audit_startJob_NextDate/inout/io_DataStartDate">io_DataStartDate</operation>
                     </serviceOutput>
                  </service>
                  <link id="km5mfnpx" targetId="km5mfnpw"/>
                  <events>
                     <catch faultField="temp.mt_audit_startJob_NextDate/fault"
                            id="kg9i7hj6"
                            interrupting="true"
                            name="error">
                        <suspend/>
                     </catch>
                     <catch faultField="temp.mt_audit_startJob_NextDate/fault"
                            id="kg9i7hj7"
                            interrupting="true"
                            name="warning"/>
                  </events>
               </eventContainer>
               <container id="kg9i7hju" type="exclusive">
                  <title>dcn_StartJob_Result</title>
                  <flow id="kg9i7hjy">
                     <container id="kp2tpnbu" type="parallel">
                        <title>Parallel DM WT_PLAN</title>
                        <flow id="kp2tpnbx">
                           <service id="kp2tpnc8">
                              <title>dt_LoadDM_IAS_NBIN_To_DM_WtPLAN</title>
                              <serviceName>ICSExecuteDataTask</serviceName>
                              <serviceGUID/>
                              <serviceInput>
                                 <parameter name="Wait for Task to Complete" source="constant" updatable="true">true</parameter>
                                 <parameter name="Max Wait" source="constant" updatable="true">604800</parameter>
                                 <parameter name="Task Name" source="constant" updatable="true">mt_LoadDM_NBIN_BDV_Shared_To_DM_Wt_DimPlans</parameter>
                                 <parameter name="GUID" source="constant" updatable="true">ivUJBUPqwgJgcw37p2yF09</parameter>
                                 <parameter name="Task Type" source="constant" updatable="true">MCT</parameter>
                                 <parameter name="Has Inout Parameters" source="constant" updatable="true">false</parameter>
                                 <parameter name="taskField" source="nested">
                                    <operation source="field" to="mt-LoadDM-NBIN-BDV-Shared-To-DM-Wt-DimPlans">temp.dt_LoadDM_IAS_NBIN_To_DM_WtPLAN</operation>
                                    <operation source="field"
                                               to="mt-LoadDM-NBIN-BDV-Shared-To-DM-Wt-DimPlans/input[1]/i_DATA_START_DATE">temp.temp_dataStartDate
                                    
                                    <expression language="XQuery">fn:concat("'",date:toChar(date:toDate($temp.mt_audit_startJob_NextDate[1]/inout[1]/io_DataStartDate , 'MM/DD/YYYY 00:00:00.000000000'),'YYYY-MM-DD'),"'")</expression>
                                    </operation>
                                 </parameter>
                              </serviceInput>
                              <serviceOutput>
                                 <operation source="field"
                                            to="temp.dt_LoadDM_IAS_NBIN_To_DM_WtPLAN/output/Object_Name">Object Name</operation>
                                 <operation source="field" to="temp.dt_LoadDM_IAS_NBIN_To_DM_WtPLAN/output/Run_Id">Run Id</operation>
                                 <operation source="field" to="temp.dt_LoadDM_IAS_NBIN_To_DM_WtPLAN/output/Log_Id">Log Id</operation>
                                 <operation source="field" to="temp.dt_LoadDM_IAS_NBIN_To_DM_WtPLAN/output/Task_Id">Task Id</operation>
                                 <operation source="field"
                                            to="temp.dt_LoadDM_IAS_NBIN_To_DM_WtPLAN/output/Task_Status">Task Status</operation>
                                 <operation source="field"
                                            to="temp.dt_LoadDM_IAS_NBIN_To_DM_WtPLAN/output/Success_Source_Rows">Success Source Rows</operation>
                                 <operation source="field"
                                            to="temp.dt_LoadDM_IAS_NBIN_To_DM_WtPLAN/output/Failed_Source_Rows">Failed Source Rows</operation>
                                 <operation source="field"
                                            to="temp.dt_LoadDM_IAS_NBIN_To_DM_WtPLAN/output/Success_Target_Rows">Success Target Rows</operation>
                                 <operation source="field"
                                            to="temp.dt_LoadDM_IAS_NBIN_To_DM_WtPLAN/output/Failed_Target_Rows">Failed Target Rows</operation>
                                 <operation source="field"
                                            to="temp.dt_LoadDM_IAS_NBIN_To_DM_WtPLAN/output/Start_Time">Start Time</operation>
                                 <operation source="field"
                                            to="temp.dt_LoadDM_IAS_NBIN_To_DM_WtPLAN/output/End_Time">End Time</operation>
                                 <operation source="field"
                                            to="temp.dt_LoadDM_IAS_NBIN_To_DM_WtPLAN/output/Error_Message">Error Message</operation>
                              </serviceOutput>
                           </service>
                           <link id="kp2tpnby" targetId="kp2tpnbu" type="containerLink"/>
                        </flow>
                        <flow id="kp2tpnhi">
                           <eventContainer id="kp2tpni0">
                              <service id="kp2tpnhr">
                                 <title>mt_LoadDM_UNIVERIS_BDV_Shared_To_DM_Wt_DimPlans</title>
                                 <serviceName>ICSExecuteDataTask</serviceName>
                                 <serviceGUID/>
                                 <serviceInput>
                                    <parameter name="Wait for Task to Complete" source="constant" updatable="true">true</parameter>
                                    <parameter name="Max Wait" source="constant" updatable="true">604800</parameter>
                                    <parameter name="Task Name" source="constant" updatable="true">mt_LoadDM_UNIVERIS_BDV_Shared_To_DM_Wt_DimPlans</parameter>
                                    <parameter name="GUID" source="constant" updatable="true">3BDd9cSAB24dXFqwLfquSx</parameter>
                                    <parameter name="Task Type" source="constant" updatable="true">MCT</parameter>
                                    <parameter name="Has Inout Parameters" source="constant" updatable="true">false</parameter>
                                    <parameter name="taskField" source="nested">
                                       <operation source="field" to="mt-LoadDM-UNIVERIS-BDV-Shared-To-DM-Wt-DimPlans">temp.mt_LoadDM_UNIVERIS_BDV_Shared_To_DM_Wt_DimPlans</operation>
                                       <operation source="field"
                                                  to="mt-LoadDM-UNIVERIS-BDV-Shared-To-DM-Wt-DimPlans/input[1]/i_DATA_START_DATE">temp.temp_dataStartDate</operation>
                                    </parameter>
                                 </serviceInput>
                                 <serviceOutput>
                                    <operation source="field"
                                               to="temp.mt_LoadDM_UNIVERIS_BDV_Shared_To_DM_Wt_DimPlans/output/Object_Name">Object Name</operation>
                                    <operation source="field"
                                               to="temp.mt_LoadDM_UNIVERIS_BDV_Shared_To_DM_Wt_DimPlans/output/Run_Id">Run Id</operation>
                                    <operation source="field"
                                               to="temp.mt_LoadDM_UNIVERIS_BDV_Shared_To_DM_Wt_DimPlans/output/Log_Id">Log Id</operation>
                                    <operation source="field"
                                               to="temp.mt_LoadDM_UNIVERIS_BDV_Shared_To_DM_Wt_DimPlans/output/Task_Id">Task Id</operation>
                                    <operation source="field"
                                               to="temp.mt_LoadDM_UNIVERIS_BDV_Shared_To_DM_Wt_DimPlans/output/Task_Status">Task Status</operation>
                                    <operation source="field"
                                               to="temp.mt_LoadDM_UNIVERIS_BDV_Shared_To_DM_Wt_DimPlans/output/Success_Source_Rows">Success Source Rows</operation>
                                    <operation source="field"
                                               to="temp.mt_LoadDM_UNIVERIS_BDV_Shared_To_DM_Wt_DimPlans/output/Failed_Source_Rows">Failed Source Rows</operation>
                                    <operation source="field"
                                               to="temp.mt_LoadDM_UNIVERIS_BDV_Shared_To_DM_Wt_DimPlans/output/Success_Target_Rows">Success Target Rows</operation>
                                    <operation source="field"
                                               to="temp.mt_LoadDM_UNIVERIS_BDV_Shared_To_DM_Wt_DimPlans/output/Failed_Target_Rows">Failed Target Rows</operation>
                                    <operation source="field"
                                               to="temp.mt_LoadDM_UNIVERIS_BDV_Shared_To_DM_Wt_DimPlans/output/Start_Time">Start Time</operation>
                                    <operation source="field"
                                               to="temp.mt_LoadDM_UNIVERIS_BDV_Shared_To_DM_Wt_DimPlans/output/End_Time">End Time</operation>
                                    <operation source="field"
                                               to="temp.mt_LoadDM_UNIVERIS_BDV_Shared_To_DM_Wt_DimPlans/output/Error_Message">Error Message</operation>
                                 </serviceOutput>
                              </service>
                              <events>
                                 <catch faultField="temp.mt_LoadDM_UNIVERIS_BDV_Shared_To_DM_Wt_DimPlans/fault"
                                        id="kp2tpnhy"
                                        interrupting="true"
                                        name="error">
                                    <suspend/>
                                 </catch>
                                 <catch faultField="temp.mt_LoadDM_UNIVERIS_BDV_Shared_To_DM_Wt_DimPlans/fault"
                                        id="kp2tpnhz"
                                        interrupting="true"
                                        name="warning"/>
                              </events>
                           </eventContainer>
                           <link id="kp2tpnhj" targetId="kp2tpnbu" type="containerLink"/>
                        </flow>
                        <link id="kp2tpnbw" targetId="kp2tpnbx" type="containerLink"/>
                        <link id="kp2tpnhh" targetId="kp2tpnhi" type="containerLink"/>
                        <link id="kp2tpnc7" targetId="kgaznc9g"/>
                     </container>
                     <container id="kgaznc9g" type="parallel">
                        <title>Parallel DM Loading</title>
                        <flow id="kgaznc9k">
                           <eventContainer id="klvb4j8z">
                              <service id="kgaznc9z">
                                 <title>dt_LoadDM_IAS_NBIN_To_DmPLAN_insert</title>
                                 <serviceName>ICSExecuteDataTask</serviceName>
                                 <serviceGUID/>
                                 <serviceInput>
                                    <parameter name="Wait for Task to Complete" source="constant" updatable="true">true</parameter>
                                    <parameter name="Max Wait" source="constant" updatable="true">86400</parameter>
                                    <parameter name="Task Name" source="constant" updatable="true">mt_LoadDM_DM_Wt_To_DM_DimPlans_Insert</parameter>
                                    <parameter name="GUID" source="constant" updatable="true">9ER8Qd8y0ZpjCH1l4dToSH</parameter>
                                    <parameter name="Task Type" source="constant" updatable="true">MCT</parameter>
                                    <parameter name="Has Inout Parameters" source="constant" updatable="true">false</parameter>
                                    <parameter name="taskField" source="nested">
                                       <operation source="field" to="mt-LoadDM-DM-Wt-To-DM-DimPlans-Insert">temp.dt_LoadDM_IAS_NBIN_To_DmPLAN_insert</operation>
                                       <operation source="field"
                                                  to="mt-LoadDM-DM-Wt-To-DM-DimPlans-Insert/input[1]/i_DATA_START_DATE">temp.temp_dataStartDate
                                       
                                       <expression language="XQuery">fn:concat("'",date:toChar(date:toDate($temp.mt_audit_startJob_NextDate[1]/inout[1]/io_DataStartDate , 'MM/DD/YYYY 00:00:00.000000000'),'YYYY-MM-DD'),"'")</expression>
                                       </operation>
                                       <operation source="field"
                                                  to="mt-LoadDM-DM-Wt-To-DM-DimPlans-Insert/inout[1]/io_tf_Audit_ID">temp.temp_tf_Audit_ID</operation>
                                    </parameter>
                                 </serviceInput>
                                 <serviceOutput>
                                    <operation source="field"
                                               to="temp.dt_LoadDM_IAS_NBIN_To_DmPLAN_insert/output/Object_Name">Object Name</operation>
                                    <operation source="field"
                                               to="temp.dt_LoadDM_IAS_NBIN_To_DmPLAN_insert/output/Run_Id">Run Id</operation>
                                    <operation source="field"
                                               to="temp.dt_LoadDM_IAS_NBIN_To_DmPLAN_insert/output/Log_Id">Log Id</operation>
                                    <operation source="field"
                                               to="temp.dt_LoadDM_IAS_NBIN_To_DmPLAN_insert/output/Task_Id">Task Id</operation>
                                    <operation source="field"
                                               to="temp.dt_LoadDM_IAS_NBIN_To_DmPLAN_insert/output/Task_Status">Task Status</operation>
                                    <operation source="field"
                                               to="temp.dt_LoadDM_IAS_NBIN_To_DmPLAN_insert/output/Success_Source_Rows">Success Source Rows</operation>
                                    <operation source="field"
                                               to="temp.dt_LoadDM_IAS_NBIN_To_DmPLAN_insert/output/Failed_Source_Rows">Failed Source Rows</operation>
                                    <operation source="field"
                                               to="temp.dt_LoadDM_IAS_NBIN_To_DmPLAN_insert/output/Success_Target_Rows">Success Target Rows</operation>
                                    <operation source="field"
                                               to="temp.dt_LoadDM_IAS_NBIN_To_DmPLAN_insert/output/Failed_Target_Rows">Failed Target Rows</operation>
                                    <operation source="field"
                                               to="temp.dt_LoadDM_IAS_NBIN_To_DmPLAN_insert/output/Start_Time">Start Time</operation>
                                    <operation source="field"
                                               to="temp.dt_LoadDM_IAS_NBIN_To_DmPLAN_insert/output/End_Time">End Time</operation>
                                    <operation source="field"
                                               to="temp.dt_LoadDM_IAS_NBIN_To_DmPLAN_insert/output/Error_Message">Error Message</operation>
                                 </serviceOutput>
                              </service>
                              <events>
                                 <catch faultField="temp.dt_LoadDM_IAS_NBIN_To_DmPLAN_insert/fault"
                                        id="klvb4j8x"
                                        interrupting="true"
                                        name="error">
                                    <suspend/>
                                 </catch>
                                 <catch faultField="temp.dt_LoadDM_IAS_NBIN_To_DmPLAN_insert/fault"
                                        id="klvb4j8y"
                                        interrupting="true"
                                        name="warning"/>
                              </events>
                           </eventContainer>
                           <link id="kgaznc9l" targetId="kgaznc9g" type="containerLink"/>
                        </flow>
                        <flow id="kgaznc9n">
                           <eventContainer id="kln6glo4">
                              <service id="kgazncak">
                                 <title>dt_LoadDM_IAS_NBIN_To_DmPLAN_close</title>
                                 <serviceName>ICSExecuteDataTask</serviceName>
                                 <serviceGUID/>
                                 <serviceInput>
                                    <parameter name="Wait for Task to Complete" source="constant" updatable="true">true</parameter>
                                    <parameter name="Max Wait" source="constant" updatable="true">604800</parameter>
                                    <parameter name="Task Name" source="constant" updatable="true">mt_LoadDM_DM_Wt_To_DM_DimPlans_Close</parameter>
                                    <parameter name="GUID" source="constant" updatable="true">6ZIyuNPkHYkiZygyiduN0O</parameter>
                                    <parameter name="Task Type" source="constant" updatable="true">MCT</parameter>
                                    <parameter name="Has Inout Parameters" source="constant" updatable="true">false</parameter>
                                    <parameter name="taskField" source="nested">
                                       <operation source="field" to="mt-LoadDM-DM-Wt-To-DM-DimPlans-Close">temp.dt_LoadDM_IAS_NBIN_To_DmPLAN_close</operation>
                                       <operation source="field"
                                                  to="mt-LoadDM-DM-Wt-To-DM-DimPlans-Close/input[1]/i_DATA_START_DATE">temp.temp_dataStartDate
                                       
                                       <expression language="XQuery">fn:concat("'",date:toChar(date:toDate($temp.mt_audit_startJob_NextDate[1]/inout[1]/io_DataStartDate , 'MM/DD/YYYY 00:00:00.000000000'),'YYYY-MM-DD'),"'")</expression>
                                       </operation>
                                    </parameter>
                                 </serviceInput>
                                 <serviceOutput>
                                    <operation source="field"
                                               to="temp.dt_LoadDM_IAS_NBIN_To_DmPLAN_close/output/Object_Name">Object Name</operation>
                                    <operation source="field"
                                               to="temp.dt_LoadDM_IAS_NBIN_To_DmPLAN_close/output/Run_Id">Run Id</operation>
                                    <operation source="field"
                                               to="temp.dt_LoadDM_IAS_NBIN_To_DmPLAN_close/output/Log_Id">Log Id</operation>
                                    <operation source="field"
                                               to="temp.dt_LoadDM_IAS_NBIN_To_DmPLAN_close/output/Task_Id">Task Id</operation>
                                    <operation source="field"
                                               to="temp.dt_LoadDM_IAS_NBIN_To_DmPLAN_close/output/Task_Status">Task Status</operation>
                                    <operation source="field"
                                               to="temp.dt_LoadDM_IAS_NBIN_To_DmPLAN_close/output/Success_Source_Rows">Success Source Rows</operation>
                                    <operation source="field"
                                               to="temp.dt_LoadDM_IAS_NBIN_To_DmPLAN_close/output/Failed_Source_Rows">Failed Source Rows</operation>
                                    <operation source="field"
                                               to="temp.dt_LoadDM_IAS_NBIN_To_DmPLAN_close/output/Success_Target_Rows">Success Target Rows</operation>
                                    <operation source="field"
                                               to="temp.dt_LoadDM_IAS_NBIN_To_DmPLAN_close/output/Failed_Target_Rows">Failed Target Rows</operation>
                                    <operation source="field"
                                               to="temp.dt_LoadDM_IAS_NBIN_To_DmPLAN_close/output/Start_Time">Start Time</operation>
                                    <operation source="field"
                                               to="temp.dt_LoadDM_IAS_NBIN_To_DmPLAN_close/output/End_Time">End Time</operation>
                                    <operation source="field"
                                               to="temp.dt_LoadDM_IAS_NBIN_To_DmPLAN_close/output/Error_Message">Error Message</operation>
                                 </serviceOutput>
                              </service>
                              <events>
                                 <catch faultField="temp.dt_LoadDM_IAS_NBIN_To_DmPLAN_close/fault"
                                        id="kln6glo2"
                                        interrupting="true"
                                        name="error">
                                    <suspend/>
                                 </catch>
                                 <catch faultField="temp.dt_LoadDM_IAS_NBIN_To_DmPLAN_close/fault"
                                        id="kln6glo3"
                                        interrupting="true"
                                        name="warning"/>
                              </events>
                           </eventContainer>
                           <link id="kgaznc9o" targetId="kgaznc9g" type="containerLink"/>
                        </flow>
                        <link id="kgaznc9j" targetId="kgaznc9k" type="containerLink"/>
                        <link id="kgaznc9m" targetId="kgaznc9n" type="containerLink"/>
                        <link id="km26uefd" targetId="km26ueg2"/>
                     </container>
                     <eventContainer id="km26ueg2">
                        <service id="km26uefc">
                           <title>dt_audit_EndJob</title>
                           <serviceName>ICSExecuteDataTask</serviceName>
                           <serviceGUID/>
                           <serviceInput>
                              <parameter name="Wait for Task to Complete" source="constant" updatable="true">true</parameter>
                              <parameter name="Max Wait" source="constant" updatable="true">604800</parameter>
                              <parameter name="Task Name" source="constant" updatable="true">mt_audit_EndJob</parameter>
                              <parameter name="GUID" source="constant" updatable="true">1R0s78UfCGbkLmPDso8cqS</parameter>
                              <parameter name="Task Type" source="constant" updatable="true">MCT</parameter>
                              <parameter name="Has Inout Parameters" source="constant" updatable="true">true</parameter>
                              <parameter name="taskField" source="nested">
                                 <operation source="field" to="mt-audit-EndJob">temp.dt_audit_EndJob</operation>
                                 <operation source="field" to="mt-audit-EndJob/inout[1]/io_jobAuditID">temp.temp_tf_Audit_ID</operation>
                                 <operation source="constant" to="mt-audit-EndJob/inout[1]/io_jobEndDesc">Successful execution</operation>
                                 <operation source="constant" to="mt-audit-EndJob/inout[1]/io_jobEndStatus">SUCCESS</operation>
                                 <operation source="field" to="mt-audit-EndJob/inout[1]/io_jobName">temp.temp_JobName</operation>
                                 <operation source="field" to="mt-audit-EndJob/inout[1]/io_jobStartDate">temp.temp_dataStartDate</operation>
                              </parameter>
                           </serviceInput>
                           <serviceOutput>
                              <operation source="field" to="temp.dt_audit_EndJob/output/Object_Name">Object Name</operation>
                              <operation source="field" to="temp.dt_audit_EndJob/output/Run_Id">Run Id</operation>
                              <operation source="field" to="temp.dt_audit_EndJob/output/Log_Id">Log Id</operation>
                              <operation source="field" to="temp.dt_audit_EndJob/output/Task_Id">Task Id</operation>
                              <operation source="field" to="temp.dt_audit_EndJob/output/Task_Status">Task Status</operation>
                              <operation source="field" to="temp.dt_audit_EndJob/output/Success_Source_Rows">Success Source Rows</operation>
                              <operation source="field" to="temp.dt_audit_EndJob/output/Failed_Source_Rows">Failed Source Rows</operation>
                              <operation source="field" to="temp.dt_audit_EndJob/output/Success_Target_Rows">Success Target Rows</operation>
                              <operation source="field" to="temp.dt_audit_EndJob/output/Failed_Target_Rows">Failed Target Rows</operation>
                              <operation source="field" to="temp.dt_audit_EndJob/output/Start_Time">Start Time</operation>
                              <operation source="field" to="temp.dt_audit_EndJob/output/End_Time">End Time</operation>
                              <operation source="field" to="temp.dt_audit_EndJob/output/Error_Message">Error Message</operation>
                              <operation source="field" to="temp.dt_audit_EndJob/inout/io_Result">io_Result</operation>
                              <operation source="field" to="temp.dt_audit_EndJob/inout/io_jobName">io_jobName</operation>
                              <operation source="field" to="temp.dt_audit_EndJob/inout/io_jobAuditID">io_jobAuditID</operation>
                              <operation source="field" to="temp.dt_audit_EndJob/inout/io_jobStartDate">io_jobStartDate</operation>
                              <operation source="field" to="temp.dt_audit_EndJob/inout/io_jobEndStatus">io_jobEndStatus</operation>
                              <operation source="field" to="temp.dt_audit_EndJob/inout/io_jobEndDesc">io_jobEndDesc</operation>
                           </serviceOutput>
                        </service>
                        <events>
                           <catch faultField="temp.dt_audit_EndJob/fault"
                                  id="km26ueg0"
                                  interrupting="true"
                                  name="error">
                              <suspend/>
                           </catch>
                           <catch faultField="temp.dt_audit_EndJob/fault"
                                  id="km26ueg1"
                                  interrupting="true"
                                  name="warning"/>
                        </events>
                     </eventContainer>
                     <link id="kg9i7hjz" targetId="kg9i7hju" type="containerLink"/>
                  </flow>
                  <flow id="kg9i7hk1">
                     <throw id="kg9i7hkn">
                        <title>Throw_Error_StartJob</title>
                        <throwInput>
                           <parameter name="code" source="field" updatable="true">temp.mt_audit_startJob_NextDate[1]/inout[1]/io_Result</parameter>
                           <parameter name="detail" source="constant" updatable="true"/>
                           <parameter name="reason" source="constant" updatable="true"/>
                        </throwInput>
                     </throw>
                  </flow>
                  <link id="kg9i7hjx" targetId="kg9i7hjy" type="containerLink">
                     <condition source="formula">
                        <function name="contains">
                           <arg name="left">{$temp.mt_audit_startJob_NextDate[1]/inout[1]/io_Result}</arg>
                           <arg name="right">SUCCESS</arg>
                        </function>
                     </condition>
                  </link>
                  <link id="kg9i7hk0" targetId="kg9i7hk1" type="containerLink"/>
                  <link id="kg9i7hjw" targetId="c"/>
               </container>
               <end id="c"/>
            </flow>
            <dependencies>
               <processObject xmlns="http://schemas.active-endpoints.com/appmodules/screenflow/2011/06/avosHostEnvironment.xsd"
                              displayName="mt-audit-startJob-NextDate"
                              isByCopy="true"
                              name="mt-audit-startJob-NextDate">
                  <description/>
                  <tags/>
                  <detail>
                     <field label="Input Parameters" name="input" type="reference"/>
                     <field label="InOut Parameters" name="inout" type="reference"/>
                     <field label="TaskProperties Parameters"
                            name="taskProperties"
                            type="reference"/>
                     <field label="Output Parameters" name="output" type="reference"/>
                     <field label="Fault" name="fault" type="reference"/>
                  </detail>
               </processObject>
               <processObject xmlns="http://schemas.active-endpoints.com/appmodules/screenflow/2011/06/avosHostEnvironment.xsd"
                              displayName="mt-LoadDM-DM-Wt-To-DM-DimPlans-Insert"
                              isByCopy="true"
                              name="mt-LoadDM-DM-Wt-To-DM-DimPlans-Insert">
                  <description/>
                  <tags/>
                  <detail>
                     <field label="Input Parameters" name="input" type="reference"/>
                     <field label="InOut Parameters" name="inout" type="reference"/>
                     <field label="TaskProperties Parameters"
                            name="taskProperties"
                            type="reference"/>
                     <field label="Output Parameters" name="output" type="reference"/>
                     <field label="Fault" name="fault" type="reference"/>
                  </detail>
               </processObject>
               <processObject xmlns="http://schemas.active-endpoints.com/appmodules/screenflow/2011/06/avosHostEnvironment.xsd"
                              displayName="mt-LoadDM-DM-Wt-To-DM-DimPlans-Close"
                              isByCopy="true"
                              name="mt-LoadDM-DM-Wt-To-DM-DimPlans-Close">
                  <description/>
                  <tags/>
                  <detail>
                     <field label="Input Parameters" name="input" type="reference"/>
                     <field label="TaskProperties Parameters"
                            name="taskProperties"
                            type="reference"/>
                     <field label="Output Parameters" name="output" type="reference"/>
                     <field label="Fault" name="fault" type="reference"/>
                  </detail>
               </processObject>
               <processObject xmlns="http://schemas.active-endpoints.com/appmodules/screenflow/2011/06/avosHostEnvironment.xsd"
                              displayName="mt-audit-EndJob"
                              isByCopy="true"
                              name="mt-audit-EndJob">
                  <description/>
                  <tags/>
                  <detail>
                     <field label="Input Parameters" name="input" type="reference"/>
                     <field label="InOut Parameters" name="inout" type="reference"/>
                     <field label="TaskProperties Parameters"
                            name="taskProperties"
                            type="reference"/>
                     <field label="Output Parameters" name="output" type="reference"/>
                     <field label="Fault" name="fault" type="reference"/>
                  </detail>
               </processObject>
               <processObject xmlns="http://schemas.active-endpoints.com/appmodules/screenflow/2011/06/avosHostEnvironment.xsd"
                              displayName="mt-LoadDM-NBIN-BDV-Shared-To-DM-Wt-DimPlans"
                              isByCopy="true"
                              name="mt-LoadDM-NBIN-BDV-Shared-To-DM-Wt-DimPlans">
                  <description/>
                  <tags/>
                  <detail>
                     <field label="Input Parameters" name="input" type="reference"/>
                     <field label="TaskProperties Parameters"
                            name="taskProperties"
                            type="reference"/>
                     <field label="Output Parameters" name="output" type="reference"/>
                     <field label="Fault" name="fault" type="reference"/>
                  </detail>
               </processObject>
               <processObject xmlns="http://schemas.active-endpoints.com/appmodules/screenflow/2011/06/avosHostEnvironment.xsd"
                              displayName="mt-LoadDM-UNIVERIS-BDV-Shared-To-DM-Wt-DimPlans"
                              isByCopy="true"
                              name="mt-LoadDM-UNIVERIS-BDV-Shared-To-DM-Wt-DimPlans">
                  <description/>
                  <tags/>
                  <detail>
                     <field label="Input Parameters" name="input" type="reference"/>
                     <field label="TaskProperties Parameters"
                            name="taskProperties"
                            type="reference"/>
                     <field label="Output Parameters" name="output" type="reference"/>
                     <field label="Fault" name="fault" type="reference"/>
                  </detail>
               </processObject>
            </dependencies>
         </taskflow>
      </types1:Entry>
      <types1:GUID>de9PcSgtKECjwrYPgz6hwf</types1:GUID>
      <types1:DisplayName>tf_LoadDM_60_Shared_DimPlans</types1:DisplayName>
   </types1:Item>
   <types1:CurrentServerDateTime>2023-03-08T18:58:53.013Z</types1:CurrentServerDateTime>
</aetgt:getResponse>
