<aetgt:getResponse xmlns:aetgt="http://schemas.active-endpoints.com/appmodules/repository/2010/10/avrepository.xsd"
                   xmlns:types1="http://schemas.active-endpoints.com/appmodules/repository/2010/10/avrepository.xsd">
   <types1:Item>
      <types1:EntryId>IVAIqy3eHRi92qB-gt-89163164-2021-11-03T14:36:06.756Z::tf.xml</types1:EntryId>
      <types1:Name>tf_INITIAL_LOADING_LoadBDV_43_Transactions_Transactions-1</types1:Name>
      <types1:MimeType>application/xml+taskflow</types1:MimeType>
      <types1:Description/>
      <types1:AppliesTo/>
      <types1:Tags/>
      <types1:VersionLabel>1.0</types1:VersionLabel>
      <types1:State>CURRENT</types1:State>
      <types1:ProcessGroup/>
      <types1:CreatedBy>jihed.laamiri.adm@ia.ca.SAML</types1:CreatedBy>
      <types1:CreationDate>2021-11-03T14:36:07Z</types1:CreationDate>
      <types1:ModifiedBy>jihed.laamiri.adm@ia.ca.SAML</types1:ModifiedBy>
      <types1:ModificationDate>2022-08-02T18:30:47Z</types1:ModificationDate>
      <types1:PublicationStatus>published</types1:PublicationStatus>
      <types1:PublishedBy>jihed.laamiri.adm@ia.ca.SAML</types1:PublishedBy>
      <types1:PublicationDate>2022-08-02T18:32:20Z</types1:PublicationDate>
      <types1:PublishedContributionId>project:/tf.tf_INITIAL_LOADING_LoadBDV_43_Transactions_Transactions-1/tf_INITIAL_LOADING_LoadBDV_43_Transactions_Transactions-1.tf.xml</types1:PublishedContributionId>
      <types1:AutosaveExists>false</types1:AutosaveExists>
      <types1:Entry>
         <taskflow xmlns="http://schemas.active-endpoints.com/appmodules/screenflow/2010/10/avosScreenflow.xsd"
                   xmlns:list="urn:activevos:spi:list:functions"
                   displayName="tf_INITIAL_LOADING_LoadBDV_43_Transactions_Transactions"
                   name="tf_INITIAL_LOADING_LoadBDV_43_Transactions_Transactions-1"
                   overrideAPIName="false">
            <appliesTo/>
            <description/>
            <tags/>
            <generator>Informatica Process Designer 11</generator>
            <tempFields>
               <field description="" name="mt_audit_startJob_NextDate" type="reference">
                  <options>
                     <option name="referenceTo">$po:mt-audit-startJob-NextDate</option>
                     <option name="failOnNotRun">false</option>
                     <option name="failOnFault">false</option>
                  </options>
               </field>
               <field description="" name="dt_Audit_EndJob" type="reference">
                  <options>
                     <option name="referenceTo">$po:mt-audit-EndJob</option>
                     <option name="failOnNotRun">false</option>
                     <option name="failOnFault">false</option>
                  </options>
               </field>
               <field description=""
                      name="mt_LoadBDV_RDV_TRANSACTIONS_To_BDV_WT_LINK_TRANSACTIONS"
                      type="reference">
                  <options>
                     <option name="referenceTo">$po:mt-LoadBDV-RDV-TRANSACTIONS-To-BDV-WT-LINK-TRANSACTIONS</option>
                     <option name="failOnNotRun">false</option>
                     <option name="failOnFault">false</option>
                  </options>
               </field>
               <field description=""
                      name="mt_LoadBDV_RDV_MAP_OPER_TYPE_To_BDV_WT_REF_MAPP_OPER_TYPE"
                      type="reference">
                  <options>
                     <option name="referenceTo">$po:mt-LoadBDV-RDV-MAP-OPER-TYPE-To-BDV-WT-REF-MAPP-OPER-TYPE</option>
                     <option name="failOnNotRun">false</option>
                     <option name="failOnFault">false</option>
                  </options>
               </field>
               <field description="" name="temp_JobName" type="string">
                  <options>
                     <option name="required">false</option>
                  </options>
               </field>
               <field description="" name="temp_tf_Audit_ID" type="string">
                  <options>
                     <option name="required">false</option>
                  </options>
               </field>
               <field description="" name="temp_dataStartDate" type="date">
                  <options>
                     <option name="required">false</option>
                  </options>
               </field>
               <field description=""
                      name="mt_LoadBDV_BDV_WT_LINK_TRANSACTIONS_To_BDV_TRANSLINK_FINANCIAL_TRANSACTIONS"
                      type="reference">
                  <options>
                     <option name="failOnNotRun">false</option>
                     <option name="failOnFault">false</option>
                     <option name="referenceTo">$po:mt-LoadBDV-BDV-WT-LINK-TRANSACTIONS-To-BDV-TRANSLINK-FINANCIAL-TRANSACTIONS</option>
                  </options>
               </field>
            </tempFields>
            <notes/>
            <deployment suspendOnFault="false" tracingLevel="verbose">
               <rest/>
            </deployment>
            <flow id="a">
               <start id="b">
                  <link id="kghexglh" targetId="kghexglg"/>
               </start>
               <assignment id="kghexglg">
                  <title>asgn_StartJob_Parameters</title>
                  <operation source="formula" to="temp.temp_JobName">
                     <expression language="XQuery">fn:concat("'",util:getAssetName(),"'")</expression>
                  </operation>
                  <operation source="formula" to="temp.temp_tf_Audit_ID">
                     <expression language="XQuery">fn:concat("'",util:getAssetName(),"-", util:getProcessId(),"'")</expression>
                  </operation>
                  <operation source="constant"
                             to="temp.mt_audit_startJob_NextDate[1]/inout[1]/io_DataStartDate">01/01/2000 00:00:00.000000000</operation>
                  <operation source="constant"
                             to="temp.mt_audit_startJob_NextDate[1]/inout[1]/io_Result">ERROR</operation>
                  <link id="kghexglm" targetId="kghexgm8"/>
               </assignment>
               <assignment id="km5l1osk">
                  <title>asgn_DataStartDate</title>
                  <operation source="formula" to="temp.temp_dataStartDate">
                     <expression language="XQuery">fn:concat("'",date:toChar(date:toDate($temp.mt_audit_startJob_NextDate[1]/inout[1]/io_DataStartDate , 'MM/DD/YYYY 00:00:00.000000000'),'YYYY-MM-DD'),"'")</expression>
                  </operation>
                  <link id="km5l1osm" targetId="kghexgmw"/>
               </assignment>
               <eventContainer id="kghexgm8">
                  <service id="kghexgll">
                     <title>mt_audit_startJob_NextDate</title>
                     <serviceName>ICSExecuteDataTask</serviceName>
                     <serviceGUID/>
                     <serviceInput>
                        <parameter name="Wait for Task to Complete" source="constant" updatable="true">true</parameter>
                        <parameter name="Max Wait" source="constant" updatable="true">604800</parameter>
                        <parameter name="Task Name" source="constant" updatable="true">mt_audit_startJob_NextDate</parameter>
                        <parameter name="GUID" source="constant" updatable="true">2fMMEvfhK8FbUZO3oVyT6k</parameter>
                        <parameter name="Task Type" source="constant" updatable="true">MCT</parameter>
                        <parameter name="Has Inout Parameters" source="constant" updatable="true">true</parameter>
                        <parameter name="taskField" source="nested">
                           <operation source="field" to="mt-audit-startJob-NextDate">temp.mt_audit_startJob_NextDate</operation>
                           <operation source="field" to="mt-audit-startJob-NextDate/inout[1]/io_auditID">temp.temp_tf_Audit_ID
                           
                           <expression language="XQuery">fn:concat("'",fn:replace($temp.mt_audit_startJob_NextDate[1]/inout[1]/io_jobName , "'", ""),"-", util:getProcessId(),"'")</expression>
                           </operation>
                           <operation source="field" to="mt-audit-startJob-NextDate/inout[1]/io_jobName">temp.temp_JobName</operation>
                        </parameter>
                     </serviceInput>
                     <serviceOutput>
                        <operation source="field" to="temp.mt_audit_startJob_NextDate/output/Object_Name">Object Name</operation>
                        <operation source="field" to="temp.mt_audit_startJob_NextDate/output/Run_Id">Run Id</operation>
                        <operation source="field" to="temp.mt_audit_startJob_NextDate/output/Log_Id">Log Id</operation>
                        <operation source="field" to="temp.mt_audit_startJob_NextDate/output/Task_Id">Task Id</operation>
                        <operation source="field" to="temp.mt_audit_startJob_NextDate/output/Task_Status">Task Status</operation>
                        <operation source="field"
                                   to="temp.mt_audit_startJob_NextDate/output/Success_Source_Rows">Success Source Rows</operation>
                        <operation source="field"
                                   to="temp.mt_audit_startJob_NextDate/output/Failed_Source_Rows">Failed Source Rows</operation>
                        <operation source="field"
                                   to="temp.mt_audit_startJob_NextDate/output/Success_Target_Rows">Success Target Rows</operation>
                        <operation source="field"
                                   to="temp.mt_audit_startJob_NextDate/output/Failed_Target_Rows">Failed Target Rows</operation>
                        <operation source="field" to="temp.mt_audit_startJob_NextDate/output/Start_Time">Start Time</operation>
                        <operation source="field" to="temp.mt_audit_startJob_NextDate/output/End_Time">End Time</operation>
                        <operation source="field"
                                   to="temp.mt_audit_startJob_NextDate/output/Error_Message">Error Message</operation>
                        <operation source="field" to="temp.mt_audit_startJob_NextDate/inout/io_jobName">io_jobName</operation>
                        <operation source="field" to="temp.mt_audit_startJob_NextDate/inout/io_auditID">io_auditID</operation>
                        <operation source="field" to="temp.mt_audit_startJob_NextDate/inout/io_Result">io_Result</operation>
                        <operation source="field"
                                   to="temp.mt_audit_startJob_NextDate/inout/io_DataStartDate">io_DataStartDate</operation>
                     </serviceOutput>
                  </service>
                  <link id="km5l1osl" targetId="km5l1osk"/>
                  <events>
                     <catch faultField="temp.mt_audit_startJob_NextDate/fault"
                            id="kghexgm6"
                            interrupting="true"
                            name="error">
                        <suspend/>
                     </catch>
                     <catch faultField="temp.mt_audit_startJob_NextDate/fault"
                            id="kghexgm7"
                            interrupting="true"
                            name="warning"/>
                  </events>
               </eventContainer>
               <container id="kghexgmw" type="exclusive">
                  <title>dcn_StartJob_Result</title>
                  <flow id="kghexgn0">
                     <container id="kkg5o9l8" type="parallel">
                        <title>Parallel WT Loading</title>
                        <flow id="kkg5o9lb">
                           <eventContainer id="kkg5o9mw">
                              <service id="kkg5o9ll">
                                 <title>mt_LoadBDV_RDV_TRANSACTIONS_To_BDV_WT_LINK_TRANSACTIONS</title>
                                 <serviceName>ICSExecuteDataTask</serviceName>
                                 <serviceGUID/>
                                 <serviceInput>
                                    <parameter name="Wait for Task to Complete" source="constant" updatable="true">true</parameter>
                                    <parameter name="Max Wait" source="constant" updatable="true">604800</parameter>
                                    <parameter name="Task Name" source="constant" updatable="true">mt_LoadBDV_RDV_TRANSACTIONS_To_BDV_WT_LINK_TRANSACTIONS</parameter>
                                    <parameter name="GUID" source="constant" updatable="true">3sukvOLBNTWfmojbyFY1WV</parameter>
                                    <parameter name="Task Type" source="constant" updatable="true">MCT</parameter>
                                    <parameter name="Has Inout Parameters" source="constant" updatable="true">false</parameter>
                                    <parameter name="taskField" source="nested">
                                       <operation source="field"
                                                  to="mt-LoadBDV-RDV-TRANSACTIONS-To-BDV-WT-LINK-TRANSACTIONS">temp.mt_LoadBDV_RDV_TRANSACTIONS_To_BDV_WT_LINK_TRANSACTIONS</operation>
                                    </parameter>
                                 </serviceInput>
                                 <serviceOutput>
                                    <operation source="field"
                                               to="temp.mt_LoadBDV_RDV_TRANSACTIONS_To_BDV_WT_LINK_TRANSACTIONS/output/Object_Name">Object Name</operation>
                                    <operation source="field"
                                               to="temp.mt_LoadBDV_RDV_TRANSACTIONS_To_BDV_WT_LINK_TRANSACTIONS/output/Run_Id">Run Id</operation>
                                    <operation source="field"
                                               to="temp.mt_LoadBDV_RDV_TRANSACTIONS_To_BDV_WT_LINK_TRANSACTIONS/output/Log_Id">Log Id</operation>
                                    <operation source="field"
                                               to="temp.mt_LoadBDV_RDV_TRANSACTIONS_To_BDV_WT_LINK_TRANSACTIONS/output/Task_Id">Task Id</operation>
                                    <operation source="field"
                                               to="temp.mt_LoadBDV_RDV_TRANSACTIONS_To_BDV_WT_LINK_TRANSACTIONS/output/Task_Status">Task Status</operation>
                                    <operation source="field"
                                               to="temp.mt_LoadBDV_RDV_TRANSACTIONS_To_BDV_WT_LINK_TRANSACTIONS/output/Success_Source_Rows">Success Source Rows</operation>
                                    <operation source="field"
                                               to="temp.mt_LoadBDV_RDV_TRANSACTIONS_To_BDV_WT_LINK_TRANSACTIONS/output/Failed_Source_Rows">Failed Source Rows</operation>
                                    <operation source="field"
                                               to="temp.mt_LoadBDV_RDV_TRANSACTIONS_To_BDV_WT_LINK_TRANSACTIONS/output/Success_Target_Rows">Success Target Rows</operation>
                                    <operation source="field"
                                               to="temp.mt_LoadBDV_RDV_TRANSACTIONS_To_BDV_WT_LINK_TRANSACTIONS/output/Failed_Target_Rows">Failed Target Rows</operation>
                                    <operation source="field"
                                               to="temp.mt_LoadBDV_RDV_TRANSACTIONS_To_BDV_WT_LINK_TRANSACTIONS/output/Start_Time">Start Time</operation>
                                    <operation source="field"
                                               to="temp.mt_LoadBDV_RDV_TRANSACTIONS_To_BDV_WT_LINK_TRANSACTIONS/output/End_Time">End Time</operation>
                                    <operation source="field"
                                               to="temp.mt_LoadBDV_RDV_TRANSACTIONS_To_BDV_WT_LINK_TRANSACTIONS/output/Error_Message">Error Message</operation>
                                 </serviceOutput>
                              </service>
                              <events>
                                 <catch faultField="temp.mt_LoadBDV_RDV_TRANSACTIONS_To_BDV_WT_LINK_TRANSACTIONS/fault"
                                        id="kkg5o9mu"
                                        interrupting="true"
                                        name="error">
                                    <suspend/>
                                 </catch>
                                 <catch faultField="temp.mt_LoadBDV_RDV_TRANSACTIONS_To_BDV_WT_LINK_TRANSACTIONS/fault"
                                        id="kkg5o9mv"
                                        interrupting="true"
                                        name="warning"/>
                              </events>
                           </eventContainer>
                           <link id="kkg5o9lc" targetId="kkg5o9l8" type="containerLink"/>
                        </flow>
                        <flow id="kkg5o9le">
                           <eventContainer id="kkg5o9nt">
                              <service id="kkg5o9ls">
                                 <title>mt_LoadBDV_RDV_MAP_OPER_TYPE_To_BDV_WT_REF_MAPP_OPER_TYPE</title>
                                 <serviceName>ICSExecuteDataTask</serviceName>
                                 <serviceGUID/>
                                 <serviceInput>
                                    <parameter name="Wait for Task to Complete" source="constant" updatable="true">true</parameter>
                                    <parameter name="Max Wait" source="constant" updatable="true">604800</parameter>
                                    <parameter name="Task Name" source="constant" updatable="true">mt_LoadBDV_RDV_MAP_OPER_TYPE_To_BDV_WT_REF_MAPP_OPER_TYPE</parameter>
                                    <parameter name="GUID" source="constant" updatable="true">e4T6n8pN1WXiGYtH5b5oaX</parameter>
                                    <parameter name="Task Type" source="constant" updatable="true">MCT</parameter>
                                    <parameter name="Has Inout Parameters" source="constant" updatable="true">false</parameter>
                                    <parameter name="taskField" source="nested">
                                       <operation source="field"
                                                  to="mt-LoadBDV-RDV-MAP-OPER-TYPE-To-BDV-WT-REF-MAPP-OPER-TYPE">temp.mt_LoadBDV_RDV_MAP_OPER_TYPE_To_BDV_WT_REF_MAPP_OPER_TYPE</operation>
                                    </parameter>
                                 </serviceInput>
                                 <serviceOutput>
                                    <operation source="field"
                                               to="temp.mt_LoadBDV_RDV_MAP_OPER_TYPE_To_BDV_WT_REF_MAPP_OPER_TYPE/output/Object_Name">Object Name</operation>
                                    <operation source="field"
                                               to="temp.mt_LoadBDV_RDV_MAP_OPER_TYPE_To_BDV_WT_REF_MAPP_OPER_TYPE/output/Run_Id">Run Id</operation>
                                    <operation source="field"
                                               to="temp.mt_LoadBDV_RDV_MAP_OPER_TYPE_To_BDV_WT_REF_MAPP_OPER_TYPE/output/Log_Id">Log Id</operation>
                                    <operation source="field"
                                               to="temp.mt_LoadBDV_RDV_MAP_OPER_TYPE_To_BDV_WT_REF_MAPP_OPER_TYPE/output/Task_Id">Task Id</operation>
                                    <operation source="field"
                                               to="temp.mt_LoadBDV_RDV_MAP_OPER_TYPE_To_BDV_WT_REF_MAPP_OPER_TYPE/output/Task_Status">Task Status</operation>
                                    <operation source="field"
                                               to="temp.mt_LoadBDV_RDV_MAP_OPER_TYPE_To_BDV_WT_REF_MAPP_OPER_TYPE/output/Success_Source_Rows">Success Source Rows</operation>
                                    <operation source="field"
                                               to="temp.mt_LoadBDV_RDV_MAP_OPER_TYPE_To_BDV_WT_REF_MAPP_OPER_TYPE/output/Failed_Source_Rows">Failed Source Rows</operation>
                                    <operation source="field"
                                               to="temp.mt_LoadBDV_RDV_MAP_OPER_TYPE_To_BDV_WT_REF_MAPP_OPER_TYPE/output/Success_Target_Rows">Success Target Rows</operation>
                                    <operation source="field"
                                               to="temp.mt_LoadBDV_RDV_MAP_OPER_TYPE_To_BDV_WT_REF_MAPP_OPER_TYPE/output/Failed_Target_Rows">Failed Target Rows</operation>
                                    <operation source="field"
                                               to="temp.mt_LoadBDV_RDV_MAP_OPER_TYPE_To_BDV_WT_REF_MAPP_OPER_TYPE/output/Start_Time">Start Time</operation>
                                    <operation source="field"
                                               to="temp.mt_LoadBDV_RDV_MAP_OPER_TYPE_To_BDV_WT_REF_MAPP_OPER_TYPE/output/End_Time">End Time</operation>
                                    <operation source="field"
                                               to="temp.mt_LoadBDV_RDV_MAP_OPER_TYPE_To_BDV_WT_REF_MAPP_OPER_TYPE/output/Error_Message">Error Message</operation>
                                 </serviceOutput>
                              </service>
                              <events>
                                 <catch faultField="temp.mt_LoadBDV_RDV_MAP_OPER_TYPE_To_BDV_WT_REF_MAPP_OPER_TYPE/fault"
                                        id="kkg5o9nr"
                                        interrupting="true"
                                        name="error">
                                    <suspend/>
                                 </catch>
                                 <catch faultField="temp.mt_LoadBDV_RDV_MAP_OPER_TYPE_To_BDV_WT_REF_MAPP_OPER_TYPE/fault"
                                        id="kkg5o9ns"
                                        interrupting="true"
                                        name="warning"/>
                              </events>
                           </eventContainer>
                           <link id="kkg5o9lf" targetId="kkg5o9l8" type="containerLink"/>
                        </flow>
                        <link id="kkg5o9la" targetId="kkg5o9lb" type="containerLink"/>
                        <link id="kkg5o9ld" targetId="kkg5o9le" type="containerLink"/>
                        <link id="kmxmtsxf" targetId="kmxmtsy3"/>
                     </container>
                     <eventContainer id="kmxmtsy3">
                        <service id="kmxmtsxe">
                           <title>mt_LoadBDV_BDV_WT_LINK_TRANSACTIONS_To_BDV_TRANSLINK_FINANCIAL_TRANSACTIONS</title>
                           <serviceName>ICSExecuteDataTask</serviceName>
                           <serviceGUID/>
                           <serviceInput>
                              <parameter name="Wait for Task to Complete" source="constant" updatable="true">true</parameter>
                              <parameter name="Max Wait" source="constant" updatable="true">604800</parameter>
                              <parameter name="Task Name" source="constant" updatable="true">mt_LoadBDV_BDV_WT_LINK_TRANSACTIONS_To_BDV_TRANSLINK_FINANCIAL_TRANSACTIONS</parameter>
                              <parameter name="GUID" source="constant" updatable="true">liN88GWekcHd9CPslga2Qh</parameter>
                              <parameter name="Task Type" source="constant" updatable="true">MCT</parameter>
                              <parameter name="Has Inout Parameters" source="constant" updatable="true">false</parameter>
                              <parameter name="taskField" source="nested">
                                 <operation source="field"
                                            to="mt-LoadBDV-BDV-WT-LINK-TRANSACTIONS-To-BDV-TRANSLINK-FINANCIAL-TRANSACTIONS">temp.mt_LoadBDV_BDV_WT_LINK_TRANSACTIONS_To_BDV_TRANSLINK_FINANCIAL_TRANSACTIONS</operation>
                                 <operation source="field"
                                            to="mt-LoadBDV-BDV-WT-LINK-TRANSACTIONS-To-BDV-TRANSLINK-FINANCIAL-TRANSACTIONS/inout[1]/io_tf_Audit_ID">temp.temp_tf_Audit_ID</operation>
                              </parameter>
                           </serviceInput>
                           <serviceOutput>
                              <operation source="field"
                                         to="temp.mt_LoadBDV_BDV_WT_LINK_TRANSACTIONS_To_BDV_TRANSLINK_FINANCIAL_TRANSACTIONS/output/Object_Name">Object Name</operation>
                              <operation source="field"
                                         to="temp.mt_LoadBDV_BDV_WT_LINK_TRANSACTIONS_To_BDV_TRANSLINK_FINANCIAL_TRANSACTIONS/output/Run_Id">Run Id</operation>
                              <operation source="field"
                                         to="temp.mt_LoadBDV_BDV_WT_LINK_TRANSACTIONS_To_BDV_TRANSLINK_FINANCIAL_TRANSACTIONS/output/Log_Id">Log Id</operation>
                              <operation source="field"
                                         to="temp.mt_LoadBDV_BDV_WT_LINK_TRANSACTIONS_To_BDV_TRANSLINK_FINANCIAL_TRANSACTIONS/output/Task_Id">Task Id</operation>
                              <operation source="field"
                                         to="temp.mt_LoadBDV_BDV_WT_LINK_TRANSACTIONS_To_BDV_TRANSLINK_FINANCIAL_TRANSACTIONS/output/Task_Status">Task Status</operation>
                              <operation source="field"
                                         to="temp.mt_LoadBDV_BDV_WT_LINK_TRANSACTIONS_To_BDV_TRANSLINK_FINANCIAL_TRANSACTIONS/output/Success_Source_Rows">Success Source Rows</operation>
                              <operation source="field"
                                         to="temp.mt_LoadBDV_BDV_WT_LINK_TRANSACTIONS_To_BDV_TRANSLINK_FINANCIAL_TRANSACTIONS/output/Failed_Source_Rows">Failed Source Rows</operation>
                              <operation source="field"
                                         to="temp.mt_LoadBDV_BDV_WT_LINK_TRANSACTIONS_To_BDV_TRANSLINK_FINANCIAL_TRANSACTIONS/output/Success_Target_Rows">Success Target Rows</operation>
                              <operation source="field"
                                         to="temp.mt_LoadBDV_BDV_WT_LINK_TRANSACTIONS_To_BDV_TRANSLINK_FINANCIAL_TRANSACTIONS/output/Failed_Target_Rows">Failed Target Rows</operation>
                              <operation source="field"
                                         to="temp.mt_LoadBDV_BDV_WT_LINK_TRANSACTIONS_To_BDV_TRANSLINK_FINANCIAL_TRANSACTIONS/output/Start_Time">Start Time</operation>
                              <operation source="field"
                                         to="temp.mt_LoadBDV_BDV_WT_LINK_TRANSACTIONS_To_BDV_TRANSLINK_FINANCIAL_TRANSACTIONS/output/End_Time">End Time</operation>
                              <operation source="field"
                                         to="temp.mt_LoadBDV_BDV_WT_LINK_TRANSACTIONS_To_BDV_TRANSLINK_FINANCIAL_TRANSACTIONS/output/Error_Message">Error Message</operation>
                           </serviceOutput>
                        </service>
                        <link id="kmxmtsxg" targetId="kghfr6r4"/>
                        <events>
                           <catch faultField="temp.mt_LoadBDV_BDV_WT_LINK_TRANSACTIONS_To_BDV_TRANSLINK_FINANCIAL_TRANSACTIONS/fault"
                                  id="kmxmtsy1"
                                  interrupting="true"
                                  name="error">
                              <suspend/>
                           </catch>
                           <catch faultField="temp.mt_LoadBDV_BDV_WT_LINK_TRANSACTIONS_To_BDV_TRANSLINK_FINANCIAL_TRANSACTIONS/fault"
                                  id="kmxmtsy2"
                                  interrupting="true"
                                  name="warning"/>
                        </events>
                     </eventContainer>
                     <eventContainer id="kghfr6r4">
                        <service id="kghfr6qp">
                           <title>dt_Audit_EndJob</title>
                           <serviceName>ICSExecuteDataTask</serviceName>
                           <serviceGUID/>
                           <serviceInput>
                              <parameter name="Wait for Task to Complete" source="constant" updatable="true">true</parameter>
                              <parameter name="Max Wait" source="constant" updatable="true">604800</parameter>
                              <parameter name="Task Name" source="constant" updatable="true">mt_audit_EndJob</parameter>
                              <parameter name="GUID" source="constant" updatable="true">9e3V35cCXa2kNoiH4TE9g5</parameter>
                              <parameter name="Task Type" source="constant" updatable="true">MCT</parameter>
                              <parameter name="Has Inout Parameters" source="constant" updatable="true">true</parameter>
                              <parameter name="taskField" source="nested">
                                 <operation source="field" to="mt-audit-EndJob">temp.dt_Audit_EndJob</operation>
                                 <operation source="field" to="mt-audit-EndJob/inout[1]/io_jobAuditID">temp.temp_tf_Audit_ID</operation>
                                 <operation source="constant" to="mt-audit-EndJob/inout[1]/io_jobEndDesc">Successful execution</operation>
                                 <operation source="constant" to="mt-audit-EndJob/inout[1]/io_jobEndStatus">SUCCESS</operation>
                                 <operation source="field" to="mt-audit-EndJob/inout[1]/io_jobName">temp.temp_JobName</operation>
                                 <operation source="field" to="mt-audit-EndJob/inout[1]/io_jobStartDate">temp.temp_dataStartDate</operation>
                              </parameter>
                           </serviceInput>
                           <serviceOutput>
                              <operation source="field" to="temp.dt_Audit_EndJob/output/Object_Name">Object Name</operation>
                              <operation source="field" to="temp.dt_Audit_EndJob/output/Run_Id">Run Id</operation>
                              <operation source="field" to="temp.dt_Audit_EndJob/output/Log_Id">Log Id</operation>
                              <operation source="field" to="temp.dt_Audit_EndJob/output/Task_Id">Task Id</operation>
                              <operation source="field" to="temp.dt_Audit_EndJob/output/Task_Status">Task Status</operation>
                              <operation source="field" to="temp.dt_Audit_EndJob/output/Success_Source_Rows">Success Source Rows</operation>
                              <operation source="field" to="temp.dt_Audit_EndJob/output/Failed_Source_Rows">Failed Source Rows</operation>
                              <operation source="field" to="temp.dt_Audit_EndJob/output/Success_Target_Rows">Success Target Rows</operation>
                              <operation source="field" to="temp.dt_Audit_EndJob/output/Failed_Target_Rows">Failed Target Rows</operation>
                              <operation source="field" to="temp.dt_Audit_EndJob/output/Start_Time">Start Time</operation>
                              <operation source="field" to="temp.dt_Audit_EndJob/output/End_Time">End Time</operation>
                              <operation source="field" to="temp.dt_Audit_EndJob/output/Error_Message">Error Message</operation>
                              <operation source="field" to="temp.dt_Audit_EndJob/inout/io_Result">io_Result</operation>
                              <operation source="field" to="temp.dt_Audit_EndJob/inout/io_jobName">io_jobName</operation>
                              <operation source="field" to="temp.dt_Audit_EndJob/inout/io_jobAuditID">io_jobAuditID</operation>
                              <operation source="field" to="temp.dt_Audit_EndJob/inout/io_jobStartDate">io_jobStartDate</operation>
                              <operation source="field" to="temp.dt_Audit_EndJob/inout/io_jobEndStatus">io_jobEndStatus</operation>
                              <operation source="field" to="temp.dt_Audit_EndJob/inout/io_jobEndDesc">io_jobEndDesc</operation>
                           </serviceOutput>
                        </service>
                        <events>
                           <catch faultField="temp.dt_Audit_EndJob/fault"
                                  id="kghfr6r2"
                                  interrupting="true"
                                  name="error">
                              <suspend/>
                           </catch>
                           <catch faultField="temp.dt_Audit_EndJob/fault"
                                  id="kghfr6r3"
                                  interrupting="true"
                                  name="warning"/>
                        </events>
                     </eventContainer>
                     <link id="kghexgn1" targetId="kghexgmw" type="containerLink"/>
                  </flow>
                  <flow id="kghexgn3">
                     <throw id="kghexgnp">
                        <title>Throw_Error_StartJob</title>
                        <throwInput>
                           <parameter name="code" source="field" updatable="true">temp.mt_audit_startJob_NextDate[1]/inout[1]/io_Result</parameter>
                           <parameter name="detail" source="constant" updatable="true"/>
                           <parameter name="reason" source="constant" updatable="true"/>
                        </throwInput>
                     </throw>
                  </flow>
                  <link id="kghexgmz" targetId="kghexgn0" type="containerLink">
                     <condition source="formula">
                        <function name="contains">
                           <arg name="left">{$temp.mt_audit_startJob_NextDate[1]/inout[1]/io_Result}</arg>
                           <arg name="right">SUCCESS</arg>
                        </function>
                     </condition>
                  </link>
                  <link id="kghexgn2" targetId="kghexgn3" type="containerLink"/>
                  <link id="kghexgmy" targetId="c"/>
               </container>
               <end id="c"/>
            </flow>
            <dependencies>
               <processObject xmlns="http://schemas.active-endpoints.com/appmodules/screenflow/2011/06/avosHostEnvironment.xsd"
                              displayName="mt-audit-startJob-NextDate"
                              isByCopy="true"
                              name="mt-audit-startJob-NextDate">
                  <description/>
                  <tags/>
                  <detail>
                     <field label="Input Parameters" name="input" type="reference"/>
                     <field label="InOut Parameters" name="inout" type="reference"/>
                     <field label="TaskProperties Parameters"
                            name="taskProperties"
                            type="reference"/>
                     <field label="Output Parameters" name="output" type="reference"/>
                     <field label="Fault" name="fault" type="reference"/>
                  </detail>
               </processObject>
               <processObject xmlns="http://schemas.active-endpoints.com/appmodules/screenflow/2011/06/avosHostEnvironment.xsd"
                              displayName="mt-audit-EndJob"
                              isByCopy="true"
                              name="mt-audit-EndJob">
                  <description/>
                  <tags/>
                  <detail>
                     <field label="Input Parameters" name="input" type="reference"/>
                     <field label="InOut Parameters" name="inout" type="reference"/>
                     <field label="TaskProperties Parameters"
                            name="taskProperties"
                            type="reference"/>
                     <field label="Output Parameters" name="output" type="reference"/>
                     <field label="Fault" name="fault" type="reference"/>
                  </detail>
               </processObject>
               <processObject xmlns="http://schemas.active-endpoints.com/appmodules/screenflow/2011/06/avosHostEnvironment.xsd"
                              displayName="mt-LoadBDV-RDV-TRANSACTIONS-To-BDV-WT-LINK-TRANSACTIONS"
                              isByCopy="true"
                              name="mt-LoadBDV-RDV-TRANSACTIONS-To-BDV-WT-LINK-TRANSACTIONS">
                  <description/>
                  <tags/>
                  <detail>
                     <field label="Input Parameters" name="input" type="reference"/>
                     <field label="TaskProperties Parameters"
                            name="taskProperties"
                            type="reference"/>
                     <field label="Output Parameters" name="output" type="reference"/>
                     <field label="Fault" name="fault" type="reference"/>
                  </detail>
               </processObject>
               <processObject xmlns="http://schemas.active-endpoints.com/appmodules/screenflow/2011/06/avosHostEnvironment.xsd"
                              displayName="mt-LoadBDV-RDV-MAP-OPER-TYPE-To-BDV-WT-REF-MAPP-OPER-TYPE"
                              isByCopy="true"
                              name="mt-LoadBDV-RDV-MAP-OPER-TYPE-To-BDV-WT-REF-MAPP-OPER-TYPE">
                  <description/>
                  <tags/>
                  <detail>
                     <field label="Input Parameters" name="input" type="reference"/>
                     <field label="TaskProperties Parameters"
                            name="taskProperties"
                            type="reference"/>
                     <field label="Output Parameters" name="output" type="reference"/>
                     <field label="Fault" name="fault" type="reference"/>
                  </detail>
               </processObject>
               <processObject xmlns="http://schemas.active-endpoints.com/appmodules/screenflow/2011/06/avosHostEnvironment.xsd"
                              displayName="mt-LoadBDV-BDV-WT-LINK-TRANSACTIONS-To-BDV-TRANSLINK-FINANCIAL-TRANSACTIONS"
                              isByCopy="true"
                              name="mt-LoadBDV-BDV-WT-LINK-TRANSACTIONS-To-BDV-TRANSLINK-FINANCIAL-TRANSACTIONS">
                  <description/>
                  <tags/>
                  <detail>
                     <field label="Input Parameters" name="input" type="reference"/>
                     <field label="InOut Parameters" name="inout" type="reference"/>
                     <field label="TaskProperties Parameters"
                            name="taskProperties"
                            type="reference"/>
                     <field label="Output Parameters" name="output" type="reference"/>
                     <field label="Fault" name="fault" type="reference"/>
                  </detail>
               </processObject>
            </dependencies>
         </taskflow>
      </types1:Entry>
      <types1:GUID>7iQvndc28iXhYrHbJEPyUL</types1:GUID>
      <types1:DisplayName>tf_INITIAL_LOADING_LoadBDV_43_Transactions_Transactions</types1:DisplayName>
   </types1:Item>
   <types1:CurrentServerDateTime>2023-03-08T18:58:56.736Z</types1:CurrentServerDateTime>
</aetgt:getResponse>
