<aetgt:getResponse xmlns:aetgt="http://schemas.active-endpoints.com/appmodules/repository/2010/10/avrepository.xsd"
                   xmlns:types1="http://schemas.active-endpoints.com/appmodules/repository/2010/10/avrepository.xsd">
   <types1:Item>
      <types1:EntryId>QHqlGwm7iUQbgdw-gt-14292554-2021-04-05T17:57:18.689Z::tf.xml</types1:EntryId>
      <types1:Name>tf_LoadRDV_10-30_PSA_IAS_IAVM_to_RDV_Synchronization</types1:Name>
      <types1:MimeType>application/xml+taskflow</types1:MimeType>
      <types1:Description/>
      <types1:AppliesTo/>
      <types1:Tags/>
      <types1:VersionLabel>1.0</types1:VersionLabel>
      <types1:State>CURRENT</types1:State>
      <types1:ProcessGroup/>
      <types1:CreatedBy>anis.hammami@ia.ca.SAML</types1:CreatedBy>
      <types1:CreationDate>2021-04-05T17:57:19Z</types1:CreationDate>
      <types1:ModifiedBy>aazam.khan@ia.ca</types1:ModifiedBy>
      <types1:ModificationDate>2022-08-25T18:06:23Z</types1:ModificationDate>
      <types1:PublicationStatus>out-of-date</types1:PublicationStatus>
      <types1:PublishedBy>aazam.khan@ia.ca</types1:PublishedBy>
      <types1:PublicationDate>2022-08-25T18:07:30Z</types1:PublicationDate>
      <types1:PublishedContributionId>project:/tf.tf_LoadRDV_10-30_PSA_IAS_IAVM_to_RDV_Synchronization/tf_LoadRDV_10-30_PSA_IAS_IAVM_to_RDV_Synchronization.tf.xml</types1:PublishedContributionId>
      <types1:AutosaveExists>false</types1:AutosaveExists>
      <types1:Entry>
         <taskflow xmlns="http://schemas.active-endpoints.com/appmodules/screenflow/2010/10/avosScreenflow.xsd"
                   xmlns:tfm="http://schemas.active-endpoints.com/appmodules/screenflow/2021/04/taskflowModel.xsd"
                   xmlns:list="urn:activevos:spi:list:functions"
                   displayName="tf_LoadRDV_10-30_PSA_IAS_IAVM_to_RDV_Synchronization"
                   name="tf_LoadRDV_10-30_PSA_IAS_IAVM_to_RDV_Synchronization"
                   overrideAPIName="false">
            <parameterSet xmlns="http://schemas.active-endpoints.com/appmodules/screenflow/2021/04/taskflowModel.xsd"/>
            <appliesTo/>
            <description/>
            <tags/>
            <generator>Informatica Process Designer 11</generator>
            <input>
               <parameter description="" name="fl_IAS_IAVM" type="reference">
                  <options>
                     <option name="required">false</option>
                     <option name="referenceTo">$po:INTERNALB2BFILELISTENER1565084895</option>
                     <option name="isCopy">true</option>
                     <option name="guid">6blBaELZSG6b3drVm36u0C</option>
                  </options>
               </parameter>
            </input>
            <tempFields>
               <field description="Number of files arrived and detected by the file listener"
                      name="temp_NbFiles"
                      type="int">
                  <options>
                     <option name="required">false</option>
                  </options>
               </field>
               <field description="Index of the current file to be checked"
                      name="temp_NbFiles_Current"
                      type="int">
                  <options>
                     <option name="required">false</option>
                  </options>
               </field>
               <field description="Number of the remaining files to be checked"
                      name="temp_NbFiles_Remaining"
                      type="int">
                  <options>
                     <option name="required">false</option>
                  </options>
               </field>
               <field description="" name="temp_filename" type="string">
                  <options>
                     <option name="required">false</option>
                  </options>
               </field>
               <field description="" name="temp_filepath" type="string">
                  <options>
                     <option name="required">false</option>
                  </options>
               </field>
               <field description="Index of the Holidays file in the file list"
                      name="temp_index_holidays"
                      type="int">
                  <options>
                     <option name="required">false</option>
                  </options>
               </field>
               <field description="Index of the Position price file in the file list"
                      name="temp_index_position_price"
                      type="int">
                  <options>
                     <option name="required">false</option>
                  </options>
               </field>
               <field description="Index of the Exchange rate file in the file list"
                      name="temp_index_exchange_rate"
                      type="int">
                  <options>
                     <option name="required">false</option>
                  </options>
               </field>
               <field description="Index of the RReps file in the file list"
                      name="temp_index_registered_representatives"
                      type="int">
                  <options>
                     <option name="required">false</option>
                  </options>
               </field>
               <field description="Infex for AI file list"
                      name="temp_index_accured_interest"
                      type="int">
                  <options>
                     <option name="required">false</option>
                  </options>
               </field>
               <field description="" name="Accrued_Interest" type="reference">
                  <options>
                     <option name="referenceTo">$po:InternalInfaSubTaskflowField</option>
                     <option name="failOnNotRun">false</option>
                     <option name="failOnFault">false</option>
                  </options>
               </field>
            </tempFields>
            <notes/>
            <deployment suspendOnFault="false" tracingLevel="verbose">
               <event eventSource="fileListenerTask:fl_IAS_IAVM"/>
            </deployment>
            <flow id="a">
               <start id="b">
                  <link id="kmfjmr6d" targetId="kmfjmr6c"/>
               </start>
               <assignment id="kmfjmr6c">
                  <title>asgn_init_counters</title>
                  <operation source="formula" to="temp.temp_NbFiles">
                     <expression language="XQuery">list:count($input.fl_IAS_IAVM[1]/arrivedFiles) </expression>
                  </operation>
                  <operation source="constant" to="temp.temp_NbFiles_Current">0</operation>
                  <operation source="formula" to="temp.temp_NbFiles_Remaining">
                     <expression language="XQuery">list:count($input.fl_IAS_IAVM[1]/arrivedFiles) </expression>
                  </operation>
                  <operation source="formula" to="temp.temp_filename">
                     <expression language="XQuery">$input.fl_IAS_IAVM[1]/arrivedFiles[$temp.temp_NbFiles_Remaining ]/name </expression>
                  </operation>
                  <operation source="formula" to="temp.temp_filepath">
                     <expression language="XQuery">$input.fl_IAS_IAVM[1]/arrivedFiles[$temp.temp_NbFiles_Remaining ]/path </expression>
                  </operation>
                  <operation source="constant" to="temp.temp_index_holidays">-1</operation>
                  <operation source="constant" to="temp.temp_index_position_price">-1</operation>
                  <operation source="constant" to="temp.temp_index_exchange_rate">-1</operation>
                  <operation source="constant" to="temp.temp_index_registered_representatives">-1</operation>
                  <operation source="constant" to="temp.temp_index_accured_interest">-1</operation>
                  <link id="kmfjmr6v" targetId="kmfjmr6u"/>
               </assignment>
               <container id="kmfjmr6u" type="exclusive">
                  <title>dcn_still_files</title>
                  <flow id="kmfjmr6y">
                     <container id="kmfjmr9f" type="exclusive">
                        <title>dcn_filename_taskflow</title>
                        <flow id="kmgloqkh">
                           <assignment id="kmgloqlh">
                              <title>asgn_Holidays_Index</title>
                              <operation source="field" to="temp.temp_index_holidays">temp.temp_NbFiles_Remaining</operation>
                           </assignment>
                           <link id="kmgloqki" targetId="kmfjmr9f" type="containerLink"/>
                        </flow>
                        <flow id="kmgloqkj">
                           <assignment id="kmgloqm2">
                              <title>asgn_Position_price_Index</title>
                              <operation source="field" to="temp.temp_index_position_price">temp.temp_NbFiles_Remaining</operation>
                           </assignment>
                           <link id="kmgloqkk" targetId="kmfjmr9f" type="containerLink"/>
                        </flow>
                        <flow id="kmgloqkl">
                           <assignment id="kmgloqmn">
                              <title>asgn_Exchange_rate_Index</title>
                              <operation source="field" to="temp.temp_index_exchange_rate">temp.temp_NbFiles_Remaining</operation>
                           </assignment>
                           <link id="kmgloqkm" targetId="kmfjmr9f" type="containerLink"/>
                        </flow>
                        <flow id="kw11zuje">
                           <assignment id="kw11zuk3">
                              <title>asgn_Registered_Representatives</title>
                              <operation source="field" to="temp.temp_index_registered_representatives">temp.temp_NbFiles_Remaining</operation>
                           </assignment>
                           <link id="kw11zujf" targetId="kmfjmr9f" type="containerLink"/>
                        </flow>
                        <flow id="l79cnk99">
                           <assignment id="l79cnka4">
                              <title>asgn_accrued_interest</title>
                              <operation source="field" to="temp.temp_index_accured_interest">temp.temp_NbFiles_Remaining</operation>
                           </assignment>
                           <link id="l79cnk9a" targetId="kmfjmr9f" type="containerLink"/>
                        </flow>
                        <flow id="kmgloqkv">
                           <link id="kmgloqkw" targetId="kmfjmr9f" type="containerLink"/>
                        </flow>
                        <link id="kmgloqk9" targetId="kmgloqkh" type="containerLink">
                           <condition source="formula">
                              <function name="starts-with">
                                 <arg name="left">{$temp.temp_filename}</arg>
                                 <arg name="right">HOLIDAYS__</arg>
                              </function>
                           </condition>
                        </link>
                        <link id="kmgloqka" targetId="kmgloqkj" type="containerLink">
                           <condition source="formula">
                              <function name="starts-with">
                                 <arg name="left">{$temp.temp_filename}</arg>
                                 <arg name="right">POSITION__</arg>
                              </function>
                           </condition>
                        </link>
                        <link id="kmgloqkb" targetId="kmgloqkl" type="containerLink">
                           <condition source="formula">
                              <function name="starts-with">
                                 <arg name="left">{$temp.temp_filename}</arg>
                                 <arg name="right">EXCHANGE_RATE__</arg>
                              </function>
                           </condition>
                        </link>
                        <link id="kw11zujd" targetId="kw11zuje" type="containerLink">
                           <condition source="formula">
                              <function name="starts-with">
                                 <arg name="left">{$temp.temp_filename}</arg>
                                 <arg name="right">REGISTERED_REPRESENTATIVE__</arg>
                              </function>
                           </condition>
                        </link>
                        <link id="l79cnk98" targetId="l79cnk99" type="containerLink">
                           <condition source="formula">
                              <function name="starts-with">
                                 <arg name="left">{$temp.temp_filename}</arg>
                                 <arg name="right">ACCRUED_INTEREST__</arg>
                              </function>
                           </condition>
                        </link>
                        <link id="kmgloqkg" targetId="kmgloqkv" type="containerLink"/>
                        <link id="kmfjmr9g" targetId="kmfjmr7l"/>
                     </container>
                     <assignment id="kmfjmr7l">
                        <title>asgn_update_counters</title>
                        <operation source="formula" to="temp.temp_NbFiles_Current">
                           <expression language="XQuery">$temp.temp_NbFiles_Current + 1</expression>
                        </operation>
                        <operation source="formula" to="temp.temp_NbFiles_Remaining">
                           <expression language="XQuery">$temp.temp_NbFiles_Remaining - 1</expression>
                        </operation>
                        <operation source="formula" to="temp.temp_filename">
                           <expression language="XQuery">$input.fl_IAS_IAVM[1]/arrivedFiles[$temp.temp_NbFiles_Remaining ]/name</expression>
                        </operation>
                        <operation source="formula" to="temp.temp_filepath">
                           <expression language="XQuery">$input.fl_IAS_IAVM[1]/arrivedFiles[$temp.temp_NbFiles_Remaining ]/path</expression>
                        </operation>
                        <link id="kmfjmr8x" targetId="kmfjmr8v"/>
                     </assignment>
                     <jumpTo id="kmfjmr8v">
                        <link id="kmfjmr8w" targetId="kmfjmr6u"/>
                     </jumpTo>
                  </flow>
                  <flow id="kmfjmr71">
                     <container id="kmglor3d" type="parallel">
                        <title>Loading IAS IAVM 20-30</title>
                        <flow id="kmglor3f">
                           <container id="kmglor4u" type="exclusive">
                              <title>dcn_Holidays_received</title>
                              <flow id="kmgr29h2">
                                 <subflow id="kmgr2a7v">
                                    <title>Holidays</title>
                                    <subflowGUID>lFIxBjAeUa9juSjwaxLNIb</subflowGUID>
                                    <subflowPath>tf_LoadRDV_20-30_PSA_IAS_IAVM_to_RDV_REF_HOLIDAYS</subflowPath>
                                    <runForEach>false</runForEach>
                                    <input>
                                       <parameter name="input_filename" source="formula" updatable="true">
                                          <expression language="XQuery">$input.fl_IAS_IAVM[1]/arrivedFiles[$temp.temp_index_holidays ]/name </expression>
                                       </parameter>
                                       <parameter name="input_filepath" source="formula" updatable="true">
                                          <expression language="XQuery">$input.fl_IAS_IAVM[1]/arrivedFiles[$temp.temp_index_holidays ]/path </expression>
                                       </parameter>
                                    </input>
                                    <outputDef/>
                                 </subflow>
                                 <link id="kmgr29h3" targetId="kmglor4u" type="containerLink"/>
                              </flow>
                              <flow id="kmgr29h4">
                                 <link id="kmgr29h5" targetId="kmglor4u" type="containerLink"/>
                              </flow>
                              <link id="kmgr29h0" targetId="kmgr29h2" type="containerLink">
                                 <condition source="formula">
                                    <function name="greater-than">
                                       <arg name="left">{$temp.temp_index_holidays}</arg>
                                       <arg name="right">{0}</arg>
                                    </function>
                                 </condition>
                              </link>
                              <link id="kmgr29h1" targetId="kmgr29h4" type="containerLink"/>
                           </container>
                           <link id="kmglor3g" targetId="kmglor3d" type="containerLink"/>
                        </flow>
                        <flow id="kmglor3i">
                           <container id="kmglor5u" type="exclusive">
                              <title>dcn_Position_price_received</title>
                              <flow id="kmgr29lt">
                                 <subflow id="kmhu3ghs">
                                    <title>Position_price</title>
                                    <subflowGUID>69XsBin7eavj6pT22QxASH</subflowGUID>
                                    <subflowPath>tf_LoadRDV_20-30_PSA_IAS_IAVM_to_RDV_TRANSLINK_POSITION_PRICE</subflowPath>
                                    <runForEach>false</runForEach>
                                    <input>
                                       <parameter name="input_filename" source="formula" updatable="true">
                                          <expression language="XQuery">$input.fl_IAS_IAVM[1]/arrivedFiles[$temp.temp_index_position_price ]/name </expression>
                                       </parameter>
                                       <parameter name="input_filepath" source="formula" updatable="true">
                                          <expression language="XQuery">$input.fl_IAS_IAVM[1]/arrivedFiles[$temp.temp_index_position_price ]/path </expression>
                                       </parameter>
                                    </input>
                                    <outputDef/>
                                 </subflow>
                                 <link id="kmgr29lu" targetId="kmglor5u" type="containerLink"/>
                              </flow>
                              <flow id="kmgr29lv">
                                 <link id="kmgr29lw" targetId="kmglor5u" type="containerLink"/>
                              </flow>
                              <link id="kmgr29lr" targetId="kmgr29lt" type="containerLink">
                                 <condition source="formula">
                                    <function name="greater-than">
                                       <arg name="left">{$temp.temp_index_position_price}</arg>
                                       <arg name="right">{0}</arg>
                                    </function>
                                 </condition>
                              </link>
                              <link id="kmgr29ls" targetId="kmgr29lv" type="containerLink"/>
                           </container>
                           <link id="kmglor3j" targetId="kmglor3d" type="containerLink"/>
                        </flow>
                        <flow id="kmglor74">
                           <container id="kmglora2" type="exclusive">
                              <title>dcn_Exchange_rate_received</title>
                              <flow id="kmgr29pp">
                                 <subflow id="kmhu3gte">
                                    <title>Exchange_rate</title>
                                    <subflowGUID>8kVzvPUUcsXc0QeYuB6qwe</subflowGUID>
                                    <subflowPath>tf_LoadRDV_20-30_PSA_IAS_IAVM_to_RDV_TRANSLINK_EXCHANGE_RATE</subflowPath>
                                    <runForEach>false</runForEach>
                                    <input>
                                       <parameter name="input_filename" source="formula" updatable="true">
                                          <expression language="XQuery">$input.fl_IAS_IAVM[1]/arrivedFiles[$temp.temp_index_exchange_rate ]/name </expression>
                                       </parameter>
                                       <parameter name="input_filepath" source="formula" updatable="true">
                                          <expression language="XQuery">$input.fl_IAS_IAVM[1]/arrivedFiles[$temp.temp_index_exchange_rate ]/path </expression>
                                       </parameter>
                                    </input>
                                    <outputDef/>
                                 </subflow>
                                 <link id="kmgr29pq" targetId="kmglora2" type="containerLink"/>
                              </flow>
                              <flow id="kmgr29pr">
                                 <link id="kmgr29ps" targetId="kmglora2" type="containerLink"/>
                              </flow>
                              <link id="kmgr29pn" targetId="kmgr29pp" type="containerLink">
                                 <condition source="formula">
                                    <function name="greater-than">
                                       <arg name="left">{$temp.temp_index_exchange_rate}</arg>
                                       <arg name="right">{0}</arg>
                                    </function>
                                 </condition>
                              </link>
                              <link id="kmgr29po" targetId="kmgr29pr" type="containerLink"/>
                           </container>
                           <link id="kmglor75" targetId="kmglor3d" type="containerLink"/>
                        </flow>
                        <flow id="kw11zutl">
                           <container id="kw11zuub" type="exclusive">
                              <title>dcn_Regesteried_Representatives_received</title>
                              <flow id="kw11zuud">
                                 <subflow id="kw11zuy4">
                                    <title>Registered_Representatives</title>
                                    <subflowGUID>6Hoi6PAVMudhemwbXXjP2r</subflowGUID>
                                    <subflowPath>tf_LoadRDV_20-30_PSA_IAS_IAVM_to_RDV_REGISTERED_REPRESENTATIVES</subflowPath>
                                    <runForEach>false</runForEach>
                                    <input>
                                       <parameter name="input_filename" source="formula" updatable="true">
                                          <expression language="XQuery">$input.fl_IAS_IAVM[1]/arrivedFiles[$temp.temp_index_registered_representatives]/name</expression>
                                       </parameter>
                                       <parameter name="input_filepath" source="formula" updatable="true">
                                          <expression language="XQuery">$input.fl_IAS_IAVM[1]/arrivedFiles[$temp.temp_index_registered_representatives]/path</expression>
                                       </parameter>
                                    </input>
                                    <outputDef/>
                                 </subflow>
                                 <link id="kw11zuue" targetId="kw11zuub" type="containerLink"/>
                              </flow>
                              <flow id="kw11zuug">
                                 <link id="kw11zuuh" targetId="kw11zuub" type="containerLink"/>
                              </flow>
                              <link id="kw11zuuc" targetId="kw11zuud" type="containerLink">
                                 <condition source="formula">
                                    <function name="greater-than">
                                       <arg name="left">{$temp.temp_index_registered_representatives}</arg>
                                       <arg name="right">{0}</arg>
                                    </function>
                                 </condition>
                              </link>
                              <link id="kw11zuuf" targetId="kw11zuug" type="containerLink"/>
                           </container>
                           <link id="kw11zutm" targetId="kmglor3d" type="containerLink"/>
                        </flow>
                        <flow id="l79cnkfb">
                           <container id="l79cnkg7" type="exclusive">
                              <title>Decision 1</title>
                              <flow id="l79cnkg9">
                                 <subflow id="l79cnkjv">
                                    <title>Accrued_Interest</title>
                                    <subflowGUID>9cTXATys0afdY3liMq6TAC</subflowGUID>
                                    <subflowPath>tf_LoadRDV_20-30_PSA_IAS_IAVM_to_RDV_ACCRUED_INTEREST</subflowPath>
                                    <runForEach>false</runForEach>
                                    <input>
                                       <parameter name="input_filename" source="formula" updatable="true">
                                          <expression language="XQuery">$input.fl_IAS_IAVM[1]/arrivedFiles[$temp.temp_index_accured_interest ]/name</expression>
                                       </parameter>
                                       <parameter name="input_filepath" source="formula" updatable="true">
                                          <expression language="XQuery">$input.fl_IAS_IAVM[1]/arrivedFiles[$temp.temp_index_accured_interest ]/path</expression>
                                       </parameter>
                                    </input>
                                    <outputDef/>
                                 </subflow>
                                 <link id="l79cnkga" targetId="l79cnkg7" type="containerLink"/>
                              </flow>
                              <flow id="l79cnkgc">
                                 <link id="l79cnkgd" targetId="l79cnkg7" type="containerLink"/>
                              </flow>
                              <link id="l79cnkg8" targetId="l79cnkg9" type="containerLink">
                                 <condition source="formula">
                                    <function name="greater-than">
                                       <arg name="left">{$temp.temp_index_accured_interest}</arg>
                                       <arg name="right">{0}</arg>
                                    </function>
                                 </condition>
                              </link>
                              <link id="l79cnkgb" targetId="l79cnkgc" type="containerLink"/>
                           </container>
                           <link id="l79cnkfc" targetId="kmglor3d" type="containerLink"/>
                        </flow>
                        <link id="kmglor3e" targetId="kmglor3f" type="containerLink"/>
                        <link id="kmglor3h" targetId="kmglor3i" type="containerLink"/>
                        <link id="kmglor73" targetId="kmglor74" type="containerLink"/>
                        <link id="kw11zutk" targetId="kw11zutl" type="containerLink"/>
                        <link id="l79cnkfa" targetId="l79cnkfb" type="containerLink"/>
                     </container>
                     <link id="kmfjmr72" targetId="kmfjmr6u" type="containerLink"/>
                  </flow>
                  <link id="kmfjmr6x" targetId="kmfjmr6y" type="containerLink">
                     <condition source="formula">
                        <function name="greater-than">
                           <arg name="left">{$temp.temp_NbFiles_Remaining}</arg>
                           <arg name="right">{0}</arg>
                        </function>
                     </condition>
                  </link>
                  <link id="kmfjmr70" targetId="kmfjmr71" type="containerLink"/>
                  <link id="kmfjmr6w" targetId="c"/>
               </container>
               <end id="c"/>
            </flow>
            <dependencies>
               <processObject xmlns="http://schemas.active-endpoints.com/appmodules/screenflow/2011/06/avosHostEnvironment.xsd"
                              displayName="InternalInfaSubTaskflowField"
                              isByCopy="true"
                              name="InternalInfaSubTaskflowField">
                  <description>This process object represents a subtaskflow type reference field.</description>
                  <tags/>
                  <detail/>
               </processObject>
               <processObject xmlns="http://schemas.active-endpoints.com/appmodules/screenflow/2011/06/avosHostEnvironment.xsd"
                              displayName="INTERNALB2BFILELISTENER1565084895"
                              isByCopy="true"
                              name="INTERNALB2BFILELISTENER1565084895">
                  <description>This process object represents a taskflow specific file task field details.</description>
                  <tags/>
                  <detail>
                     <field label="Arrived Files"
                            name="arrivedFiles"
                            nullable="true"
                            required="false"
                            type="objectlist">
                        <options>
                           <option name="referenceTo">$po:INTERNALB2BFILELISTENER1565084895-arrivedFiles</option>
                           <option name="relationshipName">Child</option>
                           <option hide="true" name="multiSelect">true</option>
                           <option name="required">false</option>
                        </options>
                     </field>
                     <field label="Update Files"
                            name="updatedFiles"
                            nullable="true"
                            required="false"
                            type="objectlist">
                        <options>
                           <option name="referenceTo">$po:INTERNALB2BFILELISTENER1565084895-updatedFiles</option>
                           <option name="relationshipName">Child</option>
                           <option hide="true" name="multiSelect">true</option>
                           <option name="required">false</option>
                        </options>
                     </field>
                     <field label="Deleted Files"
                            name="deletedFiles"
                            nullable="true"
                            required="false"
                            type="objectlist">
                        <options>
                           <option name="referenceTo">$po:INTERNALB2BFILELISTENER1565084895-deletedFiles</option>
                           <option name="relationshipName">Child</option>
                           <option hide="true" name="multiSelect">true</option>
                           <option name="required">false</option>
                        </options>
                     </field>
                  </detail>
               </processObject>
               <processObject xmlns="http://schemas.active-endpoints.com/appmodules/screenflow/2011/06/avosHostEnvironment.xsd"
                              displayName="INTERNALB2BFILELISTENER1565084895-arrivedFiles"
                              isByCopy="true"
                              name="INTERNALB2BFILELISTENER1565084895-arrivedFiles">
                  <description>This process object represents a arrivedFiles structure of the file task field.This is in case of taskflow.</description>
                  <tags/>
                  <detail>
                     <field label="Path"
                            name="path"
                            nullable="true"
                            required="false"
                            type="string"/>
                     <field label="Name"
                            name="name"
                            nullable="true"
                            required="false"
                            type="string"/>
                     <field label="Size"
                            name="size"
                            nullable="true"
                            required="false"
                            type="string"/>
                     <field label="Last Modified"
                            name="lastModified"
                            nullable="true"
                            required="false"
                            type="string"/>
                  </detail>
               </processObject>
               <processObject xmlns="http://schemas.active-endpoints.com/appmodules/screenflow/2011/06/avosHostEnvironment.xsd"
                              displayName="INTERNALB2BFILELISTENER1565084895-updatedFiles"
                              isByCopy="true"
                              name="INTERNALB2BFILELISTENER1565084895-updatedFiles">
                  <description>This process object represents a updatedFiles structure of the file task field.This is in case of taskflow.</description>
                  <tags/>
                  <detail>
                     <field label="Path"
                            name="path"
                            nullable="true"
                            required="false"
                            type="string"/>
                     <field label="Name"
                            name="name"
                            nullable="true"
                            required="false"
                            type="string"/>
                     <field label="Size"
                            name="size"
                            nullable="true"
                            required="false"
                            type="string"/>
                     <field label="Last Modified"
                            name="lastModified"
                            nullable="true"
                            required="false"
                            type="string"/>
                  </detail>
               </processObject>
               <processObject xmlns="http://schemas.active-endpoints.com/appmodules/screenflow/2011/06/avosHostEnvironment.xsd"
                              displayName="INTERNALB2BFILELISTENER1565084895-deletedFiles"
                              isByCopy="true"
                              name="INTERNALB2BFILELISTENER1565084895-deletedFiles">
                  <description>This process object represents file listener task deletedFiles structure.This is in case of taskflow.</description>
                  <tags/>
                  <detail>
                     <field label="Path"
                            name="path"
                            nullable="true"
                            required="false"
                            type="string"/>
                     <field label="Name"
                            name="name"
                            nullable="true"
                            required="false"
                            type="string"/>
                     <field label="Size"
                            name="size"
                            nullable="true"
                            required="false"
                            type="string"/>
                     <field label="Last Modified"
                            name="lastModified"
                            nullable="true"
                            required="false"
                            type="string"/>
                  </detail>
               </processObject>
            </dependencies>
         </taskflow>
      </types1:Entry>
      <types1:GUID>2OJyHrinScXc1E6VNfhXY1</types1:GUID>
      <types1:DisplayName>tf_LoadRDV_10-30_PSA_IAS_IAVM_to_RDV_Synchronization</types1:DisplayName>
   </types1:Item>
   <types1:CurrentServerDateTime>2023-01-19T13:41:47.765Z</types1:CurrentServerDateTime>
</aetgt:getResponse>
