<aetgt:getResponse xmlns:aetgt="http://schemas.active-endpoints.com/appmodules/repository/2010/10/avrepository.xsd"
                   xmlns:types1="http://schemas.active-endpoints.com/appmodules/repository/2010/10/avrepository.xsd">
   <types1:Item>
      <types1:EntryId>P2PCwkNmumf6S3w-gt-17492132-2022-08-08T19:39:23.662Z::tf.xml</types1:EntryId>
      <types1:Name>tf_OnDemand_LoadRDV_20-30_PSA_STEWARDSHIP_to_RDV_REF_KPI_TARGET_RVP</types1:Name>
      <types1:MimeType>application/xml+taskflow</types1:MimeType>
      <types1:Description>This allows to load REF_KPI_TARGET_RVP STG table to finally load RDV tables (REF_KPI_TARGET_RVP and SAT_REF_KPI_TARGET_RVP).</types1:Description>
      <types1:AppliesTo/>
      <types1:Tags/>
      <types1:VersionLabel>1.0</types1:VersionLabel>
      <types1:State>CURRENT</types1:State>
      <types1:ProcessGroup/>
      <types1:CreatedBy>jihed.laamiri@ia.ca</types1:CreatedBy>
      <types1:CreationDate>2022-08-08T19:39:24Z</types1:CreationDate>
      <types1:ModifiedBy>rachid.fakhfakh@ia.ca</types1:ModifiedBy>
      <types1:ModificationDate>2022-08-16T16:23:05Z</types1:ModificationDate>
      <types1:PublicationStatus>published</types1:PublicationStatus>
      <types1:PublishedBy>rachid.fakhfakh@ia.ca</types1:PublishedBy>
      <types1:PublicationDate>2022-08-16T16:23:19Z</types1:PublicationDate>
      <types1:PublishedContributionId>project:/tf.tf_OnDemand_LoadRDV_20-30_PSA_STEWARDSHIP_to_RDV_REF_KPI_TARGET_RVP/tf_OnDemand_LoadRDV_20-30_PSA_STEWARDSHIP_to_RDV_REF_KPI_TARGET_RVP.tf.xml</types1:PublishedContributionId>
      <types1:AutosaveExists>false</types1:AutosaveExists>
      <types1:Entry>
         <taskflow xmlns="http://schemas.active-endpoints.com/appmodules/screenflow/2010/10/avosScreenflow.xsd"
                   xmlns:tfm="http://schemas.active-endpoints.com/appmodules/screenflow/2021/04/taskflowModel.xsd"
                   xmlns:list="urn:activevos:spi:list:functions"
                   displayName="tf_OnDemand_LoadRDV_20-30_PSA_STEWARDSHIP_to_RDV_REF_KPI_TARGET_RVP"
                   name="tf_OnDemand_LoadRDV_20-30_PSA_STEWARDSHIP_to_RDV_REF_KPI_TARGET_RVP"
                   overrideAPIName="false">
            <parameterSet xmlns="http://schemas.active-endpoints.com/appmodules/screenflow/2021/04/taskflowModel.xsd"/>
            <appliesTo/>
            <description>This allows to load REF_KPI_TARGET_RVP STG table to finally load RDV tables (REF_KPI_TARGET_RVP and SAT_REF_KPI_TARGET_RVP).</description>
            <tags/>
            <generator>Informatica Process Designer 11</generator>
            <input>
               <parameter description="" name="fl_IAS_STEWARDSHIP" type="reference">
                  <options>
                     <option name="required">false</option>
                     <option name="referenceTo">$po:INTERNALB2BFILELISTENER1565084895</option>
                     <option name="isCopy">true</option>
                     <option name="guid">iwyb8hdl38qg5lT5cuYRYE</option>
                  </options>
               </parameter>
            </input>
            <tempFields>
               <field description="Filename of the file detected by the filelistener"
                      name="temp_filename"
                      type="string">
                  <options>
                     <option name="required">false</option>
                  </options>
               </field>
               <field description="Data start date : extracted from the filename"
                      name="temp_dataStartDate"
                      type="date">
                  <options>
                     <option name="required">false</option>
                  </options>
               </field>
               <field description="" name="dt_Audit_EndJob" type="reference">
                  <options>
                     <option name="referenceTo">$po:mt-Audit-EndJob</option>
                     <option name="failOnNotRun">false</option>
                     <option name="failOnFault">false</option>
                  </options>
               </field>
               <field description=""
                      name="dt_LoadSTG_PSA_To_REF_KPI_TARGET_RVP"
                      type="reference">
                  <options>
                     <option name="referenceTo">$po:mt-LoadSTG-PSA-To-REF-KPI-TARGET-RVP</option>
                     <option name="required">false</option>
                     <option name="isCopy">true</option>
                     <option name="guid">hyZqHXn8wA5fHMjAHETwai</option>
                  </options>
               </field>
               <field description="" name="dt_Audit_StartJob" type="reference">
                  <options>
                     <option name="referenceTo">$po:mt-Audit-StartJob</option>
                     <option name="failOnNotRun">false</option>
                     <option name="failOnFault">false</option>
                  </options>
               </field>
               <field description="" name="temp_JobName" type="string">
                  <options>
                     <option name="required">false</option>
                  </options>
               </field>
               <field description="" name="temp_tf_Audit_ID" type="string">
                  <options>
                     <option name="required">false</option>
                  </options>
               </field>
               <field description="" name="dt_STG_count" type="reference">
                  <options>
                     <option name="failOnNotRun">false</option>
                     <option name="failOnFault">false</option>
                     <option name="referenceTo">$po:mt-STG-count</option>
                  </options>
               </field>
               <field description=""
                      name="dt_LoadRDV_STG_To_REF_KPI_TARGET_RVP"
                      type="reference">
                  <options>
                     <option name="referenceTo">$po:mt-LoadRDV-STG-To-REF-KPI-TARGET-RVP</option>
                     <option name="required">false</option>
                     <option name="isCopy">true</option>
                     <option name="guid">dqXi6uFxneSkbtlyaAZnSI</option>
                     <option name="failOnNotRun">false</option>
                     <option name="failOnFault">false</option>
                  </options>
               </field>
               <field description=""
                      name="dt_LoadRDV_STG_To_SAT_REF_KPI_TARGET_RVP_Insert"
                      type="reference">
                  <options>
                     <option name="referenceTo">$po:mt-LoadRDV-STG-To-SAT-REF-KPI-TARGET-RVP-Insert</option>
                     <option name="required">false</option>
                     <option name="isCopy">true</option>
                     <option name="guid">79HeA4WJluTg4WyNHc7kgz</option>
                     <option name="failOnNotRun">false</option>
                     <option name="failOnFault">false</option>
                  </options>
               </field>
               <field description=""
                      name="dt_LoadSTG_PSA_To_STG_REF_KPI_TARGET_RVP"
                      type="reference">
                  <options>
                     <option name="referenceTo">$po:mt-LoadSTG-PSA-To-REF-KPI-TARGET-RVP</option>
                     <option name="failOnNotRun">false</option>
                     <option name="failOnFault">false</option>
                  </options>
               </field>
            </tempFields>
            <notes/>
            <deployment suspendOnFault="false" tracingLevel="verbose">
               <event eventSource="fileListenerTask:fl_IAS_STEWARDSHIP"/>
            </deployment>
            <flow id="a">
               <start id="b">
                  <link id="kggm4cjw" targetId="kfkit286"/>
               </start>
               <assignment id="kfkit286">
                  <title>asgn_Filename</title>
                  <operation source="field" to="temp.temp_filename">input.fl_IAS_STEWARDSHIP[1]/arrivedFiles[1]/name</operation>
                  <link id="kfkk0zpk" targetId="kfkk0zpj"/>
               </assignment>
               <container id="kfkk0zpj" type="exclusive">
                  <title>dcn_KPI_TARGET_RVP_File</title>
                  <flow id="kfkk0zpn">
                     <assignment id="kfkk0zqz">
                        <title>asgn_StartJob_Parameters</title>
                        <operation source="formula" to="temp.temp_dataStartDate">
                           <expression language="XQuery">fn:concat('''',fn:substring-before(fn:substring-after($temp.temp_filename , '__'), '.'),'''')</expression>
                        </operation>
                        <operation source="formula" to="temp.temp_JobName">
                           <expression language="XQuery">fn:concat("'",util:getAssetName(),"'")</expression>
                        </operation>
                        <operation source="formula" to="temp.temp_tf_Audit_ID">
                           <expression language="XQuery">fn:concat("'",util:getAssetName(),"-", util:getProcessId(),"'")</expression>
                        </operation>
                        <operation source="constant" to="temp.dt_Audit_StartJob[1]/inout[1]/io_Result">ERROR</operation>
                        <operation source="constant" to="temp.dt_STG_count[1]/inout[1]/io_rowCount">0</operation>
                        <link id="kggm4cqk" targetId="kggm4cr0"/>
                     </assignment>
                     <eventContainer id="kggm4cr0">
                        <service id="kggm4cqj">
                           <title>dt_Audit_StartJob</title>
                           <serviceName>ICSExecuteDataTask</serviceName>
                           <serviceGUID/>
                           <serviceInput>
                              <parameter name="Wait for Task to Complete" source="constant" updatable="true">true</parameter>
                              <parameter name="Max Wait" source="constant" updatable="true">604800</parameter>
                              <parameter name="Task Name" source="constant" updatable="true">mt_Audit_StartJob</parameter>
                              <parameter name="GUID" source="constant" updatable="true">7AFiIqFTEynhfpSkoyFJ2E</parameter>
                              <parameter name="Task Type" source="constant" updatable="true">MCT</parameter>
                              <parameter name="Has Inout Parameters" source="constant" updatable="true">true</parameter>
                              <parameter name="taskField" source="nested">
                                 <operation source="field" to="mt-Audit-StartJob">temp.dt_Audit_StartJob</operation>
                                 <operation source="field" to="mt-Audit-StartJob/inout[1]/io_JOB_AUDIT_ID">temp.temp_tf_Audit_ID</operation>
                                 <operation source="field" to="mt-Audit-StartJob/inout[1]/io_JOB_NAME">temp.temp_JobName</operation>
                                 <operation source="field" to="mt-Audit-StartJob/inout[1]/io_JOB_START_DT">temp.temp_dataStartDate</operation>
                              </parameter>
                           </serviceInput>
                           <serviceOutput>
                              <operation source="field" to="temp.dt_Audit_StartJob/output/Object_Name">Object Name</operation>
                              <operation source="field" to="temp.dt_Audit_StartJob/output/Run_Id">Run Id</operation>
                              <operation source="field" to="temp.dt_Audit_StartJob/output/Log_Id">Log Id</operation>
                              <operation source="field" to="temp.dt_Audit_StartJob/output/Task_Id">Task Id</operation>
                              <operation source="field" to="temp.dt_Audit_StartJob/output/Task_Status">Task Status</operation>
                              <operation source="field" to="temp.dt_Audit_StartJob/output/Success_Source_Rows">Success Source Rows</operation>
                              <operation source="field" to="temp.dt_Audit_StartJob/output/Failed_Source_Rows">Failed Source Rows</operation>
                              <operation source="field" to="temp.dt_Audit_StartJob/output/Success_Target_Rows">Success Target Rows</operation>
                              <operation source="field" to="temp.dt_Audit_StartJob/output/Failed_Target_Rows">Failed Target Rows</operation>
                              <operation source="field" to="temp.dt_Audit_StartJob/output/Start_Time">Start Time</operation>
                              <operation source="field" to="temp.dt_Audit_StartJob/output/End_Time">End Time</operation>
                              <operation source="field" to="temp.dt_Audit_StartJob/output/Error_Message">Error Message</operation>
                              <operation source="field" to="temp.dt_Audit_StartJob/inout/io_Result">io_Result</operation>
                           </serviceOutput>
                        </service>
                        <link id="kggm4cql" targetId="kfkk0zt0"/>
                        <events>
                           <catch faultField="temp.dt_Audit_StartJob/fault"
                                  id="kggm4cqy"
                                  interrupting="true"
                                  name="error"/>
                           <catch faultField="temp.dt_Audit_StartJob/fault"
                                  id="kggm4cqz"
                                  interrupting="true"
                                  name="warning"/>
                        </events>
                     </eventContainer>
                     <eventContainer id="kfkk101o">
                        <service id="kfkk100w">
                           <title>dt_Audit_EndJob</title>
                           <serviceName>ICSExecuteDataTask</serviceName>
                           <serviceGUID/>
                           <serviceInput>
                              <parameter name="Wait for Task to Complete" source="constant" updatable="true">true</parameter>
                              <parameter name="Max Wait" source="constant" updatable="true">604800</parameter>
                              <parameter name="Task Name" source="constant" updatable="true">mt_Audit_EndJob</parameter>
                              <parameter name="GUID" source="constant" updatable="true">9YybfVefg8ihDDlFlJoK4p</parameter>
                              <parameter name="Task Type" source="constant" updatable="true">MCT</parameter>
                              <parameter name="Has Inout Parameters" source="constant" updatable="true">true</parameter>
                              <parameter name="taskField" source="nested">
                                 <operation source="field" to="mt-Audit-EndJob">temp.dt_Audit_EndJob</operation>
                                 <operation source="field" to="mt-Audit-EndJob/inout[1]/io_jobAuditID">temp.temp_tf_Audit_ID</operation>
                                 <operation source="constant" to="mt-Audit-EndJob/inout[1]/io_jobEndDesc">Successful execution</operation>
                                 <operation source="constant" to="mt-Audit-EndJob/inout[1]/io_jobEndStatus">SUCCESS</operation>
                                 <operation source="field" to="mt-Audit-EndJob/inout[1]/io_jobName">temp.temp_JobName</operation>
                                 <operation source="field" to="mt-Audit-EndJob/inout[1]/io_jobStartDate">temp.temp_dataStartDate</operation>
                              </parameter>
                           </serviceInput>
                           <serviceOutput>
                              <operation source="field" to="temp.dt_Audit_EndJob/output/Object_Name">Object Name</operation>
                              <operation source="field" to="temp.dt_Audit_EndJob/output/Run_Id">Run Id</operation>
                              <operation source="field" to="temp.dt_Audit_EndJob/output/Log_Id">Log Id</operation>
                              <operation source="field" to="temp.dt_Audit_EndJob/output/Task_Id">Task Id</operation>
                              <operation source="field" to="temp.dt_Audit_EndJob/output/Task_Status">Task Status</operation>
                              <operation source="field" to="temp.dt_Audit_EndJob/output/Success_Source_Rows">Success Source Rows</operation>
                              <operation source="field" to="temp.dt_Audit_EndJob/output/Failed_Source_Rows">Failed Source Rows</operation>
                              <operation source="field" to="temp.dt_Audit_EndJob/output/Success_Target_Rows">Success Target Rows</operation>
                              <operation source="field" to="temp.dt_Audit_EndJob/output/Failed_Target_Rows">Failed Target Rows</operation>
                              <operation source="field" to="temp.dt_Audit_EndJob/output/Start_Time">Start Time</operation>
                              <operation source="field" to="temp.dt_Audit_EndJob/output/End_Time">End Time</operation>
                              <operation source="field" to="temp.dt_Audit_EndJob/output/Error_Message">Error Message</operation>
                              <operation source="field" to="temp.dt_Audit_EndJob/inout/io_Result">io_Result</operation>
                              <operation source="field" to="temp.dt_Audit_EndJob/inout/io_jobName">io_jobName</operation>
                              <operation source="field" to="temp.dt_Audit_EndJob/inout/io_jobAuditID">io_jobAuditID</operation>
                              <operation source="field" to="temp.dt_Audit_EndJob/inout/io_jobStartDate">io_jobStartDate</operation>
                              <operation source="field" to="temp.dt_Audit_EndJob/inout/io_jobEndStatus">io_jobEndStatus</operation>
                              <operation source="field" to="temp.dt_Audit_EndJob/inout/io_jobEndDesc">io_jobEndDesc</operation>
                           </serviceOutput>
                        </service>
                        <events>
                           <catch faultField="temp.dt_Audit_EndJob/fault"
                                  id="kfkk101m"
                                  interrupting="true"
                                  name="error">
                              <suspend/>
                           </catch>
                           <catch faultField="temp.dt_Audit_EndJob/fault"
                                  id="kfkk101n"
                                  interrupting="true"
                                  name="warning"/>
                        </events>
                     </eventContainer>
                     <container id="kfkk0zt0" type="exclusive">
                        <title>dcn_StartJob_Result</title>
                        <flow id="kfkk0zt3">
                           <eventContainer id="kgcs1bie">
                              <service id="kgcs1bhp">
                                 <title>dt_LoadSTG_PSA_To_STG_REF_KPI_TARGET_RVP</title>
                                 <serviceName>ICSExecuteDataTask</serviceName>
                                 <serviceGUID/>
                                 <serviceInput>
                                    <parameter name="Wait for Task to Complete" source="constant" updatable="true">true</parameter>
                                    <parameter name="Max Wait" source="constant" updatable="true">604800</parameter>
                                    <parameter name="Task Name" source="constant" updatable="true">mt_LoadSTG_PSA_To_REF_KPI_TARGET_RVP</parameter>
                                    <parameter name="GUID" source="constant" updatable="true">hyZqHXn8wA5fHMjAHETwai</parameter>
                                    <parameter name="Task Type" source="constant" updatable="true">MCT</parameter>
                                    <parameter name="Has Inout Parameters" source="constant" updatable="true">true</parameter>
                                    <parameter name="taskField" source="nested">
                                       <operation source="field" to="mt-LoadSTG-PSA-To-REF-KPI-TARGET-RVP">temp.dt_LoadSTG_PSA_To_STG_REF_KPI_TARGET_RVP</operation>
                                       <operation source="formula"
                                                  to="mt-LoadSTG-PSA-To-REF-KPI-TARGET-RVP/inout[1]/io_PATH">
                                          <expression language="XQuery">fn:replace($input.fl_IAS_STEWARDSHIP[1]/arrivedFiles[1]/path , fn:concat('/', $input.fl_IAS_STEWARDSHIP[1]/arrivedFiles[1]/name ), '')</expression>
                                       </operation>
                                    </parameter>
                                 </serviceInput>
                                 <serviceOutput>
                                    <operation source="field"
                                               to="temp.dt_LoadSTG_PSA_To_STG_REF_KPI_TARGET_RVP/output/Object_Name">Object Name</operation>
                                    <operation source="field"
                                               to="temp.dt_LoadSTG_PSA_To_STG_REF_KPI_TARGET_RVP/output/Run_Id">Run Id</operation>
                                    <operation source="field"
                                               to="temp.dt_LoadSTG_PSA_To_STG_REF_KPI_TARGET_RVP/output/Log_Id">Log Id</operation>
                                    <operation source="field"
                                               to="temp.dt_LoadSTG_PSA_To_STG_REF_KPI_TARGET_RVP/output/Task_Id">Task Id</operation>
                                    <operation source="field"
                                               to="temp.dt_LoadSTG_PSA_To_STG_REF_KPI_TARGET_RVP/output/Task_Status">Task Status</operation>
                                    <operation source="field"
                                               to="temp.dt_LoadSTG_PSA_To_STG_REF_KPI_TARGET_RVP/output/Success_Source_Rows">Success Source Rows</operation>
                                    <operation source="field"
                                               to="temp.dt_LoadSTG_PSA_To_STG_REF_KPI_TARGET_RVP/output/Failed_Source_Rows">Failed Source Rows</operation>
                                    <operation source="field"
                                               to="temp.dt_LoadSTG_PSA_To_STG_REF_KPI_TARGET_RVP/output/Success_Target_Rows">Success Target Rows</operation>
                                    <operation source="field"
                                               to="temp.dt_LoadSTG_PSA_To_STG_REF_KPI_TARGET_RVP/output/Failed_Target_Rows">Failed Target Rows</operation>
                                    <operation source="field"
                                               to="temp.dt_LoadSTG_PSA_To_STG_REF_KPI_TARGET_RVP/output/Start_Time">Start Time</operation>
                                    <operation source="field"
                                               to="temp.dt_LoadSTG_PSA_To_STG_REF_KPI_TARGET_RVP/output/End_Time">End Time</operation>
                                    <operation source="field"
                                               to="temp.dt_LoadSTG_PSA_To_STG_REF_KPI_TARGET_RVP/output/Error_Message">Error Message</operation>
                                    <operation source="field"
                                               to="temp.dt_LoadSTG_PSA_To_STG_REF_KPI_TARGET_RVP/output/TotalTransErrors">Total Transformation Errors</operation>
                                    <operation source="field"
                                               to="temp.dt_LoadSTG_PSA_To_STG_REF_KPI_TARGET_RVP/output/FirstErrorCode">First Error Code</operation>
                                    <operation source="field"
                                               to="temp.dt_LoadSTG_PSA_To_STG_REF_KPI_TARGET_RVP/inout/io_PATH">io_PATH</operation>
                                 </serviceOutput>
                              </service>
                              <link id="knqr9dvw" targetId="knqr9dxq"/>
                              <events>
                                 <catch faultField="temp.dt_LoadSTG_PSA_To_STG_REF_KPI_TARGET_RVP/fault"
                                        id="kgcs1bic"
                                        interrupting="true"
                                        name="error">
                                    <suspend/>
                                 </catch>
                                 <catch faultField="temp.dt_LoadSTG_PSA_To_STG_REF_KPI_TARGET_RVP/fault"
                                        id="kgcs1bid"
                                        interrupting="true"
                                        name="warning"/>
                              </events>
                           </eventContainer>
                           <eventContainer id="knqr9dxq">
                              <service id="knqr9dvv">
                                 <title>dt_STG_count</title>
                                 <serviceName>ICSExecuteDataTask</serviceName>
                                 <serviceGUID/>
                                 <serviceInput>
                                    <parameter name="Wait for Task to Complete" source="constant" updatable="true">true</parameter>
                                    <parameter name="Max Wait" source="constant" updatable="true">604800</parameter>
                                    <parameter name="Task Name" source="constant" updatable="true">mt_STG_count</parameter>
                                    <parameter name="GUID" source="constant" updatable="true">kpl74Jz8JeBjWF4yKl8cKk</parameter>
                                    <parameter name="Task Type" source="constant" updatable="true">MCT</parameter>
                                    <parameter name="Has Inout Parameters" source="constant" updatable="true">true</parameter>
                                    <parameter name="taskField" source="nested">
                                       <operation source="field" to="mt-STG-count">temp.dt_STG_count</operation>
                                       <operation source="field" to="mt-STG-count/input[1]/i_Job_name">temp.temp_JobName</operation>
                                       <operation source="field" to="mt-STG-count/input[1]/i_job_start_date">temp.temp_dataStartDate</operation>
                                       <operation source="field" to="temp.dt_STG_count[1]/input[1]/i_Job_name">temp.temp_JobName</operation>
                                       <operation source="field" to="temp.dt_STG_count[1]/input[1]/i_job_start_date">temp.temp_dataStartDate</operation>
                                    </parameter>
                                 </serviceInput>
                                 <serviceOutput>
                                    <operation source="field" to="temp.dt_STG_count/output/Object_Name">Object Name</operation>
                                    <operation source="field" to="temp.dt_STG_count/output/Run_Id">Run Id</operation>
                                    <operation source="field" to="temp.dt_STG_count/output/Log_Id">Log Id</operation>
                                    <operation source="field" to="temp.dt_STG_count/output/Task_Id">Task Id</operation>
                                    <operation source="field" to="temp.dt_STG_count/output/Task_Status">Task Status</operation>
                                    <operation source="field" to="temp.dt_STG_count/output/Success_Source_Rows">Success Source Rows</operation>
                                    <operation source="field" to="temp.dt_STG_count/output/Failed_Source_Rows">Failed Source Rows</operation>
                                    <operation source="field" to="temp.dt_STG_count/output/Success_Target_Rows">Success Target Rows</operation>
                                    <operation source="field" to="temp.dt_STG_count/output/Failed_Target_Rows">Failed Target Rows</operation>
                                    <operation source="field" to="temp.dt_STG_count/output/Start_Time">Start Time</operation>
                                    <operation source="field" to="temp.dt_STG_count/output/End_Time">End Time</operation>
                                    <operation source="field" to="temp.dt_STG_count/output/Error_Message">Error Message</operation>
                                    <operation source="field" to="temp.dt_STG_count/inout/io_rowCount">io_rowCount</operation>
                                 </serviceOutput>
                              </service>
                              <link id="knqr9dw8" targetId="knqr9dw7"/>
                              <events>
                                 <catch faultField="temp.dt_STG_count/fault"
                                        id="knqr9dxo"
                                        interrupting="true"
                                        name="error">
                                    <suspend/>
                                 </catch>
                                 <catch faultField="temp.dt_STG_count/fault"
                                        id="knqr9dxp"
                                        interrupting="true"
                                        name="warning"/>
                              </events>
                           </eventContainer>
                           <container id="knqr9dw7" type="exclusive">
                              <title>dcn_row_count</title>
                              <flow id="knqr9dwb">
                                 <container id="knqr9dwp" type="parallel">
                                    <title>Parallel_LoadRdv</title>
                                    <flow id="knqr9dwq">
                                       <eventContainer id="knqr9dwr">
                                          <service id="knqr9dws">
                                             <title>dt_LoadRDV_STG_To_REF_KPI_TARGET_RVP</title>
                                             <serviceName>ICSExecuteDataTask</serviceName>
                                             <serviceGUID/>
                                             <serviceInput>
                                                <parameter name="Wait for Task to Complete" source="constant" updatable="true">true</parameter>
                                                <parameter name="Max Wait" source="constant" updatable="true">604800</parameter>
                                                <parameter name="Task Name" source="constant" updatable="true">mt_LoadRDV_STG_To_REF_KPI_TARGET_RVP</parameter>
                                                <parameter name="GUID" source="constant" updatable="true">dqXi6uFxneSkbtlyaAZnSI</parameter>
                                                <parameter name="Task Type" source="constant" updatable="true">MCT</parameter>
                                                <parameter name="Has Inout Parameters" source="constant" updatable="true">true</parameter>
                                                <parameter name="taskField" source="nested">
                                                   <operation source="field" to="mt-LoadRDV-STG-To-REF-KPI-TARGET-RVP">temp.dt_LoadRDV_STG_To_REF_KPI_TARGET_RVP</operation>
                                                   <operation source="field"
                                                              to="mt-LoadRDV-STG-To-REF-KPI-TARGET-RVP/inout[1]/io_tf_Audit_ID">temp.temp_tf_Audit_ID</operation>
                                                </parameter>
                                             </serviceInput>
                                             <serviceOutput>
                                                <operation source="field"
                                                           to="temp.dt_LoadRDV_STG_To_REF_KPI_TARGET_RVP/output/Object_Name">Object Name</operation>
                                                <operation source="field"
                                                           to="temp.dt_LoadRDV_STG_To_REF_KPI_TARGET_RVP/output/Run_Id">Run Id</operation>
                                                <operation source="field"
                                                           to="temp.dt_LoadRDV_STG_To_REF_KPI_TARGET_RVP/output/Log_Id">Log Id</operation>
                                                <operation source="field"
                                                           to="temp.dt_LoadRDV_STG_To_REF_KPI_TARGET_RVP/output/Task_Id">Task Id</operation>
                                                <operation source="field"
                                                           to="temp.dt_LoadRDV_STG_To_REF_KPI_TARGET_RVP/output/Task_Status">Task Status</operation>
                                                <operation source="field"
                                                           to="temp.dt_LoadRDV_STG_To_REF_KPI_TARGET_RVP/output/Success_Source_Rows">Success Source Rows</operation>
                                                <operation source="field"
                                                           to="temp.dt_LoadRDV_STG_To_REF_KPI_TARGET_RVP/output/Failed_Source_Rows">Failed Source Rows</operation>
                                                <operation source="field"
                                                           to="temp.dt_LoadRDV_STG_To_REF_KPI_TARGET_RVP/output/Success_Target_Rows">Success Target Rows</operation>
                                                <operation source="field"
                                                           to="temp.dt_LoadRDV_STG_To_REF_KPI_TARGET_RVP/output/Failed_Target_Rows">Failed Target Rows</operation>
                                                <operation source="field"
                                                           to="temp.dt_LoadRDV_STG_To_REF_KPI_TARGET_RVP/output/Start_Time">Start Time</operation>
                                                <operation source="field"
                                                           to="temp.dt_LoadRDV_STG_To_REF_KPI_TARGET_RVP/output/End_Time">End Time</operation>
                                                <operation source="field"
                                                           to="temp.dt_LoadRDV_STG_To_REF_KPI_TARGET_RVP/output/Error_Message">Error Message</operation>
                                                <operation source="field"
                                                           to="temp.dt_LoadRDV_STG_To_REF_KPI_TARGET_RVP/output/TotalTransErrors">Total Transformation Errors</operation>
                                                <operation source="field"
                                                           to="temp.dt_LoadRDV_STG_To_REF_KPI_TARGET_RVP/output/FirstErrorCode">First Error Code</operation>
                                                <operation source="field"
                                                           to="temp.dt_LoadRDV_STG_To_REF_KPI_TARGET_RVP/inout/io_tf_Audit_ID">io_tf_Audit_ID</operation>
                                             </serviceOutput>
                                          </service>
                                          <events>
                                             <catch faultField="temp.dt_LoadRDV_STG_To_REF_KPI_TARGET_RVP/fault"
                                                    id="kfkk0zw3"
                                                    interrupting="true"
                                                    name="error">
                                                <suspend/>
                                             </catch>
                                             <catch faultField="temp.dt_LoadRDV_STG_To_REF_KPI_TARGET_RVP/fault"
                                                    id="kfkk0zw4"
                                                    interrupting="true"
                                                    name="warning"/>
                                          </events>
                                       </eventContainer>
                                       <link id="knqr9dx2" targetId="knqr9dwp" type="containerLink"/>
                                    </flow>
                                    <flow id="knqr9dwt">
                                       <eventContainer id="knqr9dwu">
                                          <service id="knqr9dwv">
                                             <title>dt_LoadRDV_STG_To_SAT_REF_KPI_TARGET_RVP_Insert</title>
                                             <serviceName>ICSExecuteDataTask</serviceName>
                                             <serviceGUID/>
                                             <serviceInput>
                                                <parameter name="Wait for Task to Complete" source="constant" updatable="true">true</parameter>
                                                <parameter name="Max Wait" source="constant" updatable="true">604800</parameter>
                                                <parameter name="Task Name" source="constant" updatable="true">mt_LoadRDV_STG_To_SAT_REF_KPI_TARGET_RVP_Insert</parameter>
                                                <parameter name="GUID" source="constant" updatable="true">79HeA4WJluTg4WyNHc7kgz</parameter>
                                                <parameter name="Task Type" source="constant" updatable="true">MCT</parameter>
                                                <parameter name="Has Inout Parameters" source="constant" updatable="true">true</parameter>
                                                <parameter name="taskField" source="nested">
                                                   <operation source="field" to="mt-LoadRDV-STG-To-SAT-REF-KPI-TARGET-RVP-Insert">temp.dt_LoadRDV_STG_To_SAT_REF_KPI_TARGET_RVP_Insert</operation>
                                                   <operation source="field"
                                                              to="mt-LoadRDV-STG-To-SAT-REF-KPI-TARGET-RVP-Insert/inout[1]/io_tf_Audit_ID">temp.temp_tf_Audit_ID</operation>
                                                </parameter>
                                             </serviceInput>
                                             <serviceOutput>
                                                <operation source="field"
                                                           to="temp.dt_LoadRDV_STG_To_SAT_REF_KPI_TARGET_RVP_Insert/output/Object_Name">Object Name</operation>
                                                <operation source="field"
                                                           to="temp.dt_LoadRDV_STG_To_SAT_REF_KPI_TARGET_RVP_Insert/output/Run_Id">Run Id</operation>
                                                <operation source="field"
                                                           to="temp.dt_LoadRDV_STG_To_SAT_REF_KPI_TARGET_RVP_Insert/output/Log_Id">Log Id</operation>
                                                <operation source="field"
                                                           to="temp.dt_LoadRDV_STG_To_SAT_REF_KPI_TARGET_RVP_Insert/output/Task_Id">Task Id</operation>
                                                <operation source="field"
                                                           to="temp.dt_LoadRDV_STG_To_SAT_REF_KPI_TARGET_RVP_Insert/output/Task_Status">Task Status</operation>
                                                <operation source="field"
                                                           to="temp.dt_LoadRDV_STG_To_SAT_REF_KPI_TARGET_RVP_Insert/output/Success_Source_Rows">Success Source Rows</operation>
                                                <operation source="field"
                                                           to="temp.dt_LoadRDV_STG_To_SAT_REF_KPI_TARGET_RVP_Insert/output/Failed_Source_Rows">Failed Source Rows</operation>
                                                <operation source="field"
                                                           to="temp.dt_LoadRDV_STG_To_SAT_REF_KPI_TARGET_RVP_Insert/output/Success_Target_Rows">Success Target Rows</operation>
                                                <operation source="field"
                                                           to="temp.dt_LoadRDV_STG_To_SAT_REF_KPI_TARGET_RVP_Insert/output/Failed_Target_Rows">Failed Target Rows</operation>
                                                <operation source="field"
                                                           to="temp.dt_LoadRDV_STG_To_SAT_REF_KPI_TARGET_RVP_Insert/output/Start_Time">Start Time</operation>
                                                <operation source="field"
                                                           to="temp.dt_LoadRDV_STG_To_SAT_REF_KPI_TARGET_RVP_Insert/output/End_Time">End Time</operation>
                                                <operation source="field"
                                                           to="temp.dt_LoadRDV_STG_To_SAT_REF_KPI_TARGET_RVP_Insert/output/Error_Message">Error Message</operation>
                                                <operation source="field"
                                                           to="temp.dt_LoadRDV_STG_To_SAT_REF_KPI_TARGET_RVP_Insert/output/TotalTransErrors">Total Transformation Errors</operation>
                                                <operation source="field"
                                                           to="temp.dt_LoadRDV_STG_To_SAT_REF_KPI_TARGET_RVP_Insert/output/FirstErrorCode">First Error Code</operation>
                                                <operation source="field"
                                                           to="temp.dt_LoadRDV_STG_To_SAT_REF_KPI_TARGET_RVP_Insert/inout/io_tf_Audit_ID">io_tf_Audit_ID</operation>
                                             </serviceOutput>
                                          </service>
                                          <events>
                                             <catch faultField="temp.dt_LoadRDV_STG_To_SAT_REF_KPI_TARGET_RVP_Insert/fault"
                                                    id="kfkk0zxg"
                                                    interrupting="true"
                                                    name="error">
                                                <suspend/>
                                             </catch>
                                             <catch faultField="temp.dt_LoadRDV_STG_To_SAT_REF_KPI_TARGET_RVP_Insert/fault"
                                                    id="kfkk0zxh"
                                                    interrupting="true"
                                                    name="warning"/>
                                          </events>
                                       </eventContainer>
                                       <link id="knqr9dx3" targetId="knqr9dwp" type="containerLink"/>
                                    </flow>
                                    <link id="knqr9dwz" targetId="knqr9dwq" type="containerLink"/>
                                    <link id="knqr9dx0" targetId="knqr9dwt" type="containerLink"/>
                                 </container>
                                 <link id="knqr9dwc" targetId="knqr9dw7" type="containerLink"/>
                              </flow>
                              <flow id="knqr9dwe">
                                 <link id="knqr9dwf" targetId="knqr9dw7" type="containerLink"/>
                              </flow>
                              <link id="knqr9dwa" targetId="knqr9dwb" type="containerLink">
                                 <condition source="formula">
                                    <function name="greater-than">
                                       <arg name="left">{$temp.dt_STG_count[1]/inout[1]/io_rowCount}</arg>
                                       <arg name="right">{0}</arg>
                                    </function>
                                 </condition>
                              </link>
                              <link id="knqr9dwd" targetId="knqr9dwe" type="containerLink"/>
                           </container>
                           <link id="kfkk0zt4" targetId="kfkk0zt0" type="containerLink"/>
                        </flow>
                        <flow id="kfkk0zt6">
                           <throw id="kfkk0zu3">
                              <title>Throw_Error_StartJob</title>
                              <throwInput>
                                 <parameter name="code" source="field" updatable="true">temp.dt_Audit_StartJob[1]/inout[1]/io_Result</parameter>
                                 <parameter name="detail" source="constant" updatable="true"/>
                                 <parameter name="reason" source="constant" updatable="true"/>
                              </throwInput>
                           </throw>
                        </flow>
                        <link id="kfkk0zt2" targetId="kfkk0zt3" type="containerLink">
                           <condition source="formula">
                              <function name="contains">
                                 <arg name="left">{$temp.dt_Audit_StartJob[1]/inout[1]/io_Result}</arg>
                                 <arg name="right">SUCCESS</arg>
                              </function>
                           </condition>
                        </link>
                        <link id="kfkk0zt5" targetId="kfkk0zt6" type="containerLink"/>
                        <link id="kfkk100x" targetId="kfkk101o"/>
                     </container>
                     <link id="kfkk0zpo" targetId="kfkk0zpj" type="containerLink"/>
                  </flow>
                  <flow id="kfkk0zpq">
                     <link id="kfkk0zpr" targetId="kfkk0zpj" type="containerLink"/>
                  </flow>
                  <link id="kfkk0zpm" targetId="kfkk0zpn" type="containerLink">
                     <condition source="formula">
                        <function name="contains">
                           <arg name="left">{$temp.temp_filename}</arg>
                           <arg name="right">KPI_TARGET_RVP__</arg>
                        </function>
                     </condition>
                  </link>
                  <link id="kfkk0zpp" targetId="kfkk0zpq" type="containerLink"/>
                  <link id="kfkk0zve" targetId="c"/>
               </container>
               <end id="c"/>
            </flow>
            <dependencies>
               <processObject xmlns="http://schemas.active-endpoints.com/appmodules/screenflow/2011/06/avosHostEnvironment.xsd"
                              displayName="mt-Audit-EndJob"
                              isByCopy="true"
                              name="mt-Audit-EndJob">
                  <description/>
                  <tags/>
                  <detail>
                     <field label="Input Parameters"
                            name="input"
                            nullable="true"
                            required="false"
                            type="reference"/>
                     <field label="InOut Parameters"
                            name="inout"
                            nullable="true"
                            required="false"
                            type="reference"/>
                     <field label="TaskProperties Parameters"
                            name="taskProperties"
                            nullable="true"
                            required="false"
                            type="reference"/>
                     <field label="Output Parameters"
                            name="output"
                            nullable="true"
                            required="false"
                            type="reference"/>
                     <field label="Fault"
                            name="fault"
                            nullable="true"
                            required="false"
                            type="reference"/>
                  </detail>
               </processObject>
               <processObject xmlns="http://schemas.active-endpoints.com/appmodules/screenflow/2011/06/avosHostEnvironment.xsd"
                              displayName="mt-LoadSTG-PSA-To-REF-KPI-TARGET-RVP"
                              isByCopy="true"
                              name="mt-LoadSTG-PSA-To-REF-KPI-TARGET-RVP">
                  <description/>
                  <tags/>
                  <detail>
                     <field label="InOut Parameters"
                            name="inout"
                            nullable="true"
                            required="false"
                            type="reference"/>
                     <field label="TaskProperties Parameters"
                            name="taskProperties"
                            nullable="true"
                            required="false"
                            type="reference"/>
                     <field label="Output Parameters"
                            name="output"
                            nullable="true"
                            required="false"
                            type="reference"/>
                     <field label="Fault"
                            name="fault"
                            nullable="true"
                            required="false"
                            type="reference"/>
                  </detail>
               </processObject>
               <processObject xmlns="http://schemas.active-endpoints.com/appmodules/screenflow/2011/06/avosHostEnvironment.xsd"
                              displayName="mt-Audit-StartJob"
                              isByCopy="true"
                              name="mt-Audit-StartJob">
                  <description/>
                  <tags/>
                  <detail>
                     <field label="Input Parameters"
                            name="input"
                            nullable="true"
                            required="false"
                            type="reference"/>
                     <field label="InOut Parameters"
                            name="inout"
                            nullable="true"
                            required="false"
                            type="reference"/>
                     <field label="TaskProperties Parameters"
                            name="taskProperties"
                            nullable="true"
                            required="false"
                            type="reference"/>
                     <field label="Output Parameters"
                            name="output"
                            nullable="true"
                            required="false"
                            type="reference"/>
                     <field label="Fault"
                            name="fault"
                            nullable="true"
                            required="false"
                            type="reference"/>
                  </detail>
               </processObject>
               <processObject xmlns="http://schemas.active-endpoints.com/appmodules/screenflow/2011/06/avosHostEnvironment.xsd"
                              displayName="mt-STG-count"
                              isByCopy="true"
                              name="mt-STG-count">
                  <description/>
                  <tags/>
                  <detail>
                     <field label="Input Parameters"
                            name="input"
                            nullable="true"
                            required="false"
                            type="reference"/>
                     <field label="InOut Parameters"
                            name="inout"
                            nullable="true"
                            required="false"
                            type="reference"/>
                     <field label="TaskProperties Parameters"
                            name="taskProperties"
                            nullable="true"
                            required="false"
                            type="reference"/>
                     <field label="Output Parameters"
                            name="output"
                            nullable="true"
                            required="false"
                            type="reference"/>
                     <field label="Fault"
                            name="fault"
                            nullable="true"
                            required="false"
                            type="reference"/>
                  </detail>
               </processObject>
               <processObject xmlns="http://schemas.active-endpoints.com/appmodules/screenflow/2011/06/avosHostEnvironment.xsd"
                              displayName="mt-LoadRDV-STG-To-REF-KPI-TARGET-RVP"
                              isByCopy="true"
                              name="mt-LoadRDV-STG-To-REF-KPI-TARGET-RVP">
                  <description/>
                  <tags/>
                  <detail>
                     <field label="Input Parameters"
                            name="input"
                            nullable="true"
                            required="false"
                            type="reference"/>
                     <field label="InOut Parameters"
                            name="inout"
                            nullable="true"
                            required="false"
                            type="reference"/>
                     <field label="TaskProperties Parameters"
                            name="taskProperties"
                            nullable="true"
                            required="false"
                            type="reference"/>
                     <field label="Output Parameters"
                            name="output"
                            nullable="true"
                            required="false"
                            type="reference"/>
                     <field label="Fault"
                            name="fault"
                            nullable="true"
                            required="false"
                            type="reference"/>
                  </detail>
               </processObject>
               <processObject xmlns="http://schemas.active-endpoints.com/appmodules/screenflow/2011/06/avosHostEnvironment.xsd"
                              displayName="mt-LoadRDV-STG-To-SAT-REF-KPI-TARGET-RVP-Insert"
                              isByCopy="true"
                              name="mt-LoadRDV-STG-To-SAT-REF-KPI-TARGET-RVP-Insert">
                  <description/>
                  <tags/>
                  <detail>
                     <field label="Input Parameters"
                            name="input"
                            nullable="true"
                            required="false"
                            type="reference"/>
                     <field label="InOut Parameters"
                            name="inout"
                            nullable="true"
                            required="false"
                            type="reference"/>
                     <field label="TaskProperties Parameters"
                            name="taskProperties"
                            nullable="true"
                            required="false"
                            type="reference"/>
                     <field label="Output Parameters"
                            name="output"
                            nullable="true"
                            required="false"
                            type="reference"/>
                     <field label="Fault"
                            name="fault"
                            nullable="true"
                            required="false"
                            type="reference"/>
                  </detail>
               </processObject>
               <processObject xmlns="http://schemas.active-endpoints.com/appmodules/screenflow/2011/06/avosHostEnvironment.xsd"
                              displayName="INTERNALB2BFILELISTENER1565084895"
                              isByCopy="true"
                              name="INTERNALB2BFILELISTENER1565084895">
                  <description>This process object represents a taskflow specific file task field details.</description>
                  <tags/>
                  <detail>
                     <field label="Arrived Files"
                            name="arrivedFiles"
                            nullable="true"
                            required="false"
                            type="objectlist">
                        <options>
                           <option name="referenceTo">$po:INTERNALB2BFILELISTENER1565084895-arrivedFiles</option>
                           <option name="relationshipName">Child</option>
                           <option hide="true" name="multiSelect">true</option>
                           <option name="required">false</option>
                        </options>
                     </field>
                     <field label="Update Files"
                            name="updatedFiles"
                            nullable="true"
                            required="false"
                            type="objectlist">
                        <options>
                           <option name="referenceTo">$po:INTERNALB2BFILELISTENER1565084895-updatedFiles</option>
                           <option name="relationshipName">Child</option>
                           <option hide="true" name="multiSelect">true</option>
                           <option name="required">false</option>
                        </options>
                     </field>
                     <field label="Deleted Files"
                            name="deletedFiles"
                            nullable="true"
                            required="false"
                            type="objectlist">
                        <options>
                           <option name="referenceTo">$po:INTERNALB2BFILELISTENER1565084895-deletedFiles</option>
                           <option name="relationshipName">Child</option>
                           <option hide="true" name="multiSelect">true</option>
                           <option name="required">false</option>
                        </options>
                     </field>
                  </detail>
               </processObject>
               <processObject xmlns="http://schemas.active-endpoints.com/appmodules/screenflow/2011/06/avosHostEnvironment.xsd"
                              displayName="INTERNALB2BFILELISTENER1565084895-arrivedFiles"
                              isByCopy="true"
                              name="INTERNALB2BFILELISTENER1565084895-arrivedFiles">
                  <description>This process object represents a arrivedFiles structure of the file task field.This is in case of taskflow.</description>
                  <tags/>
                  <detail>
                     <field label="Path"
                            name="path"
                            nullable="true"
                            required="false"
                            type="string"/>
                     <field label="Name"
                            name="name"
                            nullable="true"
                            required="false"
                            type="string"/>
                     <field label="Size"
                            name="size"
                            nullable="true"
                            required="false"
                            type="string"/>
                     <field label="Last Modified"
                            name="lastModified"
                            nullable="true"
                            required="false"
                            type="string"/>
                  </detail>
               </processObject>
               <processObject xmlns="http://schemas.active-endpoints.com/appmodules/screenflow/2011/06/avosHostEnvironment.xsd"
                              displayName="INTERNALB2BFILELISTENER1565084895-updatedFiles"
                              isByCopy="true"
                              name="INTERNALB2BFILELISTENER1565084895-updatedFiles">
                  <description>This process object represents a updatedFiles structure of the file task field.This is in case of taskflow.</description>
                  <tags/>
                  <detail>
                     <field label="Path"
                            name="path"
                            nullable="true"
                            required="false"
                            type="string"/>
                     <field label="Name"
                            name="name"
                            nullable="true"
                            required="false"
                            type="string"/>
                     <field label="Size"
                            name="size"
                            nullable="true"
                            required="false"
                            type="string"/>
                     <field label="Last Modified"
                            name="lastModified"
                            nullable="true"
                            required="false"
                            type="string"/>
                  </detail>
               </processObject>
               <processObject xmlns="http://schemas.active-endpoints.com/appmodules/screenflow/2011/06/avosHostEnvironment.xsd"
                              displayName="INTERNALB2BFILELISTENER1565084895-deletedFiles"
                              isByCopy="true"
                              name="INTERNALB2BFILELISTENER1565084895-deletedFiles">
                  <description>This process object represents file listener task deletedFiles structure.This is in case of taskflow.</description>
                  <tags/>
                  <detail>
                     <field label="Path"
                            name="path"
                            nullable="true"
                            required="false"
                            type="string"/>
                     <field label="Name"
                            name="name"
                            nullable="true"
                            required="false"
                            type="string"/>
                     <field label="Size"
                            name="size"
                            nullable="true"
                            required="false"
                            type="string"/>
                     <field label="Last Modified"
                            name="lastModified"
                            nullable="true"
                            required="false"
                            type="string"/>
                  </detail>
               </processObject>
            </dependencies>
         </taskflow>
      </types1:Entry>
      <types1:GUID>80ZZCI8yri5fWNbTa83uy3</types1:GUID>
      <types1:DisplayName>tf_OnDemand_LoadRDV_20-30_PSA_STEWARDSHIP_to_RDV_REF_KPI_TARGET_RVP</types1:DisplayName>
   </types1:Item>
   <types1:CurrentServerDateTime>2023-01-19T13:41:47.443Z</types1:CurrentServerDateTime>
</aetgt:getResponse>
