<aetgt:getResponse xmlns:aetgt="http://schemas.active-endpoints.com/appmodules/repository/2010/10/avrepository.xsd"
                   xmlns:types1="http://schemas.active-endpoints.com/appmodules/repository/2010/10/avrepository.xsd">
   <types1:Item>
      <types1:EntryId>jD4ARW8UBM7zsZv-gt-39043471-2021-03-09T02:12:06.157Z::tf.xml</types1:EntryId>
      <types1:Name>tf_LoadBDV_40_Shared_InvestmentProductType</types1:Name>
      <types1:MimeType>application/xml+taskflow</types1:MimeType>
      <types1:Description/>
      <types1:AppliesTo/>
      <types1:Tags/>
      <types1:VersionLabel>1.0</types1:VersionLabel>
      <types1:State>CURRENT</types1:State>
      <types1:ProcessGroup/>
      <types1:CreatedBy>jihed.laamiri@ia.ca</types1:CreatedBy>
      <types1:CreationDate>2021-03-09T02:12:06Z</types1:CreationDate>
      <types1:ModifiedBy>aazam.khan@ia.ca</types1:ModifiedBy>
      <types1:ModificationDate>2021-09-22T19:17:12Z</types1:ModificationDate>
      <types1:PublicationStatus>published</types1:PublicationStatus>
      <types1:PublishedBy>jihed.laamiri@ia.ca</types1:PublishedBy>
      <types1:PublicationDate>2022-12-21T17:55:36Z</types1:PublicationDate>
      <types1:PublishedContributionId>project:/tf.tf_LoadBDV_40_Shared_InvestmentProductType/tf_LoadBDV_40_Shared_InvestmentProductType.tf.xml</types1:PublishedContributionId>
      <types1:AutosaveExists>false</types1:AutosaveExists>
      <types1:Entry>
         <taskflow xmlns="http://schemas.active-endpoints.com/appmodules/screenflow/2010/10/avosScreenflow.xsd"
                   xmlns:tfm="http://schemas.active-endpoints.com/appmodules/screenflow/2021/04/taskflowModel.xsd"
                   xmlns:list="urn:activevos:spi:list:functions"
                   displayName="tf_LoadBDV_40_Shared_InvestmentProductType"
                   name="tf_LoadBDV_40_Shared_InvestmentProductType"
                   overrideAPIName="false">
            <parameterSet xmlns="http://schemas.active-endpoints.com/appmodules/screenflow/2021/04/taskflowModel.xsd"/>
            <appliesTo/>
            <description/>
            <tags/>
            <generator>Informatica Process Designer 11</generator>
            <tempFields>
               <field description="" name="dt_audit_startJob_NextDate" type="reference">
                  <options>
                     <option name="referenceTo">$po:mt-audit-startJob-NextDate</option>
                     <option name="failOnNotRun">false</option>
                     <option name="failOnFault">false</option>
                  </options>
               </field>
               <field description="" name="dt_Audit_EndJob" type="reference">
                  <options>
                     <option name="referenceTo">$po:mt-Audit-EndJob</option>
                     <option name="failOnNotRun">false</option>
                     <option name="failOnFault">false</option>
                  </options>
               </field>
               <field description=""
                      name="dt_LoadBDV_RDV_Shared_To_Wt_Sat_Investment_Product_Type_Compute"
                      type="reference">
                  <options>
                     <option name="referenceTo">$po:mt-LoadBDV-RDV-Shared-To-Wt-Sat-InvestmentProductType-Compute</option>
                     <option name="failOnNotRun">false</option>
                     <option name="failOnFault">false</option>
                  </options>
               </field>
               <field description=""
                      name="dt_LoadBDV_BDV_Shared_To_Sat_Investment_Product_Type_Compute_Insert"
                      type="reference">
                  <options>
                     <option name="referenceTo">$po:mt-LoadBDV-BDV-Shared-To-Sat-InvestmentProductType-Compute-Insert</option>
                     <option name="failOnNotRun">false</option>
                     <option name="failOnFault">false</option>
                  </options>
               </field>
               <field description=""
                      name="dt_LoadBDV_BDV_Shared_To_Sat_Investment_Product_Type_Compute_Delete"
                      type="reference">
                  <options>
                     <option name="referenceTo">$po:mt-LoadBDV-BDV-Shared-To-Sat-InvestmentProductType-Compute-Delete</option>
                     <option name="failOnNotRun">false</option>
                     <option name="failOnFault">false</option>
                  </options>
               </field>
               <field description="" name="temp_JobName" type="string">
                  <options>
                     <option name="required">false</option>
                  </options>
               </field>
               <field description="" name="temp_tf_Audit_ID" type="string">
                  <options>
                     <option name="required">false</option>
                  </options>
               </field>
               <field description="" name="temp_dataStartDate" type="date">
                  <options>
                     <option name="required">false</option>
                  </options>
               </field>
               <field description=""
                      name="dt_LoadBDV_RDV_Shared_To_Wt_Sat_InvestmentProductType_MERGE"
                      type="reference">
                  <options>
                     <option name="failOnNotRun">false</option>
                     <option name="failOnFault">false</option>
                     <option name="referenceTo">$po:mt-LoadBDV-RDV-Shared-To-Wt-Sat-InvestmentProductType-MERGE</option>
                  </options>
               </field>
               <field description=""
                      name="dt_LoadBDV_RDV_Shared_To_Wt_Sat_InvestmentProductType"
                      type="reference">
                  <options>
                     <option name="failOnNotRun">false</option>
                     <option name="failOnFault">false</option>
                     <option name="referenceTo">$po:mt-LoadBDV-RDV-Shared-To-Wt-Sat-InvestmentProductType</option>
                  </options>
               </field>
            </tempFields>
            <notes/>
            <deployment suspendOnFault="false" tracingLevel="verbose">
               <rest/>
            </deployment>
            <flow id="a">
               <start id="b">
                  <link id="kghexglh" targetId="kghexglg"/>
               </start>
               <assignment id="kghexglg">
                  <title>asgn_StartJob_Parameters</title>
                  <operation source="formula" to="temp.temp_JobName">
                     <expression language="XQuery">fn:concat("'",util:getAssetName(),"'")</expression>
                  </operation>
                  <operation source="formula" to="temp.temp_tf_Audit_ID">
                     <expression language="XQuery">fn:concat("'",util:getAssetName(),"-", util:getProcessId(),"'")</expression>
                  </operation>
                  <operation source="constant"
                             to="temp.dt_audit_startJob_NextDate[1]/inout[1]/io_Result">ERROR</operation>
                  <operation source="constant"
                             to="temp.dt_audit_startJob_NextDate[1]/inout[1]/io_DataStartDate">01/01/2000 00:00:00.000000000</operation>
                  <link id="kghexglm" targetId="kghexgm8"/>
               </assignment>
               <assignment id="km5bkv44">
                  <title>asgn_DataStartDate</title>
                  <operation source="formula" to="temp.temp_dataStartDate">
                     <expression language="XQuery">fn:concat("'",date:toChar(date:toDate($temp.dt_audit_startJob_NextDate[1]/inout[1]/io_DataStartDate , 'MM/DD/YYYY 00:00:00.000000000'),'YYYY-MM-DD'),"'")</expression>
                  </operation>
                  <link id="km5bkv46" targetId="kghexgmw"/>
               </assignment>
               <eventContainer id="kghexgm8">
                  <service id="kghexgll">
                     <title>dt_audit_startJob_NextDate</title>
                     <serviceName>ICSExecuteDataTask</serviceName>
                     <serviceGUID/>
                     <serviceInput>
                        <parameter name="Wait for Task to Complete" source="constant" updatable="true">true</parameter>
                        <parameter name="Max Wait" source="constant" updatable="true">604800</parameter>
                        <parameter name="Task Name" source="constant" updatable="true">mt_audit_startJob_NextDate</parameter>
                        <parameter name="GUID" source="constant" updatable="true">0ywFIFHxfQ3bSgtGWKKVGE</parameter>
                        <parameter name="Task Type" source="constant" updatable="true">MCT</parameter>
                        <parameter name="Has Inout Parameters" source="constant" updatable="true">true</parameter>
                        <parameter name="taskField" source="nested">
                           <operation source="field" to="mt-audit-startJob-NextDate">temp.dt_audit_startJob_NextDate</operation>
                           <operation source="field" to="mt-audit-startJob-NextDate/inout[1]/io_auditID">temp.temp_tf_Audit_ID</operation>
                           <operation source="field" to="mt-audit-startJob-NextDate/inout[1]/io_jobName">temp.temp_JobName</operation>
                        </parameter>
                     </serviceInput>
                     <serviceOutput>
                        <operation source="field" to="temp.dt_audit_startJob_NextDate/output/Object_Name">Object Name</operation>
                        <operation source="field" to="temp.dt_audit_startJob_NextDate/output/Run_Id">Run Id</operation>
                        <operation source="field" to="temp.dt_audit_startJob_NextDate/output/Log_Id">Log Id</operation>
                        <operation source="field" to="temp.dt_audit_startJob_NextDate/output/Task_Id">Task Id</operation>
                        <operation source="field" to="temp.dt_audit_startJob_NextDate/output/Task_Status">Task Status</operation>
                        <operation source="field"
                                   to="temp.dt_audit_startJob_NextDate/output/Success_Source_Rows">Success Source Rows</operation>
                        <operation source="field"
                                   to="temp.dt_audit_startJob_NextDate/output/Failed_Source_Rows">Failed Source Rows</operation>
                        <operation source="field"
                                   to="temp.dt_audit_startJob_NextDate/output/Success_Target_Rows">Success Target Rows</operation>
                        <operation source="field"
                                   to="temp.dt_audit_startJob_NextDate/output/Failed_Target_Rows">Failed Target Rows</operation>
                        <operation source="field" to="temp.dt_audit_startJob_NextDate/output/Start_Time">Start Time</operation>
                        <operation source="field" to="temp.dt_audit_startJob_NextDate/output/End_Time">End Time</operation>
                        <operation source="field"
                                   to="temp.dt_audit_startJob_NextDate/output/Error_Message">Error Message</operation>
                        <operation source="field" to="temp.dt_audit_startJob_NextDate/inout/io_jobName">io_jobName</operation>
                        <operation source="field" to="temp.dt_audit_startJob_NextDate/inout/io_auditID">io_auditID</operation>
                        <operation source="field" to="temp.dt_audit_startJob_NextDate/inout/io_Result">io_Result</operation>
                        <operation source="field"
                                   to="temp.dt_audit_startJob_NextDate/inout/io_DataStartDate">io_DataStartDate</operation>
                     </serviceOutput>
                  </service>
                  <link id="km5bkv45" targetId="km5bkv44"/>
                  <events>
                     <catch faultField="temp.dt_audit_startJob_NextDate/fault"
                            id="kghexgm6"
                            interrupting="true"
                            name="error">
                        <suspend/>
                     </catch>
                     <catch faultField="temp.dt_audit_startJob_NextDate/fault"
                            id="kghexgm7"
                            interrupting="true"
                            name="warning"/>
                  </events>
               </eventContainer>
               <container id="kghexgmw" type="exclusive">
                  <title>dcn_StartJob_Result</title>
                  <flow id="kghexgn0">
                     <eventContainer id="kox1uudt">
                        <service id="kox1uudl">
                           <title>dt_LoadBDV_RDV_Shared_To_Wt_Sat_InvestmentProductType</title>
                           <serviceName>ICSExecuteDataTask</serviceName>
                           <serviceGUID/>
                           <serviceInput>
                              <parameter name="Wait for Task to Complete" source="constant" updatable="true">true</parameter>
                              <parameter name="Max Wait" source="constant" updatable="true">604800</parameter>
                              <parameter name="Task Name" source="constant" updatable="true">mt_LoadBDV_RDV_Shared_To_Wt_Sat_InvestmentProductType</parameter>
                              <parameter name="GUID" source="constant" updatable="true">67A7K9CL7B7eXQu1nb2EQh</parameter>
                              <parameter name="Task Type" source="constant" updatable="true">MCT</parameter>
                              <parameter name="Has Inout Parameters" source="constant" updatable="true">false</parameter>
                              <parameter name="taskField" source="nested">
                                 <operation source="field"
                                            to="mt-LoadBDV-RDV-Shared-To-Wt-Sat-InvestmentProductType">temp.dt_LoadBDV_RDV_Shared_To_Wt_Sat_InvestmentProductType</operation>
                                 <operation source="field"
                                            to="mt-LoadBDV-RDV-Shared-To-Wt-Sat-InvestmentProductType/input[1]/i_DATA_START_DATE">temp.temp_dataStartDate</operation>
                                 <operation source="field"
                                            to="temp.dt_LoadBDV_RDV_Shared_To_Wt_Sat_InvestmentProductType[1]/input[1]/i_DATA_START_DATE">temp.temp_dataStartDate</operation>
                              </parameter>
                           </serviceInput>
                           <serviceOutput>
                              <operation source="field"
                                         to="temp.dt_LoadBDV_RDV_Shared_To_Wt_Sat_InvestmentProductType/output/Object_Name">Object Name</operation>
                              <operation source="field"
                                         to="temp.dt_LoadBDV_RDV_Shared_To_Wt_Sat_InvestmentProductType/output/Run_Id">Run Id</operation>
                              <operation source="field"
                                         to="temp.dt_LoadBDV_RDV_Shared_To_Wt_Sat_InvestmentProductType/output/Log_Id">Log Id</operation>
                              <operation source="field"
                                         to="temp.dt_LoadBDV_RDV_Shared_To_Wt_Sat_InvestmentProductType/output/Task_Id">Task Id</operation>
                              <operation source="field"
                                         to="temp.dt_LoadBDV_RDV_Shared_To_Wt_Sat_InvestmentProductType/output/Task_Status">Task Status</operation>
                              <operation source="field"
                                         to="temp.dt_LoadBDV_RDV_Shared_To_Wt_Sat_InvestmentProductType/output/Success_Source_Rows">Success Source Rows</operation>
                              <operation source="field"
                                         to="temp.dt_LoadBDV_RDV_Shared_To_Wt_Sat_InvestmentProductType/output/Failed_Source_Rows">Failed Source Rows</operation>
                              <operation source="field"
                                         to="temp.dt_LoadBDV_RDV_Shared_To_Wt_Sat_InvestmentProductType/output/Success_Target_Rows">Success Target Rows</operation>
                              <operation source="field"
                                         to="temp.dt_LoadBDV_RDV_Shared_To_Wt_Sat_InvestmentProductType/output/Failed_Target_Rows">Failed Target Rows</operation>
                              <operation source="field"
                                         to="temp.dt_LoadBDV_RDV_Shared_To_Wt_Sat_InvestmentProductType/output/Start_Time">Start Time</operation>
                              <operation source="field"
                                         to="temp.dt_LoadBDV_RDV_Shared_To_Wt_Sat_InvestmentProductType/output/End_Time">End Time</operation>
                              <operation source="field"
                                         to="temp.dt_LoadBDV_RDV_Shared_To_Wt_Sat_InvestmentProductType/output/Error_Message">Error Message</operation>
                           </serviceOutput>
                        </service>
                        <link id="kox1uudm" targetId="kotf2mzj"/>
                        <events>
                           <catch faultField="temp.dt_LoadBDV_RDV_Shared_To_Wt_Sat_InvestmentProductType/fault"
                                  id="kox1uudr"
                                  interrupting="true"
                                  name="error">
                              <suspend/>
                           </catch>
                           <catch faultField="temp.dt_LoadBDV_RDV_Shared_To_Wt_Sat_InvestmentProductType/fault"
                                  id="kox1uuds"
                                  interrupting="true"
                                  name="warning"/>
                        </events>
                     </eventContainer>
                     <eventContainer id="kotf2mzj">
                        <service id="kotf2myc">
                           <title>dt_LoadBDV_RDV_Shared_To_Wt_Sat_InvestmentProductType_MERGE</title>
                           <serviceName>ICSExecuteDataTask</serviceName>
                           <serviceGUID/>
                           <serviceInput>
                              <parameter name="Wait for Task to Complete" source="constant" updatable="true">true</parameter>
                              <parameter name="Max Wait" source="constant" updatable="true">604800</parameter>
                              <parameter name="Task Name" source="constant" updatable="true">mt_LoadBDV_RDV_Shared_To_Wt_Sat_InvestmentProductType_MERGE</parameter>
                              <parameter name="GUID" source="constant" updatable="true">790GFSz5Kmgh0mn6nM6Nuk</parameter>
                              <parameter name="Task Type" source="constant" updatable="true">MCT</parameter>
                              <parameter name="Has Inout Parameters" source="constant" updatable="true">false</parameter>
                              <parameter name="taskField" source="nested">
                                 <operation source="field"
                                            to="mt-LoadBDV-RDV-Shared-To-Wt-Sat-InvestmentProductType-MERGE">temp.dt_LoadBDV_RDV_Shared_To_Wt_Sat_InvestmentProductType_MERGE</operation>
                                 <operation source="field"
                                            to="mt-LoadBDV-RDV-Shared-To-Wt-Sat-InvestmentProductType-MERGE/input[1]/i_DATA_START_DATE">temp.temp_dataStartDate</operation>
                                 <operation source="field"
                                            to="temp.dt_LoadBDV_RDV_Shared_To_Wt_Sat_InvestmentProductType_MERGE[1]/input[1]/i_DATA_START_DATE">temp.temp_dataStartDate</operation>
                              </parameter>
                           </serviceInput>
                           <serviceOutput>
                              <operation source="field"
                                         to="temp.dt_LoadBDV_RDV_Shared_To_Wt_Sat_InvestmentProductType_MERGE/output/Object_Name">Object Name</operation>
                              <operation source="field"
                                         to="temp.dt_LoadBDV_RDV_Shared_To_Wt_Sat_InvestmentProductType_MERGE/output/Run_Id">Run Id</operation>
                              <operation source="field"
                                         to="temp.dt_LoadBDV_RDV_Shared_To_Wt_Sat_InvestmentProductType_MERGE/output/Log_Id">Log Id</operation>
                              <operation source="field"
                                         to="temp.dt_LoadBDV_RDV_Shared_To_Wt_Sat_InvestmentProductType_MERGE/output/Task_Id">Task Id</operation>
                              <operation source="field"
                                         to="temp.dt_LoadBDV_RDV_Shared_To_Wt_Sat_InvestmentProductType_MERGE/output/Task_Status">Task Status</operation>
                              <operation source="field"
                                         to="temp.dt_LoadBDV_RDV_Shared_To_Wt_Sat_InvestmentProductType_MERGE/output/Success_Source_Rows">Success Source Rows</operation>
                              <operation source="field"
                                         to="temp.dt_LoadBDV_RDV_Shared_To_Wt_Sat_InvestmentProductType_MERGE/output/Failed_Source_Rows">Failed Source Rows</operation>
                              <operation source="field"
                                         to="temp.dt_LoadBDV_RDV_Shared_To_Wt_Sat_InvestmentProductType_MERGE/output/Success_Target_Rows">Success Target Rows</operation>
                              <operation source="field"
                                         to="temp.dt_LoadBDV_RDV_Shared_To_Wt_Sat_InvestmentProductType_MERGE/output/Failed_Target_Rows">Failed Target Rows</operation>
                              <operation source="field"
                                         to="temp.dt_LoadBDV_RDV_Shared_To_Wt_Sat_InvestmentProductType_MERGE/output/Start_Time">Start Time</operation>
                              <operation source="field"
                                         to="temp.dt_LoadBDV_RDV_Shared_To_Wt_Sat_InvestmentProductType_MERGE/output/End_Time">End Time</operation>
                              <operation source="field"
                                         to="temp.dt_LoadBDV_RDV_Shared_To_Wt_Sat_InvestmentProductType_MERGE/output/Error_Message">Error Message</operation>
                           </serviceOutput>
                        </service>
                        <link id="kotf2mye" targetId="kh48wyrm"/>
                        <events>
                           <catch faultField="temp.dt_LoadBDV_RDV_Shared_To_Wt_Sat_InvestmentProductType_MERGE/fault"
                                  id="kotf2mzh"
                                  interrupting="true"
                                  name="error">
                              <suspend/>
                           </catch>
                           <catch faultField="temp.dt_LoadBDV_RDV_Shared_To_Wt_Sat_InvestmentProductType_MERGE/fault"
                                  id="kotf2mzi"
                                  interrupting="true"
                                  name="warning"/>
                        </events>
                     </eventContainer>
                     <eventContainer id="kh48wyrm">
                        <service id="kh48wyqx">
                           <title>dt_LoadBDV_RDV_Shared_To_Wt_Sat_Investment_Product_Type_Compute</title>
                           <serviceName>ICSExecuteDataTask</serviceName>
                           <serviceGUID/>
                           <serviceInput>
                              <parameter name="Wait for Task to Complete" source="constant" updatable="true">true</parameter>
                              <parameter name="Max Wait" source="constant" updatable="true">604800</parameter>
                              <parameter name="Task Name" source="constant" updatable="true">mt_LoadBDV_RDV_Shared_To_Wt_Sat_InvestmentProductType_Compute</parameter>
                              <parameter name="GUID" source="constant" updatable="true">d7Bjma3zcsnd2bzTMlrTuU</parameter>
                              <parameter name="Task Type" source="constant" updatable="true">MCT</parameter>
                              <parameter name="Has Inout Parameters" source="constant" updatable="true">false</parameter>
                              <parameter name="taskField" source="nested">
                                 <operation source="field"
                                            to="mt-LoadBDV-RDV-Shared-To-Wt-Sat-InvestmentProductType-Compute">temp.dt_LoadBDV_RDV_Shared_To_Wt_Sat_Investment_Product_Type_Compute</operation>
                              </parameter>
                           </serviceInput>
                           <serviceOutput>
                              <operation source="field"
                                         to="temp.dt_LoadBDV_RDV_Shared_To_Wt_Sat_Investment_Product_Type_Compute/output/Object_Name">Object Name</operation>
                              <operation source="field"
                                         to="temp.dt_LoadBDV_RDV_Shared_To_Wt_Sat_Investment_Product_Type_Compute/output/Run_Id">Run Id</operation>
                              <operation source="field"
                                         to="temp.dt_LoadBDV_RDV_Shared_To_Wt_Sat_Investment_Product_Type_Compute/output/Log_Id">Log Id</operation>
                              <operation source="field"
                                         to="temp.dt_LoadBDV_RDV_Shared_To_Wt_Sat_Investment_Product_Type_Compute/output/Task_Id">Task Id</operation>
                              <operation source="field"
                                         to="temp.dt_LoadBDV_RDV_Shared_To_Wt_Sat_Investment_Product_Type_Compute/output/Task_Status">Task Status</operation>
                              <operation source="field"
                                         to="temp.dt_LoadBDV_RDV_Shared_To_Wt_Sat_Investment_Product_Type_Compute/output/Success_Source_Rows">Success Source Rows</operation>
                              <operation source="field"
                                         to="temp.dt_LoadBDV_RDV_Shared_To_Wt_Sat_Investment_Product_Type_Compute/output/Failed_Source_Rows">Failed Source Rows</operation>
                              <operation source="field"
                                         to="temp.dt_LoadBDV_RDV_Shared_To_Wt_Sat_Investment_Product_Type_Compute/output/Success_Target_Rows">Success Target Rows</operation>
                              <operation source="field"
                                         to="temp.dt_LoadBDV_RDV_Shared_To_Wt_Sat_Investment_Product_Type_Compute/output/Failed_Target_Rows">Failed Target Rows</operation>
                              <operation source="field"
                                         to="temp.dt_LoadBDV_RDV_Shared_To_Wt_Sat_Investment_Product_Type_Compute/output/Start_Time">Start Time</operation>
                              <operation source="field"
                                         to="temp.dt_LoadBDV_RDV_Shared_To_Wt_Sat_Investment_Product_Type_Compute/output/End_Time">End Time</operation>
                              <operation source="field"
                                         to="temp.dt_LoadBDV_RDV_Shared_To_Wt_Sat_Investment_Product_Type_Compute/output/Error_Message">Error Message</operation>
                           </serviceOutput>
                        </service>
                        <link id="kh48wyqy" targetId="kghfr6jc"/>
                        <events>
                           <catch faultField="temp.dt_LoadBDV_RDV_Shared_To_Wt_Sat_Investment_Product_Type_Compute/fault"
                                  id="kh48wyrk"
                                  interrupting="true"
                                  name="error">
                              <suspend/>
                           </catch>
                           <catch faultField="temp.dt_LoadBDV_RDV_Shared_To_Wt_Sat_Investment_Product_Type_Compute/fault"
                                  id="kh48wyrl"
                                  interrupting="true"
                                  name="warning"/>
                        </events>
                     </eventContainer>
                     <eventContainer id="kghfr6r4">
                        <service id="kghfr6qp">
                           <title>dt_Audit_EndJob</title>
                           <serviceName>ICSExecuteDataTask</serviceName>
                           <serviceGUID/>
                           <serviceInput>
                              <parameter name="Wait for Task to Complete" source="constant" updatable="true">true</parameter>
                              <parameter name="Max Wait" source="constant" updatable="true">604800</parameter>
                              <parameter name="Task Name" source="constant" updatable="true">mt_Audit_EndJob</parameter>
                              <parameter name="GUID" source="constant" updatable="true">6EqA9HmswiGeH9OoCPHOup</parameter>
                              <parameter name="Task Type" source="constant" updatable="true">MCT</parameter>
                              <parameter name="Has Inout Parameters" source="constant" updatable="true">true</parameter>
                              <parameter name="taskField" source="nested">
                                 <operation source="field" to="mt-Audit-EndJob">temp.dt_Audit_EndJob</operation>
                                 <operation source="field" to="mt-Audit-EndJob/inout[1]/io_jobAuditID">temp.temp_tf_Audit_ID</operation>
                                 <operation source="constant" to="mt-Audit-EndJob/inout[1]/io_jobEndDesc">Successful execution</operation>
                                 <operation source="constant" to="mt-Audit-EndJob/inout[1]/io_jobEndStatus">SUCCESS</operation>
                                 <operation source="field" to="mt-Audit-EndJob/inout[1]/io_jobName">temp.temp_JobName</operation>
                                 <operation source="field" to="mt-Audit-EndJob/inout[1]/io_jobStartDate">temp.temp_dataStartDate</operation>
                              </parameter>
                           </serviceInput>
                           <serviceOutput>
                              <operation source="field" to="temp.dt_Audit_EndJob/output/Object_Name">Object Name</operation>
                              <operation source="field" to="temp.dt_Audit_EndJob/output/Run_Id">Run Id</operation>
                              <operation source="field" to="temp.dt_Audit_EndJob/output/Log_Id">Log Id</operation>
                              <operation source="field" to="temp.dt_Audit_EndJob/output/Task_Id">Task Id</operation>
                              <operation source="field" to="temp.dt_Audit_EndJob/output/Task_Status">Task Status</operation>
                              <operation source="field" to="temp.dt_Audit_EndJob/output/Success_Source_Rows">Success Source Rows</operation>
                              <operation source="field" to="temp.dt_Audit_EndJob/output/Failed_Source_Rows">Failed Source Rows</operation>
                              <operation source="field" to="temp.dt_Audit_EndJob/output/Success_Target_Rows">Success Target Rows</operation>
                              <operation source="field" to="temp.dt_Audit_EndJob/output/Failed_Target_Rows">Failed Target Rows</operation>
                              <operation source="field" to="temp.dt_Audit_EndJob/output/Start_Time">Start Time</operation>
                              <operation source="field" to="temp.dt_Audit_EndJob/output/End_Time">End Time</operation>
                              <operation source="field" to="temp.dt_Audit_EndJob/output/Error_Message">Error Message</operation>
                              <operation source="field" to="temp.dt_Audit_EndJob/inout/io_Result">io_Result</operation>
                              <operation source="field" to="temp.dt_Audit_EndJob/inout/io_jobName">io_jobName</operation>
                              <operation source="field" to="temp.dt_Audit_EndJob/inout/io_jobAuditID">io_jobAuditID</operation>
                              <operation source="field" to="temp.dt_Audit_EndJob/inout/io_jobStartDate">io_jobStartDate</operation>
                              <operation source="field" to="temp.dt_Audit_EndJob/inout/io_jobEndStatus">io_jobEndStatus</operation>
                              <operation source="field" to="temp.dt_Audit_EndJob/inout/io_jobEndDesc">io_jobEndDesc</operation>
                           </serviceOutput>
                        </service>
                        <events>
                           <catch faultField="temp.dt_Audit_EndJob/fault"
                                  id="kghfr6r2"
                                  interrupting="true"
                                  name="error">
                              <suspend/>
                           </catch>
                           <catch faultField="temp.dt_Audit_EndJob/fault"
                                  id="kghfr6r3"
                                  interrupting="true"
                                  name="warning"/>
                        </events>
                     </eventContainer>
                     <container id="kghfr6jc" type="parallel">
                        <title>Parallel BDV loading</title>
                        <flow id="kghfr6jh">
                           <eventContainer id="kh48wyt7">
                              <service id="kh48wysj">
                                 <title>dt_LoadBDV_BDV_Shared_To_Sat_Investment_Product_Type_Compute_Insert</title>
                                 <serviceName>ICSExecuteDataTask</serviceName>
                                 <serviceGUID/>
                                 <serviceInput>
                                    <parameter name="Wait for Task to Complete" source="constant" updatable="true">true</parameter>
                                    <parameter name="Max Wait" source="constant" updatable="true">604800</parameter>
                                    <parameter name="Task Name" source="constant" updatable="true">mt_LoadBDV_BDV_Shared_To_Sat_InvestmentProductType_Compute_Insert</parameter>
                                    <parameter name="GUID" source="constant" updatable="true">20jWB9Ru62ndy6Bmuv3PSD</parameter>
                                    <parameter name="Task Type" source="constant" updatable="true">MCT</parameter>
                                    <parameter name="Has Inout Parameters" source="constant" updatable="true">false</parameter>
                                    <parameter name="taskField" source="nested">
                                       <operation source="field"
                                                  to="mt-LoadBDV-BDV-Shared-To-Sat-InvestmentProductType-Compute-Insert">temp.dt_LoadBDV_BDV_Shared_To_Sat_Investment_Product_Type_Compute_Insert</operation>
                                       <operation source="field"
                                                  to="mt-LoadBDV-BDV-Shared-To-Sat-InvestmentProductType-Compute-Insert/inout[1]/io_tf_Audit_ID">temp.temp_tf_Audit_ID</operation>
                                    </parameter>
                                 </serviceInput>
                                 <serviceOutput>
                                    <operation source="field"
                                               to="temp.dt_LoadBDV_BDV_Shared_To_Sat_Investment_Product_Type_Compute_Insert/output/Object_Name">Object Name</operation>
                                    <operation source="field"
                                               to="temp.dt_LoadBDV_BDV_Shared_To_Sat_Investment_Product_Type_Compute_Insert/output/Run_Id">Run Id</operation>
                                    <operation source="field"
                                               to="temp.dt_LoadBDV_BDV_Shared_To_Sat_Investment_Product_Type_Compute_Insert/output/Log_Id">Log Id</operation>
                                    <operation source="field"
                                               to="temp.dt_LoadBDV_BDV_Shared_To_Sat_Investment_Product_Type_Compute_Insert/output/Task_Id">Task Id</operation>
                                    <operation source="field"
                                               to="temp.dt_LoadBDV_BDV_Shared_To_Sat_Investment_Product_Type_Compute_Insert/output/Task_Status">Task Status</operation>
                                    <operation source="field"
                                               to="temp.dt_LoadBDV_BDV_Shared_To_Sat_Investment_Product_Type_Compute_Insert/output/Success_Source_Rows">Success Source Rows</operation>
                                    <operation source="field"
                                               to="temp.dt_LoadBDV_BDV_Shared_To_Sat_Investment_Product_Type_Compute_Insert/output/Failed_Source_Rows">Failed Source Rows</operation>
                                    <operation source="field"
                                               to="temp.dt_LoadBDV_BDV_Shared_To_Sat_Investment_Product_Type_Compute_Insert/output/Success_Target_Rows">Success Target Rows</operation>
                                    <operation source="field"
                                               to="temp.dt_LoadBDV_BDV_Shared_To_Sat_Investment_Product_Type_Compute_Insert/output/Failed_Target_Rows">Failed Target Rows</operation>
                                    <operation source="field"
                                               to="temp.dt_LoadBDV_BDV_Shared_To_Sat_Investment_Product_Type_Compute_Insert/output/Start_Time">Start Time</operation>
                                    <operation source="field"
                                               to="temp.dt_LoadBDV_BDV_Shared_To_Sat_Investment_Product_Type_Compute_Insert/output/End_Time">End Time</operation>
                                    <operation source="field"
                                               to="temp.dt_LoadBDV_BDV_Shared_To_Sat_Investment_Product_Type_Compute_Insert/output/Error_Message">Error Message</operation>
                                 </serviceOutput>
                              </service>
                              <events>
                                 <catch faultField="temp.dt_LoadBDV_BDV_Shared_To_Sat_Investment_Product_Type_Compute_Insert/fault"
                                        id="kh48wyt5"
                                        interrupting="true"
                                        name="error">
                                    <suspend/>
                                 </catch>
                                 <catch faultField="temp.dt_LoadBDV_BDV_Shared_To_Sat_Investment_Product_Type_Compute_Insert/fault"
                                        id="kh48wyt6"
                                        interrupting="true"
                                        name="warning"/>
                              </events>
                           </eventContainer>
                           <link id="kghfr6ji" targetId="kghfr6jc" type="containerLink"/>
                        </flow>
                        <flow id="kghfr6je">
                           <eventContainer id="kh48wyui">
                              <service id="kh48wytu">
                                 <title>dt_LoadBDV_BDV_Shared_To_Sat_Investment_Product_Type_Compute_Delete</title>
                                 <serviceName>ICSExecuteDataTask</serviceName>
                                 <serviceGUID/>
                                 <serviceInput>
                                    <parameter name="Wait for Task to Complete" source="constant" updatable="true">true</parameter>
                                    <parameter name="Max Wait" source="constant" updatable="true">604800</parameter>
                                    <parameter name="Task Name" source="constant" updatable="true">mt_LoadBDV_BDV_Shared_To_Sat_InvestmentProductType_Compute_Delete</parameter>
                                    <parameter name="GUID" source="constant" updatable="true">8Rpac7FctePhqQC4ttB7Gt</parameter>
                                    <parameter name="Task Type" source="constant" updatable="true">MCT</parameter>
                                    <parameter name="Has Inout Parameters" source="constant" updatable="true">false</parameter>
                                    <parameter name="taskField" source="nested">
                                       <operation source="field"
                                                  to="mt-LoadBDV-BDV-Shared-To-Sat-InvestmentProductType-Compute-Delete">temp.dt_LoadBDV_BDV_Shared_To_Sat_Investment_Product_Type_Compute_Delete</operation>
                                       <operation source="field"
                                                  to="mt-LoadBDV-BDV-Shared-To-Sat-InvestmentProductType-Compute-Delete/input[1]/i_DATA_START_DATE">temp.temp_dataStartDate<expression language="XQuery">fn:concat("'",date:toChar(date:toDate($temp.mt_audit_startJob_NextDate[1]/inout[1]/io_DataStartDate , 'MM/DD/YYYY 00:00:00.000000000'),'YYYY-MM-DD'),"'")</expression>
                                       </operation>
                                       <operation source="field"
                                                  to="mt-LoadBDV-BDV-Shared-To-Sat-InvestmentProductType-Compute-Delete/inout[1]/io_tf_Audit_ID">temp.temp_tf_Audit_ID</operation>
                                       <operation source="field"
                                                  to="temp.dt_LoadBDV_BDV_Shared_To_Sat_Investment_Product_Type_Compute_Delete[1]/input[1]/i_DATA_START_DATE">temp.temp_dataStartDate</operation>
                                    </parameter>
                                 </serviceInput>
                                 <serviceOutput>
                                    <operation source="field"
                                               to="temp.dt_LoadBDV_BDV_Shared_To_Sat_Investment_Product_Type_Compute_Delete/output/Object_Name">Object Name</operation>
                                    <operation source="field"
                                               to="temp.dt_LoadBDV_BDV_Shared_To_Sat_Investment_Product_Type_Compute_Delete/output/Run_Id">Run Id</operation>
                                    <operation source="field"
                                               to="temp.dt_LoadBDV_BDV_Shared_To_Sat_Investment_Product_Type_Compute_Delete/output/Log_Id">Log Id</operation>
                                    <operation source="field"
                                               to="temp.dt_LoadBDV_BDV_Shared_To_Sat_Investment_Product_Type_Compute_Delete/output/Task_Id">Task Id</operation>
                                    <operation source="field"
                                               to="temp.dt_LoadBDV_BDV_Shared_To_Sat_Investment_Product_Type_Compute_Delete/output/Task_Status">Task Status</operation>
                                    <operation source="field"
                                               to="temp.dt_LoadBDV_BDV_Shared_To_Sat_Investment_Product_Type_Compute_Delete/output/Success_Source_Rows">Success Source Rows</operation>
                                    <operation source="field"
                                               to="temp.dt_LoadBDV_BDV_Shared_To_Sat_Investment_Product_Type_Compute_Delete/output/Failed_Source_Rows">Failed Source Rows</operation>
                                    <operation source="field"
                                               to="temp.dt_LoadBDV_BDV_Shared_To_Sat_Investment_Product_Type_Compute_Delete/output/Success_Target_Rows">Success Target Rows</operation>
                                    <operation source="field"
                                               to="temp.dt_LoadBDV_BDV_Shared_To_Sat_Investment_Product_Type_Compute_Delete/output/Failed_Target_Rows">Failed Target Rows</operation>
                                    <operation source="field"
                                               to="temp.dt_LoadBDV_BDV_Shared_To_Sat_Investment_Product_Type_Compute_Delete/output/Start_Time">Start Time</operation>
                                    <operation source="field"
                                               to="temp.dt_LoadBDV_BDV_Shared_To_Sat_Investment_Product_Type_Compute_Delete/output/End_Time">End Time</operation>
                                    <operation source="field"
                                               to="temp.dt_LoadBDV_BDV_Shared_To_Sat_Investment_Product_Type_Compute_Delete/output/Error_Message">Error Message</operation>
                                 </serviceOutput>
                              </service>
                              <events>
                                 <catch faultField="temp.dt_LoadBDV_BDV_Shared_To_Sat_Investment_Product_Type_Compute_Delete/fault"
                                        id="kh48wyug"
                                        interrupting="true"
                                        name="error">
                                    <suspend/>
                                 </catch>
                                 <catch faultField="temp.dt_LoadBDV_BDV_Shared_To_Sat_Investment_Product_Type_Compute_Delete/fault"
                                        id="kh48wyuh"
                                        interrupting="true"
                                        name="warning"/>
                              </events>
                           </eventContainer>
                           <link id="kghfr6jf" targetId="kghfr6jc" type="containerLink"/>
                        </flow>
                        <link id="kghfr6jg" targetId="kghfr6jh" type="containerLink"/>
                        <link id="kghfr6jd" targetId="kghfr6je" type="containerLink"/>
                        <link id="km1dqk60" targetId="kghfr6r4"/>
                     </container>
                     <link id="kghexgn1" targetId="kghexgmw" type="containerLink"/>
                  </flow>
                  <flow id="kghexgn3">
                     <throw id="kghexgnp">
                        <title>Throw_Error_StartJob</title>
                        <throwInput>
                           <parameter name="code" source="field" updatable="true">temp.mt_audit_startJob_NextDate[1]/inout[1]/io_Result</parameter>
                           <parameter name="detail" source="constant" updatable="true"/>
                           <parameter name="reason" source="constant" updatable="true"/>
                        </throwInput>
                     </throw>
                  </flow>
                  <link id="kghexgmz" targetId="kghexgn0" type="containerLink">
                     <condition source="formula">
                        <function name="contains">
                           <arg name="left">{$temp.dt_audit_startJob_NextDate[1]/inout[1]/io_Result}</arg>
                           <arg name="right">SUCCESS</arg>
                        </function>
                     </condition>
                  </link>
                  <link id="kghexgn2" targetId="kghexgn3" type="containerLink"/>
                  <link id="kghexgmy" targetId="c"/>
               </container>
               <end id="c"/>
            </flow>
            <dependencies>
               <processObject xmlns="http://schemas.active-endpoints.com/appmodules/screenflow/2011/06/avosHostEnvironment.xsd"
                              displayName="mt-audit-startJob-NextDate"
                              isByCopy="true"
                              name="mt-audit-startJob-NextDate">
                  <description/>
                  <tags/>
                  <detail>
                     <field label="Input Parameters" name="input" type="reference"/>
                     <field label="InOut Parameters" name="inout" type="reference"/>
                     <field label="TaskProperties Parameters"
                            name="taskProperties"
                            type="reference"/>
                     <field label="Output Parameters" name="output" type="reference"/>
                     <field label="Fault" name="fault" type="reference"/>
                  </detail>
               </processObject>
               <processObject xmlns="http://schemas.active-endpoints.com/appmodules/screenflow/2011/06/avosHostEnvironment.xsd"
                              displayName="mt-Audit-EndJob"
                              isByCopy="true"
                              name="mt-Audit-EndJob">
                  <description/>
                  <tags/>
                  <detail>
                     <field label="Input Parameters" name="input" type="reference"/>
                     <field label="InOut Parameters" name="inout" type="reference"/>
                     <field label="TaskProperties Parameters"
                            name="taskProperties"
                            type="reference"/>
                     <field label="Output Parameters" name="output" type="reference"/>
                     <field label="Fault" name="fault" type="reference"/>
                  </detail>
               </processObject>
               <processObject xmlns="http://schemas.active-endpoints.com/appmodules/screenflow/2011/06/avosHostEnvironment.xsd"
                              displayName="mt-LoadBDV-RDV-Shared-To-Wt-Sat-InvestmentProductType-Compute"
                              isByCopy="true"
                              name="mt-LoadBDV-RDV-Shared-To-Wt-Sat-InvestmentProductType-Compute">
                  <description/>
                  <tags/>
                  <detail>
                     <field label="TaskProperties Parameters"
                            name="taskProperties"
                            type="reference"/>
                     <field label="Output Parameters" name="output" type="reference"/>
                     <field label="Fault" name="fault" type="reference"/>
                  </detail>
               </processObject>
               <processObject xmlns="http://schemas.active-endpoints.com/appmodules/screenflow/2011/06/avosHostEnvironment.xsd"
                              displayName="mt-LoadBDV-BDV-Shared-To-Sat-InvestmentProductType-Compute-Insert"
                              isByCopy="true"
                              name="mt-LoadBDV-BDV-Shared-To-Sat-InvestmentProductType-Compute-Insert">
                  <description/>
                  <tags/>
                  <detail>
                     <field label="Input Parameters" name="input" type="reference"/>
                     <field label="InOut Parameters" name="inout" type="reference"/>
                     <field label="TaskProperties Parameters"
                            name="taskProperties"
                            type="reference"/>
                     <field label="Output Parameters" name="output" type="reference"/>
                     <field label="Fault" name="fault" type="reference"/>
                  </detail>
               </processObject>
               <processObject xmlns="http://schemas.active-endpoints.com/appmodules/screenflow/2011/06/avosHostEnvironment.xsd"
                              displayName="mt-LoadBDV-BDV-Shared-To-Sat-InvestmentProductType-Compute-Delete"
                              isByCopy="true"
                              name="mt-LoadBDV-BDV-Shared-To-Sat-InvestmentProductType-Compute-Delete">
                  <description/>
                  <tags/>
                  <detail>
                     <field label="Input Parameters" name="input" type="reference"/>
                     <field label="InOut Parameters" name="inout" type="reference"/>
                     <field label="TaskProperties Parameters"
                            name="taskProperties"
                            type="reference"/>
                     <field label="Output Parameters" name="output" type="reference"/>
                     <field label="Fault" name="fault" type="reference"/>
                  </detail>
               </processObject>
               <processObject xmlns="http://schemas.active-endpoints.com/appmodules/screenflow/2011/06/avosHostEnvironment.xsd"
                              displayName="mt-LoadBDV-RDV-Shared-To-Wt-Sat-InvestmentProductType-MERGE"
                              isByCopy="true"
                              name="mt-LoadBDV-RDV-Shared-To-Wt-Sat-InvestmentProductType-MERGE">
                  <description/>
                  <tags/>
                  <detail>
                     <field label="Input Parameters" name="input" type="reference"/>
                     <field label="TaskProperties Parameters"
                            name="taskProperties"
                            type="reference"/>
                     <field label="Output Parameters" name="output" type="reference"/>
                     <field label="Fault" name="fault" type="reference"/>
                  </detail>
               </processObject>
               <processObject xmlns="http://schemas.active-endpoints.com/appmodules/screenflow/2011/06/avosHostEnvironment.xsd"
                              displayName="mt-LoadBDV-RDV-Shared-To-Wt-Sat-InvestmentProductType"
                              isByCopy="true"
                              name="mt-LoadBDV-RDV-Shared-To-Wt-Sat-InvestmentProductType">
                  <description/>
                  <tags/>
                  <detail>
                     <field label="Input Parameters" name="input" type="reference"/>
                     <field label="TaskProperties Parameters"
                            name="taskProperties"
                            type="reference"/>
                     <field label="Output Parameters" name="output" type="reference"/>
                     <field label="Fault" name="fault" type="reference"/>
                  </detail>
               </processObject>
            </dependencies>
         </taskflow>
      </types1:Entry>
      <types1:GUID>acaKJfePqsAfSb8aajVk06</types1:GUID>
      <types1:DisplayName>tf_LoadBDV_40_Shared_InvestmentProductType</types1:DisplayName>
   </types1:Item>
   <types1:CurrentServerDateTime>2023-01-19T13:41:46.862Z</types1:CurrentServerDateTime>
</aetgt:getResponse>
