<aetgt:getResponse xmlns:aetgt="http://schemas.active-endpoints.com/appmodules/repository/2010/10/avrepository.xsd"
                   xmlns:types1="http://schemas.active-endpoints.com/appmodules/repository/2010/10/avrepository.xsd">
   <types1:Item>
      <types1:EntryId>PsxKlFmVSciY3Ax-gt-194305-2022-06-17T13:15:18.673Z::tf.xml</types1:EntryId>
      <types1:Name>tf_LoadBDV_DM_40-60_IAS_NBIN_to_DM_DIM_ACCOUNTS</types1:Name>
      <types1:MimeType>application/xml+taskflow</types1:MimeType>
      <types1:Description/>
      <types1:AppliesTo/>
      <types1:Tags/>
      <types1:VersionLabel>1.0</types1:VersionLabel>
      <types1:State>CURRENT</types1:State>
      <types1:ProcessGroup/>
      <types1:CreatedBy>jihed.laamiri@ia.ca</types1:CreatedBy>
      <types1:CreationDate>2022-06-17T13:15:19Z</types1:CreationDate>
      <types1:ModifiedBy>jihed.laamiri@ia.ca</types1:ModifiedBy>
      <types1:ModificationDate>2022-06-17T13:23:33Z</types1:ModificationDate>
      <types1:PublicationStatus>unpublished</types1:PublicationStatus>
      <types1:AutosaveExists>false</types1:AutosaveExists>
      <types1:Entry>
         <taskflow xmlns="http://schemas.active-endpoints.com/appmodules/screenflow/2010/10/avosScreenflow.xsd"
                   xmlns:tfm="http://schemas.active-endpoints.com/appmodules/screenflow/2021/04/taskflowModel.xsd"
                   xmlns:list="urn:activevos:spi:list:functions"
                   displayName="tf_LoadBDV_DM_40-60_IAS_NBIN_to_DM_DIM_ACCOUNTS"
                   name="tf_LoadBDV_DM_40-60_IAS_NBIN_to_DM_DIM_ACCOUNTS"
                   overrideAPIName="false">
            <parameterSet xmlns="http://schemas.active-endpoints.com/appmodules/screenflow/2021/04/taskflowModel.xsd"/>
            <appliesTo/>
            <description/>
            <tags/>
            <generator>Informatica Process Designer 11</generator>
            <tempFields>
               <field description="Number of the remaining iterations"
                      name="temp_remainingIterations"
                      type="int">
                  <options>
                     <option name="required">false</option>
                  </options>
               </field>
            </tempFields>
            <notes/>
            <deployment suspendOnFault="false" tracingLevel="verbose">
               <rest/>
            </deployment>
            <flow id="a">
               <start id="b">
                  <link id="kmfjmr6d" targetId="kmfjmr6c"/>
               </start>
               <assignment id="kmfjmr6c">
                  <title>asgn_init_counters</title>
                  <operation source="formula" to="temp.temp_remainingIterations">
                     <expression language="XQuery">328</expression>
                  </operation>
                  <link id="kmfjmr6v" targetId="kmfjmr6u"/>
               </assignment>
               <container id="kmfjmr6u" type="exclusive">
                  <title>dcn_still_iteration</title>
                  <flow id="kmfjmr6y">
                     <subflow id="l4ih8862">
                        <title>tf_LoadBDV_42_Shared_AccountPlans</title>
                        <subflowGUID>1BdHuYvMEtFfMtfEjcVXgo</subflowGUID>
                        <subflowPath>tf_LoadBDV_42_Shared_AccountPlans</subflowPath>
                        <runForEach>false</runForEach>
                        <input/>
                        <outputDef/>
                        <link id="l4ih8869" targetId="l4ih8868"/>
                     </subflow>
                     <subflow id="l4ih8868">
                        <title>tf_LoadBDV_45_Shared_Contracts_AUASeg</title>
                        <subflowGUID>6IQrohkPzaChd0dlfi7yon</subflowGUID>
                        <subflowPath>tf_LoadBDV_45_Shared_Contracts_AUASeg</subflowPath>
                        <runForEach>false</runForEach>
                        <input/>
                        <outputDef/>
                        <link id="l4ih886g" targetId="l4ih886f"/>
                     </subflow>
                     <subflow id="l4ih886f">
                        <title>tf_LoadDM_60_Shared_DimAccounts</title>
                        <subflowGUID>aGzO3oMW7EHjsE3hH3Hiw6</subflowGUID>
                        <subflowPath>tf_LoadDM_60_Shared_DimAccounts-2</subflowPath>
                        <runForEach>false</runForEach>
                        <input/>
                        <outputDef/>
                        <link id="l4ih886h" targetId="kmfjmr7l"/>
                     </subflow>
                     <assignment id="kmfjmr7l">
                        <title>asgn_update_counters</title>
                        <operation source="formula" to="temp.temp_remainingIterations">
                           <expression language="XQuery">$temp.temp_remainingIterations - 1</expression>
                        </operation>
                        <link id="kmfjmr8x" targetId="kmfjmr8v"/>
                     </assignment>
                     <jumpTo id="kmfjmr8v">
                        <link id="kmfjmr8w" targetId="kmfjmr6u"/>
                     </jumpTo>
                  </flow>
                  <flow id="kmfjmr71">
                     <link id="kmfjmr72" targetId="kmfjmr6u" type="containerLink"/>
                  </flow>
                  <link id="kmfjmr6x" targetId="kmfjmr6y" type="containerLink">
                     <condition source="formula">
                        <function name="greater-than">
                           <arg name="left">{$temp.temp_remainingIterations}</arg>
                           <arg name="right">{0}</arg>
                        </function>
                     </condition>
                  </link>
                  <link id="kmfjmr70" targetId="kmfjmr71" type="containerLink"/>
                  <link id="kmfjmr6w" targetId="c"/>
               </container>
               <end id="c"/>
            </flow>
         </taskflow>
      </types1:Entry>
      <types1:GUID>0nnuP4T4nVDlNdEE3qFPSb</types1:GUID>
      <types1:DisplayName>tf_LoadBDV_DM_40-60_IAS_NBIN_to_DM_DIM_ACCOUNTS</types1:DisplayName>
   </types1:Item>
   <types1:CurrentServerDateTime>2023-01-19T13:41:47.752Z</types1:CurrentServerDateTime>
</aetgt:getResponse>
