<aetgt:getResponse xmlns:aetgt="http://schemas.active-endpoints.com/appmodules/repository/2010/10/avrepository.xsd"
                   xmlns:types1="http://schemas.active-endpoints.com/appmodules/repository/2010/10/avrepository.xsd">
   <types1:Item>
      <types1:EntryId>3rp3yD7tyGoQwg7-gt-1842416-2021-06-09T19:48:07.188Z::tf.xml</types1:EntryId>
      <types1:Name>tf_LoadRDV_10-30_PSA_IAS_Commission_to_RDV_Synchronization</types1:Name>
      <types1:MimeType>application/xml+taskflow</types1:MimeType>
      <types1:Description/>
      <types1:AppliesTo/>
      <types1:Tags/>
      <types1:VersionLabel>1.0</types1:VersionLabel>
      <types1:State>CURRENT</types1:State>
      <types1:ProcessGroup/>
      <types1:CreatedBy>vinita.singh.adm@ia.ca</types1:CreatedBy>
      <types1:CreationDate>2021-06-09T19:48:07Z</types1:CreationDate>
      <types1:ModifiedBy>jihed.laamiri.adm@ia.ca</types1:ModifiedBy>
      <types1:ModificationDate>2022-09-14T17:03:57Z</types1:ModificationDate>
      <types1:PublicationStatus>published</types1:PublicationStatus>
      <types1:PublishedBy>jihed.laamiri.adm@ia.ca</types1:PublishedBy>
      <types1:PublicationDate>2022-09-14T17:06:49Z</types1:PublicationDate>
      <types1:PublishedContributionId>project:/tf.tf_LoadRDV_10-30_PSA_IAS_Commission_to_RDV_Synchronization/tf_LoadRDV_10-30_PSA_IAS_Commission_to_RDV_Synchronization.tf.xml</types1:PublishedContributionId>
      <types1:AutosaveExists>false</types1:AutosaveExists>
      <types1:Entry>
         <taskflow xmlns="http://schemas.active-endpoints.com/appmodules/screenflow/2010/10/avosScreenflow.xsd"
                   xmlns:tfm="http://schemas.active-endpoints.com/appmodules/screenflow/2021/04/taskflowModel.xsd"
                   xmlns:list="urn:activevos:spi:list:functions"
                   displayName="tf_LoadRDV_10-30_PSA_IAS_Commission_to_RDV_Synchronization"
                   name="tf_LoadRDV_10-30_PSA_IAS_Commission_to_RDV_Synchronization"
                   overrideAPIName="false">
            <parameterSet xmlns="http://schemas.active-endpoints.com/appmodules/screenflow/2021/04/taskflowModel.xsd"/>
            <appliesTo/>
            <description/>
            <tags/>
            <generator>Informatica Process Designer 11</generator>
            <input>
               <parameter description="" name="fl_IAS_COMMISSION" type="reference">
                  <options>
                     <option name="required">false</option>
                     <option name="referenceTo">$po:INTERNALB2BFILELISTENER1565084895</option>
                     <option name="isCopy">true</option>
                     <option name="guid">6c1RIWKrzSOcExf8FFf1gk</option>
                  </options>
               </parameter>
            </input>
            <tempFields>
               <field description="Number of files arrived and detected by the file listener"
                      name="temp_NbFiles"
                      type="int">
                  <options>
                     <option name="required">false</option>
                  </options>
               </field>
               <field description="Index of the current file to be checked"
                      name="temp_NbFiles_Current"
                      type="int">
                  <options>
                     <option name="required">false</option>
                  </options>
               </field>
               <field description="Number of the remaining files to be checked"
                      name="temp_NbFiles_Remaining"
                      type="int">
                  <options>
                     <option name="required">false</option>
                  </options>
               </field>
               <field description="" name="temp_filename" type="string">
                  <options>
                     <option name="required">false</option>
                  </options>
               </field>
               <field description="" name="temp_filepath" type="string">
                  <options>
                     <option name="required">false</option>
                  </options>
               </field>
               <field description="Index of the Share file in the file list"
                      name="temp_index_share"
                      type="int">
                  <options>
                     <option name="required">false</option>
                  </options>
               </field>
               <field description="Index of the Registered representative file in the file list"
                      name="temp_index_registered_representative"
                      type="int">
                  <options>
                     <option name="required">false</option>
                  </options>
               </field>
               <field description="Index of the Revenues file in the file list"
                      name="temp_index_revenues"
                      type="int">
                  <options>
                     <option name="required">false</option>
                  </options>
               </field>
               <field description="Index of the Insurance Revenues file in the file list"
                      name="temp_index_insurance_revenues"
                      type="int">
                  <options>
                     <option name="required">false</option>
                  </options>
               </field>
               <field description="" name="Insurance Revenues" type="reference">
                  <options>
                     <option name="referenceTo">$po:InternalInfaSubTaskflowField</option>
                     <option name="failOnNotRun">false</option>
                     <option name="failOnFault">false</option>
                  </options>
               </field>
               <field description="" name="Insurance_Revenues" type="reference">
                  <options>
                     <option name="referenceTo">$po:InternalInfaSubTaskflowField</option>
                     <option name="failOnNotRun">false</option>
                     <option name="failOnFault">false</option>
                  </options>
               </field>
            </tempFields>
            <notes/>
            <deployment suspendOnFault="false" tracingLevel="verbose">
               <event eventSource="fileListenerTask:fl_IAS_COMMISSION"/>
            </deployment>
            <flow id="a">
               <start id="b">
                  <link id="kmfjmr6d" targetId="kmfjmr6c"/>
               </start>
               <assignment id="kmfjmr6c">
                  <title>asgn_init_counters</title>
                  <operation source="formula" to="temp.temp_NbFiles">
                     <expression language="XQuery">list:count($input.fl_IAS_COMMISSION[1]/arrivedFiles) </expression>
                  </operation>
                  <operation source="constant" to="temp.temp_NbFiles_Current">0</operation>
                  <operation source="formula" to="temp.temp_NbFiles_Remaining">
                     <expression language="XQuery">list:count($input.fl_IAS_COMMISSION[1]/arrivedFiles) </expression>
                  </operation>
                  <operation source="formula" to="temp.temp_filename">
                     <expression language="XQuery">$input.fl_IAS_COMMISSION[1]/arrivedFiles[$temp.temp_NbFiles_Remaining ]/name </expression>
                  </operation>
                  <operation source="formula" to="temp.temp_filepath">
                     <expression language="XQuery">$input.fl_IAS_COMMISSION[1]/arrivedFiles[$temp.temp_NbFiles_Remaining ]/path </expression>
                  </operation>
                  <operation source="constant" to="temp.temp_index_share">-1</operation>
                  <operation source="constant" to="temp.temp_index_registered_representative">-1</operation>
                  <operation source="constant" to="temp.temp_index_revenues">-1</operation>
                  <operation source="constant" to="temp.temp_index_insurance_revenues">-1</operation>
                  <link id="kmfjmr6v" targetId="kmfjmr6u"/>
               </assignment>
               <container id="kmfjmr6u" type="exclusive">
                  <title>dcn_still_files</title>
                  <flow id="kmfjmr6y">
                     <container id="kmfjmr9f" type="exclusive">
                        <title>dcn_filename_taskflow</title>
                        <flow id="kmgloqkh">
                           <assignment id="kmgloqlh">
                              <title>asgn_Share_Index</title>
                              <operation source="field" to="temp.temp_index_share">temp.temp_NbFiles_Remaining</operation>
                           </assignment>
                           <link id="kmgloqki" targetId="kmfjmr9f" type="containerLink"/>
                        </flow>
                        <flow id="kmgloqkj">
                           <assignment id="kmgloqm2">
                              <title>asgn_Registered_representative_Index</title>
                              <operation source="field" to="temp.temp_index_registered_representative">temp.temp_NbFiles_Remaining</operation>
                           </assignment>
                           <link id="kmgloqkk" targetId="kmfjmr9f" type="containerLink"/>
                        </flow>
                        <flow id="kmgloqkl">
                           <assignment id="kmgloqmn">
                              <title>asgn_Revenues_Index</title>
                              <operation source="field" to="temp.temp_index_revenues">temp.temp_NbFiles_Remaining</operation>
                           </assignment>
                           <link id="kmgloqkm" targetId="kmfjmr9f" type="containerLink"/>
                        </flow>
                        <flow id="l7tc9h4y">
                           <assignment id="l7tc9h68">
                              <title>asgn_Insurance_Revenues_Index</title>
                              <operation source="field" to="temp.temp_index_insurance_revenues">temp.temp_NbFiles_Remaining</operation>
                           </assignment>
                           <link id="l7tc9h4z" targetId="kmfjmr9f" type="containerLink"/>
                        </flow>
                        <flow id="kmgloqkv">
                           <link id="kmgloqkw" targetId="kmfjmr9f" type="containerLink"/>
                        </flow>
                        <link id="kmgloqk9" targetId="kmgloqkh" type="containerLink">
                           <condition source="formula">
                              <function name="starts-with">
                                 <arg name="left">{$temp.temp_filename}</arg>
                                 <arg name="right">SHARE__</arg>
                              </function>
                           </condition>
                        </link>
                        <link id="kmgloqka" targetId="kmgloqkj" type="containerLink">
                           <condition source="formula">
                              <function name="starts-with">
                                 <arg name="left">{$temp.temp_filename}</arg>
                                 <arg name="right">REGISTERED_REPRESENTATIVE__</arg>
                              </function>
                           </condition>
                        </link>
                        <link id="kmgloqkb" targetId="kmgloqkl" type="containerLink">
                           <condition source="formula">
                              <function name="starts-with">
                                 <arg name="left">{$temp.temp_filename}</arg>
                                 <arg name="right">REVENUES__</arg>
                              </function>
                           </condition>
                        </link>
                        <link id="l7tc9h4x" targetId="l7tc9h4y" type="containerLink">
                           <condition source="formula">
                              <function name="starts-with">
                                 <arg name="left">{$temp.temp_filename}</arg>
                                 <arg name="right">INSURANCE_REVENUES__</arg>
                              </function>
                           </condition>
                        </link>
                        <link id="kmgloqkg" targetId="kmgloqkv" type="containerLink"/>
                        <link id="kmfjmr9g" targetId="kmfjmr7l"/>
                     </container>
                     <assignment id="kmfjmr7l">
                        <title>asgn_update_counters</title>
                        <operation source="formula" to="temp.temp_NbFiles_Current">
                           <expression language="XQuery">$temp.temp_NbFiles_Current + 1</expression>
                        </operation>
                        <operation source="formula" to="temp.temp_NbFiles_Remaining">
                           <expression language="XQuery">$temp.temp_NbFiles_Remaining - 1</expression>
                        </operation>
                        <operation source="formula" to="temp.temp_filename">
                           <expression language="XQuery">$input.fl_IAS_COMMISSION[1]/arrivedFiles[$temp.temp_NbFiles_Remaining ]/name</expression>
                        </operation>
                        <operation source="formula" to="temp.temp_filepath">
                           <expression language="XQuery">$input.fl_IAS_COMMISSION[1]/arrivedFiles[$temp.temp_NbFiles_Remaining ]/path</expression>
                        </operation>
                        <link id="kmfjmr8x" targetId="kmfjmr8v"/>
                     </assignment>
                     <jumpTo id="kmfjmr8v">
                        <link id="kmfjmr8w" targetId="kmfjmr6u"/>
                     </jumpTo>
                  </flow>
                  <flow id="kmfjmr71">
                     <container id="kmglor3d" type="parallel">
                        <title>Loading IAS COMMISSION 20-30</title>
                        <flow id="kmglor3f">
                           <container id="kmglor4u" type="exclusive">
                              <title>dcn_Share_received</title>
                              <flow id="kmgr29h2">
                                 <subflow id="kmgr2a7v">
                                    <title>Share</title>
                                    <subflowGUID>b13LiI7PKGFibAJpi6G5gp</subflowGUID>
                                    <subflowPath>tf_LoadRDV_20-30_PSA_IAS_COMISSION_to_RDV_SHARED_SHARE</subflowPath>
                                    <runForEach>false</runForEach>
                                    <input>
                                       <parameter name="input_filename" source="formula" updatable="true">
                                          <expression language="XQuery">$input.fl_IAS_COMMISSION[1]/arrivedFiles[$temp.temp_index_share ]/name </expression>
                                       </parameter>
                                       <parameter name="input_filepath" source="formula" updatable="true">
                                          <expression language="XQuery">$input.fl_IAS_COMMISSION[1]/arrivedFiles[$temp.temp_index_share ]/path </expression>
                                       </parameter>
                                    </input>
                                    <outputDef/>
                                 </subflow>
                                 <link id="kmgr29h3" targetId="kmglor4u" type="containerLink"/>
                              </flow>
                              <flow id="kmgr29h4">
                                 <link id="kmgr29h5" targetId="kmglor4u" type="containerLink"/>
                              </flow>
                              <link id="kmgr29h0" targetId="kmgr29h2" type="containerLink">
                                 <condition source="formula">
                                    <function name="greater-than">
                                       <arg name="left">{$temp.temp_index_share}</arg>
                                       <arg name="right">{0}</arg>
                                    </function>
                                 </condition>
                              </link>
                              <link id="kmgr29h1" targetId="kmgr29h4" type="containerLink"/>
                           </container>
                           <link id="kmglor3g" targetId="kmglor3d" type="containerLink"/>
                        </flow>
                        <flow id="kmglor3i">
                           <container id="kmglor5u" type="exclusive">
                              <title>dcn_Registered_representative_received</title>
                              <flow id="kn4taqpf">
                                 <subflow id="kn4taqrq">
                                    <title>Registered_representatives</title>
                                    <subflowGUID>gtKFskIqHMvjY4JXkjJO0Q</subflowGUID>
                                    <subflowPath>tf_LoadRDV_20-30_PSA_IAS_COMISSION_to_RDV_SHARED_ADVISORS</subflowPath>
                                    <runForEach>false</runForEach>
                                    <input>
                                       <parameter name="input_filename" source="formula" updatable="true">
                                          <expression language="XQuery">$input.fl_IAS_COMMISSION[1]/arrivedFiles[$temp.temp_index_registered_representative ]/name </expression>
                                       </parameter>
                                       <parameter name="input_filepath" source="formula" updatable="true">
                                          <expression language="XQuery">$input.fl_IAS_COMMISSION[1]/arrivedFiles[$temp.temp_index_registered_representative ]/path </expression>
                                       </parameter>
                                    </input>
                                    <outputDef/>
                                 </subflow>
                                 <link id="kn4taqpg" targetId="kmglor5u" type="containerLink"/>
                              </flow>
                              <flow id="kn4taqph">
                                 <link id="kn4taqpi" targetId="kmglor5u" type="containerLink"/>
                              </flow>
                              <link id="kn4taqpd" targetId="kn4taqpf" type="containerLink">
                                 <condition source="formula">
                                    <function name="greater-than">
                                       <arg name="left">{$temp.temp_index_registered_representative}</arg>
                                       <arg name="right">{0}</arg>
                                    </function>
                                 </condition>
                              </link>
                              <link id="kn4taqpe" targetId="kn4taqph" type="containerLink"/>
                           </container>
                           <link id="kmglor3j" targetId="kmglor3d" type="containerLink"/>
                        </flow>
                        <flow id="kmglor74">
                           <container id="kmglora2" type="exclusive">
                              <title>dcn_Revenues_received</title>
                              <flow id="kmgr29pp">
                                 <subflow id="kmhu3gte">
                                    <title>Revenues</title>
                                    <subflowGUID>gHsJhaNXwkKhTTcavAmY0c</subflowGUID>
                                    <subflowPath>tf_LoadRDV_20-30_PSA_IAS_COMISSION_to_RDV_REVENUES</subflowPath>
                                    <runForEach>false</runForEach>
                                    <input>
                                       <parameter name="input_filename" source="formula" updatable="true">
                                          <expression language="XQuery">$input.fl_IAS_COMMISSION[1]/arrivedFiles[$temp.temp_index_revenues ]/name </expression>
                                       </parameter>
                                       <parameter name="input_filepath" source="formula" updatable="true">
                                          <expression language="XQuery">$input.fl_IAS_COMMISSION[1]/arrivedFiles[$temp.temp_index_revenues ]/path </expression>
                                       </parameter>
                                    </input>
                                    <outputDef/>
                                 </subflow>
                                 <link id="kmgr29pq" targetId="kmglora2" type="containerLink"/>
                              </flow>
                              <flow id="kmgr29pr">
                                 <link id="kmgr29ps" targetId="kmglora2" type="containerLink"/>
                              </flow>
                              <link id="kmgr29pn" targetId="kmgr29pp" type="containerLink">
                                 <condition source="formula">
                                    <function name="greater-than">
                                       <arg name="left">{$temp.temp_index_revenues}</arg>
                                       <arg name="right">{0}</arg>
                                    </function>
                                 </condition>
                              </link>
                              <link id="kmgr29po" targetId="kmgr29pr" type="containerLink"/>
                           </container>
                           <link id="kmglor75" targetId="kmglor3d" type="containerLink"/>
                        </flow>
                        <flow id="l7tc9guk">
                           <container id="l7tc9gv9" type="exclusive">
                              <title>dcn_insurance_Revenues_received</title>
                              <flow id="l7tf77gn">
                                 <subflow id="l7tf77ip">
                                    <title>Insurance_Revenues</title>
                                    <subflowGUID>hDsMc7nzUI9e9iruGscaMw</subflowGUID>
                                    <subflowPath>tf_LoadRDV_20-30_PSA_IAS_COMISSION_to_RDV_INSURANCE_REVENUES</subflowPath>
                                    <runForEach>false</runForEach>
                                    <input>
                                       <parameter name="input_filename" source="formula" updatable="true">
                                          <expression language="XQuery">$input.fl_IAS_COMMISSION[1]/arrivedFiles[$temp.temp_index_insurance_revenues ]/name </expression>
                                       </parameter>
                                       <parameter name="input_filepath" source="formula" updatable="true">
                                          <expression language="XQuery">$input.fl_IAS_COMMISSION[1]/arrivedFiles[$temp.temp_index_insurance_revenues ]/path </expression>
                                       </parameter>
                                    </input>
                                    <outputDef/>
                                 </subflow>
                                 <link id="l7tf77go" targetId="l7tc9gv9" type="containerLink"/>
                              </flow>
                              <flow id="l7tf77gp">
                                 <link id="l7tf77gq" targetId="l7tc9gv9" type="containerLink"/>
                              </flow>
                              <link id="l7tf77gl" targetId="l7tf77gn" type="containerLink">
                                 <condition source="formula">
                                    <function name="greater-than">
                                       <arg name="left">{$temp.temp_index_insurance_revenues}</arg>
                                       <arg name="right">{0}</arg>
                                    </function>
                                 </condition>
                              </link>
                              <link id="l7tf77gm" targetId="l7tf77gp" type="containerLink"/>
                           </container>
                           <link id="l7tc9gul" targetId="kmglor3d" type="containerLink"/>
                        </flow>
                        <link id="kmglor3e" targetId="kmglor3f" type="containerLink"/>
                        <link id="kmglor3h" targetId="kmglor3i" type="containerLink"/>
                        <link id="kmglor73" targetId="kmglor74" type="containerLink"/>
                        <link id="l7tc9guj" targetId="l7tc9guk" type="containerLink"/>
                     </container>
                     <link id="kmfjmr72" targetId="kmfjmr6u" type="containerLink"/>
                  </flow>
                  <link id="kmfjmr6x" targetId="kmfjmr6y" type="containerLink">
                     <condition source="formula">
                        <function name="greater-than">
                           <arg name="left">{$temp.temp_NbFiles_Remaining}</arg>
                           <arg name="right">{0}</arg>
                        </function>
                     </condition>
                  </link>
                  <link id="kmfjmr70" targetId="kmfjmr71" type="containerLink"/>
                  <link id="kmfjmr6w" targetId="c"/>
               </container>
               <end id="c"/>
            </flow>
            <dependencies>
               <processObject xmlns="http://schemas.active-endpoints.com/appmodules/screenflow/2011/06/avosHostEnvironment.xsd"
                              displayName="InternalInfaSubTaskflowField"
                              isByCopy="true"
                              name="InternalInfaSubTaskflowField">
                  <description>This process object represents a subtaskflow type reference field.</description>
                  <tags/>
                  <detail/>
               </processObject>
               <processObject xmlns="http://schemas.active-endpoints.com/appmodules/screenflow/2011/06/avosHostEnvironment.xsd"
                              displayName="INTERNALB2BFILELISTENER1565084895"
                              isByCopy="true"
                              name="INTERNALB2BFILELISTENER1565084895">
                  <description>This process object represents a taskflow specific file task field details.</description>
                  <tags/>
                  <detail>
                     <field label="Arrived Files"
                            name="arrivedFiles"
                            nullable="true"
                            required="false"
                            type="objectlist">
                        <options>
                           <option name="referenceTo">$po:INTERNALB2BFILELISTENER1565084895-arrivedFiles</option>
                           <option name="relationshipName">Child</option>
                           <option hide="true" name="multiSelect">true</option>
                           <option name="required">false</option>
                        </options>
                     </field>
                     <field label="Update Files"
                            name="updatedFiles"
                            nullable="true"
                            required="false"
                            type="objectlist">
                        <options>
                           <option name="referenceTo">$po:INTERNALB2BFILELISTENER1565084895-updatedFiles</option>
                           <option name="relationshipName">Child</option>
                           <option hide="true" name="multiSelect">true</option>
                           <option name="required">false</option>
                        </options>
                     </field>
                     <field label="Deleted Files"
                            name="deletedFiles"
                            nullable="true"
                            required="false"
                            type="objectlist">
                        <options>
                           <option name="referenceTo">$po:INTERNALB2BFILELISTENER1565084895-deletedFiles</option>
                           <option name="relationshipName">Child</option>
                           <option hide="true" name="multiSelect">true</option>
                           <option name="required">false</option>
                        </options>
                     </field>
                  </detail>
               </processObject>
               <processObject xmlns="http://schemas.active-endpoints.com/appmodules/screenflow/2011/06/avosHostEnvironment.xsd"
                              displayName="INTERNALB2BFILELISTENER1565084895-arrivedFiles"
                              isByCopy="true"
                              name="INTERNALB2BFILELISTENER1565084895-arrivedFiles">
                  <description>This process object represents a arrivedFiles structure of the file task field.This is in case of taskflow.</description>
                  <tags/>
                  <detail>
                     <field label="Path"
                            name="path"
                            nullable="true"
                            required="false"
                            type="string"/>
                     <field label="Name"
                            name="name"
                            nullable="true"
                            required="false"
                            type="string"/>
                     <field label="Size"
                            name="size"
                            nullable="true"
                            required="false"
                            type="string"/>
                     <field label="Last Modified"
                            name="lastModified"
                            nullable="true"
                            required="false"
                            type="string"/>
                  </detail>
               </processObject>
               <processObject xmlns="http://schemas.active-endpoints.com/appmodules/screenflow/2011/06/avosHostEnvironment.xsd"
                              displayName="INTERNALB2BFILELISTENER1565084895-updatedFiles"
                              isByCopy="true"
                              name="INTERNALB2BFILELISTENER1565084895-updatedFiles">
                  <description>This process object represents a updatedFiles structure of the file task field.This is in case of taskflow.</description>
                  <tags/>
                  <detail>
                     <field label="Path"
                            name="path"
                            nullable="true"
                            required="false"
                            type="string"/>
                     <field label="Name"
                            name="name"
                            nullable="true"
                            required="false"
                            type="string"/>
                     <field label="Size"
                            name="size"
                            nullable="true"
                            required="false"
                            type="string"/>
                     <field label="Last Modified"
                            name="lastModified"
                            nullable="true"
                            required="false"
                            type="string"/>
                  </detail>
               </processObject>
               <processObject xmlns="http://schemas.active-endpoints.com/appmodules/screenflow/2011/06/avosHostEnvironment.xsd"
                              displayName="INTERNALB2BFILELISTENER1565084895-deletedFiles"
                              isByCopy="true"
                              name="INTERNALB2BFILELISTENER1565084895-deletedFiles">
                  <description>This process object represents file listener task deletedFiles structure.This is in case of taskflow.</description>
                  <tags/>
                  <detail>
                     <field label="Path"
                            name="path"
                            nullable="true"
                            required="false"
                            type="string"/>
                     <field label="Name"
                            name="name"
                            nullable="true"
                            required="false"
                            type="string"/>
                     <field label="Size"
                            name="size"
                            nullable="true"
                            required="false"
                            type="string"/>
                     <field label="Last Modified"
                            name="lastModified"
                            nullable="true"
                            required="false"
                            type="string"/>
                  </detail>
               </processObject>
            </dependencies>
         </taskflow>
      </types1:Entry>
      <types1:GUID>9ECKd6LHvj0cFOCRfpY62s</types1:GUID>
      <types1:DisplayName>tf_LoadRDV_10-30_PSA_IAS_Commission_to_RDV_Synchronization</types1:DisplayName>
   </types1:Item>
   <types1:CurrentServerDateTime>2023-03-08T18:46:31.265Z</types1:CurrentServerDateTime>
</aetgt:getResponse>
