<aetgt:getResponse xmlns:aetgt="http://schemas.active-endpoints.com/appmodules/repository/2010/10/avrepository.xsd"
                   xmlns:types1="http://schemas.active-endpoints.com/appmodules/repository/2010/10/avrepository.xsd">
   <types1:Item>
      <types1:EntryId>xcjIw8jIw8jIw8j-gt-1843291-2021-06-09T19:47:04.237Z::tf.xml</types1:EntryId>
      <types1:Name>tf_INITIAL_LOADING_LoadRDV_20-30_IAS_IAVM_to_RDV_TRANSLINK_POSITION_PRICE</types1:Name>
      <types1:MimeType>application/xml+taskflow</types1:MimeType>
      <types1:Description/>
      <types1:AppliesTo/>
      <types1:Tags/>
      <types1:VersionLabel>1.0</types1:VersionLabel>
      <types1:State>CURRENT</types1:State>
      <types1:ProcessGroup/>
      <types1:CreatedBy>vinita.singh.adm@ia.ca</types1:CreatedBy>
      <types1:CreationDate>2021-06-09T19:47:04Z</types1:CreationDate>
      <types1:ModifiedBy>jihed.laamiri.adm@ia.ca</types1:ModifiedBy>
      <types1:ModificationDate>2021-06-22T21:19:47Z</types1:ModificationDate>
      <types1:PublicationStatus>published</types1:PublicationStatus>
      <types1:PublishedBy>jihed.laamiri.adm@ia.ca</types1:PublishedBy>
      <types1:PublicationDate>2021-07-09T19:08:06Z</types1:PublicationDate>
      <types1:PublishedContributionId>project:/tf.tf_INITIAL_LOADING_LoadRDV_20-30_IAS_IAVM_to_RDV_TRANSLINK_POSITION_PRICE/tf_INITIAL_LOADING_LoadRDV_20-30_IAS_IAVM_to_RDV_TRANSLINK_POSITION_PRICE.tf.xml</types1:PublishedContributionId>
      <types1:AutosaveExists>false</types1:AutosaveExists>
      <types1:Entry>
         <taskflow xmlns="http://schemas.active-endpoints.com/appmodules/screenflow/2010/10/avosScreenflow.xsd"
                   xmlns:list="urn:activevos:spi:list:functions"
                   displayName="tf_INITIAL_LOADING_LoadRDV_20-30_IAS_IAVM_to_RDV_TRANSLINK_POSITION_PRICE"
                   name="tf_INITIAL_LOADING_LoadRDV_20-30_IAS_IAVM_to_RDV_TRANSLINK_POSITION_PRICE"
                   overrideAPIName="false">
            <appliesTo/>
            <description/>
            <tags/>
            <generator>Informatica Process Designer 11</generator>
            <input>
               <parameter description="" name="fl_IAS_IAVM" type="reference">
                  <options>
                     <option name="required">false</option>
                     <option name="referenceTo">$po:INTERNALB2BFILELISTENER1565084895</option>
                     <option name="isCopy">true</option>
                     <option name="guid">lnpfucGpOcchEYVklYXrE1</option>
                  </options>
               </parameter>
            </input>
            <tempFields>
               <field description="Filename of the file detected by the filelistener"
                      name="temp_filename"
                      type="string">
                  <options>
                     <option name="required">false</option>
                  </options>
               </field>
               <field description="Data start date : extracted from the filename"
                      name="temp_dataStartDate"
                      type="date">
                  <options>
                     <option name="required">false</option>
                  </options>
               </field>
               <field description="" name="temp_JobName" type="string">
                  <options>
                     <option name="required">false</option>
                  </options>
               </field>
               <field description="" name="temp_tf_Audit_ID" type="string">
                  <options>
                     <option name="required">false</option>
                  </options>
               </field>
               <field description="" name="mt_audit_startJob_NextDate" type="reference">
                  <options>
                     <option name="referenceTo">$po:mt-audit-startJob-NextDate</option>
                     <option name="failOnNotRun">false</option>
                     <option name="failOnFault">false</option>
                  </options>
               </field>
               <field description=""
                      name="mt_LoadRDV_STG_IAS_IAVM_POSITION_PRICE_To_TRAN_LINK_POSITION_PRICE"
                      type="reference">
                  <options>
                     <option name="referenceTo">$po:mt-LoadRDV-STG-IAS-IAVM-POSITION-PRICE-To-TRAN-LINK-POSITION-PRICE-IAS-IAVM</option>
                  </options>
               </field>
               <field description="" name="dt_Audit_EndJob" type="reference">
                  <options>
                     <option name="referenceTo">$po:mt-audit-EndJob</option>
                  </options>
               </field>
               <field description="" name="mt_audit_EndJob" type="reference">
                  <options>
                     <option name="failOnNotRun">false</option>
                     <option name="failOnFault">false</option>
                     <option name="referenceTo">$po:mt-audit-EndJob</option>
                  </options>
               </field>
               <field description=""
                      name="mt_LoadSTG_PSA_IAS_IAVM_To_STG_POSITION_PRICE_IAS_IAVM"
                      type="reference">
                  <options>
                     <option name="failOnNotRun">false</option>
                     <option name="failOnFault">false</option>
                     <option name="referenceTo">$po:mt-LoadSTG-PSA-IAS-IAVM-To-STG-POSITION-PRICE-IAS-IAVM</option>
                  </options>
               </field>
            </tempFields>
            <notes/>
            <deployment suspendOnFault="false" tracingLevel="verbose">
               <rest/>
            </deployment>
            <flow id="a">
               <start id="b">
                  <link id="kmqt8rw6" targetId="kmqt8rw5"/>
               </start>
               <assignment id="kmqt8rw5">
                  <title>asgn_StartJob_Parameters</title>
                  <operation source="formula" to="temp.temp_JobName">
                     <expression language="XQuery">fn:concat("'",util:getAssetName(),"'")</expression>
                  </operation>
                  <operation source="formula" to="temp.temp_tf_Audit_ID">
                     <expression language="XQuery">fn:concat("'",util:getAssetName(),"-", util:getProcessId(),"'")</expression>
                  </operation>
                  <operation source="constant"
                             to="temp.mt_audit_startJob_NextDate[1]/inout[1]/io_DataStartDate">01/01/2000 00:00:00.000000000</operation>
                  <operation source="constant"
                             to="temp.mt_audit_startJob_NextDate[1]/inout[1]/io_Result">ERROR</operation>
                  <link id="kmqt8rw7" targetId="kmqt8rym"/>
               </assignment>
               <assignment id="kmqt8ryy">
                  <title>asgn_DataStartDate</title>
                  <operation source="formula" to="temp.temp_dataStartDate">
                     <expression language="XQuery">fn:concat("'",date:toChar(date:toDate($temp.mt_audit_startJob_NextDate[1]/inout[1]/io_DataStartDate , 'MM/DD/YYYY 00:00:00.000000000'),'YYYY-MM-DD'),"'")</expression>
                  </operation>
                  <link id="kmqt8rz0" targetId="kmqsqips"/>
               </assignment>
               <eventContainer id="kmqt8rym">
                  <service id="kmqsqipl">
                     <title>mt_audit_startJob_NextDate</title>
                     <serviceName>ICSExecuteDataTask</serviceName>
                     <serviceGUID/>
                     <serviceInput>
                        <parameter name="Wait for Task to Complete" source="constant" updatable="true">true</parameter>
                        <parameter name="Max Wait" source="constant" updatable="true">604800</parameter>
                        <parameter name="Task Name" source="constant" updatable="true">mt_audit_startJob_NextDate</parameter>
                        <parameter name="GUID" source="constant" updatable="true">2wZGFO9y16WlBjfEuPST6y</parameter>
                        <parameter name="Task Type" source="constant" updatable="true">MCT</parameter>
                        <parameter name="Has Inout Parameters" source="constant" updatable="true">true</parameter>
                        <parameter name="taskField" source="nested">
                           <operation source="field" to="mt-audit-startJob-NextDate">temp.mt_audit_startJob_NextDate</operation>
                           <operation source="field" to="mt-audit-startJob-NextDate/inout[1]/io_auditID">temp.temp_tf_Audit_ID</operation>
                           <operation source="field" to="mt-audit-startJob-NextDate/inout[1]/io_jobName">temp.temp_JobName</operation>
                        </parameter>
                     </serviceInput>
                     <serviceOutput>
                        <operation source="field" to="temp.mt_audit_startJob_NextDate/output/Object_Name">Object Name</operation>
                        <operation source="field" to="temp.mt_audit_startJob_NextDate/output/Run_Id">Run Id</operation>
                        <operation source="field" to="temp.mt_audit_startJob_NextDate/output/Log_Id">Log Id</operation>
                        <operation source="field" to="temp.mt_audit_startJob_NextDate/output/Task_Id">Task Id</operation>
                        <operation source="field" to="temp.mt_audit_startJob_NextDate/output/Task_Status">Task Status</operation>
                        <operation source="field"
                                   to="temp.mt_audit_startJob_NextDate/output/Success_Source_Rows">Success Source Rows</operation>
                        <operation source="field"
                                   to="temp.mt_audit_startJob_NextDate/output/Failed_Source_Rows">Failed Source Rows</operation>
                        <operation source="field"
                                   to="temp.mt_audit_startJob_NextDate/output/Success_Target_Rows">Success Target Rows</operation>
                        <operation source="field"
                                   to="temp.mt_audit_startJob_NextDate/output/Failed_Target_Rows">Failed Target Rows</operation>
                        <operation source="field" to="temp.mt_audit_startJob_NextDate/output/Start_Time">Start Time</operation>
                        <operation source="field" to="temp.mt_audit_startJob_NextDate/output/End_Time">End Time</operation>
                        <operation source="field"
                                   to="temp.mt_audit_startJob_NextDate/output/Error_Message">Error Message</operation>
                        <operation source="field" to="temp.mt_audit_startJob_NextDate/inout/io_jobName">io_jobName</operation>
                        <operation source="field" to="temp.mt_audit_startJob_NextDate/inout/io_auditID">io_auditID</operation>
                        <operation source="field" to="temp.mt_audit_startJob_NextDate/inout/io_Result">io_Result</operation>
                        <operation source="field"
                                   to="temp.mt_audit_startJob_NextDate/inout/io_DataStartDate">io_DataStartDate</operation>
                     </serviceOutput>
                  </service>
                  <link id="kmqt8ryz" targetId="kmqt8ryy"/>
                  <events>
                     <catch faultField="temp.mt_audit_startJob_NextDate/fault"
                            id="kmqt8ryk"
                            interrupting="true"
                            name="error">
                        <suspend/>
                     </catch>
                     <catch faultField="temp.mt_audit_startJob_NextDate/fault"
                            id="kmqt8ryl"
                            interrupting="true"
                            name="warning"/>
                  </events>
               </eventContainer>
               <container id="kmqsqips" type="exclusive">
                  <title>dcn_StartJob_Result</title>
                  <flow id="kmqsqipt">
                     <eventContainer id="kq8j9kt7">
                        <service id="kq8j9kt1">
                           <title>mt_LoadSTG_PSA_IAS_IAVM_To_STG_POSITION_PRICE_IAS_IAVM</title>
                           <serviceName>ICSExecuteDataTask</serviceName>
                           <serviceGUID/>
                           <serviceInput>
                              <parameter name="Wait for Task to Complete" source="constant" updatable="true">true</parameter>
                              <parameter name="Max Wait" source="constant" updatable="true">604800</parameter>
                              <parameter name="Task Name" source="constant" updatable="true">mt_LoadSTG_PSA_IAS_IAVM_To_STG_POSITION_PRICE_IAS_IAVM</parameter>
                              <parameter name="GUID" source="constant" updatable="true">ah7CJW2mnfrhup1wFy7l0Q</parameter>
                              <parameter name="Task Type" source="constant" updatable="true">MCT</parameter>
                              <parameter name="Has Inout Parameters" source="constant" updatable="true">false</parameter>
                              <parameter name="taskField" source="nested">
                                 <operation source="field"
                                            to="mt-LoadSTG-PSA-IAS-IAVM-To-STG-POSITION-PRICE-IAS-IAVM">temp.mt_LoadSTG_PSA_IAS_IAVM_To_STG_POSITION_PRICE_IAS_IAVM</operation>
                              </parameter>
                           </serviceInput>
                           <serviceOutput>
                              <operation source="field"
                                         to="temp.mt_LoadSTG_PSA_IAS_IAVM_To_STG_POSITION_PRICE_IAS_IAVM/output/Object_Name">Object Name</operation>
                              <operation source="field"
                                         to="temp.mt_LoadSTG_PSA_IAS_IAVM_To_STG_POSITION_PRICE_IAS_IAVM/output/Run_Id">Run Id</operation>
                              <operation source="field"
                                         to="temp.mt_LoadSTG_PSA_IAS_IAVM_To_STG_POSITION_PRICE_IAS_IAVM/output/Log_Id">Log Id</operation>
                              <operation source="field"
                                         to="temp.mt_LoadSTG_PSA_IAS_IAVM_To_STG_POSITION_PRICE_IAS_IAVM/output/Task_Id">Task Id</operation>
                              <operation source="field"
                                         to="temp.mt_LoadSTG_PSA_IAS_IAVM_To_STG_POSITION_PRICE_IAS_IAVM/output/Task_Status">Task Status</operation>
                              <operation source="field"
                                         to="temp.mt_LoadSTG_PSA_IAS_IAVM_To_STG_POSITION_PRICE_IAS_IAVM/output/Success_Source_Rows">Success Source Rows</operation>
                              <operation source="field"
                                         to="temp.mt_LoadSTG_PSA_IAS_IAVM_To_STG_POSITION_PRICE_IAS_IAVM/output/Failed_Source_Rows">Failed Source Rows</operation>
                              <operation source="field"
                                         to="temp.mt_LoadSTG_PSA_IAS_IAVM_To_STG_POSITION_PRICE_IAS_IAVM/output/Success_Target_Rows">Success Target Rows</operation>
                              <operation source="field"
                                         to="temp.mt_LoadSTG_PSA_IAS_IAVM_To_STG_POSITION_PRICE_IAS_IAVM/output/Failed_Target_Rows">Failed Target Rows</operation>
                              <operation source="field"
                                         to="temp.mt_LoadSTG_PSA_IAS_IAVM_To_STG_POSITION_PRICE_IAS_IAVM/output/Start_Time">Start Time</operation>
                              <operation source="field"
                                         to="temp.mt_LoadSTG_PSA_IAS_IAVM_To_STG_POSITION_PRICE_IAS_IAVM/output/End_Time">End Time</operation>
                              <operation source="field"
                                         to="temp.mt_LoadSTG_PSA_IAS_IAVM_To_STG_POSITION_PRICE_IAS_IAVM/output/Error_Message">Error Message</operation>
                           </serviceOutput>
                        </service>
                        <link id="kq8j9kt2" targetId="kmqsqipw"/>
                        <events>
                           <catch faultField="temp.mt_LoadSTG_PSA_IAS_IAVM_To_STG_POSITION_PRICE_IAS_IAVM/fault"
                                  id="kq8j9kt5"
                                  interrupting="true"
                                  name="error">
                              <suspend/>
                           </catch>
                           <catch faultField="temp.mt_LoadSTG_PSA_IAS_IAVM_To_STG_POSITION_PRICE_IAS_IAVM/fault"
                                  id="kq8j9kt6"
                                  interrupting="true"
                                  name="warning"/>
                        </events>
                     </eventContainer>
                     <eventContainer id="kmqsqipw">
                        <service id="kmqsqipx">
                           <title>mt_LoadRDV_STG_IAS_IAVM_POSITION_PRICE_To_TRAN_LINK_POSITION_PRICE</title>
                           <serviceName>ICSExecuteDataTask</serviceName>
                           <serviceGUID/>
                           <serviceInput>
                              <parameter name="Wait for Task to Complete" source="constant" updatable="true">true</parameter>
                              <parameter name="Max Wait" source="constant" updatable="true">604800</parameter>
                              <parameter name="Task Name" source="constant" updatable="true">mt_LoadRDV_STG_IAS_IAVM_POSITION_PRICE_To_TRAN_LINK_POSITION_PRICE_IAS_IAVM</parameter>
                              <parameter name="GUID" source="constant" updatable="true">3FhTrp9LBFfjkAGG2vzaO3</parameter>
                              <parameter name="Task Type" source="constant" updatable="true">MCT</parameter>
                              <parameter name="Has Inout Parameters" source="constant" updatable="true">false</parameter>
                              <parameter name="taskField" source="nested">
                                 <operation source="field"
                                            to="mt-LoadRDV-STG-IAS-IAVM-POSITION-PRICE-To-TRAN-LINK-POSITION-PRICE-IAS-IAVM">temp.mt_LoadRDV_STG_IAS_IAVM_POSITION_PRICE_To_TRAN_LINK_POSITION_PRICE</operation>
                                 <operation source="field"
                                            to="mt-LoadRDV-STG-IAS-IAVM-POSITION-PRICE-To-TRAN-LINK-POSITION-PRICE-IAS-IAVM/inout[1]/io_tf_Audit_ID">temp.temp_tf_Audit_ID</operation>
                              </parameter>
                           </serviceInput>
                           <serviceOutput>
                              <operation source="field"
                                         to="temp.mt_LoadRDV_STG_IAS_IAVM_POSITION_PRICE_To_TRAN_LINK_POSITION_PRICE/output/Object_Name">Object Name</operation>
                              <operation source="field"
                                         to="temp.mt_LoadRDV_STG_IAS_IAVM_POSITION_PRICE_To_TRAN_LINK_POSITION_PRICE/output/Run_Id">Run Id</operation>
                              <operation source="field"
                                         to="temp.mt_LoadRDV_STG_IAS_IAVM_POSITION_PRICE_To_TRAN_LINK_POSITION_PRICE/output/Log_Id">Log Id</operation>
                              <operation source="field"
                                         to="temp.mt_LoadRDV_STG_IAS_IAVM_POSITION_PRICE_To_TRAN_LINK_POSITION_PRICE/output/Task_Id">Task Id</operation>
                              <operation source="field"
                                         to="temp.mt_LoadRDV_STG_IAS_IAVM_POSITION_PRICE_To_TRAN_LINK_POSITION_PRICE/output/Task_Status">Task Status</operation>
                              <operation source="field"
                                         to="temp.mt_LoadRDV_STG_IAS_IAVM_POSITION_PRICE_To_TRAN_LINK_POSITION_PRICE/output/Success_Source_Rows">Success Source Rows</operation>
                              <operation source="field"
                                         to="temp.mt_LoadRDV_STG_IAS_IAVM_POSITION_PRICE_To_TRAN_LINK_POSITION_PRICE/output/Failed_Source_Rows">Failed Source Rows</operation>
                              <operation source="field"
                                         to="temp.mt_LoadRDV_STG_IAS_IAVM_POSITION_PRICE_To_TRAN_LINK_POSITION_PRICE/output/Success_Target_Rows">Success Target Rows</operation>
                              <operation source="field"
                                         to="temp.mt_LoadRDV_STG_IAS_IAVM_POSITION_PRICE_To_TRAN_LINK_POSITION_PRICE/output/Failed_Target_Rows">Failed Target Rows</operation>
                              <operation source="field"
                                         to="temp.mt_LoadRDV_STG_IAS_IAVM_POSITION_PRICE_To_TRAN_LINK_POSITION_PRICE/output/Start_Time">Start Time</operation>
                              <operation source="field"
                                         to="temp.mt_LoadRDV_STG_IAS_IAVM_POSITION_PRICE_To_TRAN_LINK_POSITION_PRICE/output/End_Time">End Time</operation>
                              <operation source="field"
                                         to="temp.mt_LoadRDV_STG_IAS_IAVM_POSITION_PRICE_To_TRAN_LINK_POSITION_PRICE/output/Error_Message">Error Message</operation>
                           </serviceOutput>
                        </service>
                        <link id="kmqt8rwh" targetId="kmqt8rx4"/>
                        <events>
                           <catch faultField="temp.mt_LoadRDV_STG_IAS_IAVM_POSITION_PRICE_To_TRAN_LINK_POSITION_PRICE/fault"
                                  id="kfkk0zw3"
                                  interrupting="true"
                                  name="error">
                              <suspend/>
                           </catch>
                           <catch faultField="temp.mt_LoadRDV_STG_IAS_IAVM_POSITION_PRICE_To_TRAN_LINK_POSITION_PRICE/fault"
                                  id="kfkk0zw4"
                                  interrupting="true"
                                  name="warning"/>
                        </events>
                     </eventContainer>
                     <eventContainer id="kmqt8rx4">
                        <service id="kmqt8rwg">
                           <title>mt_audit_EndJob</title>
                           <serviceName>ICSExecuteDataTask</serviceName>
                           <serviceGUID/>
                           <serviceInput>
                              <parameter name="Wait for Task to Complete" source="constant" updatable="true">true</parameter>
                              <parameter name="Max Wait" source="constant" updatable="true">604800</parameter>
                              <parameter name="Task Name" source="constant" updatable="true">mt_audit_EndJob</parameter>
                              <parameter name="GUID" source="constant" updatable="true">7wcmVNBF4sKiSpzvnQ1igL</parameter>
                              <parameter name="Task Type" source="constant" updatable="true">MCT</parameter>
                              <parameter name="Has Inout Parameters" source="constant" updatable="true">true</parameter>
                              <parameter name="taskField" source="nested">
                                 <operation source="field" to="mt-audit-EndJob">temp.mt_audit_EndJob</operation>
                                 <operation source="field" to="mt-audit-EndJob/inout[1]/io_jobAuditID">temp.temp_tf_Audit_ID</operation>
                                 <operation source="constant" to="mt-audit-EndJob/inout[1]/io_jobEndDesc">Successful execution</operation>
                                 <operation source="constant" to="mt-audit-EndJob/inout[1]/io_jobEndStatus">SUCCESS</operation>
                                 <operation source="field" to="mt-audit-EndJob/inout[1]/io_jobName">temp.temp_JobName</operation>
                                 <operation source="field" to="mt-audit-EndJob/inout[1]/io_jobStartDate">temp.temp_dataStartDate</operation>
                              </parameter>
                           </serviceInput>
                           <serviceOutput>
                              <operation source="field" to="temp.mt_audit_EndJob/output/Object_Name">Object Name</operation>
                              <operation source="field" to="temp.mt_audit_EndJob/output/Run_Id">Run Id</operation>
                              <operation source="field" to="temp.mt_audit_EndJob/output/Log_Id">Log Id</operation>
                              <operation source="field" to="temp.mt_audit_EndJob/output/Task_Id">Task Id</operation>
                              <operation source="field" to="temp.mt_audit_EndJob/output/Task_Status">Task Status</operation>
                              <operation source="field" to="temp.mt_audit_EndJob/output/Success_Source_Rows">Success Source Rows</operation>
                              <operation source="field" to="temp.mt_audit_EndJob/output/Failed_Source_Rows">Failed Source Rows</operation>
                              <operation source="field" to="temp.mt_audit_EndJob/output/Success_Target_Rows">Success Target Rows</operation>
                              <operation source="field" to="temp.mt_audit_EndJob/output/Failed_Target_Rows">Failed Target Rows</operation>
                              <operation source="field" to="temp.mt_audit_EndJob/output/Start_Time">Start Time</operation>
                              <operation source="field" to="temp.mt_audit_EndJob/output/End_Time">End Time</operation>
                              <operation source="field" to="temp.mt_audit_EndJob/output/Error_Message">Error Message</operation>
                              <operation source="field" to="temp.mt_audit_EndJob/inout/io_Result">io_Result</operation>
                              <operation source="field" to="temp.mt_audit_EndJob/inout/io_jobName">io_jobName</operation>
                              <operation source="field" to="temp.mt_audit_EndJob/inout/io_jobAuditID">io_jobAuditID</operation>
                              <operation source="field" to="temp.mt_audit_EndJob/inout/io_jobStartDate">io_jobStartDate</operation>
                              <operation source="field" to="temp.mt_audit_EndJob/inout/io_jobEndStatus">io_jobEndStatus</operation>
                              <operation source="field" to="temp.mt_audit_EndJob/inout/io_jobEndDesc">io_jobEndDesc</operation>
                           </serviceOutput>
                        </service>
                        <events>
                           <catch faultField="temp.mt_audit_EndJob/fault"
                                  id="kmqt8rx2"
                                  interrupting="true"
                                  name="error">
                              <suspend/>
                           </catch>
                           <catch faultField="temp.mt_audit_EndJob/fault"
                                  id="kmqt8rx3"
                                  interrupting="true"
                                  name="warning"/>
                        </events>
                     </eventContainer>
                     <link id="kmqsqiq2" targetId="kmqsqips" type="containerLink"/>
                  </flow>
                  <flow id="kmqsqipy">
                     <throw id="kmqsqipz">
                        <title>Throw_Error_StartJob</title>
                        <throwInput>
                           <parameter name="code" source="field" updatable="true">temp.mt_audit_startJob_NextDate[1]/inout[1]/io_Result</parameter>
                           <parameter name="detail" source="constant" updatable="true"/>
                           <parameter name="reason" source="constant" updatable="true"/>
                        </throwInput>
                     </throw>
                  </flow>
                  <link id="kmqsqiq0" targetId="kmqsqipt" type="containerLink">
                     <condition source="formula">
                        <function name="contains">
                           <arg name="left">{$temp.mt_audit_startJob_NextDate[1]/inout[1]/io_Result}</arg>
                           <arg name="right">SUCCESS</arg>
                        </function>
                     </condition>
                  </link>
                  <link id="kmqsqiq1" targetId="kmqsqipy" type="containerLink"/>
                  <link id="kmqsqiql" targetId="c"/>
               </container>
               <end id="c"/>
            </flow>
            <dependencies>
               <processObject xmlns="http://schemas.active-endpoints.com/appmodules/screenflow/2011/06/avosHostEnvironment.xsd"
                              displayName="mt-audit-startJob-NextDate"
                              isByCopy="true"
                              name="mt-audit-startJob-NextDate">
                  <description/>
                  <tags/>
                  <detail>
                     <field label="Input Parameters" name="input" type="reference"/>
                     <field label="InOut Parameters" name="inout" type="reference"/>
                     <field label="TaskProperties Parameters"
                            name="taskProperties"
                            type="reference"/>
                     <field label="Output Parameters" name="output" type="reference"/>
                     <field label="Fault" name="fault" type="reference"/>
                  </detail>
               </processObject>
               <processObject xmlns="http://schemas.active-endpoints.com/appmodules/screenflow/2011/06/avosHostEnvironment.xsd"
                              displayName="mt-LoadRDV-STG-IAS-IAVM-POSITION-PRICE-To-TRAN-LINK-POSITION-PRICE-IAS-IAVM"
                              isByCopy="true"
                              name="mt-LoadRDV-STG-IAS-IAVM-POSITION-PRICE-To-TRAN-LINK-POSITION-PRICE-IAS-IAVM">
                  <description/>
                  <tags/>
                  <detail>
                     <field label="Input Parameters" name="input" type="reference"/>
                     <field label="InOut Parameters" name="inout" type="reference"/>
                     <field label="TaskProperties Parameters"
                            name="taskProperties"
                            type="reference"/>
                     <field label="Output Parameters" name="output" type="reference"/>
                     <field label="Fault" name="fault" type="reference"/>
                  </detail>
               </processObject>
               <processObject xmlns="http://schemas.active-endpoints.com/appmodules/screenflow/2011/06/avosHostEnvironment.xsd"
                              displayName="mt-audit-EndJob"
                              isByCopy="true"
                              name="mt-audit-EndJob">
                  <description/>
                  <tags/>
                  <detail>
                     <field label="Input Parameters" name="input" type="reference"/>
                     <field label="InOut Parameters" name="inout" type="reference"/>
                     <field label="TaskProperties Parameters"
                            name="taskProperties"
                            type="reference"/>
                     <field label="Output Parameters" name="output" type="reference"/>
                     <field label="Fault" name="fault" type="reference"/>
                  </detail>
               </processObject>
               <processObject xmlns="http://schemas.active-endpoints.com/appmodules/screenflow/2011/06/avosHostEnvironment.xsd"
                              displayName="mt-LoadSTG-PSA-IAS-IAVM-To-STG-POSITION-PRICE-IAS-IAVM"
                              isByCopy="true"
                              name="mt-LoadSTG-PSA-IAS-IAVM-To-STG-POSITION-PRICE-IAS-IAVM">
                  <description/>
                  <tags/>
                  <detail>
                     <field label="TaskProperties Parameters"
                            name="taskProperties"
                            type="reference"/>
                     <field label="Output Parameters" name="output" type="reference"/>
                     <field label="Fault" name="fault" type="reference"/>
                  </detail>
               </processObject>
               <processObject xmlns="http://schemas.active-endpoints.com/appmodules/screenflow/2011/06/avosHostEnvironment.xsd"
                              displayName="INTERNALB2BFILELISTENER1565084895"
                              isByCopy="true"
                              name="INTERNALB2BFILELISTENER1565084895">
                  <description>This process object represents a taskflow specific file task field details.</description>
                  <tags/>
                  <detail>
                     <field label="Arrived Files" name="arrivedFiles" type="objectlist">
                        <options>
                           <option name="referenceTo">$po:INTERNALB2BFILELISTENER1565084895-arrivedFiles</option>
                           <option name="relationshipName">Child</option>
                           <option hide="true" name="multiSelect">true</option>
                           <option name="required">false</option>
                        </options>
                     </field>
                     <field label="Update Files" name="updatedFiles" type="objectlist">
                        <options>
                           <option name="referenceTo">$po:INTERNALB2BFILELISTENER1565084895-updatedFiles</option>
                           <option name="relationshipName">Child</option>
                           <option hide="true" name="multiSelect">true</option>
                           <option name="required">false</option>
                        </options>
                     </field>
                     <field label="Deleted Files" name="deletedFiles" type="objectlist">
                        <options>
                           <option name="referenceTo">$po:INTERNALB2BFILELISTENER1565084895-deletedFiles</option>
                           <option name="relationshipName">Child</option>
                           <option hide="true" name="multiSelect">true</option>
                           <option name="required">false</option>
                        </options>
                     </field>
                  </detail>
               </processObject>
               <processObject xmlns="http://schemas.active-endpoints.com/appmodules/screenflow/2011/06/avosHostEnvironment.xsd"
                              displayName="INTERNALB2BFILELISTENER1565084895-updatedFiles"
                              isByCopy="true"
                              name="INTERNALB2BFILELISTENER1565084895-updatedFiles">
                  <description>This process object represents a updatedFiles structure of the file task field.This is in case of taskflow.</description>
                  <tags/>
                  <detail>
                     <field label="Path" name="path" type="string"/>
                     <field label="Name" name="name" type="string"/>
                     <field label="Size" name="size" type="string"/>
                     <field label="Last Modified" name="lastModified" type="string"/>
                  </detail>
               </processObject>
               <processObject xmlns="http://schemas.active-endpoints.com/appmodules/screenflow/2011/06/avosHostEnvironment.xsd"
                              displayName="INTERNALB2BFILELISTENER1565084895-arrivedFiles"
                              isByCopy="true"
                              name="INTERNALB2BFILELISTENER1565084895-arrivedFiles">
                  <description>This process object represents a arrivedFiles structure of the file task field.This is in case of taskflow.</description>
                  <tags/>
                  <detail>
                     <field label="Path" name="path" type="string"/>
                     <field label="Name" name="name" type="string"/>
                     <field label="Size" name="size" type="string"/>
                     <field label="Last Modified" name="lastModified" type="string"/>
                  </detail>
               </processObject>
               <processObject xmlns="http://schemas.active-endpoints.com/appmodules/screenflow/2011/06/avosHostEnvironment.xsd"
                              displayName="INTERNALB2BFILELISTENER1565084895-deletedFiles"
                              isByCopy="true"
                              name="INTERNALB2BFILELISTENER1565084895-deletedFiles">
                  <description>This process object represents file listener task deletedFiles structure.This is in case of taskflow.</description>
                  <tags/>
                  <detail>
                     <field label="Path" name="path" type="string"/>
                     <field label="Name" name="name" type="string"/>
                     <field label="Size" name="size" type="string"/>
                     <field label="Last Modified" name="lastModified" type="string"/>
                  </detail>
               </processObject>
            </dependencies>
         </taskflow>
      </types1:Entry>
      <types1:GUID>9FSR7SHJT8vdwr7BLOgcKz</types1:GUID>
      <types1:DisplayName>tf_INITIAL_LOADING_LoadRDV_20-30_IAS_IAVM_to_RDV_TRANSLINK_POSITION_PRICE</types1:DisplayName>
   </types1:Item>
   <types1:CurrentServerDateTime>2023-03-08T18:46:18.315Z</types1:CurrentServerDateTime>
</aetgt:getResponse>
