<aetgt:getResponse xmlns:aetgt="http://schemas.active-endpoints.com/appmodules/repository/2010/10/avrepository.xsd"
                   xmlns:types1="http://schemas.active-endpoints.com/appmodules/repository/2010/10/avrepository.xsd">
   <types1:Item>
      <types1:EntryId>TVMTonQYWeIssjq-gt-836639-2022-08-25T17:49:28.726Z::tf.xml</types1:EntryId>
      <types1:Name>tf_LoadRDV_20-30_PSA_IAS_IAVM_to_RDV_ACCRUED_INTEREST</types1:Name>
      <types1:MimeType>application/xml+taskflow</types1:MimeType>
      <types1:Description/>
      <types1:AppliesTo/>
      <types1:Tags/>
      <types1:VersionLabel>1.0</types1:VersionLabel>
      <types1:State>CURRENT</types1:State>
      <types1:ProcessGroup/>
      <types1:CreatedBy>aazam.khan@ia.ca</types1:CreatedBy>
      <types1:CreationDate>2022-08-25T17:49:29Z</types1:CreationDate>
      <types1:ModifiedBy>aazam.khan@ia.ca</types1:ModifiedBy>
      <types1:ModificationDate>2022-08-25T18:11:39Z</types1:ModificationDate>
      <types1:PublicationStatus>published</types1:PublicationStatus>
      <types1:PublishedBy>aazam.khan@ia.ca</types1:PublishedBy>
      <types1:PublicationDate>2022-08-25T18:11:57Z</types1:PublicationDate>
      <types1:PublishedContributionId>project:/tf.tf_LoadRDV_20-30_PSA_IAS_IAVM_to_RDV_ACCRUED_INTEREST/tf_LoadRDV_20-30_PSA_IAS_IAVM_to_RDV_ACCRUED_INTEREST.tf.xml</types1:PublishedContributionId>
      <types1:AutosaveExists>false</types1:AutosaveExists>
      <types1:Entry>
         <taskflow xmlns="http://schemas.active-endpoints.com/appmodules/screenflow/2010/10/avosScreenflow.xsd"
                   xmlns:tfm="http://schemas.active-endpoints.com/appmodules/screenflow/2021/04/taskflowModel.xsd"
                   xmlns:list="urn:activevos:spi:list:functions"
                   displayName="tf_LoadRDV_20-30_PSA_IAS_IAVM_to_RDV_ACCRUED_INTEREST"
                   name="tf_LoadRDV_20-30_PSA_IAS_IAVM_to_RDV_ACCRUED_INTEREST"
                   overrideAPIName="false">
            <parameterSet xmlns="http://schemas.active-endpoints.com/appmodules/screenflow/2021/04/taskflowModel.xsd"/>
            <appliesTo/>
            <description/>
            <tags/>
            <generator>Informatica Process Designer 11</generator>
            <input>
               <parameter description="Name of the file to be loaded"
                          name="input_filename"
                          required="true"
                          type="string">
                  <options>
                     <option name="required">false</option>
                  </options>
               </parameter>
               <parameter description="Path of the file to be loaded"
                          name="input_filepath"
                          required="true"
                          type="string">
                  <options>
                     <option name="required">false</option>
                  </options>
               </parameter>
            </input>
            <tempFields>
               <field description="Filename of the file detected by the filelistener"
                      name="temp_filename"
                      type="string">
                  <options>
                     <option name="required">false</option>
                  </options>
               </field>
               <field description="Data start date : extracted from the filename"
                      name="temp_dataStartDate"
                      type="date">
                  <options>
                     <option name="required">false</option>
                  </options>
               </field>
               <field description="" name="temp_JobName" type="string">
                  <options>
                     <option name="required">false</option>
                  </options>
               </field>
               <field description="" name="temp_tf_Audit_ID" type="string">
                  <options>
                     <option name="required">false</option>
                  </options>
               </field>
               <field description="" name="dt_Audit_StartJob" type="reference">
                  <options>
                     <option name="failOnNotRun">false</option>
                     <option name="failOnFault">false</option>
                     <option name="referenceTo">$po:mt-Audit-StartJob</option>
                  </options>
               </field>
               <field description=""
                      name="dt_LoadSTG_PSA_IAS_IAVM_To_STG_ACCRUED_INTEREST"
                      type="reference">
                  <options>
                     <option name="failOnNotRun">false</option>
                     <option name="failOnFault">false</option>
                     <option name="referenceTo">$po:mt-LoadSTG-PSA-IAS-IAVM-To-STG-ACCRUED-INTEREST</option>
                  </options>
               </field>
               <field description="" name="dt_STG_count" type="reference">
                  <options>
                     <option name="failOnNotRun">false</option>
                     <option name="failOnFault">false</option>
                     <option name="referenceTo">$po:mt-STG-count</option>
                  </options>
               </field>
               <field description=""
                      name="dt_LoadRDV_STG_IAS_IAVM_To_RDV_ACCRUED_INTEREST"
                      type="reference">
                  <options>
                     <option name="failOnNotRun">false</option>
                     <option name="failOnFault">false</option>
                     <option name="referenceTo">$po:mt-LoadRDV-STG-IAS-IAVM-To-RDV-ACCRUED-INTEREST</option>
                  </options>
               </field>
               <field description="" name="dt_Audit_EndJob" type="reference">
                  <options>
                     <option name="failOnNotRun">false</option>
                     <option name="failOnFault">false</option>
                     <option name="referenceTo">$po:mt-Audit-EndJob</option>
                  </options>
               </field>
            </tempFields>
            <notes/>
            <deployment suspendOnFault="false" tracingLevel="verbose">
               <rest/>
            </deployment>
            <flow id="a">
               <start id="b">
                  <link id="kggm4cjw" targetId="kfkit286"/>
               </start>
               <assignment id="kfkit286">
                  <title>asgn_Filename</title>
                  <operation source="field" to="temp.temp_filename">input.input_filename</operation>
                  <link id="kfkk0zpk" targetId="kfkk0zpj"/>
               </assignment>
               <container id="kfkk0zpj" type="exclusive">
                  <title>dcn_AccruedInterestFile</title>
                  <flow id="kfkk0zpn">
                     <assignment id="kfkk0zqz">
                        <title>asgn_StartJob_Parameters</title>
                        <operation source="formula" to="temp.temp_dataStartDate">
                           <expression language="XQuery">fn:concat('''',fn:substring-before(fn:substring-after($temp.temp_filename , '__'), '.'),'''')</expression>
                        </operation>
                        <operation source="formula" to="temp.temp_JobName">
                           <expression language="XQuery">fn:concat("'",util:getAssetName(),"'")</expression>
                        </operation>
                        <operation source="formula" to="temp.temp_tf_Audit_ID">
                           <expression language="XQuery">fn:concat("'",util:getAssetName(),"-", util:getProcessId(),"'")</expression>
                        </operation>
                        <operation source="constant" to="temp.dt_Audit_StartJob[1]/inout[1]/io_Result">ERROR</operation>
                        <operation source="constant" to="temp.dt_STG_count[1]/inout[1]/io_rowCount">0</operation>
                        <link id="l70in2f2" targetId="l70in2fz"/>
                     </assignment>
                     <eventContainer id="l70in2fz">
                        <service id="l70in2f1">
                           <title>dt_Audit_StartJob</title>
                           <serviceName>ICSExecuteDataTask</serviceName>
                           <serviceGUID/>
                           <serviceInput>
                              <parameter name="Wait for Task to Complete" source="constant" updatable="true">true</parameter>
                              <parameter name="Max Wait" source="constant" updatable="true">604800</parameter>
                              <parameter name="Task Name" source="constant" updatable="true">mt_Audit_StartJob</parameter>
                              <parameter name="GUID" source="constant" updatable="true">3oh8d5yXnRxj4BobMCkrYW</parameter>
                              <parameter name="Task Type" source="constant" updatable="true">MCT</parameter>
                              <parameter name="Has Inout Parameters" source="constant" updatable="true">true</parameter>
                              <parameter name="taskField" source="nested">
                                 <operation source="field" to="mt-Audit-StartJob">temp.dt_Audit_StartJob</operation>
                                 <operation source="field" to="mt-Audit-StartJob/inout[1]/io_JOB_AUDIT_ID">temp.temp_tf_Audit_ID</operation>
                                 <operation source="field" to="mt-Audit-StartJob/inout[1]/io_JOB_NAME">temp.temp_JobName</operation>
                                 <operation source="field" to="mt-Audit-StartJob/inout[1]/io_JOB_START_DT">temp.temp_dataStartDate</operation>
                              </parameter>
                           </serviceInput>
                           <serviceOutput>
                              <operation source="field" to="temp.dt_Audit_StartJob/output/Object_Name">Object Name</operation>
                              <operation source="field" to="temp.dt_Audit_StartJob/output/Run_Id">Run Id</operation>
                              <operation source="field" to="temp.dt_Audit_StartJob/output/Log_Id">Log Id</operation>
                              <operation source="field" to="temp.dt_Audit_StartJob/output/Task_Id">Task Id</operation>
                              <operation source="field" to="temp.dt_Audit_StartJob/output/Task_Status">Task Status</operation>
                              <operation source="field" to="temp.dt_Audit_StartJob/output/Success_Source_Rows">Success Source Rows</operation>
                              <operation source="field" to="temp.dt_Audit_StartJob/output/Failed_Source_Rows">Failed Source Rows</operation>
                              <operation source="field" to="temp.dt_Audit_StartJob/output/Success_Target_Rows">Success Target Rows</operation>
                              <operation source="field" to="temp.dt_Audit_StartJob/output/Failed_Target_Rows">Failed Target Rows</operation>
                              <operation source="field" to="temp.dt_Audit_StartJob/output/Start_Time">Start Time</operation>
                              <operation source="field" to="temp.dt_Audit_StartJob/output/End_Time">End Time</operation>
                              <operation source="field" to="temp.dt_Audit_StartJob/output/Error_Message">Error Message</operation>
                              <operation source="field" to="temp.dt_Audit_StartJob/output/TotalTransErrors">Total Transformation Errors</operation>
                              <operation source="field" to="temp.dt_Audit_StartJob/output/FirstErrorCode">First Error Code</operation>
                              <operation source="field" to="temp.dt_Audit_StartJob/inout/io_Result">io_Result</operation>
                              <operation source="field" to="temp.dt_Audit_StartJob/inout/io_JOB_START_DT">io_JOB_START_DT</operation>
                              <operation source="field" to="temp.dt_Audit_StartJob/inout/io_JOB_NAME">io_JOB_NAME</operation>
                              <operation source="field" to="temp.dt_Audit_StartJob/inout/io_JOB_AUDIT_ID">io_JOB_AUDIT_ID</operation>
                           </serviceOutput>
                        </service>
                        <link id="l70in2ny" targetId="kfkk0zt0"/>
                        <events>
                           <catch faultField="temp.dt_Audit_StartJob/fault"
                                  id="l70in2fx"
                                  interrupting="true"
                                  name="error">
                              <suspend/>
                           </catch>
                           <catch faultField="temp.dt_Audit_StartJob/fault"
                                  id="l70in2fy"
                                  interrupting="true"
                                  name="warning"/>
                        </events>
                     </eventContainer>
                     <eventContainer id="l70k059y">
                        <service id="l70k058y">
                           <title>dt_Audit_EndJob</title>
                           <serviceName>ICSExecuteDataTask</serviceName>
                           <serviceGUID/>
                           <serviceInput>
                              <parameter name="Wait for Task to Complete" source="constant" updatable="true">true</parameter>
                              <parameter name="Max Wait" source="constant" updatable="true">604800</parameter>
                              <parameter name="Task Name" source="constant" updatable="true">mt_Audit_EndJob</parameter>
                              <parameter name="GUID" source="constant" updatable="true">8SiOchqy7wfhyvdwdfwlMG</parameter>
                              <parameter name="Task Type" source="constant" updatable="true">MCT</parameter>
                              <parameter name="Has Inout Parameters" source="constant" updatable="true">true</parameter>
                              <parameter name="taskField" source="nested">
                                 <operation source="field" to="mt-Audit-EndJob">temp.dt_Audit_EndJob</operation>
                                 <operation source="field" to="mt-Audit-EndJob/inout[1]/io_jobAuditID">temp.temp_tf_Audit_ID</operation>
                                 <operation source="constant" to="mt-Audit-EndJob/inout[1]/io_jobEndDesc">Successful Execution</operation>
                                 <operation source="constant" to="mt-Audit-EndJob/inout[1]/io_jobEndStatus">SUCCESS</operation>
                                 <operation source="field" to="mt-Audit-EndJob/inout[1]/io_jobName">temp.temp_JobName</operation>
                                 <operation source="field" to="mt-Audit-EndJob/inout[1]/io_jobStartDate">temp.temp_dataStartDate</operation>
                              </parameter>
                           </serviceInput>
                           <serviceOutput>
                              <operation source="field" to="temp.dt_Audit_EndJob/output/Object_Name">Object Name</operation>
                              <operation source="field" to="temp.dt_Audit_EndJob/output/Run_Id">Run Id</operation>
                              <operation source="field" to="temp.dt_Audit_EndJob/output/Log_Id">Log Id</operation>
                              <operation source="field" to="temp.dt_Audit_EndJob/output/Task_Id">Task Id</operation>
                              <operation source="field" to="temp.dt_Audit_EndJob/output/Task_Status">Task Status</operation>
                              <operation source="field" to="temp.dt_Audit_EndJob/output/Success_Source_Rows">Success Source Rows</operation>
                              <operation source="field" to="temp.dt_Audit_EndJob/output/Failed_Source_Rows">Failed Source Rows</operation>
                              <operation source="field" to="temp.dt_Audit_EndJob/output/Success_Target_Rows">Success Target Rows</operation>
                              <operation source="field" to="temp.dt_Audit_EndJob/output/Failed_Target_Rows">Failed Target Rows</operation>
                              <operation source="field" to="temp.dt_Audit_EndJob/output/Start_Time">Start Time</operation>
                              <operation source="field" to="temp.dt_Audit_EndJob/output/End_Time">End Time</operation>
                              <operation source="field" to="temp.dt_Audit_EndJob/output/Error_Message">Error Message</operation>
                              <operation source="field" to="temp.dt_Audit_EndJob/output/TotalTransErrors">Total Transformation Errors</operation>
                              <operation source="field" to="temp.dt_Audit_EndJob/output/FirstErrorCode">First Error Code</operation>
                              <operation source="field" to="temp.dt_Audit_EndJob/inout/io_Result">io_Result</operation>
                              <operation source="field" to="temp.dt_Audit_EndJob/inout/io_jobName">io_jobName</operation>
                              <operation source="field" to="temp.dt_Audit_EndJob/inout/io_jobAuditID">io_jobAuditID</operation>
                              <operation source="field" to="temp.dt_Audit_EndJob/inout/io_jobStartDate">io_jobStartDate</operation>
                              <operation source="field" to="temp.dt_Audit_EndJob/inout/io_jobEndStatus">io_jobEndStatus</operation>
                              <operation source="field" to="temp.dt_Audit_EndJob/inout/io_jobEndDesc">io_jobEndDesc</operation>
                           </serviceOutput>
                        </service>
                        <events>
                           <catch faultField="temp.dt_Audit_EndJob/fault"
                                  id="l70k059w"
                                  interrupting="true"
                                  name="error">
                              <suspend/>
                           </catch>
                           <catch faultField="temp.dt_Audit_EndJob/fault"
                                  id="l70k059x"
                                  interrupting="true"
                                  name="warning"/>
                        </events>
                     </eventContainer>
                     <container id="kfkk0zt0" type="exclusive">
                        <title>dcn_StartJob_Result</title>
                        <flow id="kfkk0zt3">
                           <eventContainer id="l70in2s3">
                              <service id="l70in2ra">
                                 <title>dt_LoadSTG_PSA_IAS_IAVM_To_STG_ACCRUED_INTEREST</title>
                                 <serviceName>ICSExecuteDataTask</serviceName>
                                 <serviceGUID/>
                                 <serviceInput>
                                    <parameter name="Wait for Task to Complete" source="constant" updatable="true">true</parameter>
                                    <parameter name="Max Wait" source="constant" updatable="true">604800</parameter>
                                    <parameter name="Task Name" source="constant" updatable="true">mt_LoadSTG_PSA_IAS_IAVM_To_STG_ACCRUED_INTEREST</parameter>
                                    <parameter name="GUID" source="constant" updatable="true">2Q3xLuiQjIBk7VtbGD1RgQ</parameter>
                                    <parameter name="Task Type" source="constant" updatable="true">MCT</parameter>
                                    <parameter name="Has Inout Parameters" source="constant" updatable="true">true</parameter>
                                    <parameter name="taskField" source="nested">
                                       <operation source="field" to="mt-LoadSTG-PSA-IAS-IAVM-To-STG-ACCRUED-INTEREST">temp.dt_LoadSTG_PSA_IAS_IAVM_To_STG_ACCRUED_INTEREST</operation>
                                       <operation source="formula"
                                                  to="mt-LoadSTG-PSA-IAS-IAVM-To-STG-ACCRUED-INTEREST/inout[1]/io_PATH">
                                          <expression language="XQuery">fn:replace($input.input_filepath , fn:concat('/', $input.input_filename ), '')</expression>
                                       </operation>
                                    </parameter>
                                 </serviceInput>
                                 <serviceOutput>
                                    <operation source="field"
                                               to="temp.dt_LoadSTG_PSA_IAS_IAVM_To_STG_ACCRUED_INTEREST/output/Object_Name">Object Name</operation>
                                    <operation source="field"
                                               to="temp.dt_LoadSTG_PSA_IAS_IAVM_To_STG_ACCRUED_INTEREST/output/Run_Id">Run Id</operation>
                                    <operation source="field"
                                               to="temp.dt_LoadSTG_PSA_IAS_IAVM_To_STG_ACCRUED_INTEREST/output/Log_Id">Log Id</operation>
                                    <operation source="field"
                                               to="temp.dt_LoadSTG_PSA_IAS_IAVM_To_STG_ACCRUED_INTEREST/output/Task_Id">Task Id</operation>
                                    <operation source="field"
                                               to="temp.dt_LoadSTG_PSA_IAS_IAVM_To_STG_ACCRUED_INTEREST/output/Task_Status">Task Status</operation>
                                    <operation source="field"
                                               to="temp.dt_LoadSTG_PSA_IAS_IAVM_To_STG_ACCRUED_INTEREST/output/Success_Source_Rows">Success Source Rows</operation>
                                    <operation source="field"
                                               to="temp.dt_LoadSTG_PSA_IAS_IAVM_To_STG_ACCRUED_INTEREST/output/Failed_Source_Rows">Failed Source Rows</operation>
                                    <operation source="field"
                                               to="temp.dt_LoadSTG_PSA_IAS_IAVM_To_STG_ACCRUED_INTEREST/output/Success_Target_Rows">Success Target Rows</operation>
                                    <operation source="field"
                                               to="temp.dt_LoadSTG_PSA_IAS_IAVM_To_STG_ACCRUED_INTEREST/output/Failed_Target_Rows">Failed Target Rows</operation>
                                    <operation source="field"
                                               to="temp.dt_LoadSTG_PSA_IAS_IAVM_To_STG_ACCRUED_INTEREST/output/Start_Time">Start Time</operation>
                                    <operation source="field"
                                               to="temp.dt_LoadSTG_PSA_IAS_IAVM_To_STG_ACCRUED_INTEREST/output/End_Time">End Time</operation>
                                    <operation source="field"
                                               to="temp.dt_LoadSTG_PSA_IAS_IAVM_To_STG_ACCRUED_INTEREST/output/Error_Message">Error Message</operation>
                                    <operation source="field"
                                               to="temp.dt_LoadSTG_PSA_IAS_IAVM_To_STG_ACCRUED_INTEREST/output/TotalTransErrors">Total Transformation Errors</operation>
                                    <operation source="field"
                                               to="temp.dt_LoadSTG_PSA_IAS_IAVM_To_STG_ACCRUED_INTEREST/output/FirstErrorCode">First Error Code</operation>
                                    <operation source="field"
                                               to="temp.dt_LoadSTG_PSA_IAS_IAVM_To_STG_ACCRUED_INTEREST/inout/io_PATH">io_PATH</operation>
                                 </serviceOutput>
                              </service>
                              <link id="l70jtx6s" targetId="l70jtx7m"/>
                              <events>
                                 <catch faultField="temp.dt_LoadSTG_PSA_IAS_IAVM_To_STG_ACCRUED_INTEREST/fault"
                                        id="l70in2s1"
                                        interrupting="true"
                                        name="error">
                                    <suspend/>
                                 </catch>
                                 <catch faultField="temp.dt_LoadSTG_PSA_IAS_IAVM_To_STG_ACCRUED_INTEREST/fault"
                                        id="l70in2s2"
                                        interrupting="true"
                                        name="warning"/>
                              </events>
                           </eventContainer>
                           <eventContainer id="l70jtx7m">
                              <service id="l70jtx6r">
                                 <title>dt_STG_count</title>
                                 <serviceName>ICSExecuteDataTask</serviceName>
                                 <serviceGUID/>
                                 <serviceInput>
                                    <parameter name="Wait for Task to Complete" source="constant" updatable="true">true</parameter>
                                    <parameter name="Max Wait" source="constant" updatable="true">604800</parameter>
                                    <parameter name="Task Name" source="constant" updatable="true">mt_STG_count</parameter>
                                    <parameter name="GUID" source="constant" updatable="true">a33G5na56K2j2tYvKxYDQK</parameter>
                                    <parameter name="Task Type" source="constant" updatable="true">MCT</parameter>
                                    <parameter name="Has Inout Parameters" source="constant" updatable="true">true</parameter>
                                    <parameter name="taskField" source="nested">
                                       <operation source="field" to="mt-STG-count">temp.dt_STG_count</operation>
                                       <operation source="field" to="mt-STG-count/input[1]/i_Job_name">temp.temp_JobName</operation>
                                       <operation source="field" to="mt-STG-count/input[1]/i_job_start_date">temp.temp_dataStartDate</operation>
                                       <operation source="field" to="temp.dt_STG_count[1]/input[1]/i_Job_name">temp.temp_JobName</operation>
                                       <operation source="field" to="temp.dt_STG_count[1]/input[1]/i_job_start_date">temp.temp_dataStartDate</operation>
                                    </parameter>
                                 </serviceInput>
                                 <serviceOutput>
                                    <operation source="field" to="temp.dt_STG_count/output/Object_Name">Object Name</operation>
                                    <operation source="field" to="temp.dt_STG_count/output/Run_Id">Run Id</operation>
                                    <operation source="field" to="temp.dt_STG_count/output/Log_Id">Log Id</operation>
                                    <operation source="field" to="temp.dt_STG_count/output/Task_Id">Task Id</operation>
                                    <operation source="field" to="temp.dt_STG_count/output/Task_Status">Task Status</operation>
                                    <operation source="field" to="temp.dt_STG_count/output/Success_Source_Rows">Success Source Rows</operation>
                                    <operation source="field" to="temp.dt_STG_count/output/Failed_Source_Rows">Failed Source Rows</operation>
                                    <operation source="field" to="temp.dt_STG_count/output/Success_Target_Rows">Success Target Rows</operation>
                                    <operation source="field" to="temp.dt_STG_count/output/Failed_Target_Rows">Failed Target Rows</operation>
                                    <operation source="field" to="temp.dt_STG_count/output/Start_Time">Start Time</operation>
                                    <operation source="field" to="temp.dt_STG_count/output/End_Time">End Time</operation>
                                    <operation source="field" to="temp.dt_STG_count/output/Error_Message">Error Message</operation>
                                    <operation source="field" to="temp.dt_STG_count/output/TotalTransErrors">Total Transformation Errors</operation>
                                    <operation source="field" to="temp.dt_STG_count/output/FirstErrorCode">First Error Code</operation>
                                    <operation source="field" to="temp.dt_STG_count/inout/io_rowCount">io_rowCount</operation>
                                 </serviceOutput>
                              </service>
                              <link id="l70jtxak" targetId="knqfjnlw"/>
                              <events>
                                 <catch faultField="temp.dt_STG_count/fault"
                                        id="l70jtx7k"
                                        interrupting="true"
                                        name="error">
                                    <suspend/>
                                 </catch>
                                 <catch faultField="temp.dt_STG_count/fault"
                                        id="l70jtx7l"
                                        interrupting="true"
                                        name="warning"/>
                              </events>
                           </eventContainer>
                           <container id="knqfjnlw" type="exclusive">
                              <title>dcn_row_count</title>
                              <flow id="knqfjnm0">
                                 <eventContainer id="l70jxr0g">
                                    <service id="l70jxqzm">
                                       <title>dt_LoadRDV_STG_IAS_IAVM_To_RDV_ACCRUED_INTEREST</title>
                                       <serviceName>ICSExecuteDataTask</serviceName>
                                       <serviceGUID/>
                                       <serviceInput>
                                          <parameter name="Wait for Task to Complete" source="constant" updatable="true">true</parameter>
                                          <parameter name="Max Wait" source="constant" updatable="true">604800</parameter>
                                          <parameter name="Task Name" source="constant" updatable="true">mt_LoadRDV_STG_IAS_IAVM_To_RDV_ACCRUED_INTEREST</parameter>
                                          <parameter name="GUID" source="constant" updatable="true">e7H30skrTGlejt7yf72iyz</parameter>
                                          <parameter name="Task Type" source="constant" updatable="true">MCT</parameter>
                                          <parameter name="Has Inout Parameters" source="constant" updatable="true">true</parameter>
                                          <parameter name="taskField" source="nested">
                                             <operation source="field" to="mt-LoadRDV-STG-IAS-IAVM-To-RDV-ACCRUED-INTEREST">temp.dt_LoadRDV_STG_IAS_IAVM_To_RDV_ACCRUED_INTEREST</operation>
                                             <operation source="field"
                                                        to="mt-LoadRDV-STG-IAS-IAVM-To-RDV-ACCRUED-INTEREST/inout[1]/io_tf_Audit_ID">temp.temp_tf_Audit_ID</operation>
                                          </parameter>
                                       </serviceInput>
                                       <serviceOutput>
                                          <operation source="field"
                                                     to="temp.dt_LoadRDV_STG_IAS_IAVM_To_RDV_ACCRUED_INTEREST/output/Object_Name">Object Name</operation>
                                          <operation source="field"
                                                     to="temp.dt_LoadRDV_STG_IAS_IAVM_To_RDV_ACCRUED_INTEREST/output/Run_Id">Run Id</operation>
                                          <operation source="field"
                                                     to="temp.dt_LoadRDV_STG_IAS_IAVM_To_RDV_ACCRUED_INTEREST/output/Log_Id">Log Id</operation>
                                          <operation source="field"
                                                     to="temp.dt_LoadRDV_STG_IAS_IAVM_To_RDV_ACCRUED_INTEREST/output/Task_Id">Task Id</operation>
                                          <operation source="field"
                                                     to="temp.dt_LoadRDV_STG_IAS_IAVM_To_RDV_ACCRUED_INTEREST/output/Task_Status">Task Status</operation>
                                          <operation source="field"
                                                     to="temp.dt_LoadRDV_STG_IAS_IAVM_To_RDV_ACCRUED_INTEREST/output/Success_Source_Rows">Success Source Rows</operation>
                                          <operation source="field"
                                                     to="temp.dt_LoadRDV_STG_IAS_IAVM_To_RDV_ACCRUED_INTEREST/output/Failed_Source_Rows">Failed Source Rows</operation>
                                          <operation source="field"
                                                     to="temp.dt_LoadRDV_STG_IAS_IAVM_To_RDV_ACCRUED_INTEREST/output/Success_Target_Rows">Success Target Rows</operation>
                                          <operation source="field"
                                                     to="temp.dt_LoadRDV_STG_IAS_IAVM_To_RDV_ACCRUED_INTEREST/output/Failed_Target_Rows">Failed Target Rows</operation>
                                          <operation source="field"
                                                     to="temp.dt_LoadRDV_STG_IAS_IAVM_To_RDV_ACCRUED_INTEREST/output/Start_Time">Start Time</operation>
                                          <operation source="field"
                                                     to="temp.dt_LoadRDV_STG_IAS_IAVM_To_RDV_ACCRUED_INTEREST/output/End_Time">End Time</operation>
                                          <operation source="field"
                                                     to="temp.dt_LoadRDV_STG_IAS_IAVM_To_RDV_ACCRUED_INTEREST/output/Error_Message">Error Message</operation>
                                          <operation source="field"
                                                     to="temp.dt_LoadRDV_STG_IAS_IAVM_To_RDV_ACCRUED_INTEREST/output/TotalTransErrors">Total Transformation Errors</operation>
                                          <operation source="field"
                                                     to="temp.dt_LoadRDV_STG_IAS_IAVM_To_RDV_ACCRUED_INTEREST/output/FirstErrorCode">First Error Code</operation>
                                          <operation source="field"
                                                     to="temp.dt_LoadRDV_STG_IAS_IAVM_To_RDV_ACCRUED_INTEREST/inout/io_tf_Audit_ID">io_tf_Audit_ID</operation>
                                       </serviceOutput>
                                    </service>
                                    <events>
                                       <catch faultField="temp.dt_LoadRDV_STG_IAS_IAVM_To_RDV_ACCRUED_INTEREST/fault"
                                              id="l70jxr0e"
                                              interrupting="true"
                                              name="error">
                                          <suspend/>
                                       </catch>
                                       <catch faultField="temp.dt_LoadRDV_STG_IAS_IAVM_To_RDV_ACCRUED_INTEREST/fault"
                                              id="l70jxr0f"
                                              interrupting="true"
                                              name="warning"/>
                                    </events>
                                 </eventContainer>
                                 <link id="knqfjnm1" targetId="knqfjnlw" type="containerLink"/>
                              </flow>
                              <flow id="knqfjnm3">
                                 <link id="knqfjnm4" targetId="knqfjnlw" type="containerLink"/>
                              </flow>
                              <link id="knqfjnlz" targetId="knqfjnm0" type="containerLink">
                                 <condition source="formula">
                                    <function name="greater-than">
                                       <arg name="left">{$temp.dt_STG_count[1]/inout[1]/io_rowCount}</arg>
                                       <arg name="right">{0}</arg>
                                    </function>
                                 </condition>
                              </link>
                              <link id="knqfjnm2" targetId="knqfjnm3" type="containerLink"/>
                           </container>
                           <link id="kfkk0zt4" targetId="kfkk0zt0" type="containerLink"/>
                        </flow>
                        <flow id="kfkk0zt6">
                           <throw id="kfkk0zu3">
                              <title>Throw_Error_StartJob</title>
                              <throwInput>
                                 <parameter name="code" source="field" updatable="true">temp.dt_Audit_StartJob[1]/inout[1]/io_Result</parameter>
                                 <parameter name="detail" source="constant" updatable="true"/>
                                 <parameter name="reason" source="constant" updatable="true"/>
                              </throwInput>
                           </throw>
                        </flow>
                        <link id="kfkk0zt2" targetId="kfkk0zt3" type="containerLink">
                           <condition source="formula">
                              <function name="contains">
                                 <arg name="left">{$temp.dt_Audit_StartJob[1]/inout[1]/io_Result}</arg>
                                 <arg name="right">SUCCESS</arg>
                              </function>
                           </condition>
                        </link>
                        <link id="kfkk0zt5" targetId="kfkk0zt6" type="containerLink"/>
                        <link id="l70k058z" targetId="l70k059y"/>
                     </container>
                     <link id="kfkk0zpo" targetId="kfkk0zpj" type="containerLink"/>
                  </flow>
                  <flow id="kfkk0zpq">
                     <link id="kfkk0zpr" targetId="kfkk0zpj" type="containerLink"/>
                  </flow>
                  <link id="kfkk0zpm" targetId="kfkk0zpn" type="containerLink">
                     <condition source="formula">
                        <function name="contains">
                           <arg name="left">{$temp.temp_filename}</arg>
                           <arg name="right">ACCRUED_INTEREST__</arg>
                        </function>
                     </condition>
                  </link>
                  <link id="kfkk0zpp" targetId="kfkk0zpq" type="containerLink"/>
                  <link id="kfkk0zve" targetId="c"/>
               </container>
               <end id="c"/>
            </flow>
            <dependencies>
               <processObject xmlns="http://schemas.active-endpoints.com/appmodules/screenflow/2011/06/avosHostEnvironment.xsd"
                              displayName="mt-Audit-StartJob"
                              isByCopy="true"
                              name="mt-Audit-StartJob">
                  <description/>
                  <tags/>
                  <detail>
                     <field label="Input Parameters"
                            name="input"
                            nullable="true"
                            required="false"
                            type="reference"/>
                     <field label="InOut Parameters"
                            name="inout"
                            nullable="true"
                            required="false"
                            type="reference"/>
                     <field label="TaskProperties Parameters"
                            name="taskProperties"
                            nullable="true"
                            required="false"
                            type="reference"/>
                     <field label="Output Parameters"
                            name="output"
                            nullable="true"
                            required="false"
                            type="reference"/>
                     <field label="Fault"
                            name="fault"
                            nullable="true"
                            required="false"
                            type="reference"/>
                  </detail>
               </processObject>
               <processObject xmlns="http://schemas.active-endpoints.com/appmodules/screenflow/2011/06/avosHostEnvironment.xsd"
                              displayName="mt-LoadSTG-PSA-IAS-IAVM-To-STG-ACCRUED-INTEREST"
                              isByCopy="true"
                              name="mt-LoadSTG-PSA-IAS-IAVM-To-STG-ACCRUED-INTEREST">
                  <description/>
                  <tags/>
                  <detail>
                     <field label="InOut Parameters"
                            name="inout"
                            nullable="true"
                            required="false"
                            type="reference"/>
                     <field label="TaskProperties Parameters"
                            name="taskProperties"
                            nullable="true"
                            required="false"
                            type="reference"/>
                     <field label="Output Parameters"
                            name="output"
                            nullable="true"
                            required="false"
                            type="reference"/>
                     <field label="Fault"
                            name="fault"
                            nullable="true"
                            required="false"
                            type="reference"/>
                  </detail>
               </processObject>
               <processObject xmlns="http://schemas.active-endpoints.com/appmodules/screenflow/2011/06/avosHostEnvironment.xsd"
                              displayName="mt-STG-count"
                              isByCopy="true"
                              name="mt-STG-count">
                  <description/>
                  <tags/>
                  <detail>
                     <field label="Input Parameters"
                            name="input"
                            nullable="true"
                            required="false"
                            type="reference"/>
                     <field label="InOut Parameters"
                            name="inout"
                            nullable="true"
                            required="false"
                            type="reference"/>
                     <field label="TaskProperties Parameters"
                            name="taskProperties"
                            nullable="true"
                            required="false"
                            type="reference"/>
                     <field label="Output Parameters"
                            name="output"
                            nullable="true"
                            required="false"
                            type="reference"/>
                     <field label="Fault"
                            name="fault"
                            nullable="true"
                            required="false"
                            type="reference"/>
                  </detail>
               </processObject>
               <processObject xmlns="http://schemas.active-endpoints.com/appmodules/screenflow/2011/06/avosHostEnvironment.xsd"
                              displayName="mt-LoadRDV-STG-IAS-IAVM-To-RDV-ACCRUED-INTEREST"
                              isByCopy="true"
                              name="mt-LoadRDV-STG-IAS-IAVM-To-RDV-ACCRUED-INTEREST">
                  <description/>
                  <tags/>
                  <detail>
                     <field label="Input Parameters"
                            name="input"
                            nullable="true"
                            required="false"
                            type="reference"/>
                     <field label="InOut Parameters"
                            name="inout"
                            nullable="true"
                            required="false"
                            type="reference"/>
                     <field label="TaskProperties Parameters"
                            name="taskProperties"
                            nullable="true"
                            required="false"
                            type="reference"/>
                     <field label="Output Parameters"
                            name="output"
                            nullable="true"
                            required="false"
                            type="reference"/>
                     <field label="Fault"
                            name="fault"
                            nullable="true"
                            required="false"
                            type="reference"/>
                  </detail>
               </processObject>
               <processObject xmlns="http://schemas.active-endpoints.com/appmodules/screenflow/2011/06/avosHostEnvironment.xsd"
                              displayName="mt-Audit-EndJob"
                              isByCopy="true"
                              name="mt-Audit-EndJob">
                  <description/>
                  <tags/>
                  <detail>
                     <field label="Input Parameters"
                            name="input"
                            nullable="true"
                            required="false"
                            type="reference"/>
                     <field label="InOut Parameters"
                            name="inout"
                            nullable="true"
                            required="false"
                            type="reference"/>
                     <field label="TaskProperties Parameters"
                            name="taskProperties"
                            nullable="true"
                            required="false"
                            type="reference"/>
                     <field label="Output Parameters"
                            name="output"
                            nullable="true"
                            required="false"
                            type="reference"/>
                     <field label="Fault"
                            name="fault"
                            nullable="true"
                            required="false"
                            type="reference"/>
                  </detail>
               </processObject>
            </dependencies>
         </taskflow>
      </types1:Entry>
      <types1:GUID>9cTXATys0afdY3liMq6TAC</types1:GUID>
      <types1:DisplayName>tf_LoadRDV_20-30_PSA_IAS_IAVM_to_RDV_ACCRUED_INTEREST</types1:DisplayName>
   </types1:Item>
   <types1:CurrentServerDateTime>2023-01-19T13:41:47.053Z</types1:CurrentServerDateTime>
</aetgt:getResponse>
