{
    "name": "fl_IAS_UNIVERIS",
    "properties": {
        "annotations": [],
        "runtimeState": "Started",
        "pipelines": [
            {
                "pipelineReference": {
                    "referenceName": "tf_LoadRDV_10-30_PSA_IAS_UNIVERIS_to_RDV_Synchronization",
                    "type": "PipelineReference"
                },
                "parameters": {
                    "input_filename": "@triggerBody().fileName",
                    "input_filepath": "@triggerBody().folderPath"
                }
            }
        ],
        "type": "BlobEventsTrigger",
        "typeProperties": {
            "blobPathBeginsWith": "/raw/blobs/IAS/UNIVERIS",
            "blobPathEndsWith": ".csv",
            "ignoreEmptyBlobs": true,
            "scope": "/subscriptions/2e9cc886-f843-4396-b827-3c67985d85e0/resourceGroups/iA-Financial-ResourceGroup/providers/Microsoft.Storage/storageAccounts/iastorage01",
            "events": [
                "Microsoft.Storage.BlobCreated"
            ]
        }
    }
}