<aetgt:getResponse xmlns:aetgt="http://schemas.active-endpoints.com/appmodules/repository/2010/10/avrepository.xsd"
                   xmlns:types1="http://schemas.active-endpoints.com/appmodules/repository/2010/10/avrepository.xsd">
   <types1:Item>
      <types1:EntryId>QykPaaaaaaaaa-gt-17647794-2022-02-15T16:41:16.688Z::tf.xml</types1:EntryId>
      <types1:Name>tf_LoadRDV_20-30_IAS_NBIN_to_RDV_MISSING_TRANSACTIONS</types1:Name>
      <types1:MimeType>application/xml+taskflow</types1:MimeType>
      <types1:Description/>
      <types1:AppliesTo/>
      <types1:Tags/>
      <types1:VersionLabel>1.0</types1:VersionLabel>
      <types1:State>CURRENT</types1:State>
      <types1:ProcessGroup/>
      <types1:CreatedBy>jihed.laamiri.adm@ia.ca.SAML</types1:CreatedBy>
      <types1:CreationDate>2022-02-15T16:41:17Z</types1:CreationDate>
      <types1:ModifiedBy/>
      <types1:PublicationStatus>published</types1:PublicationStatus>
      <types1:PublishedBy>jihed.laamiri.adm@ia.ca.SAML</types1:PublishedBy>
      <types1:PublicationDate>2022-02-16T23:55:07Z</types1:PublicationDate>
      <types1:PublishedContributionId>project:/tf.tf_LoadRDV_20-30_IAS_NBIN_to_RDV_MISSING_TRANSACTIONS/tf_LoadRDV_20-30_IAS_NBIN_to_RDV_MISSING_TRANSACTIONS.tf.xml</types1:PublishedContributionId>
      <types1:AutosaveExists>false</types1:AutosaveExists>
      <types1:Entry>
         <taskflow xmlns="http://schemas.active-endpoints.com/appmodules/screenflow/2010/10/avosScreenflow.xsd"
                   xmlns:list="urn:activevos:spi:list:functions"
                   displayName="tf_LoadRDV_20-30_IAS_NBIN_to_RDV_MISSING_TRANSACTIONS"
                   name="tf_LoadRDV_20-30_IAS_NBIN_to_RDV_MISSING_TRANSACTIONS"
                   overrideAPIName="false">
            <appliesTo/>
            <description/>
            <tags/>
            <generator>Informatica Process Designer 11</generator>
            <tempFields>
               <field description="Filename of the file detected by the filelistener"
                      name="temp_filename"
                      type="string">
                  <options>
                     <option name="required">false</option>
                  </options>
               </field>
               <field description="Data start date : extracted from the filename"
                      name="temp_dataStartDate"
                      type="date">
                  <options>
                     <option name="required">false</option>
                  </options>
               </field>
               <field description="" name="temp_JobName" type="string">
                  <options>
                     <option name="required">false</option>
                  </options>
               </field>
               <field description="" name="temp_tf_Audit_ID" type="string">
                  <options>
                     <option name="required">false</option>
                  </options>
               </field>
               <field description="" name="mt_audit_startJob_NextDate" type="reference">
                  <options>
                     <option name="referenceTo">$po:mt-audit-startJob-NextDate</option>
                     <option name="failOnNotRun">false</option>
                     <option name="failOnFault">false</option>
                  </options>
               </field>
               <field description=""
                      name="mt_LoadRDV_STG_IAS_FINANCIAL_TRANSACTIONS_IAVMBK_To_LINK_FINANCIAL_TRANSACTION_RR"
                      type="reference">
                  <options>
                     <option name="referenceTo">$po:mt-LoadRDV-STG-IAS-FINANCIAL-TRANSACTIONS-IAVMBK-To-LINK-FINANCIAL-TRANSACTION-RR</option>
                  </options>
               </field>
               <field description=""
                      name="mt_LoadRDV_STG_IAS_TRANSACTIONS_IAVMBK_To_SAT_LINK_FINANCIAL_TRANSACTION_RR_IAS_NBIN_IAVMBK_Insert"
                      type="reference">
                  <options>
                     <option name="referenceTo">$po:mt-LoadRDV-STG-IAS-TRANSACTIONS-IAVMBK-To-SAT-LINK-FINANCIAL-TRANSACTION-RR-IAS-NBIN-IAVMBK-Insert</option>
                  </options>
               </field>
               <field description="" name="dt_Audit_EndJob" type="reference">
                  <options>
                     <option name="referenceTo">$po:mt-audit-EndJob</option>
                     <option name="failOnNotRun">false</option>
                     <option name="failOnFault">false</option>
                  </options>
               </field>
               <field description=""
                      name="mt_LoadSTG_IAS_NBIN_To_STG_FINANCIAL_TRANSACTIONS_IAVMBK"
                      type="reference">
                  <options>
                     <option name="failOnNotRun">false</option>
                     <option name="failOnFault">false</option>
                     <option name="referenceTo">$po:mt-LoadSTG-IAS-NBIN-To-STG-FINANCIAL-TRANSACTIONS-IAVMBK</option>
                  </options>
               </field>
            </tempFields>
            <notes/>
            <deployment suspendOnFault="false" tracingLevel="verbose">
               <rest/>
            </deployment>
            <flow id="a">
               <start id="b">
                  <link id="kmukdo9r" targetId="kmukdo9q"/>
               </start>
               <assignment id="kmukdo9q">
                  <title>asgn_StartJob_Parameters</title>
                  <operation source="formula" to="temp.temp_JobName">
                     <expression language="XQuery">fn:concat("'",util:getAssetName(),"'")</expression>
                  </operation>
                  <operation source="formula" to="temp.temp_tf_Audit_ID">
                     <expression language="XQuery">fn:concat("'",util:getAssetName(),"-", util:getProcessId(),"'")</expression>
                  </operation>
                  <operation source="constant"
                             to="temp.mt_audit_startJob_NextDate[1]/inout[1]/io_DataStartDate">01/01/2000 00:00:00.000000000</operation>
                  <operation source="constant"
                             to="temp.mt_audit_startJob_NextDate[1]/inout[1]/io_Result">ERROR</operation>
                  <link id="kmukdoa7" targetId="kmulc2vk"/>
               </assignment>
               <assignment id="kmulc2vz">
                  <title>asgn_DataStartDate</title>
                  <operation source="formula" to="temp.temp_dataStartDate">
                     <expression language="XQuery">fn:concat("'",date:toChar(date:toDate($temp.mt_audit_startJob_NextDate[1]/inout[1]/io_DataStartDate , 'MM/DD/YYYY 00:00:00.000000000'),'YYYY-MM-DD'),"'")</expression>
                  </operation>
                  <link id="kmulc2w1" targetId="kmukdoak"/>
               </assignment>
               <eventContainer id="kmulc2vk">
                  <service id="kmukdoa6">
                     <title>mt_audit_startJob_NextDate</title>
                     <serviceName>ICSExecuteDataTask</serviceName>
                     <serviceGUID/>
                     <serviceInput>
                        <parameter name="Wait for Task to Complete" source="constant" updatable="true">true</parameter>
                        <parameter name="Max Wait" source="constant" updatable="true">604800</parameter>
                        <parameter name="Task Name" source="constant" updatable="true">mt_audit_startJob_NextDate</parameter>
                        <parameter name="GUID" source="constant" updatable="true">jVNoizRl1sJhRg5YYerxya</parameter>
                        <parameter name="Task Type" source="constant" updatable="true">MCT</parameter>
                        <parameter name="Has Inout Parameters" source="constant" updatable="true">true</parameter>
                        <parameter name="taskField" source="nested">
                           <operation source="field" to="mt-audit-startJob-NextDate">temp.mt_audit_startJob_NextDate</operation>
                           <operation source="field" to="mt-audit-startJob-NextDate/inout[1]/io_auditID">temp.temp_tf_Audit_ID</operation>
                           <operation source="field" to="mt-audit-startJob-NextDate/inout[1]/io_jobName">temp.temp_JobName</operation>
                        </parameter>
                     </serviceInput>
                     <serviceOutput>
                        <operation source="field" to="temp.mt_audit_startJob_NextDate/output/Object_Name">Object Name</operation>
                        <operation source="field" to="temp.mt_audit_startJob_NextDate/output/Run_Id">Run Id</operation>
                        <operation source="field" to="temp.mt_audit_startJob_NextDate/output/Log_Id">Log Id</operation>
                        <operation source="field" to="temp.mt_audit_startJob_NextDate/output/Task_Id">Task Id</operation>
                        <operation source="field" to="temp.mt_audit_startJob_NextDate/output/Task_Status">Task Status</operation>
                        <operation source="field"
                                   to="temp.mt_audit_startJob_NextDate/output/Success_Source_Rows">Success Source Rows</operation>
                        <operation source="field"
                                   to="temp.mt_audit_startJob_NextDate/output/Failed_Source_Rows">Failed Source Rows</operation>
                        <operation source="field"
                                   to="temp.mt_audit_startJob_NextDate/output/Success_Target_Rows">Success Target Rows</operation>
                        <operation source="field"
                                   to="temp.mt_audit_startJob_NextDate/output/Failed_Target_Rows">Failed Target Rows</operation>
                        <operation source="field" to="temp.mt_audit_startJob_NextDate/output/Start_Time">Start Time</operation>
                        <operation source="field" to="temp.mt_audit_startJob_NextDate/output/End_Time">End Time</operation>
                        <operation source="field"
                                   to="temp.mt_audit_startJob_NextDate/output/Error_Message">Error Message</operation>
                        <operation source="field" to="temp.mt_audit_startJob_NextDate/inout/io_jobName">io_jobName</operation>
                        <operation source="field" to="temp.mt_audit_startJob_NextDate/inout/io_auditID">io_auditID</operation>
                        <operation source="field" to="temp.mt_audit_startJob_NextDate/inout/io_Result">io_Result</operation>
                        <operation source="field"
                                   to="temp.mt_audit_startJob_NextDate/inout/io_DataStartDate">io_DataStartDate</operation>
                     </serviceOutput>
                  </service>
                  <link id="kmulc2w0" targetId="kmulc2vz"/>
                  <events>
                     <catch faultField="temp.mt_audit_startJob_NextDate/fault"
                            id="kmulc2vi"
                            interrupting="true"
                            name="error">
                        <suspend/>
                     </catch>
                     <catch faultField="temp.mt_audit_startJob_NextDate/fault"
                            id="kmulc2vj"
                            interrupting="true"
                            name="warning"/>
                  </events>
               </eventContainer>
               <container id="kmukdoak" type="exclusive">
                  <title>dcn_StartJob_Result</title>
                  <flow id="kmukdoal">
                     <eventContainer id="kq8jbht8">
                        <service id="kq8jbhsl">
                           <title>mt_LoadSTG_IAS_NBIN_To_STG_FINANCIAL_TRANSACTIONS_IAVMBK</title>
                           <serviceName>ICSExecuteDataTask</serviceName>
                           <serviceGUID/>
                           <serviceInput>
                              <parameter name="Wait for Task to Complete" source="constant" updatable="true">true</parameter>
                              <parameter name="Max Wait" source="constant" updatable="true">604800</parameter>
                              <parameter name="Task Name" source="constant" updatable="true">mt_LoadSTG_IAS_NBIN_To_STG_FINANCIAL_TRANSACTIONS_IAVMBK</parameter>
                              <parameter name="GUID" source="constant" updatable="true">38IpUT2WcytcRPsS75xlqw</parameter>
                              <parameter name="Task Type" source="constant" updatable="true">MCT</parameter>
                              <parameter name="Has Inout Parameters" source="constant" updatable="true">false</parameter>
                              <parameter name="taskField" source="nested">
                                 <operation source="field"
                                            to="mt-LoadSTG-IAS-NBIN-To-STG-FINANCIAL-TRANSACTIONS-IAVMBK">temp.mt_LoadSTG_IAS_NBIN_To_STG_FINANCIAL_TRANSACTIONS_IAVMBK</operation>
                              </parameter>
                           </serviceInput>
                           <serviceOutput>
                              <operation source="field"
                                         to="temp.mt_LoadSTG_IAS_NBIN_To_STG_FINANCIAL_TRANSACTIONS_IAVMBK/output/Object_Name">Object Name</operation>
                              <operation source="field"
                                         to="temp.mt_LoadSTG_IAS_NBIN_To_STG_FINANCIAL_TRANSACTIONS_IAVMBK/output/Run_Id">Run Id</operation>
                              <operation source="field"
                                         to="temp.mt_LoadSTG_IAS_NBIN_To_STG_FINANCIAL_TRANSACTIONS_IAVMBK/output/Log_Id">Log Id</operation>
                              <operation source="field"
                                         to="temp.mt_LoadSTG_IAS_NBIN_To_STG_FINANCIAL_TRANSACTIONS_IAVMBK/output/Task_Id">Task Id</operation>
                              <operation source="field"
                                         to="temp.mt_LoadSTG_IAS_NBIN_To_STG_FINANCIAL_TRANSACTIONS_IAVMBK/output/Task_Status">Task Status</operation>
                              <operation source="field"
                                         to="temp.mt_LoadSTG_IAS_NBIN_To_STG_FINANCIAL_TRANSACTIONS_IAVMBK/output/Success_Source_Rows">Success Source Rows</operation>
                              <operation source="field"
                                         to="temp.mt_LoadSTG_IAS_NBIN_To_STG_FINANCIAL_TRANSACTIONS_IAVMBK/output/Failed_Source_Rows">Failed Source Rows</operation>
                              <operation source="field"
                                         to="temp.mt_LoadSTG_IAS_NBIN_To_STG_FINANCIAL_TRANSACTIONS_IAVMBK/output/Success_Target_Rows">Success Target Rows</operation>
                              <operation source="field"
                                         to="temp.mt_LoadSTG_IAS_NBIN_To_STG_FINANCIAL_TRANSACTIONS_IAVMBK/output/Failed_Target_Rows">Failed Target Rows</operation>
                              <operation source="field"
                                         to="temp.mt_LoadSTG_IAS_NBIN_To_STG_FINANCIAL_TRANSACTIONS_IAVMBK/output/Start_Time">Start Time</operation>
                              <operation source="field"
                                         to="temp.mt_LoadSTG_IAS_NBIN_To_STG_FINANCIAL_TRANSACTIONS_IAVMBK/output/End_Time">End Time</operation>
                              <operation source="field"
                                         to="temp.mt_LoadSTG_IAS_NBIN_To_STG_FINANCIAL_TRANSACTIONS_IAVMBK/output/Error_Message">Error Message</operation>
                           </serviceOutput>
                        </service>
                        <link id="kq8jbhsm" targetId="kmukdoao"/>
                        <events>
                           <catch faultField="temp.mt_LoadSTG_IAS_NBIN_To_STG_FINANCIAL_TRANSACTIONS_IAVMBK/fault"
                                  id="kq8jbht6"
                                  interrupting="true"
                                  name="error">
                              <suspend/>
                           </catch>
                           <catch faultField="temp.mt_LoadSTG_IAS_NBIN_To_STG_FINANCIAL_TRANSACTIONS_IAVMBK/fault"
                                  id="kq8jbht7"
                                  interrupting="true"
                                  name="warning"/>
                        </events>
                     </eventContainer>
                     <eventContainer id="knosn4vg">
                        <service id="kmukdobl">
                           <title>dt_Audit_EndJob</title>
                           <serviceName>ICSExecuteDataTask</serviceName>
                           <serviceGUID/>
                           <serviceInput>
                              <parameter name="Wait for Task to Complete" source="constant" updatable="true">true</parameter>
                              <parameter name="Max Wait" source="constant" updatable="true">604800</parameter>
                              <parameter name="Task Name" source="constant" updatable="true">mt_audit_EndJob</parameter>
                              <parameter name="GUID" source="constant" updatable="true">1SoP5VkO54Tfh2nxP5Ji8L</parameter>
                              <parameter name="Task Type" source="constant" updatable="true">MCT</parameter>
                              <parameter name="Has Inout Parameters" source="constant" updatable="true">true</parameter>
                              <parameter name="taskField" source="nested">
                                 <operation source="field" to="mt-audit-EndJob">temp.dt_Audit_EndJob</operation>
                                 <operation source="field" to="mt-audit-EndJob/inout[1]/io_jobAuditID">temp.temp_tf_Audit_ID</operation>
                                 <operation source="constant" to="mt-audit-EndJob/inout[1]/io_jobEndDesc">Successful execution</operation>
                                 <operation source="constant" to="mt-audit-EndJob/inout[1]/io_jobEndStatus">SUCCESS</operation>
                                 <operation source="field" to="mt-audit-EndJob/inout[1]/io_jobName">temp.temp_JobName</operation>
                                 <operation source="field" to="mt-audit-EndJob/inout[1]/io_jobStartDate">temp.temp_dataStartDate</operation>
                              </parameter>
                           </serviceInput>
                           <serviceOutput>
                              <operation source="field" to="temp.dt_Audit_EndJob/output/Object_Name">Object Name</operation>
                              <operation source="field" to="temp.dt_Audit_EndJob/output/Run_Id">Run Id</operation>
                              <operation source="field" to="temp.dt_Audit_EndJob/output/Log_Id">Log Id</operation>
                              <operation source="field" to="temp.dt_Audit_EndJob/output/Task_Id">Task Id</operation>
                              <operation source="field" to="temp.dt_Audit_EndJob/output/Task_Status">Task Status</operation>
                              <operation source="field" to="temp.dt_Audit_EndJob/output/Success_Source_Rows">Success Source Rows</operation>
                              <operation source="field" to="temp.dt_Audit_EndJob/output/Failed_Source_Rows">Failed Source Rows</operation>
                              <operation source="field" to="temp.dt_Audit_EndJob/output/Success_Target_Rows">Success Target Rows</operation>
                              <operation source="field" to="temp.dt_Audit_EndJob/output/Failed_Target_Rows">Failed Target Rows</operation>
                              <operation source="field" to="temp.dt_Audit_EndJob/output/Start_Time">Start Time</operation>
                              <operation source="field" to="temp.dt_Audit_EndJob/output/End_Time">End Time</operation>
                              <operation source="field" to="temp.dt_Audit_EndJob/output/Error_Message">Error Message</operation>
                              <operation source="field" to="temp.dt_Audit_EndJob/inout/io_Result">io_Result</operation>
                              <operation source="field" to="temp.dt_Audit_EndJob/inout/io_jobName">io_jobName</operation>
                              <operation source="field" to="temp.dt_Audit_EndJob/inout/io_jobAuditID">io_jobAuditID</operation>
                              <operation source="field" to="temp.dt_Audit_EndJob/inout/io_jobStartDate">io_jobStartDate</operation>
                              <operation source="field" to="temp.dt_Audit_EndJob/inout/io_jobEndStatus">io_jobEndStatus</operation>
                              <operation source="field" to="temp.dt_Audit_EndJob/inout/io_jobEndDesc">io_jobEndDesc</operation>
                           </serviceOutput>
                        </service>
                        <events>
                           <catch faultField="temp.dt_Audit_EndJob/fault"
                                  id="knosn4ve"
                                  interrupting="true"
                                  name="error">
                              <suspend/>
                           </catch>
                           <catch faultField="temp.dt_Audit_EndJob/fault"
                                  id="knosn4vf"
                                  interrupting="true"
                                  name="warning"/>
                        </events>
                     </eventContainer>
                     <container id="kmukdoao" type="parallel">
                        <title>Parallel_LoadRdv</title>
                        <flow id="kmukdoap">
                           <eventContainer id="kmukdoaq">
                              <service id="kmukdoar">
                                 <title>mt_LoadRDV_STG_IAS_FINANCIAL_TRANSACTIONS_IAVMBK_To_LINK_FINANCIAL_TRANSACTION_RR</title>
                                 <serviceName>ICSExecuteDataTask</serviceName>
                                 <serviceGUID/>
                                 <serviceInput>
                                    <parameter name="Wait for Task to Complete" source="constant" updatable="true">true</parameter>
                                    <parameter name="Max Wait" source="constant" updatable="true">604800</parameter>
                                    <parameter name="Task Name" source="constant" updatable="true">mt_LoadRDV_STG_IAS_FINANCIAL_TRANSACTIONS_IAVMBK_To_LINK_FINANCIAL_TRANSACTION_RR</parameter>
                                    <parameter name="GUID" source="constant" updatable="true">iJs6zvYu7KZlbjKtrP5ZGy</parameter>
                                    <parameter name="Task Type" source="constant" updatable="true">MCT</parameter>
                                    <parameter name="Has Inout Parameters" source="constant" updatable="true">false</parameter>
                                    <parameter name="taskField" source="nested">
                                       <operation source="field"
                                                  to="mt-LoadRDV-STG-IAS-FINANCIAL-TRANSACTIONS-IAVMBK-To-LINK-FINANCIAL-TRANSACTION-RR">temp.mt_LoadRDV_STG_IAS_FINANCIAL_TRANSACTIONS_IAVMBK_To_LINK_FINANCIAL_TRANSACTION_RR</operation>
                                       <operation source="field"
                                                  to="mt-LoadRDV-STG-IAS-FINANCIAL-TRANSACTIONS-IAVMBK-To-LINK-FINANCIAL-TRANSACTION-RR/inout[1]/io_tf_Audit_ID">temp.temp_tf_Audit_ID</operation>
                                    </parameter>
                                 </serviceInput>
                                 <serviceOutput>
                                    <operation source="field"
                                               to="temp.mt_LoadRDV_STG_IAS_FINANCIAL_TRANSACTIONS_IAVMBK_To_LINK_FINANCIAL_TRANSACTION_RR/output/Object_Name">Object Name</operation>
                                    <operation source="field"
                                               to="temp.mt_LoadRDV_STG_IAS_FINANCIAL_TRANSACTIONS_IAVMBK_To_LINK_FINANCIAL_TRANSACTION_RR/output/Run_Id">Run Id</operation>
                                    <operation source="field"
                                               to="temp.mt_LoadRDV_STG_IAS_FINANCIAL_TRANSACTIONS_IAVMBK_To_LINK_FINANCIAL_TRANSACTION_RR/output/Log_Id">Log Id</operation>
                                    <operation source="field"
                                               to="temp.mt_LoadRDV_STG_IAS_FINANCIAL_TRANSACTIONS_IAVMBK_To_LINK_FINANCIAL_TRANSACTION_RR/output/Task_Id">Task Id</operation>
                                    <operation source="field"
                                               to="temp.mt_LoadRDV_STG_IAS_FINANCIAL_TRANSACTIONS_IAVMBK_To_LINK_FINANCIAL_TRANSACTION_RR/output/Task_Status">Task Status</operation>
                                    <operation source="field"
                                               to="temp.mt_LoadRDV_STG_IAS_FINANCIAL_TRANSACTIONS_IAVMBK_To_LINK_FINANCIAL_TRANSACTION_RR/output/Success_Source_Rows">Success Source Rows</operation>
                                    <operation source="field"
                                               to="temp.mt_LoadRDV_STG_IAS_FINANCIAL_TRANSACTIONS_IAVMBK_To_LINK_FINANCIAL_TRANSACTION_RR/output/Failed_Source_Rows">Failed Source Rows</operation>
                                    <operation source="field"
                                               to="temp.mt_LoadRDV_STG_IAS_FINANCIAL_TRANSACTIONS_IAVMBK_To_LINK_FINANCIAL_TRANSACTION_RR/output/Success_Target_Rows">Success Target Rows</operation>
                                    <operation source="field"
                                               to="temp.mt_LoadRDV_STG_IAS_FINANCIAL_TRANSACTIONS_IAVMBK_To_LINK_FINANCIAL_TRANSACTION_RR/output/Failed_Target_Rows">Failed Target Rows</operation>
                                    <operation source="field"
                                               to="temp.mt_LoadRDV_STG_IAS_FINANCIAL_TRANSACTIONS_IAVMBK_To_LINK_FINANCIAL_TRANSACTION_RR/output/Start_Time">Start Time</operation>
                                    <operation source="field"
                                               to="temp.mt_LoadRDV_STG_IAS_FINANCIAL_TRANSACTIONS_IAVMBK_To_LINK_FINANCIAL_TRANSACTION_RR/output/End_Time">End Time</operation>
                                    <operation source="field"
                                               to="temp.mt_LoadRDV_STG_IAS_FINANCIAL_TRANSACTIONS_IAVMBK_To_LINK_FINANCIAL_TRANSACTION_RR/output/Error_Message">Error Message</operation>
                                 </serviceOutput>
                              </service>
                              <events>
                                 <catch faultField="temp.mt_LoadRDV_STG_IAS_FINANCIAL_TRANSACTIONS_IAVMBK_To_LINK_FINANCIAL_TRANSACTION_RR/fault"
                                        id="kfkk0zw3"
                                        interrupting="true"
                                        name="error">
                                    <suspend/>
                                 </catch>
                                 <catch faultField="temp.mt_LoadRDV_STG_IAS_FINANCIAL_TRANSACTIONS_IAVMBK_To_LINK_FINANCIAL_TRANSACTION_RR/fault"
                                        id="kfkk0zw4"
                                        interrupting="true"
                                        name="warning"/>
                              </events>
                           </eventContainer>
                           <link id="kmukdob3" targetId="kmukdoao" type="containerLink"/>
                        </flow>
                        <flow id="kmukdoas">
                           <eventContainer id="kmukdoat">
                              <service id="kmukdoau">
                                 <title>mt_LoadRDV_STG_IAS_TRANSACTIONS_IAVMBK_To_SAT_LINK_FINANCIAL_TRANSACTION_RR_IAS_NBIN_IAVMBK_Insert</title>
                                 <serviceName>ICSExecuteDataTask</serviceName>
                                 <serviceGUID/>
                                 <serviceInput>
                                    <parameter name="Wait for Task to Complete" source="constant" updatable="true">true</parameter>
                                    <parameter name="Max Wait" source="constant" updatable="true">604800</parameter>
                                    <parameter name="Task Name" source="constant" updatable="true">mt_LoadRDV_STG_IAS_TRANSACTIONS_IAVMBK_To_SAT_LINK_FINANCIAL_TRANSACTION_RR_IAS_NBIN_IAVMBK_Insert</parameter>
                                    <parameter name="GUID" source="constant" updatable="true">6Pb3VqknkebiN4evsuhTwI</parameter>
                                    <parameter name="Task Type" source="constant" updatable="true">MCT</parameter>
                                    <parameter name="Has Inout Parameters" source="constant" updatable="true">false</parameter>
                                    <parameter name="taskField" source="nested">
                                       <operation source="field"
                                                  to="mt-LoadRDV-STG-IAS-TRANSACTIONS-IAVMBK-To-SAT-LINK-FINANCIAL-TRANSACTION-RR-IAS-NBIN-IAVMBK-Insert">temp.mt_LoadRDV_STG_IAS_TRANSACTIONS_IAVMBK_To_SAT_LINK_FINANCIAL_TRANSACTION_RR_IAS_NBIN_IAVMBK_Insert</operation>
                                       <operation source="field"
                                                  to="mt-LoadRDV-STG-IAS-TRANSACTIONS-IAVMBK-To-SAT-LINK-FINANCIAL-TRANSACTION-RR-IAS-NBIN-IAVMBK-Insert/inout[1]/io_tf_Audit_ID">temp.temp_tf_Audit_ID</operation>
                                    </parameter>
                                 </serviceInput>
                                 <serviceOutput>
                                    <operation source="field"
                                               to="temp.mt_LoadRDV_STG_IAS_TRANSACTIONS_IAVMBK_To_SAT_LINK_FINANCIAL_TRANSACTION_RR_IAS_NBIN_IAVMBK_Insert/output/Object_Name">Object Name</operation>
                                    <operation source="field"
                                               to="temp.mt_LoadRDV_STG_IAS_TRANSACTIONS_IAVMBK_To_SAT_LINK_FINANCIAL_TRANSACTION_RR_IAS_NBIN_IAVMBK_Insert/output/Run_Id">Run Id</operation>
                                    <operation source="field"
                                               to="temp.mt_LoadRDV_STG_IAS_TRANSACTIONS_IAVMBK_To_SAT_LINK_FINANCIAL_TRANSACTION_RR_IAS_NBIN_IAVMBK_Insert/output/Log_Id">Log Id</operation>
                                    <operation source="field"
                                               to="temp.mt_LoadRDV_STG_IAS_TRANSACTIONS_IAVMBK_To_SAT_LINK_FINANCIAL_TRANSACTION_RR_IAS_NBIN_IAVMBK_Insert/output/Task_Id">Task Id</operation>
                                    <operation source="field"
                                               to="temp.mt_LoadRDV_STG_IAS_TRANSACTIONS_IAVMBK_To_SAT_LINK_FINANCIAL_TRANSACTION_RR_IAS_NBIN_IAVMBK_Insert/output/Task_Status">Task Status</operation>
                                    <operation source="field"
                                               to="temp.mt_LoadRDV_STG_IAS_TRANSACTIONS_IAVMBK_To_SAT_LINK_FINANCIAL_TRANSACTION_RR_IAS_NBIN_IAVMBK_Insert/output/Success_Source_Rows">Success Source Rows</operation>
                                    <operation source="field"
                                               to="temp.mt_LoadRDV_STG_IAS_TRANSACTIONS_IAVMBK_To_SAT_LINK_FINANCIAL_TRANSACTION_RR_IAS_NBIN_IAVMBK_Insert/output/Failed_Source_Rows">Failed Source Rows</operation>
                                    <operation source="field"
                                               to="temp.mt_LoadRDV_STG_IAS_TRANSACTIONS_IAVMBK_To_SAT_LINK_FINANCIAL_TRANSACTION_RR_IAS_NBIN_IAVMBK_Insert/output/Success_Target_Rows">Success Target Rows</operation>
                                    <operation source="field"
                                               to="temp.mt_LoadRDV_STG_IAS_TRANSACTIONS_IAVMBK_To_SAT_LINK_FINANCIAL_TRANSACTION_RR_IAS_NBIN_IAVMBK_Insert/output/Failed_Target_Rows">Failed Target Rows</operation>
                                    <operation source="field"
                                               to="temp.mt_LoadRDV_STG_IAS_TRANSACTIONS_IAVMBK_To_SAT_LINK_FINANCIAL_TRANSACTION_RR_IAS_NBIN_IAVMBK_Insert/output/Start_Time">Start Time</operation>
                                    <operation source="field"
                                               to="temp.mt_LoadRDV_STG_IAS_TRANSACTIONS_IAVMBK_To_SAT_LINK_FINANCIAL_TRANSACTION_RR_IAS_NBIN_IAVMBK_Insert/output/End_Time">End Time</operation>
                                    <operation source="field"
                                               to="temp.mt_LoadRDV_STG_IAS_TRANSACTIONS_IAVMBK_To_SAT_LINK_FINANCIAL_TRANSACTION_RR_IAS_NBIN_IAVMBK_Insert/output/Error_Message">Error Message</operation>
                                 </serviceOutput>
                              </service>
                              <events>
                                 <catch faultField="temp.mt_LoadRDV_STG_IAS_TRANSACTIONS_IAVMBK_To_SAT_LINK_FINANCIAL_TRANSACTION_RR_IAS_NBIN_IAVMBK_Insert/fault"
                                        id="kfkk0zxg"
                                        interrupting="true"
                                        name="error">
                                    <suspend/>
                                 </catch>
                                 <catch faultField="temp.mt_LoadRDV_STG_IAS_TRANSACTIONS_IAVMBK_To_SAT_LINK_FINANCIAL_TRANSACTION_RR_IAS_NBIN_IAVMBK_Insert/fault"
                                        id="kfkk0zxh"
                                        interrupting="true"
                                        name="warning"/>
                              </events>
                           </eventContainer>
                           <link id="kmukdob4" targetId="kmukdoao" type="containerLink"/>
                        </flow>
                        <link id="kmukdob1" targetId="kmukdoap" type="containerLink"/>
                        <link id="kmukdob2" targetId="kmukdoas" type="containerLink"/>
                        <link id="kmukdobm" targetId="knosn4vg"/>
                     </container>
                     <link id="kmukdoaz" targetId="kmukdoak" type="containerLink"/>
                  </flow>
                  <flow id="kmukdoav">
                     <throw id="kmukdoaw">
                        <title>Throw_Error_StartJob</title>
                        <throwInput>
                           <parameter name="code" source="field" updatable="true">temp.mt_audit_startJob_NextDate[1]/inout[1]/io_Result</parameter>
                           <parameter name="detail" source="constant" updatable="true"/>
                           <parameter name="reason" source="constant" updatable="true"/>
                        </throwInput>
                     </throw>
                  </flow>
                  <link id="kmukdoax" targetId="kmukdoal" type="containerLink">
                     <condition source="formula">
                        <function name="contains">
                           <arg name="left">{$temp.mt_audit_startJob_NextDate[1]/inout[1]/io_Result}</arg>
                           <arg name="right">SUCCESS</arg>
                        </function>
                     </condition>
                  </link>
                  <link id="kmukdoay" targetId="kmukdoav" type="containerLink"/>
                  <link id="kmukdocc" targetId="c"/>
               </container>
               <end id="c"/>
            </flow>
            <dependencies>
               <processObject xmlns="http://schemas.active-endpoints.com/appmodules/screenflow/2011/06/avosHostEnvironment.xsd"
                              displayName="mt-audit-startJob-NextDate"
                              isByCopy="true"
                              name="mt-audit-startJob-NextDate">
                  <description/>
                  <tags/>
                  <detail>
                     <field label="Input Parameters" name="input" type="reference"/>
                     <field label="InOut Parameters" name="inout" type="reference"/>
                     <field label="TaskProperties Parameters"
                            name="taskProperties"
                            type="reference"/>
                     <field label="Output Parameters" name="output" type="reference"/>
                     <field label="Fault" name="fault" type="reference"/>
                  </detail>
               </processObject>
               <processObject xmlns="http://schemas.active-endpoints.com/appmodules/screenflow/2011/06/avosHostEnvironment.xsd"
                              displayName="mt-LoadRDV-STG-IAS-FINANCIAL-TRANSACTIONS-IAVMBK-To-LINK-FINANCIAL-TRANSACTION-RR"
                              isByCopy="true"
                              name="mt-LoadRDV-STG-IAS-FINANCIAL-TRANSACTIONS-IAVMBK-To-LINK-FINANCIAL-TRANSACTION-RR">
                  <description/>
                  <tags/>
                  <detail>
                     <field label="Input Parameters" name="input" type="reference"/>
                     <field label="InOut Parameters" name="inout" type="reference"/>
                     <field label="TaskProperties Parameters"
                            name="taskProperties"
                            type="reference"/>
                     <field label="Output Parameters" name="output" type="reference"/>
                     <field label="Fault" name="fault" type="reference"/>
                  </detail>
               </processObject>
               <processObject xmlns="http://schemas.active-endpoints.com/appmodules/screenflow/2011/06/avosHostEnvironment.xsd"
                              displayName="mt-LoadRDV-STG-IAS-TRANSACTIONS-IAVMBK-To-SAT-LINK-FINANCIAL-TRANSACTION-RR-IAS-NBIN-IAVMBK-Insert"
                              isByCopy="true"
                              name="mt-LoadRDV-STG-IAS-TRANSACTIONS-IAVMBK-To-SAT-LINK-FINANCIAL-TRANSACTION-RR-IAS-NBIN-IAVMBK-Insert">
                  <description/>
                  <tags/>
                  <detail>
                     <field label="Input Parameters" name="input" type="reference"/>
                     <field label="InOut Parameters" name="inout" type="reference"/>
                     <field label="TaskProperties Parameters"
                            name="taskProperties"
                            type="reference"/>
                     <field label="Output Parameters" name="output" type="reference"/>
                     <field label="Fault" name="fault" type="reference"/>
                  </detail>
               </processObject>
               <processObject xmlns="http://schemas.active-endpoints.com/appmodules/screenflow/2011/06/avosHostEnvironment.xsd"
                              displayName="mt-audit-EndJob"
                              isByCopy="true"
                              name="mt-audit-EndJob">
                  <description/>
                  <tags/>
                  <detail>
                     <field label="Input Parameters" name="input" type="reference"/>
                     <field label="InOut Parameters" name="inout" type="reference"/>
                     <field label="TaskProperties Parameters"
                            name="taskProperties"
                            type="reference"/>
                     <field label="Output Parameters" name="output" type="reference"/>
                     <field label="Fault" name="fault" type="reference"/>
                  </detail>
               </processObject>
               <processObject xmlns="http://schemas.active-endpoints.com/appmodules/screenflow/2011/06/avosHostEnvironment.xsd"
                              displayName="mt-LoadSTG-IAS-NBIN-To-STG-FINANCIAL-TRANSACTIONS-IAVMBK"
                              isByCopy="true"
                              name="mt-LoadSTG-IAS-NBIN-To-STG-FINANCIAL-TRANSACTIONS-IAVMBK">
                  <description/>
                  <tags/>
                  <detail>
                     <field label="TaskProperties Parameters"
                            name="taskProperties"
                            type="reference"/>
                     <field label="Output Parameters" name="output" type="reference"/>
                     <field label="Fault" name="fault" type="reference"/>
                  </detail>
               </processObject>
            </dependencies>
         </taskflow>
      </types1:Entry>
      <types1:GUID>5KGgCj90V5YkFTZnFPGZCn</types1:GUID>
      <types1:DisplayName>tf_LoadRDV_20-30_IAS_NBIN_to_RDV_MISSING_TRANSACTIONS</types1:DisplayName>
   </types1:Item>
   <types1:CurrentServerDateTime>2023-03-08T18:58:52.901Z</types1:CurrentServerDateTime>
</aetgt:getResponse>
