<aetgt:getResponse xmlns:aetgt="http://schemas.active-endpoints.com/appmodules/repository/2010/10/avrepository.xsd"
                   xmlns:types1="http://schemas.active-endpoints.com/appmodules/repository/2010/10/avrepository.xsd">
   <types1:Item>
      <types1:EntryId>CHbf2XZPnE29Em2-gt-7255763-2022-05-31T20:11:47.464Z::tf.xml</types1:EntryId>
      <types1:Name>tf_Ondemand_LoadDM_20-60_STG_MASTER_KPI_DATA_to_DM_Synchronization</types1:Name>
      <types1:MimeType>application/xml+taskflow</types1:MimeType>
      <types1:Description/>
      <types1:AppliesTo/>
      <types1:Tags/>
      <types1:VersionLabel>1.0</types1:VersionLabel>
      <types1:State>CURRENT</types1:State>
      <types1:ProcessGroup/>
      <types1:CreatedBy>iheb.benghali.adm@ia.ca.SAML</types1:CreatedBy>
      <types1:CreationDate>2022-05-31T20:11:47Z</types1:CreationDate>
      <types1:ModifiedBy>jihed.laamiri.adm@ia.ca.SAML</types1:ModifiedBy>
      <types1:ModificationDate>2022-08-02T18:27:22Z</types1:ModificationDate>
      <types1:PublicationStatus>published</types1:PublicationStatus>
      <types1:PublishedBy>jihed.laamiri.adm@ia.ca.SAML</types1:PublishedBy>
      <types1:PublicationDate>2022-08-02T18:28:49Z</types1:PublicationDate>
      <types1:PublishedContributionId>project:/tf.tf_Ondemand_LoadDM_20-60_STG_MASTER_KPI_DATA_to_DM_Synchronization/tf_Ondemand_LoadDM_20-60_STG_MASTER_KPI_DATA_to_DM_Synchronization.tf.xml</types1:PublishedContributionId>
      <types1:AutosaveExists>false</types1:AutosaveExists>
      <types1:Entry>
         <taskflow xmlns="http://schemas.active-endpoints.com/appmodules/screenflow/2010/10/avosScreenflow.xsd"
                   xmlns:tfm="http://schemas.active-endpoints.com/appmodules/screenflow/2021/04/taskflowModel.xsd"
                   xmlns:list="urn:activevos:spi:list:functions"
                   displayName="tf_Ondemand_LoadDM_20-60_STG_MASTER_KPI_DATA_to_DM_Synchronization"
                   name="tf_Ondemand_LoadDM_20-60_STG_MASTER_KPI_DATA_to_DM_Synchronization"
                   overrideAPIName="false">
            <parameterSet xmlns="http://schemas.active-endpoints.com/appmodules/screenflow/2021/04/taskflowModel.xsd"/>
            <appliesTo/>
            <description/>
            <tags/>
            <generator>Informatica Process Designer 11</generator>
            <input>
               <parameter description="" name="fl_EXTERNAL_KPI" type="reference">
                  <options>
                     <option name="required">false</option>
                     <option name="referenceTo">$po:INTERNALB2BFILELISTENER1565084895</option>
                     <option name="isCopy">true</option>
                     <option name="guid">0nJMdhWi1A2hTqtSCyKVwl</option>
                  </options>
               </parameter>
            </input>
            <tempFields>
               <field description="Number of files arrived and detected by the file listener"
                      name="temp_NbFiles"
                      type="int">
                  <options>
                     <option name="required">false</option>
                  </options>
               </field>
               <field description="Index of the current file to be checked"
                      name="temp_NbFiles_Current"
                      type="int">
                  <options>
                     <option name="required">false</option>
                  </options>
               </field>
               <field description="Number of the remaining files to be checked"
                      name="temp_NbFiles_Remaining"
                      type="int">
                  <options>
                     <option name="required">false</option>
                  </options>
               </field>
               <field description="" name="temp_filename" type="string">
                  <options>
                     <option name="required">false</option>
                  </options>
               </field>
               <field description="" name="temp_filepath" type="string">
                  <options>
                     <option name="required">false</option>
                  </options>
               </field>
               <field description="Index of the Share file in the file list"
                      name="temp_index_clarington"
                      type="int">
                  <options>
                     <option name="required">false</option>
                  </options>
               </field>
               <field description="Index of the Registered representative file in the file list"
                      name="temp_index_investia"
                      type="int">
                  <options>
                     <option name="required">false</option>
                  </options>
               </field>
               <field description="Index of the Revenues file in the file list"
                      name="temp_index_iapw"
                      type="int">
                  <options>
                     <option name="required">false</option>
                  </options>
               </field>
               <field description=""
                      name="tf_OnDemand_LoadDM_60_STG_To_DM_MASTER_KPI_DATA_CLARINGTON"
                      type="reference">
                  <options>
                     <option name="referenceTo">$po:InternalInfaSubTaskflowField</option>
                     <option name="failOnNotRun">false</option>
                     <option name="failOnFault">false</option>
                  </options>
               </field>
               <field description=""
                      name="tf_OnDemand_LoadDM_60_STG_To_DM_MASTER_KPI_DATA_INVESTIA"
                      type="reference">
                  <options>
                     <option name="referenceTo">$po:InternalInfaSubTaskflowField</option>
                     <option name="failOnNotRun">false</option>
                     <option name="failOnFault">false</option>
                  </options>
               </field>
               <field description=""
                      name="tf_OnDemand_LoadDM_60_STG_To_DM_MASTER_KPI_DATA_IAPW"
                      type="reference">
                  <options>
                     <option name="referenceTo">$po:InternalInfaSubTaskflowField</option>
                     <option name="failOnNotRun">false</option>
                     <option name="failOnFault">false</option>
                  </options>
               </field>
               <field description=""
                      name="tf_OnDemand_LoadRDV_20-30_PSA_IAPW_EXTERNAL_KPI_to_REFMASTER_KPI_DATA_CLARINGTON"
                      type="reference">
                  <options>
                     <option name="referenceTo">$po:InternalInfaSubTaskflowField</option>
                     <option name="failOnNotRun">false</option>
                     <option name="failOnFault">false</option>
                  </options>
               </field>
               <field description=""
                      name="tf_OnDemand_LoadSTG_20-30_PSA_EXTERNAL_KPI_to_REF_MASTER_KPI_DATA_INVESTIA"
                      type="reference">
                  <options>
                     <option name="referenceTo">$po:InternalInfaSubTaskflowField</option>
                     <option name="failOnNotRun">false</option>
                     <option name="failOnFault">false</option>
                  </options>
               </field>
               <field description=""
                      name="tf_OnDemand_LoadSTG_20-30_PSA_IAPW_EXTERNAL_KPI_to_REF_MASTER_KPI_DATA_IAPW"
                      type="reference">
                  <options>
                     <option name="referenceTo">$po:InternalInfaSubTaskflowField</option>
                     <option name="failOnNotRun">false</option>
                     <option name="failOnFault">false</option>
                  </options>
               </field>
            </tempFields>
            <notes/>
            <deployment suspendOnFault="false" tracingLevel="verbose">
               <event eventSource="fileListenerTask:fl_EXTERNAL_KPI"/>
            </deployment>
            <flow id="a">
               <start id="b">
                  <link id="kmfjmr6d" targetId="kmfjmr6c"/>
               </start>
               <assignment id="kmfjmr6c">
                  <title>asgn_init_counters</title>
                  <operation source="formula" to="temp.temp_NbFiles">
                     <expression language="XQuery">list:count($input.fl_EXTERNAL_KPI[1]/arrivedFiles) </expression>
                  </operation>
                  <operation source="constant" to="temp.temp_NbFiles_Current">0</operation>
                  <operation source="formula" to="temp.temp_NbFiles_Remaining">
                     <expression language="XQuery">list:count($input.fl_EXTERNAL_KPI[1]/arrivedFiles) </expression>
                  </operation>
                  <operation source="formula" to="temp.temp_filename">
                     <expression language="XQuery">$input.fl_EXTERNAL_KPI[1]/arrivedFiles[$temp.temp_NbFiles_Remaining ]/name </expression>
                  </operation>
                  <operation source="formula" to="temp.temp_filepath">
                     <expression language="XQuery">$input.fl_EXTERNAL_KPI[1]/arrivedFiles[$temp.temp_NbFiles_Remaining ]/path </expression>
                  </operation>
                  <operation source="constant" to="temp.temp_index_clarington">-1</operation>
                  <operation source="constant" to="temp.temp_index_investia">-1</operation>
                  <operation source="constant" to="temp.temp_index_iapw">-1</operation>
                  <link id="kmfjmr6v" targetId="kmfjmr6u"/>
               </assignment>
               <container id="kmfjmr6u" type="exclusive">
                  <title>dcn_still_files</title>
                  <flow id="kmfjmr6y">
                     <container id="kmfjmr9f" type="exclusive">
                        <title>dcn_filename_taskflow</title>
                        <flow id="kmgloqkh">
                           <assignment id="kmgloqlh">
                              <title>asgn_clarington_Index</title>
                              <operation source="field" to="temp.temp_index_clarington">temp.temp_NbFiles_Remaining</operation>
                           </assignment>
                           <link id="kmgloqki" targetId="kmfjmr9f" type="containerLink"/>
                        </flow>
                        <flow id="kmgloqkj">
                           <assignment id="kmgloqm2">
                              <title>asgn_investia_Index</title>
                              <operation source="field" to="temp.temp_index_investia">temp.temp_NbFiles_Remaining</operation>
                           </assignment>
                           <link id="kmgloqkk" targetId="kmfjmr9f" type="containerLink"/>
                        </flow>
                        <flow id="kmgloqkl">
                           <assignment id="kmgloqmn">
                              <title>asgn_iapw_Index</title>
                              <operation source="field" to="temp.temp_index_iapw">temp.temp_NbFiles_Remaining</operation>
                           </assignment>
                           <link id="kmgloqkm" targetId="kmfjmr9f" type="containerLink"/>
                        </flow>
                        <flow id="kmgloqkv">
                           <link id="kmgloqkw" targetId="kmfjmr9f" type="containerLink"/>
                        </flow>
                        <link id="kmgloqk9" targetId="kmgloqkh" type="containerLink">
                           <condition source="formula">
                              <function name="starts-with">
                                 <arg name="left">{$temp.temp_filename}</arg>
                                 <arg name="right">MASTER_KPI_DATA_CLARINGTON__</arg>
                              </function>
                           </condition>
                        </link>
                        <link id="kmgloqka" targetId="kmgloqkj" type="containerLink">
                           <condition source="formula">
                              <function name="starts-with">
                                 <arg name="left">{$temp.temp_filename}</arg>
                                 <arg name="right">MASTER_KPI_DATA_INVESTIA__</arg>
                              </function>
                           </condition>
                        </link>
                        <link id="kmgloqkb" targetId="kmgloqkl" type="containerLink">
                           <condition source="formula">
                              <function name="starts-with">
                                 <arg name="left">{$temp.temp_filename}</arg>
                                 <arg name="right">MASTER_KPI_DATA_IAPW__</arg>
                              </function>
                           </condition>
                        </link>
                        <link id="kmgloqkg" targetId="kmgloqkv" type="containerLink"/>
                        <link id="kmfjmr9g" targetId="kmfjmr7l"/>
                     </container>
                     <assignment id="kmfjmr7l">
                        <title>asgn_update_counters</title>
                        <operation source="formula" to="temp.temp_NbFiles_Current">
                           <expression language="XQuery">$temp.temp_NbFiles_Current + 1</expression>
                        </operation>
                        <operation source="formula" to="temp.temp_NbFiles_Remaining">
                           <expression language="XQuery">$temp.temp_NbFiles_Remaining - 1</expression>
                        </operation>
                        <operation source="formula" to="temp.temp_filename">
                           <expression language="XQuery">$input.fl_EXTERNAL_KPI[1]/arrivedFiles[$temp.temp_NbFiles_Remaining ]/name</expression>
                        </operation>
                        <operation source="formula" to="temp.temp_filepath">
                           <expression language="XQuery">$input.fl_EXTERNAL_KPI[1]/arrivedFiles[$temp.temp_NbFiles_Remaining ]/path</expression>
                        </operation>
                        <link id="kmfjmr8x" targetId="kmfjmr8v"/>
                     </assignment>
                     <jumpTo id="kmfjmr8v">
                        <link id="kmfjmr8w" targetId="kmfjmr6u"/>
                     </jumpTo>
                  </flow>
                  <flow id="kmfjmr71">
                     <container id="kmglor3d" type="parallel">
                        <title>Loading IAS KPI 20-60</title>
                        <flow id="kmglor3f">
                           <container id="kmglor4u" type="exclusive">
                              <title>dcn_clarington_received</title>
                              <flow id="kmgr29h2">
                                 <subflow id="l5k012b8">
                                    <title>tf_OnDemand_LoadRDV_20-30_PSA_IAPW_EXTERNAL_KPI_to_REFMASTER_KPI_DATA_CLARINGTON</title>
                                    <subflowGUID>kGHpz3iTKU5eSdf7munUKG</subflowGUID>
                                    <subflowPath>tf_OnDemand_LoadRDV_20-30_PSA_IAPW_EXTERNAL_KPI_to_REFMASTER_KPI_DATA_CLARINGTON</subflowPath>
                                    <runForEach>false</runForEach>
                                    <input>
                                       <parameter name="input_filename" source="formula" updatable="true">
                                          <expression language="XQuery">$input.fl_EXTERNAL_KPI[1]/arrivedFiles[$temp.temp_index_clarington ]/name </expression>
                                       </parameter>
                                       <parameter name="input_filepath" source="formula" updatable="true">
                                          <expression language="XQuery">$input.fl_EXTERNAL_KPI[1]/arrivedFiles[$temp.temp_index_clarington ]/path</expression>
                                       </parameter>
                                    </input>
                                    <outputDef/>
                                    <link id="l5k012b9" targetId="kmgr2a7v"/>
                                 </subflow>
                                 <subflow id="kmgr2a7v">
                                    <title>tf_OnDemand_LoadDM_60_STG_To_DM_MASTER_KPI_DATA_CLARINGTON</title>
                                    <subflowGUID>9GmJ0v0IPKHizdRleLwmeb</subflowGUID>
                                    <subflowPath>tf_OnDemand_LoadDM_60_STG_To_DM_MASTER_KPI_DATA_CLARINGTON</subflowPath>
                                    <runForEach>false</runForEach>
                                    <input>
                                       <parameter name="input_filename" source="formula" updatable="true">
                                          <expression language="XQuery">$input.fl_EXTERNAL_KPI[1]/arrivedFiles[$temp.temp_index_clarington ]/name </expression>
                                       </parameter>
                                    </input>
                                    <outputDef/>
                                 </subflow>
                                 <link id="kmgr29h3" targetId="kmglor4u" type="containerLink"/>
                              </flow>
                              <flow id="kmgr29h4">
                                 <link id="kmgr29h5" targetId="kmglor4u" type="containerLink"/>
                              </flow>
                              <link id="kmgr29h0" targetId="kmgr29h2" type="containerLink">
                                 <condition source="formula">
                                    <function name="greater-than">
                                       <arg name="left">{$temp.temp_index_clarington}</arg>
                                       <arg name="right">{0}</arg>
                                    </function>
                                 </condition>
                              </link>
                              <link id="kmgr29h1" targetId="kmgr29h4" type="containerLink"/>
                           </container>
                           <link id="kmglor3g" targetId="kmglor3d" type="containerLink"/>
                        </flow>
                        <flow id="kmglor3i">
                           <container id="kmglor5u" type="exclusive">
                              <title>dcn_investia_received</title>
                              <flow id="kn4taqpf">
                                 <subflow id="l5k012bw">
                                    <title>tf_OnDemand_LoadSTG_20-30_PSA_EXTERNAL_KPI_to_REF_MASTER_KPI_DATA_INVESTIA</title>
                                    <subflowGUID>c7BpjQp2zeelhUaXO189iK</subflowGUID>
                                    <subflowPath>tf_OnDemand_LoadSTG_20-30_PSA_EXTERNAL_KPI_to_REF_MASTER_KPI_DATA_INVESTIA</subflowPath>
                                    <runForEach>false</runForEach>
                                    <input>
                                       <parameter name="input_filename" source="formula" updatable="true">
                                          <expression language="XQuery">$input.fl_EXTERNAL_KPI[1]/arrivedFiles[$temp.temp_index_investia ]/name</expression>
                                       </parameter>
                                       <parameter name="input_filepath" source="formula" updatable="true">
                                          <expression language="XQuery">$input.fl_EXTERNAL_KPI[1]/arrivedFiles[$temp.temp_index_investia ]/path</expression>
                                       </parameter>
                                    </input>
                                    <outputDef/>
                                    <link id="l5k012bx" targetId="kn4taqrq"/>
                                 </subflow>
                                 <subflow id="kn4taqrq">
                                    <title>tf_OnDemand_LoadDM_60_STG_To_DM_MASTER_KPI_DATA_INVESTIA</title>
                                    <subflowGUID>3pA3uwlIh1Eci06AbYX1u7</subflowGUID>
                                    <subflowPath>tf_OnDemand_LoadDM_60_STG_To_DM_MASTER_KPI_DATA_INVESTIA</subflowPath>
                                    <runForEach>false</runForEach>
                                    <input>
                                       <parameter name="input_filename" source="formula" updatable="true">
                                          <expression language="XQuery">$input.fl_EXTERNAL_KPI[1]/arrivedFiles[$temp.temp_index_investia ]/name</expression>
                                       </parameter>
                                    </input>
                                    <outputDef/>
                                 </subflow>
                                 <link id="kn4taqpg" targetId="kmglor5u" type="containerLink"/>
                              </flow>
                              <flow id="kn4taqph">
                                 <link id="kn4taqpi" targetId="kmglor5u" type="containerLink"/>
                              </flow>
                              <link id="kn4taqpd" targetId="kn4taqpf" type="containerLink">
                                 <condition source="formula">
                                    <function name="greater-than">
                                       <arg name="left">{$temp.temp_index_investia}</arg>
                                       <arg name="right">{0}</arg>
                                    </function>
                                 </condition>
                              </link>
                              <link id="kn4taqpe" targetId="kn4taqph" type="containerLink"/>
                           </container>
                           <link id="kmglor3j" targetId="kmglor3d" type="containerLink"/>
                        </flow>
                        <flow id="kmglor74">
                           <container id="kmglora2" type="exclusive">
                              <title>dcn_iapw_received</title>
                              <flow id="kmgr29pp">
                                 <subflow id="l5k012ck">
                                    <title>tf_OnDemand_LoadSTG_20-30_PSA_IAPW_EXTERNAL_KPI_to_REF_MASTER_KPI_DATA_IAPW</title>
                                    <subflowGUID>cpZStns5LoVkrko43U1aoD</subflowGUID>
                                    <subflowPath>tf_OnDemand_LoadSTG_20-30_PSA_IAPW_EXTERNAL_KPI_to_REF_MASTER_KPI_DATA_IAPW</subflowPath>
                                    <runForEach>false</runForEach>
                                    <input>
                                       <parameter name="input_filename" source="formula" updatable="true">
                                          <expression language="XQuery">$input.fl_EXTERNAL_KPI[1]/arrivedFiles[$temp.temp_index_iapw ]/name</expression>
                                       </parameter>
                                       <parameter name="input_filepath" source="formula" updatable="true">
                                          <expression language="XQuery">$input.fl_EXTERNAL_KPI[1]/arrivedFiles[$temp.temp_index_iapw ]/path</expression>
                                       </parameter>
                                    </input>
                                    <outputDef/>
                                    <link id="l5k012cl" targetId="kmhu3gte"/>
                                 </subflow>
                                 <subflow id="kmhu3gte">
                                    <title>tf_OnDemand_LoadDM_60_STG_To_DM_MASTER_KPI_DATA_IAPW</title>
                                    <subflowGUID>2dGgIl0kdQzgrU0U6edSEm</subflowGUID>
                                    <subflowPath>tf_OnDemand_LoadDM_60_STG_To_DM_MASTER_KPI_DATA_IAPW</subflowPath>
                                    <runForEach>false</runForEach>
                                    <input>
                                       <parameter name="input_filename" source="formula" updatable="true">
                                          <expression language="XQuery">$input.fl_EXTERNAL_KPI[1]/arrivedFiles[$temp.temp_index_iapw ]/name</expression>
                                       </parameter>
                                    </input>
                                    <outputDef/>
                                 </subflow>
                                 <link id="kmgr29pq" targetId="kmglora2" type="containerLink"/>
                              </flow>
                              <flow id="kmgr29pr">
                                 <link id="kmgr29ps" targetId="kmglora2" type="containerLink"/>
                              </flow>
                              <link id="kmgr29pn" targetId="kmgr29pp" type="containerLink">
                                 <condition source="formula">
                                    <function name="greater-than">
                                       <arg name="left">{$temp.temp_index_iapw}</arg>
                                       <arg name="right">{0}</arg>
                                    </function>
                                 </condition>
                              </link>
                              <link id="kmgr29po" targetId="kmgr29pr" type="containerLink"/>
                           </container>
                           <link id="kmglor75" targetId="kmglor3d" type="containerLink"/>
                        </flow>
                        <link id="kmglor3e" targetId="kmglor3f" type="containerLink"/>
                        <link id="kmglor3h" targetId="kmglor3i" type="containerLink"/>
                        <link id="kmglor73" targetId="kmglor74" type="containerLink"/>
                     </container>
                     <link id="kmfjmr72" targetId="kmfjmr6u" type="containerLink"/>
                  </flow>
                  <link id="kmfjmr6x" targetId="kmfjmr6y" type="containerLink">
                     <condition source="formula">
                        <function name="greater-than">
                           <arg name="left">{$temp.temp_NbFiles_Remaining}</arg>
                           <arg name="right">{0}</arg>
                        </function>
                     </condition>
                  </link>
                  <link id="kmfjmr70" targetId="kmfjmr71" type="containerLink"/>
                  <link id="kmfjmr6w" targetId="c"/>
               </container>
               <end id="c"/>
            </flow>
            <dependencies>
               <processObject xmlns="http://schemas.active-endpoints.com/appmodules/screenflow/2011/06/avosHostEnvironment.xsd"
                              displayName="InternalInfaSubTaskflowField"
                              isByCopy="true"
                              name="InternalInfaSubTaskflowField">
                  <description>This process object represents a subtaskflow type reference field.</description>
                  <tags/>
                  <detail/>
               </processObject>
               <processObject xmlns="http://schemas.active-endpoints.com/appmodules/screenflow/2011/06/avosHostEnvironment.xsd"
                              displayName="INTERNALB2BFILELISTENER1565084895"
                              isByCopy="true"
                              name="INTERNALB2BFILELISTENER1565084895">
                  <description>This process object represents a taskflow specific file task field details.</description>
                  <tags/>
                  <detail>
                     <field label="Arrived Files"
                            name="arrivedFiles"
                            nullable="true"
                            required="false"
                            type="objectlist">
                        <options>
                           <option name="referenceTo">$po:INTERNALB2BFILELISTENER1565084895-arrivedFiles</option>
                           <option name="relationshipName">Child</option>
                           <option hide="true" name="multiSelect">true</option>
                           <option name="required">false</option>
                        </options>
                     </field>
                     <field label="Update Files"
                            name="updatedFiles"
                            nullable="true"
                            required="false"
                            type="objectlist">
                        <options>
                           <option name="referenceTo">$po:INTERNALB2BFILELISTENER1565084895-updatedFiles</option>
                           <option name="relationshipName">Child</option>
                           <option hide="true" name="multiSelect">true</option>
                           <option name="required">false</option>
                        </options>
                     </field>
                     <field label="Deleted Files"
                            name="deletedFiles"
                            nullable="true"
                            required="false"
                            type="objectlist">
                        <options>
                           <option name="referenceTo">$po:INTERNALB2BFILELISTENER1565084895-deletedFiles</option>
                           <option name="relationshipName">Child</option>
                           <option hide="true" name="multiSelect">true</option>
                           <option name="required">false</option>
                        </options>
                     </field>
                  </detail>
               </processObject>
               <processObject xmlns="http://schemas.active-endpoints.com/appmodules/screenflow/2011/06/avosHostEnvironment.xsd"
                              displayName="INTERNALB2BFILELISTENER1565084895-arrivedFiles"
                              isByCopy="true"
                              name="INTERNALB2BFILELISTENER1565084895-arrivedFiles">
                  <description>This process object represents a arrivedFiles structure of the file task field.This is in case of taskflow.</description>
                  <tags/>
                  <detail>
                     <field label="Path"
                            name="path"
                            nullable="true"
                            required="false"
                            type="string"/>
                     <field label="Name"
                            name="name"
                            nullable="true"
                            required="false"
                            type="string"/>
                     <field label="Size"
                            name="size"
                            nullable="true"
                            required="false"
                            type="string"/>
                     <field label="Last Modified"
                            name="lastModified"
                            nullable="true"
                            required="false"
                            type="string"/>
                  </detail>
               </processObject>
               <processObject xmlns="http://schemas.active-endpoints.com/appmodules/screenflow/2011/06/avosHostEnvironment.xsd"
                              displayName="INTERNALB2BFILELISTENER1565084895-updatedFiles"
                              isByCopy="true"
                              name="INTERNALB2BFILELISTENER1565084895-updatedFiles">
                  <description>This process object represents a updatedFiles structure of the file task field.This is in case of taskflow.</description>
                  <tags/>
                  <detail>
                     <field label="Path"
                            name="path"
                            nullable="true"
                            required="false"
                            type="string"/>
                     <field label="Name"
                            name="name"
                            nullable="true"
                            required="false"
                            type="string"/>
                     <field label="Size"
                            name="size"
                            nullable="true"
                            required="false"
                            type="string"/>
                     <field label="Last Modified"
                            name="lastModified"
                            nullable="true"
                            required="false"
                            type="string"/>
                  </detail>
               </processObject>
               <processObject xmlns="http://schemas.active-endpoints.com/appmodules/screenflow/2011/06/avosHostEnvironment.xsd"
                              displayName="INTERNALB2BFILELISTENER1565084895-deletedFiles"
                              isByCopy="true"
                              name="INTERNALB2BFILELISTENER1565084895-deletedFiles">
                  <description>This process object represents file listener task deletedFiles structure.This is in case of taskflow.</description>
                  <tags/>
                  <detail>
                     <field label="Path"
                            name="path"
                            nullable="true"
                            required="false"
                            type="string"/>
                     <field label="Name"
                            name="name"
                            nullable="true"
                            required="false"
                            type="string"/>
                     <field label="Size"
                            name="size"
                            nullable="true"
                            required="false"
                            type="string"/>
                     <field label="Last Modified"
                            name="lastModified"
                            nullable="true"
                            required="false"
                            type="string"/>
                  </detail>
               </processObject>
            </dependencies>
         </taskflow>
      </types1:Entry>
      <types1:GUID>9xjyKKRrUYwf0iFQqoPqi0</types1:GUID>
      <types1:DisplayName>tf_Ondemand_LoadDM_20-60_STG_MASTER_KPI_DATA_to_DM_Synchronization</types1:DisplayName>
   </types1:Item>
   <types1:CurrentServerDateTime>2023-03-08T18:58:57.097Z</types1:CurrentServerDateTime>
</aetgt:getResponse>
