<aetgt:getResponse xmlns:aetgt="http://schemas.active-endpoints.com/appmodules/repository/2010/10/avrepository.xsd"
                   xmlns:types1="http://schemas.active-endpoints.com/appmodules/repository/2010/10/avrepository.xsd">
   <types1:Item>
      <types1:EntryId>E69xGomUhGdwOLI-gt-7198580-2022-05-31T20:11:46.489Z::tf.xml</types1:EntryId>
      <types1:Name>tf_OnDemand_LoadDM_60_STG_To_DM_MASTER_KPI_DATA_IAPW</types1:Name>
      <types1:MimeType>application/xml+taskflow</types1:MimeType>
      <types1:Description/>
      <types1:AppliesTo/>
      <types1:Tags/>
      <types1:VersionLabel>1.0</types1:VersionLabel>
      <types1:State>CURRENT</types1:State>
      <types1:ProcessGroup/>
      <types1:CreatedBy>iheb.benghali.adm@ia.ca.SAML</types1:CreatedBy>
      <types1:CreationDate>2022-05-31T20:11:46Z</types1:CreationDate>
      <types1:ModifiedBy/>
      <types1:PublicationStatus>published</types1:PublicationStatus>
      <types1:PublishedBy>jihed.laamiri.adm@ia.ca.SAML</types1:PublishedBy>
      <types1:PublicationDate>2022-08-02T18:28:49Z</types1:PublicationDate>
      <types1:PublishedContributionId>project:/tf.tf_OnDemand_LoadDM_60_STG_To_DM_MASTER_KPI_DATA_IAPW/tf_OnDemand_LoadDM_60_STG_To_DM_MASTER_KPI_DATA_IAPW.tf.xml</types1:PublishedContributionId>
      <types1:AutosaveExists>false</types1:AutosaveExists>
      <types1:Entry>
         <taskflow xmlns="http://schemas.active-endpoints.com/appmodules/screenflow/2010/10/avosScreenflow.xsd"
                   xmlns:tfm="http://schemas.active-endpoints.com/appmodules/screenflow/2021/04/taskflowModel.xsd"
                   xmlns:list="urn:activevos:spi:list:functions"
                   displayName="tf_OnDemand_LoadDM_60_STG_To_DM_MASTER_KPI_DATA_IAPW"
                   name="tf_OnDemand_LoadDM_60_STG_To_DM_MASTER_KPI_DATA_IAPW"
                   overrideAPIName="false">
            <parameterSet xmlns="http://schemas.active-endpoints.com/appmodules/screenflow/2021/04/taskflowModel.xsd"/>
            <appliesTo/>
            <description/>
            <tags/>
            <generator>Informatica Process Designer 11</generator>
            <input>
               <parameter description=""
                          name="input_filename"
                          required="true"
                          type="string">
                  <options>
                     <option name="required">false</option>
                  </options>
               </parameter>
            </input>
            <tempFields>
               <field description="" name="dt_audit_EndJob_IAPW" type="reference">
                  <options>
                     <option name="failOnNotRun">false</option>
                     <option name="failOnFault">false</option>
                     <option name="referenceTo">$po:mt-audit-EndJob-IAPW</option>
                  </options>
               </field>
               <field description="" name="temp_JobName" type="string">
                  <options>
                     <option name="required">false</option>
                  </options>
               </field>
               <field description="" name="temp_tf_Audit_ID" type="string">
                  <options>
                     <option name="required">false</option>
                  </options>
               </field>
               <field description="" name="temp_dataStartDate" type="date">
                  <options>
                     <option name="required">false</option>
                  </options>
               </field>
               <field description=""
                      name="dt_LoadDM_STG_IAPW_Stg_To_DM_MASTER_KPI_DATA_IAPW"
                      type="reference">
                  <options>
                     <option name="failOnNotRun">false</option>
                     <option name="failOnFault">false</option>
                     <option name="referenceTo">$po:mt-LoadDM-IAPW-Stg-To-DM-MASTER-KPI-DATA-IAPW</option>
                  </options>
               </field>
               <field description="" name="temp_filename" type="string">
                  <options>
                     <option name="required">false</option>
                  </options>
               </field>
               <field description=""
                      name="dt_OnDemand_Audit_StartJob_IAPW"
                      type="reference">
                  <options>
                     <option name="failOnNotRun">false</option>
                     <option name="failOnFault">false</option>
                     <option name="referenceTo">$po:mt-OnDemand-Audit-StartJob-IAPW</option>
                  </options>
               </field>
            </tempFields>
            <notes/>
            <deployment suspendOnFault="false" tracingLevel="verbose">
               <rest/>
            </deployment>
            <flow id="a">
               <start id="b">
                  <link id="kg9lcwdf" targetId="kg9lcwde"/>
               </start>
               <assignment id="kg9lcwde">
                  <title>asgn_StartJob_Parameters</title>
                  <operation source="formula" to="temp.temp_JobName">
                     <expression language="XQuery">fn:concat("'",util:getAssetName(),"'")</expression>
                  </operation>
                  <operation source="formula" to="temp.temp_tf_Audit_ID">
                     <expression language="XQuery">fn:concat("'",util:getAssetName(),"-", util:getProcessId(),"'")</expression>
                  </operation>
                  <operation source="field" to="temp.temp_filename">input.input_filename</operation>
                  <operation source="constant"
                             to="temp.dt_OnDemand_Audit_StartJob_IAPW[1]/inout[1]/io_JOB_START_DT">01/01/2000 00:00:00.000000000</operation>
                  <operation source="constant"
                             to="temp.dt_OnDemand_Audit_StartJob_IAPW[1]/inout[1]/io_Result">ERROR</operation>
                  <link id="l27puett" targetId="l27puets"/>
               </assignment>
               <assignment id="l27puets">
                  <title>asgn_DataStartDate</title>
                  <operation source="formula" to="temp.temp_dataStartDate">
                     <expression language="XQuery">fn:concat('''',fn:substring-before(fn:substring-after($temp.temp_filename , '__'), '.'),'''')</expression>
                  </operation>
                  <link id="l27pueun" targetId="l27puevf"/>
               </assignment>
               <eventContainer id="l27puevf">
                  <service id="l27pueum">
                     <title>dt_OnDemand_Audit_StartJob_IAPW</title>
                     <serviceName>ICSExecuteDataTask</serviceName>
                     <serviceGUID/>
                     <serviceInput>
                        <parameter name="Wait for Task to Complete" source="constant" updatable="true">true</parameter>
                        <parameter name="Max Wait" source="constant" updatable="true">604800</parameter>
                        <parameter name="Task Name" source="constant" updatable="true">mt_OnDemand_Audit_StartJob_IAPW</parameter>
                        <parameter name="GUID" source="constant" updatable="true">4PgY1hYt1qniQngrkdqpIi</parameter>
                        <parameter name="Task Type" source="constant" updatable="true">MCT</parameter>
                        <parameter name="Has Inout Parameters" source="constant" updatable="true">true</parameter>
                        <parameter name="taskField" source="nested">
                           <operation source="field" to="mt-OnDemand-Audit-StartJob-IAPW">temp.dt_OnDemand_Audit_StartJob_IAPW</operation>
                           <operation source="field"
                                      to="mt-OnDemand-Audit-StartJob-IAPW/inout[1]/io_JOB_AUDIT_ID">temp.temp_tf_Audit_ID</operation>
                           <operation source="field"
                                      to="mt-OnDemand-Audit-StartJob-IAPW/inout[1]/io_JOB_NAME">temp.temp_JobName</operation>
                           <operation source="field"
                                      to="mt-OnDemand-Audit-StartJob-IAPW/inout[1]/io_JOB_START_DT">temp.temp_dataStartDate</operation>
                        </parameter>
                     </serviceInput>
                     <serviceOutput>
                        <operation source="field"
                                   to="temp.dt_OnDemand_Audit_StartJob_IAPW/output/Object_Name">Object Name</operation>
                        <operation source="field" to="temp.dt_OnDemand_Audit_StartJob_IAPW/output/Run_Id">Run Id</operation>
                        <operation source="field" to="temp.dt_OnDemand_Audit_StartJob_IAPW/output/Log_Id">Log Id</operation>
                        <operation source="field" to="temp.dt_OnDemand_Audit_StartJob_IAPW/output/Task_Id">Task Id</operation>
                        <operation source="field"
                                   to="temp.dt_OnDemand_Audit_StartJob_IAPW/output/Task_Status">Task Status</operation>
                        <operation source="field"
                                   to="temp.dt_OnDemand_Audit_StartJob_IAPW/output/Success_Source_Rows">Success Source Rows</operation>
                        <operation source="field"
                                   to="temp.dt_OnDemand_Audit_StartJob_IAPW/output/Failed_Source_Rows">Failed Source Rows</operation>
                        <operation source="field"
                                   to="temp.dt_OnDemand_Audit_StartJob_IAPW/output/Success_Target_Rows">Success Target Rows</operation>
                        <operation source="field"
                                   to="temp.dt_OnDemand_Audit_StartJob_IAPW/output/Failed_Target_Rows">Failed Target Rows</operation>
                        <operation source="field"
                                   to="temp.dt_OnDemand_Audit_StartJob_IAPW/output/Start_Time">Start Time</operation>
                        <operation source="field"
                                   to="temp.dt_OnDemand_Audit_StartJob_IAPW/output/End_Time">End Time</operation>
                        <operation source="field"
                                   to="temp.dt_OnDemand_Audit_StartJob_IAPW/output/Error_Message">Error Message</operation>
                        <operation source="field"
                                   to="temp.dt_OnDemand_Audit_StartJob_IAPW/output/TotalTransErrors">Total Transformation Errors</operation>
                        <operation source="field"
                                   to="temp.dt_OnDemand_Audit_StartJob_IAPW/output/FirstErrorCode">First Error Code</operation>
                        <operation source="field"
                                   to="temp.dt_OnDemand_Audit_StartJob_IAPW/inout/io_Result">io_Result</operation>
                        <operation source="field"
                                   to="temp.dt_OnDemand_Audit_StartJob_IAPW/inout/io_JOB_START_DT">io_JOB_START_DT</operation>
                        <operation source="field"
                                   to="temp.dt_OnDemand_Audit_StartJob_IAPW/inout/io_JOB_NAME">io_JOB_NAME</operation>
                        <operation source="field"
                                   to="temp.dt_OnDemand_Audit_StartJob_IAPW/inout/io_JOB_AUDIT_ID">io_JOB_AUDIT_ID</operation>
                     </serviceOutput>
                  </service>
                  <link id="l27puexd" targetId="kg9i7hju"/>
                  <events>
                     <catch faultField="temp.dt_OnDemand_Audit_StartJob_IAPW/fault"
                            id="l27puevd"
                            interrupting="true"
                            name="error">
                        <suspend/>
                     </catch>
                     <catch faultField="temp.dt_OnDemand_Audit_StartJob_IAPW/fault"
                            id="l27pueve"
                            interrupting="true"
                            name="warning"/>
                  </events>
               </eventContainer>
               <container id="kg9i7hju" type="exclusive">
                  <title>dcn_StartJob_Result</title>
                  <flow id="kg9i7hjy">
                     <eventContainer id="l26iorqc">
                        <service id="l26iorpp">
                           <title>dt_LoadDM_STG_IAPW_Stg_To_DM_MASTER_KPI_DATA_IAPW</title>
                           <serviceName>ICSExecuteDataTask</serviceName>
                           <serviceGUID/>
                           <serviceInput>
                              <parameter name="Wait for Task to Complete" source="constant" updatable="true">true</parameter>
                              <parameter name="Max Wait" source="constant" updatable="true">604800</parameter>
                              <parameter name="Task Name" source="constant" updatable="true">mt_LoadDM_IAPW_Stg_To_DM_MASTER_KPI_DATA_IAPW</parameter>
                              <parameter name="GUID" source="constant" updatable="true">0XsvbWS3vUAjO3fGn8aDQt</parameter>
                              <parameter name="Task Type" source="constant" updatable="true">MCT</parameter>
                              <parameter name="Has Inout Parameters" source="constant" updatable="true">false</parameter>
                              <parameter name="taskField" source="nested">
                                 <operation source="field" to="mt-LoadDM-IAPW-Stg-To-DM-MASTER-KPI-DATA-IAPW">temp.dt_LoadDM_STG_IAPW_Stg_To_DM_MASTER_KPI_DATA_IAPW</operation>
                                 <operation source="field"
                                            to="mt-LoadDM-IAPW-Stg-To-DM-MASTER-KPI-DATA-IAPW/input[1]/i_DATA_START_DATE">temp.temp_dataStartDate</operation>
                                 <operation source="field"
                                            to="temp.dt_LoadDM_STG_IAPW_Stg_To_DM_MASTER_KPI_DATA_IAPW[1]/input[1]/i_DATA_START_DATE">temp.temp_dataStartDate</operation>
                              </parameter>
                           </serviceInput>
                           <serviceOutput>
                              <operation source="field"
                                         to="temp.dt_LoadDM_STG_IAPW_Stg_To_DM_MASTER_KPI_DATA_IAPW/output/Object_Name">Object Name</operation>
                              <operation source="field"
                                         to="temp.dt_LoadDM_STG_IAPW_Stg_To_DM_MASTER_KPI_DATA_IAPW/output/Run_Id">Run Id</operation>
                              <operation source="field"
                                         to="temp.dt_LoadDM_STG_IAPW_Stg_To_DM_MASTER_KPI_DATA_IAPW/output/Log_Id">Log Id</operation>
                              <operation source="field"
                                         to="temp.dt_LoadDM_STG_IAPW_Stg_To_DM_MASTER_KPI_DATA_IAPW/output/Task_Id">Task Id</operation>
                              <operation source="field"
                                         to="temp.dt_LoadDM_STG_IAPW_Stg_To_DM_MASTER_KPI_DATA_IAPW/output/Task_Status">Task Status</operation>
                              <operation source="field"
                                         to="temp.dt_LoadDM_STG_IAPW_Stg_To_DM_MASTER_KPI_DATA_IAPW/output/Success_Source_Rows">Success Source Rows</operation>
                              <operation source="field"
                                         to="temp.dt_LoadDM_STG_IAPW_Stg_To_DM_MASTER_KPI_DATA_IAPW/output/Failed_Source_Rows">Failed Source Rows</operation>
                              <operation source="field"
                                         to="temp.dt_LoadDM_STG_IAPW_Stg_To_DM_MASTER_KPI_DATA_IAPW/output/Success_Target_Rows">Success Target Rows</operation>
                              <operation source="field"
                                         to="temp.dt_LoadDM_STG_IAPW_Stg_To_DM_MASTER_KPI_DATA_IAPW/output/Failed_Target_Rows">Failed Target Rows</operation>
                              <operation source="field"
                                         to="temp.dt_LoadDM_STG_IAPW_Stg_To_DM_MASTER_KPI_DATA_IAPW/output/Start_Time">Start Time</operation>
                              <operation source="field"
                                         to="temp.dt_LoadDM_STG_IAPW_Stg_To_DM_MASTER_KPI_DATA_IAPW/output/End_Time">End Time</operation>
                              <operation source="field"
                                         to="temp.dt_LoadDM_STG_IAPW_Stg_To_DM_MASTER_KPI_DATA_IAPW/output/Error_Message">Error Message</operation>
                              <operation source="field"
                                         to="temp.dt_LoadDM_STG_IAPW_Stg_To_DM_MASTER_KPI_DATA_IAPW/output/TotalTransErrors">Total Transformation Errors</operation>
                              <operation source="field"
                                         to="temp.dt_LoadDM_STG_IAPW_Stg_To_DM_MASTER_KPI_DATA_IAPW/output/FirstErrorCode">First Error Code</operation>
                           </serviceOutput>
                        </service>
                        <link id="l26iortv" targetId="km26ueg2"/>
                        <events>
                           <catch faultField="temp.dt_LoadDM_STG_IAPW_Stg_To_DM_MASTER_KPI_DATA_IAPW/fault"
                                  id="l26iorqa"
                                  interrupting="true"
                                  name="error">
                              <suspend/>
                           </catch>
                           <catch faultField="temp.dt_LoadDM_STG_IAPW_Stg_To_DM_MASTER_KPI_DATA_IAPW/fault"
                                  id="l26iorqb"
                                  interrupting="true"
                                  name="warning"/>
                        </events>
                     </eventContainer>
                     <eventContainer id="km26ueg2">
                        <service id="km26uefc">
                           <title>dt_audit_EndJob_IAPW</title>
                           <serviceName>ICSExecuteDataTask</serviceName>
                           <serviceGUID/>
                           <serviceInput>
                              <parameter name="Wait for Task to Complete" source="constant" updatable="true">true</parameter>
                              <parameter name="Max Wait" source="constant" updatable="true">604800</parameter>
                              <parameter name="Task Name" source="constant" updatable="true">mt_audit_EndJob_IAPW</parameter>
                              <parameter name="GUID" source="constant" updatable="true">4xSls9QbybxgRmlA9plzun</parameter>
                              <parameter name="Task Type" source="constant" updatable="true">MCT</parameter>
                              <parameter name="Has Inout Parameters" source="constant" updatable="true">true</parameter>
                              <parameter name="taskField" source="nested">
                                 <operation source="field" to="mt-audit-EndJob-IAPW">temp.dt_audit_EndJob_IAPW</operation>
                                 <operation source="field" to="mt-audit-EndJob-IAPW/inout[1]/io_jobAuditID">temp.temp_tf_Audit_ID</operation>
                                 <operation source="constant" to="mt-audit-EndJob-IAPW/inout[1]/io_jobEndDesc"> Successful execution</operation>
                                 <operation source="constant" to="mt-audit-EndJob-IAPW/inout[1]/io_jobEndStatus">SUCCESS</operation>
                                 <operation source="field" to="mt-audit-EndJob-IAPW/inout[1]/io_jobName">temp.temp_JobName</operation>
                                 <operation source="field" to="mt-audit-EndJob-IAPW/inout[1]/io_jobStartDate">temp.temp_dataStartDate</operation>
                              </parameter>
                           </serviceInput>
                           <serviceOutput>
                              <operation source="field" to="temp.dt_audit_EndJob_IAPW/output/Object_Name">Object Name</operation>
                              <operation source="field" to="temp.dt_audit_EndJob_IAPW/output/Run_Id">Run Id</operation>
                              <operation source="field" to="temp.dt_audit_EndJob_IAPW/output/Log_Id">Log Id</operation>
                              <operation source="field" to="temp.dt_audit_EndJob_IAPW/output/Task_Id">Task Id</operation>
                              <operation source="field" to="temp.dt_audit_EndJob_IAPW/output/Task_Status">Task Status</operation>
                              <operation source="field"
                                         to="temp.dt_audit_EndJob_IAPW/output/Success_Source_Rows">Success Source Rows</operation>
                              <operation source="field" to="temp.dt_audit_EndJob_IAPW/output/Failed_Source_Rows">Failed Source Rows</operation>
                              <operation source="field"
                                         to="temp.dt_audit_EndJob_IAPW/output/Success_Target_Rows">Success Target Rows</operation>
                              <operation source="field" to="temp.dt_audit_EndJob_IAPW/output/Failed_Target_Rows">Failed Target Rows</operation>
                              <operation source="field" to="temp.dt_audit_EndJob_IAPW/output/Start_Time">Start Time</operation>
                              <operation source="field" to="temp.dt_audit_EndJob_IAPW/output/End_Time">End Time</operation>
                              <operation source="field" to="temp.dt_audit_EndJob_IAPW/output/Error_Message">Error Message</operation>
                              <operation source="field" to="temp.dt_audit_EndJob_IAPW/output/TotalTransErrors">Total Transformation Errors</operation>
                              <operation source="field" to="temp.dt_audit_EndJob_IAPW/output/FirstErrorCode">First Error Code</operation>
                              <operation source="field" to="temp.dt_audit_EndJob_IAPW/inout/io_Result">io_Result</operation>
                              <operation source="field" to="temp.dt_audit_EndJob_IAPW/inout/io_jobName">io_jobName</operation>
                              <operation source="field" to="temp.dt_audit_EndJob_IAPW/inout/io_jobAuditID">io_jobAuditID</operation>
                              <operation source="field" to="temp.dt_audit_EndJob_IAPW/inout/io_jobStartDate">io_jobStartDate</operation>
                              <operation source="field" to="temp.dt_audit_EndJob_IAPW/inout/io_jobEndStatus">io_jobEndStatus</operation>
                              <operation source="field" to="temp.dt_audit_EndJob_IAPW/inout/io_jobEndDesc">io_jobEndDesc</operation>
                           </serviceOutput>
                        </service>
                        <link id="ku8kh184" targetId="ku8kh183"/>
                        <events>
                           <catch faultField="temp.dt_audit_EndJob_IAPW/fault"
                                  id="km26ueg0"
                                  interrupting="true"
                                  name="error">
                              <suspend/>
                           </catch>
                           <catch faultField="temp.dt_audit_EndJob_IAPW/fault"
                                  id="km26ueg1"
                                  interrupting="true"
                                  name="warning"/>
                        </events>
                     </eventContainer>
                     <end id="ku8kh183"/>
                  </flow>
                  <flow id="kg9i7hk1">
                     <throw id="kg9i7hkn">
                        <title>Throw_Error_StartJob</title>
                        <throwInput>
                           <parameter name="code" source="field" updatable="true">temp.mt_audit_startJob_NextDate[1]/inout[1]/io_Result</parameter>
                           <parameter name="detail" source="constant" updatable="true"/>
                           <parameter name="reason" source="constant" updatable="true"/>
                        </throwInput>
                     </throw>
                  </flow>
                  <link id="kg9i7hjx" targetId="kg9i7hjy" type="containerLink">
                     <condition source="formula">
                        <function name="contains">
                           <arg name="left">{$temp.dt_OnDemand_Audit_StartJob_IAPW[1]/inout[1]/io_Result}</arg>
                           <arg name="right">SUCCESS</arg>
                        </function>
                     </condition>
                  </link>
                  <link id="kg9i7hk0" targetId="kg9i7hk1" type="containerLink"/>
               </container>
            </flow>
            <dependencies>
               <processObject xmlns="http://schemas.active-endpoints.com/appmodules/screenflow/2011/06/avosHostEnvironment.xsd"
                              displayName="mt-audit-EndJob-IAPW"
                              isByCopy="true"
                              name="mt-audit-EndJob-IAPW">
                  <description/>
                  <tags/>
                  <detail>
                     <field label="Input Parameters"
                            name="input"
                            nullable="true"
                            required="false"
                            type="reference"/>
                     <field label="InOut Parameters"
                            name="inout"
                            nullable="true"
                            required="false"
                            type="reference"/>
                     <field label="TaskProperties Parameters"
                            name="taskProperties"
                            nullable="true"
                            required="false"
                            type="reference"/>
                     <field label="Output Parameters"
                            name="output"
                            nullable="true"
                            required="false"
                            type="reference"/>
                     <field label="Fault"
                            name="fault"
                            nullable="true"
                            required="false"
                            type="reference"/>
                  </detail>
               </processObject>
               <processObject xmlns="http://schemas.active-endpoints.com/appmodules/screenflow/2011/06/avosHostEnvironment.xsd"
                              displayName="mt-LoadDM-IAPW-Stg-To-DM-MASTER-KPI-DATA-IAPW"
                              isByCopy="true"
                              name="mt-LoadDM-IAPW-Stg-To-DM-MASTER-KPI-DATA-IAPW">
                  <description/>
                  <tags/>
                  <detail>
                     <field label="Input Parameters"
                            name="input"
                            nullable="true"
                            required="false"
                            type="reference"/>
                     <field label="TaskProperties Parameters"
                            name="taskProperties"
                            nullable="true"
                            required="false"
                            type="reference"/>
                     <field label="Output Parameters"
                            name="output"
                            nullable="true"
                            required="false"
                            type="reference"/>
                     <field label="Fault"
                            name="fault"
                            nullable="true"
                            required="false"
                            type="reference"/>
                  </detail>
               </processObject>
               <processObject xmlns="http://schemas.active-endpoints.com/appmodules/screenflow/2011/06/avosHostEnvironment.xsd"
                              displayName="mt-OnDemand-Audit-StartJob-IAPW"
                              isByCopy="true"
                              name="mt-OnDemand-Audit-StartJob-IAPW">
                  <description/>
                  <tags/>
                  <detail>
                     <field label="Input Parameters"
                            name="input"
                            nullable="true"
                            required="false"
                            type="reference"/>
                     <field label="InOut Parameters"
                            name="inout"
                            nullable="true"
                            required="false"
                            type="reference"/>
                     <field label="TaskProperties Parameters"
                            name="taskProperties"
                            nullable="true"
                            required="false"
                            type="reference"/>
                     <field label="Output Parameters"
                            name="output"
                            nullable="true"
                            required="false"
                            type="reference"/>
                     <field label="Fault"
                            name="fault"
                            nullable="true"
                            required="false"
                            type="reference"/>
                  </detail>
               </processObject>
            </dependencies>
         </taskflow>
      </types1:Entry>
      <types1:GUID>2dGgIl0kdQzgrU0U6edSEm</types1:GUID>
      <types1:DisplayName>tf_OnDemand_LoadDM_60_STG_To_DM_MASTER_KPI_DATA_IAPW</types1:DisplayName>
   </types1:Item>
   <types1:CurrentServerDateTime>2023-03-08T18:58:52.484Z</types1:CurrentServerDateTime>
</aetgt:getResponse>
