<aetgt:getResponse xmlns:aetgt="http://schemas.active-endpoints.com/appmodules/repository/2010/10/avrepository.xsd"
                   xmlns:types1="http://schemas.active-endpoints.com/appmodules/repository/2010/10/avrepository.xsd">
   <types1:Item>
      <types1:EntryId>A4vDINciZBpDUQb-gt-1840797-2021-06-09T19:47:05.943Z::tf.xml</types1:EntryId>
      <types1:Name>tf_INITIAL_LOADING_LoadRDV_20-30_IAS_STEWARDSHIP_to_RDV_REF_RAPCODE_PLAN</types1:Name>
      <types1:MimeType>application/xml+taskflow</types1:MimeType>
      <types1:Description>This allows to load MONTHLY_MILESTONES STG table to finally load RDV tables (REF_MONTHLY_MILESTONES and SAT_REF_MONTHLY_MILESTONES_IAS).</types1:Description>
      <types1:AppliesTo/>
      <types1:Tags/>
      <types1:VersionLabel>1.0</types1:VersionLabel>
      <types1:State>CURRENT</types1:State>
      <types1:ProcessGroup/>
      <types1:CreatedBy>vinita.singh.adm@ia.ca</types1:CreatedBy>
      <types1:CreationDate>2021-06-09T19:47:06Z</types1:CreationDate>
      <types1:ModifiedBy>jihed.laamiri.adm@ia.ca</types1:ModifiedBy>
      <types1:ModificationDate>2021-06-22T20:16:06Z</types1:ModificationDate>
      <types1:PublicationStatus>published</types1:PublicationStatus>
      <types1:PublishedBy>jihed.laamiri.adm@ia.ca</types1:PublishedBy>
      <types1:PublicationDate>2021-07-09T19:08:06Z</types1:PublicationDate>
      <types1:PublishedContributionId>project:/tf.tf_INITIAL_LOADING_LoadRDV_20-30_IAS_STEWARDSHIP_to_RDV_REF_RAPCODE_PLAN/tf_INITIAL_LOADING_LoadRDV_20-30_IAS_STEWARDSHIP_to_RDV_REF_RAPCODE_PLAN.tf.xml</types1:PublishedContributionId>
      <types1:AutosaveExists>false</types1:AutosaveExists>
      <types1:Entry>
         <taskflow xmlns="http://schemas.active-endpoints.com/appmodules/screenflow/2010/10/avosScreenflow.xsd"
                   xmlns:list="urn:activevos:spi:list:functions"
                   displayName="tf_INITIAL_LOADING_LoadRDV_20-30_IAS_STEWARDSHIP_to_RDV_REF_RAPCODE_PLAN"
                   name="tf_INITIAL_LOADING_LoadRDV_20-30_IAS_STEWARDSHIP_to_RDV_REF_RAPCODE_PLAN"
                   overrideAPIName="false">
            <appliesTo/>
            <description>This allows to load MONTHLY_MILESTONES STG table to finally load RDV tables (REF_MONTHLY_MILESTONES and SAT_REF_MONTHLY_MILESTONES_IAS).</description>
            <tags/>
            <generator>Informatica Process Designer 11</generator>
            <tempFields>
               <field description="Filename of the file detected by the filelistener"
                      name="temp_filename"
                      type="string">
                  <options>
                     <option name="required">false</option>
                  </options>
               </field>
               <field description="Data start date : extracted from the filename"
                      name="temp_dataStartDate"
                      type="date">
                  <options>
                     <option name="required">false</option>
                  </options>
               </field>
               <field description="" name="temp_JobName" type="string">
                  <options>
                     <option name="required">false</option>
                  </options>
               </field>
               <field description="" name="temp_tf_Audit_ID" type="string">
                  <options>
                     <option name="required">false</option>
                  </options>
               </field>
               <field description="" name="mt_audit_startJob_NextDate" type="reference">
                  <options>
                     <option name="referenceTo">$po:mt-audit-startJob-NextDate</option>
                  </options>
               </field>
               <field description=""
                      name="mt_LoadRDV_STG_IAS_To_REF_RAPCODE_PLAN_IAS"
                      type="reference">
                  <options>
                     <option name="referenceTo">$po:mt-LoadRDV-STG-IAS-To-REF-RAPCODE-PLAN-IAS</option>
                  </options>
               </field>
               <field description=""
                      name="mt_LoadRDV_STG_IAS_To_SAT_REF_RAPCODE_PLAN_IAS_Insert"
                      type="reference">
                  <options>
                     <option name="referenceTo">$po:mt-LoadRDV-STG-IAS-To-SAT-REF-RAPCODE-PLAN-IAS-Insert</option>
                  </options>
               </field>
               <field description="" name="dt_Audit_EndJob" type="reference">
                  <options>
                     <option name="referenceTo">$po:m-Audit-EndJob-RAPCODE</option>
                     <option name="failOnNotRun">false</option>
                     <option name="failOnFault">false</option>
                  </options>
               </field>
               <field description=""
                      name="mt_LoadSTG_IAS_To_STG_REF_RAPCODE_PLAN"
                      type="reference">
                  <options>
                     <option name="failOnNotRun">false</option>
                     <option name="failOnFault">false</option>
                     <option name="referenceTo">$po:mt-LoadSTG-IAS-To-STG-REF-RAPCODE-PLAN</option>
                  </options>
               </field>
            </tempFields>
            <notes/>
            <deployment suspendOnFault="false" tracingLevel="verbose">
               <rest/>
            </deployment>
            <flow id="a">
               <start id="b">
                  <link id="kmv0kbve" targetId="kmv0kbvd"/>
               </start>
               <assignment id="kmv0kbvd">
                  <title>asgn_StartJob_Parameters</title>
                  <operation source="formula" to="temp.temp_JobName">
                     <expression language="XQuery">fn:concat("'",util:getAssetName(),"'")</expression>
                  </operation>
                  <operation source="formula" to="temp.temp_tf_Audit_ID">
                     <expression language="XQuery">fn:concat("'",util:getAssetName(),"-", util:getProcessId(),"'")</expression>
                  </operation>
                  <operation source="constant"
                             to="temp.mt_audit_startJob_NextDate[1]/inout[1]/io_DataStartDate">01/01/2000 00:00:00.000000000</operation>
                  <operation source="constant"
                             to="temp.mt_audit_startJob_NextDate[1]/inout[1]/io_Result">ERROR</operation>
                  <link id="kmv0kbvt" targetId="kmv0kbvs"/>
               </assignment>
               <assignment id="kmv0kbw6">
                  <title>asgn_DataStartDate</title>
                  <operation source="formula" to="temp.temp_dataStartDate">
                     <expression language="XQuery">fn:concat("'",date:toChar(date:toDate($temp.mt_audit_startJob_NextDate[1]/inout[1]/io_DataStartDate , 'MM/DD/YYYY 00:00:00.000000000'),'YYYY-MM-DD'),"'")</expression>
                  </operation>
                  <link id="kmv0kbx5" targetId="kmv0kbwk"/>
               </assignment>
               <service id="kmv0kbvs">
                  <title>mt_audit_startJob_NextDate</title>
                  <serviceName>ICSExecuteDataTask</serviceName>
                  <serviceGUID/>
                  <serviceInput>
                     <parameter name="Wait for Task to Complete" source="constant" updatable="true">true</parameter>
                     <parameter name="Max Wait" source="constant" updatable="true">604800</parameter>
                     <parameter name="Task Name" source="constant" updatable="true">mt_audit_startJob_NextDate</parameter>
                     <parameter name="GUID" source="constant" updatable="true">aCtJO4eJOZyl3z0017mqkf</parameter>
                     <parameter name="Task Type" source="constant" updatable="true">MCT</parameter>
                     <parameter name="Has Inout Parameters" source="constant" updatable="true">true</parameter>
                     <parameter name="taskField" source="nested">
                        <operation source="field" to="mt-audit-startJob-NextDate">temp.mt_audit_startJob_NextDate</operation>
                        <operation source="field" to="mt-audit-startJob-NextDate/inout[1]/io_auditID">temp.temp_tf_Audit_ID</operation>
                        <operation source="field" to="mt-audit-startJob-NextDate/inout[1]/io_jobName">temp.temp_JobName</operation>
                     </parameter>
                  </serviceInput>
                  <serviceOutput>
                     <operation source="field" to="temp.mt_audit_startJob_NextDate/output/Object_Name">Object Name</operation>
                     <operation source="field" to="temp.mt_audit_startJob_NextDate/output/Run_Id">Run Id</operation>
                     <operation source="field" to="temp.mt_audit_startJob_NextDate/output/Log_Id">Log Id</operation>
                     <operation source="field" to="temp.mt_audit_startJob_NextDate/output/Task_Id">Task Id</operation>
                     <operation source="field" to="temp.mt_audit_startJob_NextDate/output/Task_Status">Task Status</operation>
                     <operation source="field"
                                to="temp.mt_audit_startJob_NextDate/output/Success_Source_Rows">Success Source Rows</operation>
                     <operation source="field"
                                to="temp.mt_audit_startJob_NextDate/output/Failed_Source_Rows">Failed Source Rows</operation>
                     <operation source="field"
                                to="temp.mt_audit_startJob_NextDate/output/Success_Target_Rows">Success Target Rows</operation>
                     <operation source="field"
                                to="temp.mt_audit_startJob_NextDate/output/Failed_Target_Rows">Failed Target Rows</operation>
                     <operation source="field" to="temp.mt_audit_startJob_NextDate/output/Start_Time">Start Time</operation>
                     <operation source="field" to="temp.mt_audit_startJob_NextDate/output/End_Time">End Time</operation>
                     <operation source="field"
                                to="temp.mt_audit_startJob_NextDate/output/Error_Message">Error Message</operation>
                     <operation source="field" to="temp.mt_audit_startJob_NextDate/inout/io_jobName">io_jobName</operation>
                     <operation source="field" to="temp.mt_audit_startJob_NextDate/inout/io_auditID">io_auditID</operation>
                     <operation source="field" to="temp.mt_audit_startJob_NextDate/inout/io_Result">io_Result</operation>
                     <operation source="field"
                                to="temp.mt_audit_startJob_NextDate/inout/io_DataStartDate">io_DataStartDate</operation>
                  </serviceOutput>
                  <link id="kmv0kbw7" targetId="kmv0kbw6"/>
               </service>
               <container id="kmv0kbwk" type="exclusive">
                  <title>dcn_StartJob_Result</title>
                  <flow id="kmv0kbwl">
                     <eventContainer id="kq8h0kdp">
                        <service id="kq8h0kd2">
                           <title>mt_LoadSTG_IAS_To_STG_REF_RAPCODE_PLAN</title>
                           <serviceName>ICSExecuteDataTask</serviceName>
                           <serviceGUID/>
                           <serviceInput>
                              <parameter name="Wait for Task to Complete" source="constant" updatable="true">true</parameter>
                              <parameter name="Max Wait" source="constant" updatable="true">604800</parameter>
                              <parameter name="Task Name" source="constant" updatable="true">mt_LoadSTG_IAS_To_STG_REF_RAPCODE_PLAN</parameter>
                              <parameter name="GUID" source="constant" updatable="true">52raz5aoHi2ebdbovtnXm6</parameter>
                              <parameter name="Task Type" source="constant" updatable="true">MCT</parameter>
                              <parameter name="Has Inout Parameters" source="constant" updatable="true">false</parameter>
                              <parameter name="taskField" source="nested">
                                 <operation source="field" to="mt-LoadSTG-IAS-To-STG-REF-RAPCODE-PLAN">temp.mt_LoadSTG_IAS_To_STG_REF_RAPCODE_PLAN</operation>
                              </parameter>
                           </serviceInput>
                           <serviceOutput>
                              <operation source="field"
                                         to="temp.mt_LoadSTG_IAS_To_STG_REF_RAPCODE_PLAN/output/Object_Name">Object Name</operation>
                              <operation source="field"
                                         to="temp.mt_LoadSTG_IAS_To_STG_REF_RAPCODE_PLAN/output/Run_Id">Run Id</operation>
                              <operation source="field"
                                         to="temp.mt_LoadSTG_IAS_To_STG_REF_RAPCODE_PLAN/output/Log_Id">Log Id</operation>
                              <operation source="field"
                                         to="temp.mt_LoadSTG_IAS_To_STG_REF_RAPCODE_PLAN/output/Task_Id">Task Id</operation>
                              <operation source="field"
                                         to="temp.mt_LoadSTG_IAS_To_STG_REF_RAPCODE_PLAN/output/Task_Status">Task Status</operation>
                              <operation source="field"
                                         to="temp.mt_LoadSTG_IAS_To_STG_REF_RAPCODE_PLAN/output/Success_Source_Rows">Success Source Rows</operation>
                              <operation source="field"
                                         to="temp.mt_LoadSTG_IAS_To_STG_REF_RAPCODE_PLAN/output/Failed_Source_Rows">Failed Source Rows</operation>
                              <operation source="field"
                                         to="temp.mt_LoadSTG_IAS_To_STG_REF_RAPCODE_PLAN/output/Success_Target_Rows">Success Target Rows</operation>
                              <operation source="field"
                                         to="temp.mt_LoadSTG_IAS_To_STG_REF_RAPCODE_PLAN/output/Failed_Target_Rows">Failed Target Rows</operation>
                              <operation source="field"
                                         to="temp.mt_LoadSTG_IAS_To_STG_REF_RAPCODE_PLAN/output/Start_Time">Start Time</operation>
                              <operation source="field"
                                         to="temp.mt_LoadSTG_IAS_To_STG_REF_RAPCODE_PLAN/output/End_Time">End Time</operation>
                              <operation source="field"
                                         to="temp.mt_LoadSTG_IAS_To_STG_REF_RAPCODE_PLAN/output/Error_Message">Error Message</operation>
                           </serviceOutput>
                        </service>
                        <link id="kq8h0kd3" targetId="kmv0kbwo"/>
                        <events>
                           <catch faultField="temp.mt_LoadSTG_IAS_To_STG_REF_RAPCODE_PLAN/fault"
                                  id="kq8h0kdn"
                                  interrupting="true"
                                  name="error">
                              <suspend/>
                           </catch>
                           <catch faultField="temp.mt_LoadSTG_IAS_To_STG_REF_RAPCODE_PLAN/fault"
                                  id="kq8h0kdo"
                                  interrupting="true"
                                  name="warning"/>
                        </events>
                     </eventContainer>
                     <container id="kmv0kbwo" type="parallel">
                        <title>Parallel_LoadRdv</title>
                        <flow id="kmv0kbwp">
                           <eventContainer id="kmv0kbwq">
                              <service id="kmv0kbwr">
                                 <title>mt_LoadRDV_STG_IAS_To_REF_RAPCODE_PLAN_IAS</title>
                                 <serviceName>ICSExecuteDataTask</serviceName>
                                 <serviceGUID/>
                                 <serviceInput>
                                    <parameter name="Wait for Task to Complete" source="constant" updatable="true">true</parameter>
                                    <parameter name="Max Wait" source="constant" updatable="true">604800</parameter>
                                    <parameter name="Task Name" source="constant" updatable="true">mt_LoadRDV_STG_IAS_To_REF_RAPCODE_PLAN_IAS</parameter>
                                    <parameter name="GUID" source="constant" updatable="true">fngPk95cnCHg4A37ZWANid</parameter>
                                    <parameter name="Task Type" source="constant" updatable="true">MCT</parameter>
                                    <parameter name="Has Inout Parameters" source="constant" updatable="true">true</parameter>
                                    <parameter name="taskField" source="nested">
                                       <operation source="field" to="mt-LoadRDV-STG-IAS-To-REF-RAPCODE-PLAN-IAS">temp.mt_LoadRDV_STG_IAS_To_REF_RAPCODE_PLAN_IAS</operation>
                                       <operation source="field"
                                                  to="mt-LoadRDV-STG-IAS-To-REF-RAPCODE-PLAN-IAS/inout[1]/io_tf_Audit_ID">temp.temp_tf_Audit_ID</operation>
                                    </parameter>
                                 </serviceInput>
                                 <serviceOutput>
                                    <operation source="field"
                                               to="temp.mt_LoadRDV_STG_IAS_To_REF_RAPCODE_PLAN_IAS/output/Object_Name">Object Name</operation>
                                    <operation source="field"
                                               to="temp.mt_LoadRDV_STG_IAS_To_REF_RAPCODE_PLAN_IAS/output/Run_Id">Run Id</operation>
                                    <operation source="field"
                                               to="temp.mt_LoadRDV_STG_IAS_To_REF_RAPCODE_PLAN_IAS/output/Log_Id">Log Id</operation>
                                    <operation source="field"
                                               to="temp.mt_LoadRDV_STG_IAS_To_REF_RAPCODE_PLAN_IAS/output/Task_Id">Task Id</operation>
                                    <operation source="field"
                                               to="temp.mt_LoadRDV_STG_IAS_To_REF_RAPCODE_PLAN_IAS/output/Task_Status">Task Status</operation>
                                    <operation source="field"
                                               to="temp.mt_LoadRDV_STG_IAS_To_REF_RAPCODE_PLAN_IAS/output/Success_Source_Rows">Success Source Rows</operation>
                                    <operation source="field"
                                               to="temp.mt_LoadRDV_STG_IAS_To_REF_RAPCODE_PLAN_IAS/output/Failed_Source_Rows">Failed Source Rows</operation>
                                    <operation source="field"
                                               to="temp.mt_LoadRDV_STG_IAS_To_REF_RAPCODE_PLAN_IAS/output/Success_Target_Rows">Success Target Rows</operation>
                                    <operation source="field"
                                               to="temp.mt_LoadRDV_STG_IAS_To_REF_RAPCODE_PLAN_IAS/output/Failed_Target_Rows">Failed Target Rows</operation>
                                    <operation source="field"
                                               to="temp.mt_LoadRDV_STG_IAS_To_REF_RAPCODE_PLAN_IAS/output/Start_Time">Start Time</operation>
                                    <operation source="field"
                                               to="temp.mt_LoadRDV_STG_IAS_To_REF_RAPCODE_PLAN_IAS/output/End_Time">End Time</operation>
                                    <operation source="field"
                                               to="temp.mt_LoadRDV_STG_IAS_To_REF_RAPCODE_PLAN_IAS/output/Error_Message">Error Message</operation>
                                    <operation source="field"
                                               to="temp.mt_LoadRDV_STG_IAS_To_REF_RAPCODE_PLAN_IAS/inout/io_tf_Audit_ID">io_tf_Audit_ID</operation>
                                 </serviceOutput>
                              </service>
                              <events>
                                 <catch faultField="temp.mt_LoadRDV_STG_IAS_To_REF_RAPCODE_PLAN_IAS/fault"
                                        id="kfkk0zw3"
                                        interrupting="true"
                                        name="error">
                                    <suspend/>
                                 </catch>
                                 <catch faultField="temp.mt_LoadRDV_STG_IAS_To_REF_RAPCODE_PLAN_IAS/fault"
                                        id="kfkk0zw4"
                                        interrupting="true"
                                        name="warning"/>
                              </events>
                           </eventContainer>
                           <link id="kmv0kbx3" targetId="kmv0kbwo" type="containerLink"/>
                        </flow>
                        <flow id="kmv0kbws">
                           <eventContainer id="kmv0kbwt">
                              <service id="kmv0kbwu">
                                 <title>mt_LoadRDV_STG_IAS_To_SAT_REF_RAPCODE_PLAN_IAS_Insert</title>
                                 <serviceName>ICSExecuteDataTask</serviceName>
                                 <serviceGUID/>
                                 <serviceInput>
                                    <parameter name="Wait for Task to Complete" source="constant" updatable="true">true</parameter>
                                    <parameter name="Max Wait" source="constant" updatable="true">604800</parameter>
                                    <parameter name="Task Name" source="constant" updatable="true">mt_LoadRDV_STG_IAS_To_SAT_REF_RAPCODE_PLAN_IAS_Insert</parameter>
                                    <parameter name="GUID" source="constant" updatable="true">3yLAaPNyIggj5P7Q6seAOh</parameter>
                                    <parameter name="Task Type" source="constant" updatable="true">MCT</parameter>
                                    <parameter name="Has Inout Parameters" source="constant" updatable="true">true</parameter>
                                    <parameter name="taskField" source="nested">
                                       <operation source="field"
                                                  to="mt-LoadRDV-STG-IAS-To-SAT-REF-RAPCODE-PLAN-IAS-Insert">temp.mt_LoadRDV_STG_IAS_To_SAT_REF_RAPCODE_PLAN_IAS_Insert</operation>
                                       <operation source="field"
                                                  to="mt-LoadRDV-STG-IAS-To-SAT-REF-RAPCODE-PLAN-IAS-Insert/inout[1]/io_tf_Audit_ID">temp.temp_tf_Audit_ID</operation>
                                    </parameter>
                                 </serviceInput>
                                 <serviceOutput>
                                    <operation source="field"
                                               to="temp.mt_LoadRDV_STG_IAS_To_SAT_REF_RAPCODE_PLAN_IAS_Insert/output/Object_Name">Object Name</operation>
                                    <operation source="field"
                                               to="temp.mt_LoadRDV_STG_IAS_To_SAT_REF_RAPCODE_PLAN_IAS_Insert/output/Run_Id">Run Id</operation>
                                    <operation source="field"
                                               to="temp.mt_LoadRDV_STG_IAS_To_SAT_REF_RAPCODE_PLAN_IAS_Insert/output/Log_Id">Log Id</operation>
                                    <operation source="field"
                                               to="temp.mt_LoadRDV_STG_IAS_To_SAT_REF_RAPCODE_PLAN_IAS_Insert/output/Task_Id">Task Id</operation>
                                    <operation source="field"
                                               to="temp.mt_LoadRDV_STG_IAS_To_SAT_REF_RAPCODE_PLAN_IAS_Insert/output/Task_Status">Task Status</operation>
                                    <operation source="field"
                                               to="temp.mt_LoadRDV_STG_IAS_To_SAT_REF_RAPCODE_PLAN_IAS_Insert/output/Success_Source_Rows">Success Source Rows</operation>
                                    <operation source="field"
                                               to="temp.mt_LoadRDV_STG_IAS_To_SAT_REF_RAPCODE_PLAN_IAS_Insert/output/Failed_Source_Rows">Failed Source Rows</operation>
                                    <operation source="field"
                                               to="temp.mt_LoadRDV_STG_IAS_To_SAT_REF_RAPCODE_PLAN_IAS_Insert/output/Success_Target_Rows">Success Target Rows</operation>
                                    <operation source="field"
                                               to="temp.mt_LoadRDV_STG_IAS_To_SAT_REF_RAPCODE_PLAN_IAS_Insert/output/Failed_Target_Rows">Failed Target Rows</operation>
                                    <operation source="field"
                                               to="temp.mt_LoadRDV_STG_IAS_To_SAT_REF_RAPCODE_PLAN_IAS_Insert/output/Start_Time">Start Time</operation>
                                    <operation source="field"
                                               to="temp.mt_LoadRDV_STG_IAS_To_SAT_REF_RAPCODE_PLAN_IAS_Insert/output/End_Time">End Time</operation>
                                    <operation source="field"
                                               to="temp.mt_LoadRDV_STG_IAS_To_SAT_REF_RAPCODE_PLAN_IAS_Insert/output/Error_Message">Error Message</operation>
                                    <operation source="field"
                                               to="temp.mt_LoadRDV_STG_IAS_To_SAT_REF_RAPCODE_PLAN_IAS_Insert/inout/io_tf_Audit_ID">io_tf_Audit_ID</operation>
                                 </serviceOutput>
                              </service>
                              <events>
                                 <catch faultField="temp.mt_LoadRDV_STG_IAS_To_SAT_REF_RAPCODE_PLAN_IAS_Insert/fault"
                                        id="kfkk0zxg"
                                        interrupting="true"
                                        name="error">
                                    <suspend/>
                                 </catch>
                                 <catch faultField="temp.mt_LoadRDV_STG_IAS_To_SAT_REF_RAPCODE_PLAN_IAS_Insert/fault"
                                        id="kfkk0zxh"
                                        interrupting="true"
                                        name="warning"/>
                              </events>
                           </eventContainer>
                           <link id="kmv0kbx4" targetId="kmv0kbwo" type="containerLink"/>
                        </flow>
                        <link id="kmv0kbx1" targetId="kmv0kbwp" type="containerLink"/>
                        <link id="kmv0kbx2" targetId="kmv0kbws" type="containerLink"/>
                     </container>
                     <link id="kmv0kbwz" targetId="kmv0kbwk" type="containerLink"/>
                  </flow>
                  <flow id="kmv0kbwv">
                     <throw id="kmv0kbww">
                        <title>Throw_Error_StartJob</title>
                        <throwInput>
                           <parameter name="code" source="field" updatable="true">temp.mt_audit_startJob_NextDate[1]/inout[1]/io_Result</parameter>
                           <parameter name="detail" source="constant" updatable="true"/>
                           <parameter name="reason" source="constant" updatable="true"/>
                        </throwInput>
                     </throw>
                  </flow>
                  <link id="kmv0kbwx" targetId="kmv0kbwl" type="containerLink">
                     <condition source="formula">
                        <function name="contains">
                           <arg name="left">{$temp.mt_audit_startJob_NextDate[1]/inout[1]/io_Result}</arg>
                           <arg name="right">SUCCESS</arg>
                        </function>
                     </condition>
                  </link>
                  <link id="kmv0kbwy" targetId="kmv0kbwv" type="containerLink"/>
                  <link id="kmv0kbxm" targetId="knoml475"/>
               </container>
               <eventContainer id="knoml475">
                  <service id="kmv0kbxl">
                     <title>dt_Audit_EndJob</title>
                     <serviceName>ICSExecuteDataTask</serviceName>
                     <serviceGUID/>
                     <serviceInput>
                        <parameter name="Wait for Task to Complete" source="constant" updatable="true">true</parameter>
                        <parameter name="Max Wait" source="constant" updatable="true">604800</parameter>
                        <parameter name="Task Name" source="constant" updatable="true">m_Audit_EndJob_RAPCODE</parameter>
                        <parameter name="GUID" source="constant" updatable="true">afDahzPiPUqdppdJeILCYy</parameter>
                        <parameter name="Task Type" source="constant" updatable="true">MCT</parameter>
                        <parameter name="Has Inout Parameters" source="constant" updatable="true">true</parameter>
                        <parameter name="taskField" source="nested">
                           <operation source="field" to="m-Audit-EndJob-RAPCODE">temp.dt_Audit_EndJob</operation>
                           <operation source="field" to="m-Audit-EndJob-RAPCODE/inout[1]/io_jobAuditID">temp.temp_tf_Audit_ID</operation>
                           <operation source="constant" to="m-Audit-EndJob-RAPCODE/inout[1]/io_jobEndDesc">Successful execution</operation>
                           <operation source="constant" to="m-Audit-EndJob-RAPCODE/inout[1]/io_jobEndStatus">SUCCESS</operation>
                           <operation source="field" to="m-Audit-EndJob-RAPCODE/inout[1]/io_jobName">temp.temp_JobName</operation>
                           <operation source="field" to="m-Audit-EndJob-RAPCODE/inout[1]/io_jobStartDate">temp.temp_dataStartDate</operation>
                        </parameter>
                     </serviceInput>
                     <serviceOutput>
                        <operation source="field" to="temp.dt_Audit_EndJob/output/Object_Name">Object Name</operation>
                        <operation source="field" to="temp.dt_Audit_EndJob/output/Run_Id">Run Id</operation>
                        <operation source="field" to="temp.dt_Audit_EndJob/output/Log_Id">Log Id</operation>
                        <operation source="field" to="temp.dt_Audit_EndJob/output/Task_Id">Task Id</operation>
                        <operation source="field" to="temp.dt_Audit_EndJob/output/Task_Status">Task Status</operation>
                        <operation source="field" to="temp.dt_Audit_EndJob/output/Success_Source_Rows">Success Source Rows</operation>
                        <operation source="field" to="temp.dt_Audit_EndJob/output/Failed_Source_Rows">Failed Source Rows</operation>
                        <operation source="field" to="temp.dt_Audit_EndJob/output/Success_Target_Rows">Success Target Rows</operation>
                        <operation source="field" to="temp.dt_Audit_EndJob/output/Failed_Target_Rows">Failed Target Rows</operation>
                        <operation source="field" to="temp.dt_Audit_EndJob/output/Start_Time">Start Time</operation>
                        <operation source="field" to="temp.dt_Audit_EndJob/output/End_Time">End Time</operation>
                        <operation source="field" to="temp.dt_Audit_EndJob/output/Error_Message">Error Message</operation>
                        <operation source="field" to="temp.dt_Audit_EndJob/inout/io_Result">io_Result</operation>
                        <operation source="field" to="temp.dt_Audit_EndJob/inout/io_jobName">io_jobName</operation>
                        <operation source="field" to="temp.dt_Audit_EndJob/inout/io_jobAuditID">io_jobAuditID</operation>
                        <operation source="field" to="temp.dt_Audit_EndJob/inout/io_jobStartDate">io_jobStartDate</operation>
                        <operation source="field" to="temp.dt_Audit_EndJob/inout/io_jobEndStatus">io_jobEndStatus</operation>
                        <operation source="field" to="temp.dt_Audit_EndJob/inout/io_jobEndDesc">io_jobEndDesc</operation>
                     </serviceOutput>
                  </service>
                  <link id="kmv0kby0" targetId="c"/>
                  <events>
                     <catch faultField="temp.dt_Audit_EndJob/fault"
                            id="knoml473"
                            interrupting="true"
                            name="error">
                        <suspend/>
                     </catch>
                     <catch faultField="temp.dt_Audit_EndJob/fault"
                            id="knoml474"
                            interrupting="true"
                            name="warning"/>
                  </events>
               </eventContainer>
               <end id="c"/>
            </flow>
            <dependencies>
               <processObject xmlns="http://schemas.active-endpoints.com/appmodules/screenflow/2011/06/avosHostEnvironment.xsd"
                              displayName="mt-audit-startJob-NextDate"
                              isByCopy="true"
                              name="mt-audit-startJob-NextDate">
                  <description/>
                  <tags/>
                  <detail>
                     <field label="Input Parameters" name="input" type="reference"/>
                     <field label="InOut Parameters" name="inout" type="reference"/>
                     <field label="TaskProperties Parameters"
                            name="taskProperties"
                            type="reference"/>
                     <field label="Output Parameters" name="output" type="reference"/>
                     <field label="Fault" name="fault" type="reference"/>
                  </detail>
               </processObject>
               <processObject xmlns="http://schemas.active-endpoints.com/appmodules/screenflow/2011/06/avosHostEnvironment.xsd"
                              displayName="mt-LoadRDV-STG-IAS-To-REF-RAPCODE-PLAN-IAS"
                              isByCopy="true"
                              name="mt-LoadRDV-STG-IAS-To-REF-RAPCODE-PLAN-IAS">
                  <description/>
                  <tags/>
                  <detail>
                     <field label="Input Parameters" name="input" type="reference"/>
                     <field label="InOut Parameters" name="inout" type="reference"/>
                     <field label="TaskProperties Parameters"
                            name="taskProperties"
                            type="reference"/>
                     <field label="Output Parameters" name="output" type="reference"/>
                     <field label="Fault" name="fault" type="reference"/>
                  </detail>
               </processObject>
               <processObject xmlns="http://schemas.active-endpoints.com/appmodules/screenflow/2011/06/avosHostEnvironment.xsd"
                              displayName="mt-LoadRDV-STG-IAS-To-SAT-REF-RAPCODE-PLAN-IAS-Insert"
                              isByCopy="true"
                              name="mt-LoadRDV-STG-IAS-To-SAT-REF-RAPCODE-PLAN-IAS-Insert">
                  <description/>
                  <tags/>
                  <detail>
                     <field label="Input Parameters" name="input" type="reference"/>
                     <field label="InOut Parameters" name="inout" type="reference"/>
                     <field label="TaskProperties Parameters"
                            name="taskProperties"
                            type="reference"/>
                     <field label="Output Parameters" name="output" type="reference"/>
                     <field label="Fault" name="fault" type="reference"/>
                  </detail>
               </processObject>
               <processObject xmlns="http://schemas.active-endpoints.com/appmodules/screenflow/2011/06/avosHostEnvironment.xsd"
                              displayName="m-Audit-EndJob-RAPCODE"
                              isByCopy="true"
                              name="m-Audit-EndJob-RAPCODE">
                  <description/>
                  <tags/>
                  <detail>
                     <field label="Input Parameters" name="input" type="reference"/>
                     <field label="InOut Parameters" name="inout" type="reference"/>
                     <field label="TaskProperties Parameters"
                            name="taskProperties"
                            type="reference"/>
                     <field label="Output Parameters" name="output" type="reference"/>
                     <field label="Fault" name="fault" type="reference"/>
                  </detail>
               </processObject>
               <processObject xmlns="http://schemas.active-endpoints.com/appmodules/screenflow/2011/06/avosHostEnvironment.xsd"
                              displayName="mt-LoadSTG-IAS-To-STG-REF-RAPCODE-PLAN"
                              isByCopy="true"
                              name="mt-LoadSTG-IAS-To-STG-REF-RAPCODE-PLAN">
                  <description/>
                  <tags/>
                  <detail>
                     <field label="TaskProperties Parameters"
                            name="taskProperties"
                            type="reference"/>
                     <field label="Output Parameters" name="output" type="reference"/>
                     <field label="Fault" name="fault" type="reference"/>
                  </detail>
               </processObject>
            </dependencies>
         </taskflow>
      </types1:Entry>
      <types1:GUID>leKFOqd91MYl2Arc8ulXAg</types1:GUID>
      <types1:DisplayName>tf_INITIAL_LOADING_LoadRDV_20-30_IAS_STEWARDSHIP_to_RDV_REF_RAPCODE_PLAN</types1:DisplayName>
   </types1:Item>
   <types1:CurrentServerDateTime>2023-03-08T18:46:26.41Z</types1:CurrentServerDateTime>
</aetgt:getResponse>
