<aetgt:getResponse xmlns:aetgt="http://schemas.active-endpoints.com/appmodules/repository/2010/10/avrepository.xsd"
                   xmlns:types1="http://schemas.active-endpoints.com/appmodules/repository/2010/10/avrepository.xsd">
   <types1:Item>
      <types1:EntryId>kSWYzr3tfUbbf5Z-gt-1843270-2021-06-09T19:47:04.016Z::tf.xml</types1:EntryId>
      <types1:Name>tf_INITIAL_LOADING_LoadRDV_20-30_STEWARDSHIP_to_RDV_REF_MAPPING_OPER_TYPE</types1:Name>
      <types1:MimeType>application/xml+taskflow</types1:MimeType>
      <types1:Description/>
      <types1:AppliesTo/>
      <types1:Tags/>
      <types1:VersionLabel>1.0</types1:VersionLabel>
      <types1:State>CURRENT</types1:State>
      <types1:ProcessGroup/>
      <types1:CreatedBy>vinita.singh.adm@ia.ca</types1:CreatedBy>
      <types1:CreationDate>2021-06-09T19:47:04Z</types1:CreationDate>
      <types1:ModifiedBy>jihed.laamiri.adm@ia.ca</types1:ModifiedBy>
      <types1:ModificationDate>2021-06-22T21:06:40Z</types1:ModificationDate>
      <types1:PublicationStatus>published</types1:PublicationStatus>
      <types1:PublishedBy>jihed.laamiri.adm@ia.ca</types1:PublishedBy>
      <types1:PublicationDate>2021-07-09T19:08:06Z</types1:PublicationDate>
      <types1:PublishedContributionId>project:/tf.tf_INITIAL_LOADING_LoadRDV_20-30_STEWARDSHIP_to_RDV_REF_MAPPING_OPER_TYPE/tf_INITIAL_LOADING_LoadRDV_20-30_STEWARDSHIP_to_RDV_REF_MAPPING_OPER_TYPE.tf.xml</types1:PublishedContributionId>
      <types1:AutosaveExists>false</types1:AutosaveExists>
      <types1:Entry>
         <taskflow xmlns="http://schemas.active-endpoints.com/appmodules/screenflow/2010/10/avosScreenflow.xsd"
                   xmlns:list="urn:activevos:spi:list:functions"
                   displayName="tf_INITIAL_LOADING_LoadRDV_20-30_STEWARDSHIP_to_RDV_REF_MAPPING_OPER_TYPE"
                   name="tf_INITIAL_LOADING_LoadRDV_20-30_STEWARDSHIP_to_RDV_REF_MAPPING_OPER_TYPE"
                   overrideAPIName="false">
            <appliesTo/>
            <description/>
            <tags/>
            <generator>Informatica Process Designer 11</generator>
            <tempFields>
               <field description="Filename of the file detected by the filelistener"
                      name="temp_filename"
                      type="string">
                  <options>
                     <option name="required">false</option>
                  </options>
               </field>
               <field description="Data start date : extracted from the filename"
                      name="temp_dataStartDate"
                      type="date">
                  <options>
                     <option name="required">false</option>
                  </options>
               </field>
               <field description="" name="temp_JobName" type="string">
                  <options>
                     <option name="required">false</option>
                  </options>
               </field>
               <field description="" name="temp_tf_Audit_ID" type="string">
                  <options>
                     <option name="required">false</option>
                  </options>
               </field>
               <field description="" name="mt_audit_startJob_NextDate" type="reference">
                  <options>
                     <option name="referenceTo">$po:mt-audit-startJob-NextDate</option>
                     <option name="failOnNotRun">false</option>
                     <option name="failOnFault">false</option>
                  </options>
               </field>
               <field description=""
                      name="mt_LoadRDV_STG_STEWARDSHIP_To_RefMappingOperType"
                      type="reference">
                  <options>
                     <option name="referenceTo">$po:mt-LoadRDV-STG-STEWARDSHIP-To-RefMappingOperType</option>
                  </options>
               </field>
               <field description=""
                      name="mt_LoadRDV_STG_STEWARDSHIP_To_SatRefMappingOperType_Insert"
                      type="reference">
                  <options>
                     <option name="referenceTo">$po:mt-LoadRDV-STG-STEWARDSHIP-To-SatRefMappingOperType-Insert</option>
                  </options>
               </field>
               <field description="" name="dt_Audit_EndJob" type="reference">
                  <options>
                     <option name="referenceTo">$po:mt-audit-EndJob</option>
                     <option name="failOnNotRun">false</option>
                     <option name="failOnFault">false</option>
                  </options>
               </field>
               <field description=""
                      name="mt_LoadSTG_IAS_STEWARDSHIP_To_STG_REF_MAPPING_OPER_TYPE"
                      type="reference">
                  <options>
                     <option name="failOnNotRun">false</option>
                     <option name="failOnFault">false</option>
                     <option name="referenceTo">$po:mt-LoadSTG-IAS-STEWARDSHIP-To-STG-REF-MAPPING-OPER-TYPE</option>
                  </options>
               </field>
            </tempFields>
            <notes/>
            <deployment suspendOnFault="false" tracingLevel="verbose">
               <rest/>
            </deployment>
            <flow id="a">
               <start id="b">
                  <link id="kmuo3f82" targetId="kmuo3f81"/>
               </start>
               <assignment id="kmuo3f81">
                  <title>asgn_StartJob_Parameters</title>
                  <operation source="formula" to="temp.temp_JobName">
                     <expression language="XQuery">fn:concat("'",util:getAssetName(),"'")</expression>
                  </operation>
                  <operation source="formula" to="temp.temp_tf_Audit_ID">
                     <expression language="XQuery">fn:concat("'",util:getAssetName(),"-", util:getProcessId(),"'")</expression>
                  </operation>
                  <operation source="constant"
                             to="temp.mt_audit_startJob_NextDate[1]/inout[1]/io_DataStartDate">01/01/2000 00:00:00.000000000</operation>
                  <operation source="constant"
                             to="temp.mt_audit_startJob_NextDate[1]/inout[1]/io_Result">ERROR</operation>
                  <link id="kmuo3f8k" targetId="kmuo3fcq"/>
               </assignment>
               <assignment id="kmuo3fdn">
                  <title>asgn_DataStartDate</title>
                  <operation source="formula" to="temp.temp_dataStartDate">
                     <expression language="XQuery">fn:concat("'",date:toChar(date:toDate($temp.mt_audit_startJob_NextDate[1]/inout[1]/io_DataStartDate , 'MM/DD/YYYY 00:00:00.000000000'),'YYYY-MM-DD'),"'")</expression>
                  </operation>
                  <link id="kmuo3fdp" targetId="kmuo3f8z"/>
               </assignment>
               <eventContainer id="kmuo3fcq">
                  <service id="kmuo3f8j">
                     <title>mt_audit_startJob_NextDate</title>
                     <serviceName>ICSExecuteDataTask</serviceName>
                     <serviceGUID/>
                     <serviceInput>
                        <parameter name="Wait for Task to Complete" source="constant" updatable="true">true</parameter>
                        <parameter name="Max Wait" source="constant" updatable="true">604800</parameter>
                        <parameter name="Task Name" source="constant" updatable="true">mt_audit_startJob_NextDate</parameter>
                        <parameter name="GUID" source="constant" updatable="true">5mdkA2eblEKgbsDUpTbJ2x</parameter>
                        <parameter name="Task Type" source="constant" updatable="true">MCT</parameter>
                        <parameter name="Has Inout Parameters" source="constant" updatable="true">true</parameter>
                        <parameter name="taskField" source="nested">
                           <operation source="field" to="mt-audit-startJob-NextDate">temp.mt_audit_startJob_NextDate</operation>
                           <operation source="field" to="mt-audit-startJob-NextDate/inout[1]/io_auditID">temp.temp_tf_Audit_ID</operation>
                           <operation source="field" to="mt-audit-startJob-NextDate/inout[1]/io_jobName">temp.temp_JobName</operation>
                        </parameter>
                     </serviceInput>
                     <serviceOutput>
                        <operation source="field" to="temp.mt_audit_startJob_NextDate/output/Object_Name">Object Name</operation>
                        <operation source="field" to="temp.mt_audit_startJob_NextDate/output/Run_Id">Run Id</operation>
                        <operation source="field" to="temp.mt_audit_startJob_NextDate/output/Log_Id">Log Id</operation>
                        <operation source="field" to="temp.mt_audit_startJob_NextDate/output/Task_Id">Task Id</operation>
                        <operation source="field" to="temp.mt_audit_startJob_NextDate/output/Task_Status">Task Status</operation>
                        <operation source="field"
                                   to="temp.mt_audit_startJob_NextDate/output/Success_Source_Rows">Success Source Rows</operation>
                        <operation source="field"
                                   to="temp.mt_audit_startJob_NextDate/output/Failed_Source_Rows">Failed Source Rows</operation>
                        <operation source="field"
                                   to="temp.mt_audit_startJob_NextDate/output/Success_Target_Rows">Success Target Rows</operation>
                        <operation source="field"
                                   to="temp.mt_audit_startJob_NextDate/output/Failed_Target_Rows">Failed Target Rows</operation>
                        <operation source="field" to="temp.mt_audit_startJob_NextDate/output/Start_Time">Start Time</operation>
                        <operation source="field" to="temp.mt_audit_startJob_NextDate/output/End_Time">End Time</operation>
                        <operation source="field"
                                   to="temp.mt_audit_startJob_NextDate/output/Error_Message">Error Message</operation>
                        <operation source="field" to="temp.mt_audit_startJob_NextDate/inout/io_jobName">io_jobName</operation>
                        <operation source="field" to="temp.mt_audit_startJob_NextDate/inout/io_auditID">io_auditID</operation>
                        <operation source="field" to="temp.mt_audit_startJob_NextDate/inout/io_Result">io_Result</operation>
                        <operation source="field"
                                   to="temp.mt_audit_startJob_NextDate/inout/io_DataStartDate">io_DataStartDate</operation>
                     </serviceOutput>
                  </service>
                  <link id="kmuo3fdo" targetId="kmuo3fdn"/>
                  <events>
                     <catch faultField="temp.mt_audit_startJob_NextDate/fault"
                            id="kggm4cqy"
                            interrupting="true"
                            name="error"/>
                     <catch faultField="temp.mt_audit_startJob_NextDate/fault"
                            id="kggm4cqz"
                            interrupting="true"
                            name="warning"/>
                  </events>
               </eventContainer>
               <eventContainer id="knoryoo5">
                  <service id="kmuo3fa8">
                     <title>dt_Audit_EndJob</title>
                     <serviceName>ICSExecuteDataTask</serviceName>
                     <serviceGUID/>
                     <serviceInput>
                        <parameter name="Wait for Task to Complete" source="constant" updatable="true">true</parameter>
                        <parameter name="Max Wait" source="constant" updatable="true">604800</parameter>
                        <parameter name="Task Name" source="constant" updatable="true">mt_audit_EndJob</parameter>
                        <parameter name="GUID" source="constant" updatable="true">8dYaKx2WKQbbIPOcVnhEoR</parameter>
                        <parameter name="Task Type" source="constant" updatable="true">MCT</parameter>
                        <parameter name="Has Inout Parameters" source="constant" updatable="true">true</parameter>
                        <parameter name="taskField" source="nested">
                           <operation source="field" to="mt-audit-EndJob">temp.dt_Audit_EndJob</operation>
                           <operation source="field" to="mt-audit-EndJob/inout[1]/io_jobAuditID">temp.temp_tf_Audit_ID</operation>
                           <operation source="constant" to="mt-audit-EndJob/inout[1]/io_jobEndDesc">Successful execution</operation>
                           <operation source="constant" to="mt-audit-EndJob/inout[1]/io_jobEndStatus">SUCCESS</operation>
                           <operation source="field" to="mt-audit-EndJob/inout[1]/io_jobName">temp.temp_JobName</operation>
                           <operation source="field" to="mt-audit-EndJob/inout[1]/io_jobStartDate">temp.temp_dataStartDate</operation>
                        </parameter>
                     </serviceInput>
                     <serviceOutput>
                        <operation source="field" to="temp.dt_Audit_EndJob/output/Object_Name">Object Name</operation>
                        <operation source="field" to="temp.dt_Audit_EndJob/output/Run_Id">Run Id</operation>
                        <operation source="field" to="temp.dt_Audit_EndJob/output/Log_Id">Log Id</operation>
                        <operation source="field" to="temp.dt_Audit_EndJob/output/Task_Id">Task Id</operation>
                        <operation source="field" to="temp.dt_Audit_EndJob/output/Task_Status">Task Status</operation>
                        <operation source="field" to="temp.dt_Audit_EndJob/output/Success_Source_Rows">Success Source Rows</operation>
                        <operation source="field" to="temp.dt_Audit_EndJob/output/Failed_Source_Rows">Failed Source Rows</operation>
                        <operation source="field" to="temp.dt_Audit_EndJob/output/Success_Target_Rows">Success Target Rows</operation>
                        <operation source="field" to="temp.dt_Audit_EndJob/output/Failed_Target_Rows">Failed Target Rows</operation>
                        <operation source="field" to="temp.dt_Audit_EndJob/output/Start_Time">Start Time</operation>
                        <operation source="field" to="temp.dt_Audit_EndJob/output/End_Time">End Time</operation>
                        <operation source="field" to="temp.dt_Audit_EndJob/output/Error_Message">Error Message</operation>
                        <operation source="field" to="temp.dt_Audit_EndJob/inout/io_Result">io_Result</operation>
                        <operation source="field" to="temp.dt_Audit_EndJob/inout/io_jobName">io_jobName</operation>
                        <operation source="field" to="temp.dt_Audit_EndJob/inout/io_jobAuditID">io_jobAuditID</operation>
                        <operation source="field" to="temp.dt_Audit_EndJob/inout/io_jobStartDate">io_jobStartDate</operation>
                        <operation source="field" to="temp.dt_Audit_EndJob/inout/io_jobEndStatus">io_jobEndStatus</operation>
                        <operation source="field" to="temp.dt_Audit_EndJob/inout/io_jobEndDesc">io_jobEndDesc</operation>
                     </serviceOutput>
                  </service>
                  <link id="kmuo3fap" targetId="c"/>
                  <events>
                     <catch faultField="temp.dt_Audit_EndJob/fault"
                            id="knoryoo3"
                            interrupting="true"
                            name="error">
                        <suspend/>
                     </catch>
                     <catch faultField="temp.dt_Audit_EndJob/fault"
                            id="knoryoo4"
                            interrupting="true"
                            name="warning"/>
                  </events>
               </eventContainer>
               <container id="kmuo3f8z" type="exclusive">
                  <title>dcn_StartJob_Result</title>
                  <flow id="kmuo3f90">
                     <eventContainer id="kq8jf23x">
                        <service id="kq8jf23p">
                           <title>mt_LoadSTG_IAS_STEWARDSHIP_To_STG_REF_MAPPING_OPER_TYPE</title>
                           <serviceName>ICSExecuteDataTask</serviceName>
                           <serviceGUID/>
                           <serviceInput>
                              <parameter name="Wait for Task to Complete" source="constant" updatable="true">true</parameter>
                              <parameter name="Max Wait" source="constant" updatable="true">604800</parameter>
                              <parameter name="Task Name" source="constant" updatable="true">mt_LoadSTG_IAS_STEWARDSHIP_To_STG_REF_MAPPING_OPER_TYPE</parameter>
                              <parameter name="GUID" source="constant" updatable="true">9ddjAeJOV73j6FNqwRXrQP</parameter>
                              <parameter name="Task Type" source="constant" updatable="true">MCT</parameter>
                              <parameter name="Has Inout Parameters" source="constant" updatable="true">false</parameter>
                              <parameter name="taskField" source="nested">
                                 <operation source="field"
                                            to="mt-LoadSTG-IAS-STEWARDSHIP-To-STG-REF-MAPPING-OPER-TYPE">temp.mt_LoadSTG_IAS_STEWARDSHIP_To_STG_REF_MAPPING_OPER_TYPE</operation>
                              </parameter>
                           </serviceInput>
                           <serviceOutput>
                              <operation source="field"
                                         to="temp.mt_LoadSTG_IAS_STEWARDSHIP_To_STG_REF_MAPPING_OPER_TYPE/output/Object_Name">Object Name</operation>
                              <operation source="field"
                                         to="temp.mt_LoadSTG_IAS_STEWARDSHIP_To_STG_REF_MAPPING_OPER_TYPE/output/Run_Id">Run Id</operation>
                              <operation source="field"
                                         to="temp.mt_LoadSTG_IAS_STEWARDSHIP_To_STG_REF_MAPPING_OPER_TYPE/output/Log_Id">Log Id</operation>
                              <operation source="field"
                                         to="temp.mt_LoadSTG_IAS_STEWARDSHIP_To_STG_REF_MAPPING_OPER_TYPE/output/Task_Id">Task Id</operation>
                              <operation source="field"
                                         to="temp.mt_LoadSTG_IAS_STEWARDSHIP_To_STG_REF_MAPPING_OPER_TYPE/output/Task_Status">Task Status</operation>
                              <operation source="field"
                                         to="temp.mt_LoadSTG_IAS_STEWARDSHIP_To_STG_REF_MAPPING_OPER_TYPE/output/Success_Source_Rows">Success Source Rows</operation>
                              <operation source="field"
                                         to="temp.mt_LoadSTG_IAS_STEWARDSHIP_To_STG_REF_MAPPING_OPER_TYPE/output/Failed_Source_Rows">Failed Source Rows</operation>
                              <operation source="field"
                                         to="temp.mt_LoadSTG_IAS_STEWARDSHIP_To_STG_REF_MAPPING_OPER_TYPE/output/Success_Target_Rows">Success Target Rows</operation>
                              <operation source="field"
                                         to="temp.mt_LoadSTG_IAS_STEWARDSHIP_To_STG_REF_MAPPING_OPER_TYPE/output/Failed_Target_Rows">Failed Target Rows</operation>
                              <operation source="field"
                                         to="temp.mt_LoadSTG_IAS_STEWARDSHIP_To_STG_REF_MAPPING_OPER_TYPE/output/Start_Time">Start Time</operation>
                              <operation source="field"
                                         to="temp.mt_LoadSTG_IAS_STEWARDSHIP_To_STG_REF_MAPPING_OPER_TYPE/output/End_Time">End Time</operation>
                              <operation source="field"
                                         to="temp.mt_LoadSTG_IAS_STEWARDSHIP_To_STG_REF_MAPPING_OPER_TYPE/output/Error_Message">Error Message</operation>
                           </serviceOutput>
                        </service>
                        <link id="kq8jf23q" targetId="kmuo3f93"/>
                        <events>
                           <catch faultField="temp.mt_LoadSTG_IAS_STEWARDSHIP_To_STG_REF_MAPPING_OPER_TYPE/fault"
                                  id="kq8jf23v"
                                  interrupting="true"
                                  name="error">
                              <suspend/>
                           </catch>
                           <catch faultField="temp.mt_LoadSTG_IAS_STEWARDSHIP_To_STG_REF_MAPPING_OPER_TYPE/fault"
                                  id="kq8jf23w"
                                  interrupting="true"
                                  name="warning"/>
                        </events>
                     </eventContainer>
                     <container id="kmuo3f93" type="parallel">
                        <title>Parallel_LoadRdv</title>
                        <flow id="kmuo3f94">
                           <eventContainer id="kmuo3f95">
                              <service id="kmuo3f96">
                                 <title>mt_LoadRDV_STG_STEWARDSHIP_To_RefMappingOperType</title>
                                 <serviceName>ICSExecuteDataTask</serviceName>
                                 <serviceGUID/>
                                 <serviceInput>
                                    <parameter name="Wait for Task to Complete" source="constant" updatable="true">true</parameter>
                                    <parameter name="Max Wait" source="constant" updatable="true">604800</parameter>
                                    <parameter name="Task Name" source="constant" updatable="true">mt_LoadRDV_STG_STEWARDSHIP_To_RefMappingOperType</parameter>
                                    <parameter name="GUID" source="constant" updatable="true">brgjqZ06bAJeeHgDTUSQyR</parameter>
                                    <parameter name="Task Type" source="constant" updatable="true">MCT</parameter>
                                    <parameter name="Has Inout Parameters" source="constant" updatable="true">false</parameter>
                                    <parameter name="taskField" source="nested">
                                       <operation source="field" to="mt-LoadRDV-STG-STEWARDSHIP-To-RefMappingOperType">temp.mt_LoadRDV_STG_STEWARDSHIP_To_RefMappingOperType</operation>
                                       <operation source="field"
                                                  to="mt-LoadRDV-STG-STEWARDSHIP-To-RefMappingOperType/inout[1]/io_tf_Audit_ID">temp.temp_tf_Audit_ID</operation>
                                    </parameter>
                                 </serviceInput>
                                 <serviceOutput>
                                    <operation source="field"
                                               to="temp.mt_LoadRDV_STG_STEWARDSHIP_To_RefMappingOperType/output/Object_Name">Object Name</operation>
                                    <operation source="field"
                                               to="temp.mt_LoadRDV_STG_STEWARDSHIP_To_RefMappingOperType/output/Run_Id">Run Id</operation>
                                    <operation source="field"
                                               to="temp.mt_LoadRDV_STG_STEWARDSHIP_To_RefMappingOperType/output/Log_Id">Log Id</operation>
                                    <operation source="field"
                                               to="temp.mt_LoadRDV_STG_STEWARDSHIP_To_RefMappingOperType/output/Task_Id">Task Id</operation>
                                    <operation source="field"
                                               to="temp.mt_LoadRDV_STG_STEWARDSHIP_To_RefMappingOperType/output/Task_Status">Task Status</operation>
                                    <operation source="field"
                                               to="temp.mt_LoadRDV_STG_STEWARDSHIP_To_RefMappingOperType/output/Success_Source_Rows">Success Source Rows</operation>
                                    <operation source="field"
                                               to="temp.mt_LoadRDV_STG_STEWARDSHIP_To_RefMappingOperType/output/Failed_Source_Rows">Failed Source Rows</operation>
                                    <operation source="field"
                                               to="temp.mt_LoadRDV_STG_STEWARDSHIP_To_RefMappingOperType/output/Success_Target_Rows">Success Target Rows</operation>
                                    <operation source="field"
                                               to="temp.mt_LoadRDV_STG_STEWARDSHIP_To_RefMappingOperType/output/Failed_Target_Rows">Failed Target Rows</operation>
                                    <operation source="field"
                                               to="temp.mt_LoadRDV_STG_STEWARDSHIP_To_RefMappingOperType/output/Start_Time">Start Time</operation>
                                    <operation source="field"
                                               to="temp.mt_LoadRDV_STG_STEWARDSHIP_To_RefMappingOperType/output/End_Time">End Time</operation>
                                    <operation source="field"
                                               to="temp.mt_LoadRDV_STG_STEWARDSHIP_To_RefMappingOperType/output/Error_Message">Error Message</operation>
                                 </serviceOutput>
                              </service>
                              <events>
                                 <catch faultField="temp.mt_LoadRDV_STG_STEWARDSHIP_To_RefMappingOperType/fault"
                                        id="kfkk0zw3"
                                        interrupting="true"
                                        name="error">
                                    <suspend/>
                                 </catch>
                                 <catch faultField="temp.mt_LoadRDV_STG_STEWARDSHIP_To_RefMappingOperType/fault"
                                        id="kfkk0zw4"
                                        interrupting="true"
                                        name="warning"/>
                              </events>
                           </eventContainer>
                           <link id="kmuo3f9m" targetId="kmuo3f93" type="containerLink"/>
                        </flow>
                        <flow id="kmuo3f97">
                           <eventContainer id="kmuo3f98">
                              <service id="kmuo3f99">
                                 <title>mt_LoadRDV_STG_STEWARDSHIP_To_SatRefMappingOperType_Insert</title>
                                 <serviceName>ICSExecuteDataTask</serviceName>
                                 <serviceGUID/>
                                 <serviceInput>
                                    <parameter name="Wait for Task to Complete" source="constant" updatable="true">true</parameter>
                                    <parameter name="Max Wait" source="constant" updatable="true">604800</parameter>
                                    <parameter name="Task Name" source="constant" updatable="true">mt_LoadRDV_STG_STEWARDSHIP_To_SatRefMappingOperType_Insert</parameter>
                                    <parameter name="GUID" source="constant" updatable="true">8A7dY3UzjI9hwzp2zstxA9</parameter>
                                    <parameter name="Task Type" source="constant" updatable="true">MCT</parameter>
                                    <parameter name="Has Inout Parameters" source="constant" updatable="true">false</parameter>
                                    <parameter name="taskField" source="nested">
                                       <operation source="field"
                                                  to="mt-LoadRDV-STG-STEWARDSHIP-To-SatRefMappingOperType-Insert">temp.mt_LoadRDV_STG_STEWARDSHIP_To_SatRefMappingOperType_Insert</operation>
                                       <operation source="field"
                                                  to="mt-LoadRDV-STG-STEWARDSHIP-To-SatRefMappingOperType-Insert/inout[1]/io_tf_Audit_ID">temp.temp_tf_Audit_ID</operation>
                                    </parameter>
                                 </serviceInput>
                                 <serviceOutput>
                                    <operation source="field"
                                               to="temp.mt_LoadRDV_STG_STEWARDSHIP_To_SatRefMappingOperType_Insert/output/Object_Name">Object Name</operation>
                                    <operation source="field"
                                               to="temp.mt_LoadRDV_STG_STEWARDSHIP_To_SatRefMappingOperType_Insert/output/Run_Id">Run Id</operation>
                                    <operation source="field"
                                               to="temp.mt_LoadRDV_STG_STEWARDSHIP_To_SatRefMappingOperType_Insert/output/Log_Id">Log Id</operation>
                                    <operation source="field"
                                               to="temp.mt_LoadRDV_STG_STEWARDSHIP_To_SatRefMappingOperType_Insert/output/Task_Id">Task Id</operation>
                                    <operation source="field"
                                               to="temp.mt_LoadRDV_STG_STEWARDSHIP_To_SatRefMappingOperType_Insert/output/Task_Status">Task Status</operation>
                                    <operation source="field"
                                               to="temp.mt_LoadRDV_STG_STEWARDSHIP_To_SatRefMappingOperType_Insert/output/Success_Source_Rows">Success Source Rows</operation>
                                    <operation source="field"
                                               to="temp.mt_LoadRDV_STG_STEWARDSHIP_To_SatRefMappingOperType_Insert/output/Failed_Source_Rows">Failed Source Rows</operation>
                                    <operation source="field"
                                               to="temp.mt_LoadRDV_STG_STEWARDSHIP_To_SatRefMappingOperType_Insert/output/Success_Target_Rows">Success Target Rows</operation>
                                    <operation source="field"
                                               to="temp.mt_LoadRDV_STG_STEWARDSHIP_To_SatRefMappingOperType_Insert/output/Failed_Target_Rows">Failed Target Rows</operation>
                                    <operation source="field"
                                               to="temp.mt_LoadRDV_STG_STEWARDSHIP_To_SatRefMappingOperType_Insert/output/Start_Time">Start Time</operation>
                                    <operation source="field"
                                               to="temp.mt_LoadRDV_STG_STEWARDSHIP_To_SatRefMappingOperType_Insert/output/End_Time">End Time</operation>
                                    <operation source="field"
                                               to="temp.mt_LoadRDV_STG_STEWARDSHIP_To_SatRefMappingOperType_Insert/output/Error_Message">Error Message</operation>
                                 </serviceOutput>
                              </service>
                              <events>
                                 <catch faultField="temp.mt_LoadRDV_STG_STEWARDSHIP_To_SatRefMappingOperType_Insert/fault"
                                        id="kfkk0zxg"
                                        interrupting="true"
                                        name="error">
                                    <suspend/>
                                 </catch>
                                 <catch faultField="temp.mt_LoadRDV_STG_STEWARDSHIP_To_SatRefMappingOperType_Insert/fault"
                                        id="kfkk0zxh"
                                        interrupting="true"
                                        name="warning"/>
                              </events>
                           </eventContainer>
                           <link id="kmuo3f9n" targetId="kmuo3f93" type="containerLink"/>
                        </flow>
                        <link id="kmuo3f9j" targetId="kmuo3f94" type="containerLink"/>
                        <link id="kmuo3f9k" targetId="kmuo3f97" type="containerLink"/>
                     </container>
                     <link id="kmuo3f9h" targetId="kmuo3f8z" type="containerLink"/>
                  </flow>
                  <flow id="kmuo3f9d">
                     <throw id="kmuo3f9e">
                        <title>Throw_Error_StartJob</title>
                        <throwInput>
                           <parameter name="code" source="field" updatable="true">temp.mt_audit_startJob_NextDate[1]/inout[1]/io_Result</parameter>
                           <parameter name="detail" source="constant" updatable="true"/>
                           <parameter name="reason" source="constant" updatable="true"/>
                        </throwInput>
                     </throw>
                  </flow>
                  <link id="kmuo3f9f" targetId="kmuo3f90" type="containerLink">
                     <condition source="formula">
                        <function name="contains">
                           <arg name="left">{$temp.mt_audit_startJob_NextDate[1]/inout[1]/io_Result}</arg>
                           <arg name="right">SUCCESS</arg>
                        </function>
                     </condition>
                  </link>
                  <link id="kmuo3f9g" targetId="kmuo3f9d" type="containerLink"/>
                  <link id="kmuo3fa9" targetId="knoryoo5"/>
               </container>
               <end id="c"/>
            </flow>
            <dependencies>
               <processObject xmlns="http://schemas.active-endpoints.com/appmodules/screenflow/2011/06/avosHostEnvironment.xsd"
                              displayName="mt-audit-startJob-NextDate"
                              isByCopy="true"
                              name="mt-audit-startJob-NextDate">
                  <description/>
                  <tags/>
                  <detail>
                     <field label="Input Parameters" name="input" type="reference"/>
                     <field label="InOut Parameters" name="inout" type="reference"/>
                     <field label="TaskProperties Parameters"
                            name="taskProperties"
                            type="reference"/>
                     <field label="Output Parameters" name="output" type="reference"/>
                     <field label="Fault" name="fault" type="reference"/>
                  </detail>
               </processObject>
               <processObject xmlns="http://schemas.active-endpoints.com/appmodules/screenflow/2011/06/avosHostEnvironment.xsd"
                              displayName="mt-LoadRDV-STG-STEWARDSHIP-To-RefMappingOperType"
                              isByCopy="true"
                              name="mt-LoadRDV-STG-STEWARDSHIP-To-RefMappingOperType">
                  <description/>
                  <tags/>
                  <detail>
                     <field label="Input Parameters" name="input" type="reference"/>
                     <field label="InOut Parameters" name="inout" type="reference"/>
                     <field label="TaskProperties Parameters"
                            name="taskProperties"
                            type="reference"/>
                     <field label="Output Parameters" name="output" type="reference"/>
                     <field label="Fault" name="fault" type="reference"/>
                  </detail>
               </processObject>
               <processObject xmlns="http://schemas.active-endpoints.com/appmodules/screenflow/2011/06/avosHostEnvironment.xsd"
                              displayName="mt-LoadRDV-STG-STEWARDSHIP-To-SatRefMappingOperType-Insert"
                              isByCopy="true"
                              name="mt-LoadRDV-STG-STEWARDSHIP-To-SatRefMappingOperType-Insert">
                  <description/>
                  <tags/>
                  <detail>
                     <field label="Input Parameters" name="input" type="reference"/>
                     <field label="InOut Parameters" name="inout" type="reference"/>
                     <field label="TaskProperties Parameters"
                            name="taskProperties"
                            type="reference"/>
                     <field label="Output Parameters" name="output" type="reference"/>
                     <field label="Fault" name="fault" type="reference"/>
                  </detail>
               </processObject>
               <processObject xmlns="http://schemas.active-endpoints.com/appmodules/screenflow/2011/06/avosHostEnvironment.xsd"
                              displayName="mt-audit-EndJob"
                              isByCopy="true"
                              name="mt-audit-EndJob">
                  <description/>
                  <tags/>
                  <detail>
                     <field label="Input Parameters" name="input" type="reference"/>
                     <field label="InOut Parameters" name="inout" type="reference"/>
                     <field label="TaskProperties Parameters"
                            name="taskProperties"
                            type="reference"/>
                     <field label="Output Parameters" name="output" type="reference"/>
                     <field label="Fault" name="fault" type="reference"/>
                  </detail>
               </processObject>
               <processObject xmlns="http://schemas.active-endpoints.com/appmodules/screenflow/2011/06/avosHostEnvironment.xsd"
                              displayName="mt-LoadSTG-IAS-STEWARDSHIP-To-STG-REF-MAPPING-OPER-TYPE"
                              isByCopy="true"
                              name="mt-LoadSTG-IAS-STEWARDSHIP-To-STG-REF-MAPPING-OPER-TYPE">
                  <description/>
                  <tags/>
                  <detail>
                     <field label="TaskProperties Parameters"
                            name="taskProperties"
                            type="reference"/>
                     <field label="Output Parameters" name="output" type="reference"/>
                     <field label="Fault" name="fault" type="reference"/>
                  </detail>
               </processObject>
            </dependencies>
         </taskflow>
      </types1:Entry>
      <types1:GUID>chUcll93weGgKOAXSseEAf</types1:GUID>
      <types1:DisplayName>tf_INITIAL_LOADING_LoadRDV_20-30_STEWARDSHIP_to_RDV_REF_MAPPING_OPER_TYPE</types1:DisplayName>
   </types1:Item>
   <types1:CurrentServerDateTime>2023-03-08T18:46:29.892Z</types1:CurrentServerDateTime>
</aetgt:getResponse>
