<aetgt:getResponse xmlns:aetgt="http://schemas.active-endpoints.com/appmodules/repository/2010/10/avrepository.xsd"
                   xmlns:types1="http://schemas.active-endpoints.com/appmodules/repository/2010/10/avrepository.xsd">
   <types1:Item>
      <types1:EntryId>f21ErhNzUzeA8rJ-gt-31386285-2021-07-28T19:27:09.209Z::tf.xml</types1:EntryId>
      <types1:Name>tf_LoadDM_60_Shared_DimFinancialInstruments</types1:Name>
      <types1:MimeType>application/xml+taskflow</types1:MimeType>
      <types1:Description/>
      <types1:AppliesTo/>
      <types1:Tags/>
      <types1:VersionLabel>1.0</types1:VersionLabel>
      <types1:State>CURRENT</types1:State>
      <types1:ProcessGroup/>
      <types1:CreatedBy>vinita.singh.adm@ia.ca.SAML</types1:CreatedBy>
      <types1:CreationDate>2021-07-28T19:27:09Z</types1:CreationDate>
      <types1:ModifiedBy>jihed.laamiri.adm@ia.ca.SAML</types1:ModifiedBy>
      <types1:ModificationDate>2022-02-15T16:41:19Z</types1:ModificationDate>
      <types1:PublicationStatus>published</types1:PublicationStatus>
      <types1:PublishedBy>jihed.laamiri.adm@ia.ca.SAML</types1:PublishedBy>
      <types1:PublicationDate>2022-07-04T13:48:03Z</types1:PublicationDate>
      <types1:PublishedContributionId>project:/tf.tf_LoadDM_60_Shared_DimFinancialInstruments/tf_LoadDM_60_Shared_DimFinancialInstruments.tf.xml</types1:PublishedContributionId>
      <types1:AutosaveExists>false</types1:AutosaveExists>
      <types1:Entry>
         <taskflow xmlns="http://schemas.active-endpoints.com/appmodules/screenflow/2010/10/avosScreenflow.xsd"
                   xmlns:list="urn:activevos:spi:list:functions"
                   displayName="tf_LoadDM_60_Shared_DimFinancialInstruments"
                   name="tf_LoadDM_60_Shared_DimFinancialInstruments"
                   overrideAPIName="false">
            <appliesTo/>
            <description/>
            <tags/>
            <generator>Informatica Process Designer 11</generator>
            <tempFields>
               <field description="" name="mt_audit_startJob_NextDate" type="reference">
                  <options>
                     <option name="referenceTo">$po:mt-audit-startJob-NextDate</option>
                     <option name="failOnNotRun">false</option>
                     <option name="failOnFault">false</option>
                  </options>
               </field>
               <field description=""
                      name="mt_LoadDM_DM_Wt_To_DM_DimFinancialInstruments_Close"
                      type="reference">
                  <options>
                     <option name="referenceTo">$po:mt-LoadDM-DM-Wt-To-DM-DimFinancialInstruments-Close</option>
                     <option name="failOnNotRun">false</option>
                     <option name="failOnFault">false</option>
                  </options>
               </field>
               <field description=""
                      name="mt_LoadDM_DM_Wt_To_DM_DimFinancialInstruments_Insert"
                      type="reference">
                  <options>
                     <option name="referenceTo">$po:mt-LoadDM-DM-Wt-To-DM-DimFinancialInstruments-Insert</option>
                     <option name="failOnNotRun">false</option>
                     <option name="failOnFault">false</option>
                  </options>
               </field>
               <field description="" name="dt_Audit_EndJob" type="reference">
                  <options>
                     <option name="referenceTo">$po:mt-Audit-EndJob</option>
                     <option name="failOnNotRun">false</option>
                     <option name="failOnFault">false</option>
                  </options>
               </field>
               <field description=""
                      name="mt_LoadDM_NBIN_BDV_Shared_To_DM_Wt_DimFinancialInstruments"
                      type="reference">
                  <options>
                     <option name="referenceTo">$po:mt-LoadDM-NBIN-BDV-Shared-To-DM-Wt-DimFinancialInstruments</option>
                     <option name="failOnNotRun">false</option>
                     <option name="failOnFault">false</option>
                  </options>
               </field>
               <field description="" name="temp_JobName" type="string">
                  <options>
                     <option name="required">false</option>
                  </options>
               </field>
               <field description="" name="temp_tf_Audit_ID" type="string">
                  <options>
                     <option name="required">false</option>
                  </options>
               </field>
               <field description="" name="temp_dataStartDate" type="date">
                  <options>
                     <option name="required">false</option>
                  </options>
               </field>
            </tempFields>
            <notes/>
            <deployment suspendOnFault="false" tracingLevel="verbose">
               <rest/>
            </deployment>
            <flow id="a">
               <start id="b">
                  <link id="kghexglh" targetId="kghexglg"/>
               </start>
               <assignment id="kghexglg">
                  <title>asgn_StartJob_Parameters</title>
                  <operation source="formula" to="temp.temp_JobName">
                     <expression language="XQuery">fn:concat("'",util:getAssetName(),"'")</expression>
                  </operation>
                  <operation source="formula" to="temp.temp_tf_Audit_ID">
                     <expression language="XQuery">fn:concat("'",util:getAssetName(),"-", util:getProcessId(),"'")</expression>
                  </operation>
                  <operation source="constant"
                             to="temp.mt_audit_startJob_NextDate[1]/inout[1]/io_DataStartDate">01/01/2000 00:00:00.000000000</operation>
                  <operation source="constant"
                             to="temp.mt_audit_startJob_NextDate[1]/inout[1]/io_Result">ERROR</operation>
                  <link id="kghexglm" targetId="kghexgm8"/>
               </assignment>
               <assignment id="km5lmunt">
                  <title>asgn_DataStartDate</title>
                  <operation source="formula" to="temp.temp_dataStartDate">
                     <expression language="XQuery">fn:concat("'",date:toChar(date:toDate($temp.mt_audit_startJob_NextDate[1]/inout[1]/io_DataStartDate , 'MM/DD/YYYY 00:00:00.000000000'),'YYYY-MM-DD'),"'")</expression>
                  </operation>
                  <link id="km5lmunv" targetId="kghexgmw"/>
               </assignment>
               <eventContainer id="kghexgm8">
                  <service id="kghexgll">
                     <title>mt_audit_startJob_NextDate</title>
                     <serviceName>ICSExecuteDataTask</serviceName>
                     <serviceGUID/>
                     <serviceInput>
                        <parameter name="Wait for Task to Complete" source="constant" updatable="true">true</parameter>
                        <parameter name="Max Wait" source="constant" updatable="true">604800</parameter>
                        <parameter name="Task Name" source="constant" updatable="true">mt_audit_startJob_NextDate</parameter>
                        <parameter name="GUID" source="constant" updatable="true">0vsC5HJl7ggitkNb6DwiOk</parameter>
                        <parameter name="Task Type" source="constant" updatable="true">MCT</parameter>
                        <parameter name="Has Inout Parameters" source="constant" updatable="true">true</parameter>
                        <parameter name="taskField" source="nested">
                           <operation source="field" to="mt-audit-startJob-NextDate">temp.mt_audit_startJob_NextDate</operation>
                           <operation source="field" to="mt-audit-startJob-NextDate/inout[1]/io_auditID">temp.temp_tf_Audit_ID
                           
                           <expression language="XQuery">fn:concat("'",fn:replace($temp.mt_audit_startJob_NextDate[1]/inout[1]/io_jobName , "'", ""),"-", util:getProcessId(),"'")</expression>
                           </operation>
                           <operation source="field" to="mt-audit-startJob-NextDate/inout[1]/io_jobName">temp.temp_JobName</operation>
                        </parameter>
                     </serviceInput>
                     <serviceOutput>
                        <operation source="field" to="temp.mt_audit_startJob_NextDate/output/Object_Name">Object Name</operation>
                        <operation source="field" to="temp.mt_audit_startJob_NextDate/output/Run_Id">Run Id</operation>
                        <operation source="field" to="temp.mt_audit_startJob_NextDate/output/Log_Id">Log Id</operation>
                        <operation source="field" to="temp.mt_audit_startJob_NextDate/output/Task_Id">Task Id</operation>
                        <operation source="field" to="temp.mt_audit_startJob_NextDate/output/Task_Status">Task Status</operation>
                        <operation source="field"
                                   to="temp.mt_audit_startJob_NextDate/output/Success_Source_Rows">Success Source Rows</operation>
                        <operation source="field"
                                   to="temp.mt_audit_startJob_NextDate/output/Failed_Source_Rows">Failed Source Rows</operation>
                        <operation source="field"
                                   to="temp.mt_audit_startJob_NextDate/output/Success_Target_Rows">Success Target Rows</operation>
                        <operation source="field"
                                   to="temp.mt_audit_startJob_NextDate/output/Failed_Target_Rows">Failed Target Rows</operation>
                        <operation source="field" to="temp.mt_audit_startJob_NextDate/output/Start_Time">Start Time</operation>
                        <operation source="field" to="temp.mt_audit_startJob_NextDate/output/End_Time">End Time</operation>
                        <operation source="field"
                                   to="temp.mt_audit_startJob_NextDate/output/Error_Message">Error Message</operation>
                        <operation source="field" to="temp.mt_audit_startJob_NextDate/inout/io_jobName">io_jobName</operation>
                        <operation source="field" to="temp.mt_audit_startJob_NextDate/inout/io_auditID">io_auditID</operation>
                        <operation source="field" to="temp.mt_audit_startJob_NextDate/inout/io_Result">io_Result</operation>
                        <operation source="field"
                                   to="temp.mt_audit_startJob_NextDate/inout/io_DataStartDate">io_DataStartDate</operation>
                     </serviceOutput>
                  </service>
                  <link id="km5lmunu" targetId="km5lmunt"/>
                  <events>
                     <catch faultField="temp.mt_audit_startJob_NextDate/fault"
                            id="kghexgm6"
                            interrupting="true"
                            name="error">
                        <suspend/>
                     </catch>
                     <catch faultField="temp.mt_audit_startJob_NextDate/fault"
                            id="kghexgm7"
                            interrupting="true"
                            name="warning"/>
                  </events>
               </eventContainer>
               <container id="kghexgmw" type="exclusive">
                  <title>dcn_StartJob_Result</title>
                  <flow id="kghexgn0">
                     <eventContainer id="kh48wyvq">
                        <service id="kh48wyv0">
                           <title>mt_LoadDM_NBIN_BDV_Shared_To_DM_Wt_DimFinancialInstruments</title>
                           <serviceName>ICSExecuteDataTask</serviceName>
                           <serviceGUID/>
                           <serviceInput>
                              <parameter name="Wait for Task to Complete" source="constant" updatable="true">true</parameter>
                              <parameter name="Max Wait" source="constant" updatable="true">604800</parameter>
                              <parameter name="Task Name" source="constant" updatable="true">mt_LoadDM_NBIN_BDV_Shared_To_DM_Wt_DimFinancialInstruments</parameter>
                              <parameter name="GUID" source="constant" updatable="true">4lW4vrBPPBubzqKRRyKwqu</parameter>
                              <parameter name="Task Type" source="constant" updatable="true">MCT</parameter>
                              <parameter name="Has Inout Parameters" source="constant" updatable="true">false</parameter>
                              <parameter name="taskField" source="nested">
                                 <operation source="field"
                                            to="mt-LoadDM-NBIN-BDV-Shared-To-DM-Wt-DimFinancialInstruments">temp.mt_LoadDM_NBIN_BDV_Shared_To_DM_Wt_DimFinancialInstruments</operation>
                                 <operation source="field"
                                            to="mt-LoadDM-NBIN-BDV-Shared-To-DM-Wt-DimFinancialInstruments/input[1]/i_DATA_START_DATE">temp.temp_dataStartDate
                                 
                                 <expression language="XQuery">fn:concat("'",date:toChar(date:toDate($temp.mt_audit_startJob_NextDate[1]/inout[1]/io_DataStartDate , 'MM/DD/YYYY 00:00:00.000000000'),'YYYY-MM-DD'),"'")</expression>
                                 </operation>
                              </parameter>
                           </serviceInput>
                           <serviceOutput>
                              <operation source="field"
                                         to="temp.mt_LoadDM_NBIN_BDV_Shared_To_DM_Wt_DimFinancialInstruments/output/Object_Name">Object Name</operation>
                              <operation source="field"
                                         to="temp.mt_LoadDM_NBIN_BDV_Shared_To_DM_Wt_DimFinancialInstruments/output/Run_Id">Run Id</operation>
                              <operation source="field"
                                         to="temp.mt_LoadDM_NBIN_BDV_Shared_To_DM_Wt_DimFinancialInstruments/output/Log_Id">Log Id</operation>
                              <operation source="field"
                                         to="temp.mt_LoadDM_NBIN_BDV_Shared_To_DM_Wt_DimFinancialInstruments/output/Task_Id">Task Id</operation>
                              <operation source="field"
                                         to="temp.mt_LoadDM_NBIN_BDV_Shared_To_DM_Wt_DimFinancialInstruments/output/Task_Status">Task Status</operation>
                              <operation source="field"
                                         to="temp.mt_LoadDM_NBIN_BDV_Shared_To_DM_Wt_DimFinancialInstruments/output/Success_Source_Rows">Success Source Rows</operation>
                              <operation source="field"
                                         to="temp.mt_LoadDM_NBIN_BDV_Shared_To_DM_Wt_DimFinancialInstruments/output/Failed_Source_Rows">Failed Source Rows</operation>
                              <operation source="field"
                                         to="temp.mt_LoadDM_NBIN_BDV_Shared_To_DM_Wt_DimFinancialInstruments/output/Success_Target_Rows">Success Target Rows</operation>
                              <operation source="field"
                                         to="temp.mt_LoadDM_NBIN_BDV_Shared_To_DM_Wt_DimFinancialInstruments/output/Failed_Target_Rows">Failed Target Rows</operation>
                              <operation source="field"
                                         to="temp.mt_LoadDM_NBIN_BDV_Shared_To_DM_Wt_DimFinancialInstruments/output/Start_Time">Start Time</operation>
                              <operation source="field"
                                         to="temp.mt_LoadDM_NBIN_BDV_Shared_To_DM_Wt_DimFinancialInstruments/output/End_Time">End Time</operation>
                              <operation source="field"
                                         to="temp.mt_LoadDM_NBIN_BDV_Shared_To_DM_Wt_DimFinancialInstruments/output/Error_Message">Error Message</operation>
                           </serviceOutput>
                        </service>
                        <link id="kh48wyv2" targetId="kghfr6mv"/>
                        <events>
                           <catch faultField="temp.mt_LoadDM_NBIN_BDV_Shared_To_DM_Wt_DimFinancialInstruments/fault"
                                  id="kh48wyvo"
                                  interrupting="true"
                                  name="error">
                              <suspend/>
                           </catch>
                           <catch faultField="temp.mt_LoadDM_NBIN_BDV_Shared_To_DM_Wt_DimFinancialInstruments/fault"
                                  id="kh48wyvp"
                                  interrupting="true"
                                  name="warning"/>
                        </events>
                     </eventContainer>
                     <eventContainer id="kghfr6r4">
                        <service id="kghfr6qp">
                           <title>dt_Audit_EndJob</title>
                           <serviceName>ICSExecuteDataTask</serviceName>
                           <serviceGUID/>
                           <serviceInput>
                              <parameter name="Wait for Task to Complete" source="constant" updatable="true">true</parameter>
                              <parameter name="Max Wait" source="constant" updatable="true">604800</parameter>
                              <parameter name="Task Name" source="constant" updatable="true">mt_Audit_EndJob</parameter>
                              <parameter name="GUID" source="constant" updatable="true">4SghBVgQq06bGpYMJlL1UC</parameter>
                              <parameter name="Task Type" source="constant" updatable="true">MCT</parameter>
                              <parameter name="Has Inout Parameters" source="constant" updatable="true">true</parameter>
                              <parameter name="taskField" source="nested">
                                 <operation source="field" to="mt-Audit-EndJob">temp.dt_Audit_EndJob</operation>
                                 <operation source="field" to="mt-Audit-EndJob/inout[1]/io_jobAuditID">temp.temp_tf_Audit_ID</operation>
                                 <operation source="constant" to="mt-Audit-EndJob/inout[1]/io_jobEndDesc">Successful execution</operation>
                                 <operation source="constant" to="mt-Audit-EndJob/inout[1]/io_jobEndStatus">SUCCESS</operation>
                                 <operation source="field" to="mt-Audit-EndJob/inout[1]/io_jobName">temp.temp_JobName</operation>
                                 <operation source="field" to="mt-Audit-EndJob/inout[1]/io_jobStartDate">temp.temp_dataStartDate</operation>
                              </parameter>
                           </serviceInput>
                           <serviceOutput>
                              <operation source="field" to="temp.dt_Audit_EndJob/output/Object_Name">Object Name</operation>
                              <operation source="field" to="temp.dt_Audit_EndJob/output/Run_Id">Run Id</operation>
                              <operation source="field" to="temp.dt_Audit_EndJob/output/Log_Id">Log Id</operation>
                              <operation source="field" to="temp.dt_Audit_EndJob/output/Task_Id">Task Id</operation>
                              <operation source="field" to="temp.dt_Audit_EndJob/output/Task_Status">Task Status</operation>
                              <operation source="field" to="temp.dt_Audit_EndJob/output/Success_Source_Rows">Success Source Rows</operation>
                              <operation source="field" to="temp.dt_Audit_EndJob/output/Failed_Source_Rows">Failed Source Rows</operation>
                              <operation source="field" to="temp.dt_Audit_EndJob/output/Success_Target_Rows">Success Target Rows</operation>
                              <operation source="field" to="temp.dt_Audit_EndJob/output/Failed_Target_Rows">Failed Target Rows</operation>
                              <operation source="field" to="temp.dt_Audit_EndJob/output/Start_Time">Start Time</operation>
                              <operation source="field" to="temp.dt_Audit_EndJob/output/End_Time">End Time</operation>
                              <operation source="field" to="temp.dt_Audit_EndJob/output/Error_Message">Error Message</operation>
                              <operation source="field" to="temp.dt_Audit_EndJob/inout/io_Result">io_Result</operation>
                              <operation source="field" to="temp.dt_Audit_EndJob/inout/io_jobName">io_jobName</operation>
                              <operation source="field" to="temp.dt_Audit_EndJob/inout/io_jobAuditID">io_jobAuditID</operation>
                              <operation source="field" to="temp.dt_Audit_EndJob/inout/io_jobStartDate">io_jobStartDate</operation>
                              <operation source="field" to="temp.dt_Audit_EndJob/inout/io_jobEndStatus">io_jobEndStatus</operation>
                              <operation source="field" to="temp.dt_Audit_EndJob/inout/io_jobEndDesc">io_jobEndDesc</operation>
                           </serviceOutput>
                        </service>
                        <events>
                           <catch faultField="temp.dt_Audit_EndJob/fault"
                                  id="kghfr6r2"
                                  interrupting="true"
                                  name="error">
                              <suspend/>
                           </catch>
                           <catch faultField="temp.dt_Audit_EndJob/fault"
                                  id="kghfr6r3"
                                  interrupting="true"
                                  name="warning"/>
                        </events>
                     </eventContainer>
                     <container id="kghfr6mv" type="parallel">
                        <title>Parallel DM Loading</title>
                        <flow id="kghfr6n1">
                           <eventContainer id="kghfr6pe">
                              <service id="kghfr6oq">
                                 <title>mt_LoadDM_DM_Wt_To_DM_DimFinancialInstruments_Insert</title>
                                 <serviceName>ICSExecuteDataTask</serviceName>
                                 <serviceGUID/>
                                 <serviceInput>
                                    <parameter name="Wait for Task to Complete" source="constant" updatable="true">true</parameter>
                                    <parameter name="Max Wait" source="constant" updatable="true">604800</parameter>
                                    <parameter name="Task Name" source="constant" updatable="true">mt_LoadDM_DM_Wt_To_DM_DimFinancialInstruments_Insert</parameter>
                                    <parameter name="GUID" source="constant" updatable="true">090NQPrl8gkhM3NBZHYZY0</parameter>
                                    <parameter name="Task Type" source="constant" updatable="true">MCT</parameter>
                                    <parameter name="Has Inout Parameters" source="constant" updatable="true">false</parameter>
                                    <parameter name="taskField" source="nested">
                                       <operation source="field"
                                                  to="mt-LoadDM-DM-Wt-To-DM-DimFinancialInstruments-Insert">temp.mt_LoadDM_DM_Wt_To_DM_DimFinancialInstruments_Insert</operation>
                                       <operation source="field"
                                                  to="mt-LoadDM-DM-Wt-To-DM-DimFinancialInstruments-Insert/input[1]/i_DATA_START_DATE">temp.temp_dataStartDate</operation>
                                       <operation source="field"
                                                  to="mt-LoadDM-DM-Wt-To-DM-DimFinancialInstruments-Insert/inout[1]/io_tf_Audit_ID">temp.temp_tf_Audit_ID</operation>
                                    </parameter>
                                 </serviceInput>
                                 <serviceOutput>
                                    <operation source="field"
                                               to="temp.mt_LoadDM_DM_Wt_To_DM_DimFinancialInstruments_Insert/output/Object_Name">Object Name</operation>
                                    <operation source="field"
                                               to="temp.mt_LoadDM_DM_Wt_To_DM_DimFinancialInstruments_Insert/output/Run_Id">Run Id</operation>
                                    <operation source="field"
                                               to="temp.mt_LoadDM_DM_Wt_To_DM_DimFinancialInstruments_Insert/output/Log_Id">Log Id</operation>
                                    <operation source="field"
                                               to="temp.mt_LoadDM_DM_Wt_To_DM_DimFinancialInstruments_Insert/output/Task_Id">Task Id</operation>
                                    <operation source="field"
                                               to="temp.mt_LoadDM_DM_Wt_To_DM_DimFinancialInstruments_Insert/output/Task_Status">Task Status</operation>
                                    <operation source="field"
                                               to="temp.mt_LoadDM_DM_Wt_To_DM_DimFinancialInstruments_Insert/output/Success_Source_Rows">Success Source Rows</operation>
                                    <operation source="field"
                                               to="temp.mt_LoadDM_DM_Wt_To_DM_DimFinancialInstruments_Insert/output/Failed_Source_Rows">Failed Source Rows</operation>
                                    <operation source="field"
                                               to="temp.mt_LoadDM_DM_Wt_To_DM_DimFinancialInstruments_Insert/output/Success_Target_Rows">Success Target Rows</operation>
                                    <operation source="field"
                                               to="temp.mt_LoadDM_DM_Wt_To_DM_DimFinancialInstruments_Insert/output/Failed_Target_Rows">Failed Target Rows</operation>
                                    <operation source="field"
                                               to="temp.mt_LoadDM_DM_Wt_To_DM_DimFinancialInstruments_Insert/output/Start_Time">Start Time</operation>
                                    <operation source="field"
                                               to="temp.mt_LoadDM_DM_Wt_To_DM_DimFinancialInstruments_Insert/output/End_Time">End Time</operation>
                                    <operation source="field"
                                               to="temp.mt_LoadDM_DM_Wt_To_DM_DimFinancialInstruments_Insert/output/Error_Message">Error Message</operation>
                                 </serviceOutput>
                              </service>
                              <events>
                                 <catch faultField="temp.mt_LoadDM_DM_Wt_To_DM_DimFinancialInstruments_Insert/fault"
                                        id="kghfr6pc"
                                        interrupting="true"
                                        name="error">
                                    <suspend/>
                                 </catch>
                                 <catch faultField="temp.mt_LoadDM_DM_Wt_To_DM_DimFinancialInstruments_Insert/fault"
                                        id="kghfr6pd"
                                        interrupting="true"
                                        name="warning"/>
                              </events>
                           </eventContainer>
                           <link id="kghfr6n2" targetId="kghfr6mv" type="containerLink"/>
                        </flow>
                        <flow id="kghfr6my">
                           <eventContainer id="kghfr6ny">
                              <service id="kghfr6na">
                                 <title>mt_LoadDM_DM_Wt_To_DM_DimFinancialInstruments_Close</title>
                                 <serviceName>ICSExecuteDataTask</serviceName>
                                 <serviceGUID/>
                                 <serviceInput>
                                    <parameter name="Wait for Task to Complete" source="constant" updatable="true">true</parameter>
                                    <parameter name="Max Wait" source="constant" updatable="true">604800</parameter>
                                    <parameter name="Task Name" source="constant" updatable="true">mt_LoadDM_DM_Wt_To_DM_DimFinancialInstruments_Close</parameter>
                                    <parameter name="GUID" source="constant" updatable="true">5Pd0uLQ71Cvbpz2Dq57n8y</parameter>
                                    <parameter name="Task Type" source="constant" updatable="true">MCT</parameter>
                                    <parameter name="Has Inout Parameters" source="constant" updatable="true">false</parameter>
                                    <parameter name="taskField" source="nested">
                                       <operation source="field" to="mt-LoadDM-DM-Wt-To-DM-DimFinancialInstruments-Close">temp.mt_LoadDM_DM_Wt_To_DM_DimFinancialInstruments_Close</operation>
                                       <operation source="field"
                                                  to="mt-LoadDM-DM-Wt-To-DM-DimFinancialInstruments-Close/input[1]/i_DATA_START_DATE">temp.temp_dataStartDate
                                       
                                       <expression language="XQuery">fn:concat("'",date:toChar(date:toDate($temp.mt_audit_startJob_NextDate[1]/inout[1]/io_DataStartDate , 'MM/DD/YYYY 00:00:00.000000000'),'YYYY-MM-DD'),"'")</expression>
                                       </operation>
                                    </parameter>
                                 </serviceInput>
                                 <serviceOutput>
                                    <operation source="field"
                                               to="temp.mt_LoadDM_DM_Wt_To_DM_DimFinancialInstruments_Close/output/Object_Name">Object Name</operation>
                                    <operation source="field"
                                               to="temp.mt_LoadDM_DM_Wt_To_DM_DimFinancialInstruments_Close/output/Run_Id">Run Id</operation>
                                    <operation source="field"
                                               to="temp.mt_LoadDM_DM_Wt_To_DM_DimFinancialInstruments_Close/output/Log_Id">Log Id</operation>
                                    <operation source="field"
                                               to="temp.mt_LoadDM_DM_Wt_To_DM_DimFinancialInstruments_Close/output/Task_Id">Task Id</operation>
                                    <operation source="field"
                                               to="temp.mt_LoadDM_DM_Wt_To_DM_DimFinancialInstruments_Close/output/Task_Status">Task Status</operation>
                                    <operation source="field"
                                               to="temp.mt_LoadDM_DM_Wt_To_DM_DimFinancialInstruments_Close/output/Success_Source_Rows">Success Source Rows</operation>
                                    <operation source="field"
                                               to="temp.mt_LoadDM_DM_Wt_To_DM_DimFinancialInstruments_Close/output/Failed_Source_Rows">Failed Source Rows</operation>
                                    <operation source="field"
                                               to="temp.mt_LoadDM_DM_Wt_To_DM_DimFinancialInstruments_Close/output/Success_Target_Rows">Success Target Rows</operation>
                                    <operation source="field"
                                               to="temp.mt_LoadDM_DM_Wt_To_DM_DimFinancialInstruments_Close/output/Failed_Target_Rows">Failed Target Rows</operation>
                                    <operation source="field"
                                               to="temp.mt_LoadDM_DM_Wt_To_DM_DimFinancialInstruments_Close/output/Start_Time">Start Time</operation>
                                    <operation source="field"
                                               to="temp.mt_LoadDM_DM_Wt_To_DM_DimFinancialInstruments_Close/output/End_Time">End Time</operation>
                                    <operation source="field"
                                               to="temp.mt_LoadDM_DM_Wt_To_DM_DimFinancialInstruments_Close/output/Error_Message">Error Message</operation>
                                 </serviceOutput>
                              </service>
                              <events>
                                 <catch faultField="temp.mt_LoadDM_DM_Wt_To_DM_DimFinancialInstruments_Close/fault"
                                        id="kghfr6nw"
                                        interrupting="true"
                                        name="error">
                                    <suspend/>
                                 </catch>
                                 <catch faultField="temp.mt_LoadDM_DM_Wt_To_DM_DimFinancialInstruments_Close/fault"
                                        id="kghfr6nx"
                                        interrupting="true"
                                        name="warning"/>
                              </events>
                           </eventContainer>
                           <link id="kghfr6mz" targetId="kghfr6mv" type="containerLink"/>
                        </flow>
                        <link id="kghfr6n0" targetId="kghfr6n1" type="containerLink"/>
                        <link id="kghfr6mx" targetId="kghfr6my" type="containerLink"/>
                        <link id="klv8adta" targetId="kghfr6r4"/>
                     </container>
                     <link id="kghexgn1" targetId="kghexgmw" type="containerLink"/>
                  </flow>
                  <flow id="kghexgn3">
                     <throw id="kghexgnp">
                        <title>Throw_Error_StartJob</title>
                        <throwInput>
                           <parameter name="code" source="field" updatable="true">temp.mt_audit_startJob_NextDate[1]/inout[1]/io_Result</parameter>
                           <parameter name="detail" source="constant" updatable="true"/>
                           <parameter name="reason" source="constant" updatable="true"/>
                        </throwInput>
                     </throw>
                  </flow>
                  <link id="kghexgmz" targetId="kghexgn0" type="containerLink">
                     <condition source="formula">
                        <function name="contains">
                           <arg name="left">{$temp.mt_audit_startJob_NextDate[1]/inout[1]/io_Result}</arg>
                           <arg name="right">SUCCESS</arg>
                        </function>
                     </condition>
                  </link>
                  <link id="kghexgn2" targetId="kghexgn3" type="containerLink"/>
                  <link id="kghexgmy" targetId="c"/>
               </container>
               <end id="c"/>
            </flow>
            <dependencies>
               <processObject xmlns="http://schemas.active-endpoints.com/appmodules/screenflow/2011/06/avosHostEnvironment.xsd"
                              displayName="mt-audit-startJob-NextDate"
                              isByCopy="true"
                              name="mt-audit-startJob-NextDate">
                  <description/>
                  <tags/>
                  <detail>
                     <field label="Input Parameters" name="input" type="reference"/>
                     <field label="InOut Parameters" name="inout" type="reference"/>
                     <field label="TaskProperties Parameters"
                            name="taskProperties"
                            type="reference"/>
                     <field label="Output Parameters" name="output" type="reference"/>
                     <field label="Fault" name="fault" type="reference"/>
                  </detail>
               </processObject>
               <processObject xmlns="http://schemas.active-endpoints.com/appmodules/screenflow/2011/06/avosHostEnvironment.xsd"
                              displayName="mt-LoadDM-DM-Wt-To-DM-DimFinancialInstruments-Close"
                              isByCopy="true"
                              name="mt-LoadDM-DM-Wt-To-DM-DimFinancialInstruments-Close">
                  <description/>
                  <tags/>
                  <detail>
                     <field label="Input Parameters" name="input" type="reference"/>
                     <field label="Output Parameters" name="output" type="reference"/>
                     <field label="Fault" name="fault" type="reference"/>
                  </detail>
               </processObject>
               <processObject xmlns="http://schemas.active-endpoints.com/appmodules/screenflow/2011/06/avosHostEnvironment.xsd"
                              displayName="mt-LoadDM-DM-Wt-To-DM-DimFinancialInstruments-Insert"
                              isByCopy="true"
                              name="mt-LoadDM-DM-Wt-To-DM-DimFinancialInstruments-Insert">
                  <description/>
                  <tags/>
                  <detail>
                     <field label="Input Parameters" name="input" type="reference"/>
                     <field label="InOut Parameters" name="inout" type="reference"/>
                     <field label="TaskProperties Parameters"
                            name="taskProperties"
                            type="reference"/>
                     <field label="Output Parameters" name="output" type="reference"/>
                     <field label="Fault" name="fault" type="reference"/>
                  </detail>
               </processObject>
               <processObject xmlns="http://schemas.active-endpoints.com/appmodules/screenflow/2011/06/avosHostEnvironment.xsd"
                              displayName="mt-Audit-EndJob"
                              isByCopy="true"
                              name="mt-Audit-EndJob">
                  <description/>
                  <tags/>
                  <detail>
                     <field label="Input Parameters" name="input" type="reference"/>
                     <field label="InOut Parameters" name="inout" type="reference"/>
                     <field label="TaskProperties Parameters"
                            name="taskProperties"
                            type="reference"/>
                     <field label="Output Parameters" name="output" type="reference"/>
                     <field label="Fault" name="fault" type="reference"/>
                  </detail>
               </processObject>
               <processObject xmlns="http://schemas.active-endpoints.com/appmodules/screenflow/2011/06/avosHostEnvironment.xsd"
                              displayName="mt-LoadDM-NBIN-BDV-Shared-To-DM-Wt-DimFinancialInstruments"
                              isByCopy="true"
                              name="mt-LoadDM-NBIN-BDV-Shared-To-DM-Wt-DimFinancialInstruments">
                  <description/>
                  <tags/>
                  <detail>
                     <field label="Input Parameters" name="input" type="reference"/>
                     <field label="TaskProperties Parameters"
                            name="taskProperties"
                            type="reference"/>
                     <field label="Output Parameters" name="output" type="reference"/>
                     <field label="Fault" name="fault" type="reference"/>
                  </detail>
               </processObject>
            </dependencies>
         </taskflow>
      </types1:Entry>
      <types1:GUID>5tOQ6QKmMt2kZWyo82u5qk</types1:GUID>
      <types1:DisplayName>tf_LoadDM_60_Shared_DimFinancialInstruments</types1:DisplayName>
   </types1:Item>
   <types1:CurrentServerDateTime>2023-03-08T18:58:56.566Z</types1:CurrentServerDateTime>
</aetgt:getResponse>
