<aetgt:getResponse xmlns:aetgt="http://schemas.active-endpoints.com/appmodules/repository/2010/10/avrepository.xsd"
                   xmlns:types1="http://schemas.active-endpoints.com/appmodules/repository/2010/10/avrepository.xsd">
   <types1:Item>
      <types1:EntryId>9T6kck8jKBmeK3j-gt-14842961-2021-04-06T02:06:29.682Z::tf.xml</types1:EntryId>
      <types1:Name>tf_LoadRDV_20-30_PSA_IAS_IAVM_to_RDV_TRANSLINK_POSITION_PRICE</types1:Name>
      <types1:MimeType>application/xml+taskflow</types1:MimeType>
      <types1:Description/>
      <types1:AppliesTo/>
      <types1:Tags/>
      <types1:VersionLabel>1.0</types1:VersionLabel>
      <types1:State>CURRENT</types1:State>
      <types1:ProcessGroup/>
      <types1:CreatedBy>anis.hammami@ia.ca.SAML</types1:CreatedBy>
      <types1:CreationDate>2021-04-06T02:06:30Z</types1:CreationDate>
      <types1:ModifiedBy>jihed.laamiri@ia.ca</types1:ModifiedBy>
      <types1:ModificationDate>2021-09-15T15:52:56Z</types1:ModificationDate>
      <types1:PublicationStatus>published</types1:PublicationStatus>
      <types1:PublishedBy>aazam.khan@ia.ca</types1:PublishedBy>
      <types1:PublicationDate>2022-08-25T18:07:30Z</types1:PublicationDate>
      <types1:PublishedContributionId>project:/tf.tf_LoadRDV_20-30_PSA_IAS_IAVM_to_RDV_TRANSLINK_POSITION_PRICE/tf_LoadRDV_20-30_PSA_IAS_IAVM_to_RDV_TRANSLINK_POSITION_PRICE.tf.xml</types1:PublishedContributionId>
      <types1:AutosaveExists>false</types1:AutosaveExists>
      <types1:Entry>
         <taskflow xmlns="http://schemas.active-endpoints.com/appmodules/screenflow/2010/10/avosScreenflow.xsd"
                   xmlns:list="urn:activevos:spi:list:functions"
                   displayName="tf_LoadRDV_20-30_PSA_IAS_IAVM_to_RDV_TRANSLINK_POSITION_PRICE"
                   name="tf_LoadRDV_20-30_PSA_IAS_IAVM_to_RDV_TRANSLINK_POSITION_PRICE"
                   overrideAPIName="true">
            <appliesTo/>
            <description/>
            <tags/>
            <generator>Informatica Process Designer 11</generator>
            <input>
               <parameter description="Name of the file to be loaded"
                          name="input_filename"
                          required="true"
                          type="string">
                  <options>
                     <option name="required">false</option>
                  </options>
               </parameter>
               <parameter description="Path of the file to be loaded"
                          name="input_filepath"
                          required="true"
                          type="string">
                  <options>
                     <option name="required">false</option>
                  </options>
               </parameter>
            </input>
            <tempFields>
               <field description="Filename of the file detected by the filelistener"
                      name="temp_filename"
                      type="string">
                  <options>
                     <option name="required">false</option>
                  </options>
               </field>
               <field description="Data start date : extracted from the filename"
                      name="temp_dataStartDate"
                      type="date">
                  <options>
                     <option name="required">false</option>
                  </options>
               </field>
               <field description="" name="dt_Audit_EndJob" type="reference">
                  <options>
                     <option name="referenceTo">$po:mt-audit-EndJob</option>
                     <option name="failOnNotRun">false</option>
                     <option name="failOnFault">false</option>
                  </options>
               </field>
               <field description="" name="dt_Audit_StartJob" type="reference">
                  <options>
                     <option name="referenceTo">$po:mt-Audit-StartJob</option>
                     <option name="failOnNotRun">false</option>
                     <option name="failOnFault">false</option>
                  </options>
               </field>
               <field description="" name="temp_JobName" type="string">
                  <options>
                     <option name="required">false</option>
                  </options>
               </field>
               <field description="" name="temp_tf_Audit_ID" type="string">
                  <options>
                     <option name="required">false</option>
                  </options>
               </field>
               <field description="" name="mt_STG_count" type="reference">
                  <options>
                     <option name="failOnNotRun">false</option>
                     <option name="failOnFault">false</option>
                     <option name="referenceTo">$po:mt-STG-count</option>
                  </options>
               </field>
               <field description=""
                      name="mt_LoadRDV_STG_IAS_IAVM_POSITION_PRICE_To_TRAN_LINK_POSITION_PRICE"
                      type="reference">
                  <options>
                     <option name="referenceTo">$po:mt-LoadRDV-STG-IAS-IAVM-POSITION-PRICE-To-TRAN-LINK-POSITION-PRICE-IAS-IAVM</option>
                  </options>
               </field>
               <field description=""
                      name="mt_LoadSTG_PSA_IAS_IAVM_To_STG_POSITION_PRICE_IAS_IAVM"
                      type="reference">
                  <options>
                     <option name="failOnNotRun">false</option>
                     <option name="failOnFault">false</option>
                     <option name="referenceTo">$po:mt-LoadSTG-PSA-IAS-IAVM-To-STG-POSITION-PRICE-IAS-IAVM</option>
                  </options>
               </field>
            </tempFields>
            <notes/>
            <deployment suspendOnFault="false" tracingLevel="verbose">
               <rest/>
            </deployment>
            <flow id="a">
               <start id="b">
                  <link id="kggm4cjw" targetId="kfkit286"/>
               </start>
               <assignment id="kfkit286">
                  <title>asgn_Filename</title>
                  <operation source="field" to="temp.temp_filename">input.input_filename</operation>
                  <link id="kfkk0zpk" targetId="kfkk0zpj"/>
               </assignment>
               <container id="kfkk0zpj" type="exclusive">
                  <title>dcn_PositionPriceFile</title>
                  <flow id="kfkk0zpn">
                     <assignment id="kfkk0zqz">
                        <title>asgn_StartJob_Parameters</title>
                        <operation source="formula" to="temp.temp_dataStartDate">
                           <expression language="XQuery">fn:concat('''',fn:substring-before(fn:substring-after($temp.temp_filename , '__'), '.'),'''')</expression>
                        </operation>
                        <operation source="formula" to="temp.temp_JobName">
                           <expression language="XQuery">fn:concat("'",util:getAssetName(),"'")</expression>
                        </operation>
                        <operation source="formula" to="temp.temp_tf_Audit_ID">
                           <expression language="XQuery">fn:concat("'",util:getAssetName(),"-", util:getProcessId(),"'")</expression>
                        </operation>
                        <operation source="constant" to="temp.dt_Audit_StartJob[1]/inout[1]/io_Result">ERROR</operation>
                        <operation source="constant" to="temp.mt_STG_count[1]/inout[1]/io_rowCount">0</operation>
                        <link id="kggm4cqk" targetId="kggm4cr0"/>
                     </assignment>
                     <eventContainer id="kggm4cr0">
                        <service id="kggm4cqj">
                           <title>dt_Audit_StartJob</title>
                           <serviceName>ICSExecuteDataTask</serviceName>
                           <serviceGUID/>
                           <serviceInput>
                              <parameter name="Wait for Task to Complete" source="constant" updatable="true">true</parameter>
                              <parameter name="Max Wait" source="constant" updatable="true">604800</parameter>
                              <parameter name="Task Name" source="constant" updatable="true">mt_Audit_StartJob</parameter>
                              <parameter name="GUID" source="constant" updatable="true">1bUVlwj0kizioROFWCxvw8</parameter>
                              <parameter name="Task Type" source="constant" updatable="true">MCT</parameter>
                              <parameter name="Has Inout Parameters" source="constant" updatable="true">true</parameter>
                              <parameter name="taskField" source="nested">
                                 <operation source="field" to="mt-Audit-StartJob">temp.dt_Audit_StartJob</operation>
                                 <operation source="field" to="mt-Audit-StartJob/inout[1]/io_JOB_AUDIT_ID">temp.temp_tf_Audit_ID</operation>
                                 <operation source="field" to="mt-Audit-StartJob/inout[1]/io_JOB_NAME">temp.temp_JobName</operation>
                                 <operation source="field" to="mt-Audit-StartJob/inout[1]/io_JOB_START_DT">temp.temp_dataStartDate</operation>
                              </parameter>
                           </serviceInput>
                           <serviceOutput>
                              <operation source="field" to="temp.dt_Audit_StartJob/output/Object_Name">Object Name</operation>
                              <operation source="field" to="temp.dt_Audit_StartJob/output/Run_Id">Run Id</operation>
                              <operation source="field" to="temp.dt_Audit_StartJob/output/Log_Id">Log Id</operation>
                              <operation source="field" to="temp.dt_Audit_StartJob/output/Task_Id">Task Id</operation>
                              <operation source="field" to="temp.dt_Audit_StartJob/output/Task_Status">Task Status</operation>
                              <operation source="field" to="temp.dt_Audit_StartJob/output/Success_Source_Rows">Success Source Rows</operation>
                              <operation source="field" to="temp.dt_Audit_StartJob/output/Failed_Source_Rows">Failed Source Rows</operation>
                              <operation source="field" to="temp.dt_Audit_StartJob/output/Success_Target_Rows">Success Target Rows</operation>
                              <operation source="field" to="temp.dt_Audit_StartJob/output/Failed_Target_Rows">Failed Target Rows</operation>
                              <operation source="field" to="temp.dt_Audit_StartJob/output/Start_Time">Start Time</operation>
                              <operation source="field" to="temp.dt_Audit_StartJob/output/End_Time">End Time</operation>
                              <operation source="field" to="temp.dt_Audit_StartJob/output/Error_Message">Error Message</operation>
                              <operation source="field" to="temp.dt_Audit_StartJob/inout/io_Result">io_Result</operation>
                           </serviceOutput>
                        </service>
                        <link id="kggm4cql" targetId="kfkk0zt0"/>
                        <events>
                           <catch faultField="temp.dt_Audit_StartJob/fault"
                                  id="kggm4cqy"
                                  interrupting="true"
                                  name="error"/>
                           <catch faultField="temp.dt_Audit_StartJob/fault"
                                  id="kggm4cqz"
                                  interrupting="true"
                                  name="warning"/>
                        </events>
                     </eventContainer>
                     <eventContainer id="kfkk101o">
                        <service id="kfkk100w">
                           <title>dt_Audit_EndJob</title>
                           <serviceName>ICSExecuteDataTask</serviceName>
                           <serviceGUID/>
                           <serviceInput>
                              <parameter name="Wait for Task to Complete" source="constant" updatable="true">true</parameter>
                              <parameter name="Max Wait" source="constant" updatable="true">604800</parameter>
                              <parameter name="Task Name" source="constant" updatable="true">mt_audit_EndJob</parameter>
                              <parameter name="GUID" source="constant" updatable="true">8Y0CGCRlcFFhlHxBZ2CAOU</parameter>
                              <parameter name="Task Type" source="constant" updatable="true">MCT</parameter>
                              <parameter name="Has Inout Parameters" source="constant" updatable="true">true</parameter>
                              <parameter name="taskField" source="nested">
                                 <operation source="field" to="mt-audit-EndJob">temp.dt_Audit_EndJob</operation>
                                 <operation source="field" to="mt-audit-EndJob/inout[1]/io_jobAuditID">temp.temp_tf_Audit_ID</operation>
                                 <operation source="constant" to="mt-audit-EndJob/inout[1]/io_jobEndDesc">successful execution</operation>
                                 <operation source="constant" to="mt-audit-EndJob/inout[1]/io_jobEndStatus">SUCCESS</operation>
                                 <operation source="field" to="mt-audit-EndJob/inout[1]/io_jobName">temp.temp_JobName</operation>
                                 <operation source="field" to="mt-audit-EndJob/inout[1]/io_jobStartDate">temp.temp_dataStartDate</operation>
                              </parameter>
                           </serviceInput>
                           <serviceOutput>
                              <operation source="field" to="temp.dt_Audit_EndJob/output/Object_Name">Object Name</operation>
                              <operation source="field" to="temp.dt_Audit_EndJob/output/Run_Id">Run Id</operation>
                              <operation source="field" to="temp.dt_Audit_EndJob/output/Log_Id">Log Id</operation>
                              <operation source="field" to="temp.dt_Audit_EndJob/output/Task_Id">Task Id</operation>
                              <operation source="field" to="temp.dt_Audit_EndJob/output/Task_Status">Task Status</operation>
                              <operation source="field" to="temp.dt_Audit_EndJob/output/Success_Source_Rows">Success Source Rows</operation>
                              <operation source="field" to="temp.dt_Audit_EndJob/output/Failed_Source_Rows">Failed Source Rows</operation>
                              <operation source="field" to="temp.dt_Audit_EndJob/output/Success_Target_Rows">Success Target Rows</operation>
                              <operation source="field" to="temp.dt_Audit_EndJob/output/Failed_Target_Rows">Failed Target Rows</operation>
                              <operation source="field" to="temp.dt_Audit_EndJob/output/Start_Time">Start Time</operation>
                              <operation source="field" to="temp.dt_Audit_EndJob/output/End_Time">End Time</operation>
                              <operation source="field" to="temp.dt_Audit_EndJob/output/Error_Message">Error Message</operation>
                              <operation source="field" to="temp.dt_Audit_EndJob/inout/io_Result">io_Result</operation>
                              <operation source="field" to="temp.dt_Audit_EndJob/inout/io_jobName">io_jobName</operation>
                              <operation source="field" to="temp.dt_Audit_EndJob/inout/io_jobAuditID">io_jobAuditID</operation>
                              <operation source="field" to="temp.dt_Audit_EndJob/inout/io_jobStartDate">io_jobStartDate</operation>
                              <operation source="field" to="temp.dt_Audit_EndJob/inout/io_jobEndStatus">io_jobEndStatus</operation>
                              <operation source="field" to="temp.dt_Audit_EndJob/inout/io_jobEndDesc">io_jobEndDesc</operation>
                           </serviceOutput>
                        </service>
                        <events>
                           <catch faultField="temp.dt_Audit_EndJob/fault"
                                  id="kfkk101m"
                                  interrupting="true"
                                  name="error">
                              <suspend/>
                           </catch>
                           <catch faultField="temp.dt_Audit_EndJob/fault"
                                  id="kfkk101n"
                                  interrupting="true"
                                  name="warning"/>
                        </events>
                     </eventContainer>
                     <container id="kfkk0zt0" type="exclusive">
                        <title>dcn_StartJob_Result</title>
                        <flow id="kfkk0zt3">
                           <eventContainer id="kq8m4nxa">
                              <service id="kq8m4nwl">
                                 <title>mt_LoadSTG_PSA_IAS_IAVM_To_STG_POSITION_PRICE_IAS_IAVM</title>
                                 <serviceName>ICSExecuteDataTask</serviceName>
                                 <serviceGUID/>
                                 <serviceInput>
                                    <parameter name="Wait for Task to Complete" source="constant" updatable="true">true</parameter>
                                    <parameter name="Max Wait" source="constant" updatable="true">604800</parameter>
                                    <parameter name="Task Name" source="constant" updatable="true">mt_LoadSTG_PSA_IAS_IAVM_To_STG_POSITION_PRICE_IAS_IAVM</parameter>
                                    <parameter name="GUID" source="constant" updatable="true">4R43bsZuBzmiNYk024iP07</parameter>
                                    <parameter name="Task Type" source="constant" updatable="true">MCT</parameter>
                                    <parameter name="Has Inout Parameters" source="constant" updatable="true">false</parameter>
                                    <parameter name="taskField" source="nested">
                                       <operation source="field"
                                                  to="mt-LoadSTG-PSA-IAS-IAVM-To-STG-POSITION-PRICE-IAS-IAVM">temp.mt_LoadSTG_PSA_IAS_IAVM_To_STG_POSITION_PRICE_IAS_IAVM</operation>
                                       <operation source="formula"
                                                  to="mt-LoadSTG-PSA-IAS-IAVM-To-STG-POSITION-PRICE-IAS-IAVM/inout[1]/io_PATH">
                                          <expression language="XQuery">fn:replace($input.input_filepath  , fn:concat('/', $input.input_filename  ), '')</expression>
                                       </operation>
                                    </parameter>
                                 </serviceInput>
                                 <serviceOutput>
                                    <operation source="field"
                                               to="temp.mt_LoadSTG_PSA_IAS_IAVM_To_STG_POSITION_PRICE_IAS_IAVM/output/Object_Name">Object Name</operation>
                                    <operation source="field"
                                               to="temp.mt_LoadSTG_PSA_IAS_IAVM_To_STG_POSITION_PRICE_IAS_IAVM/output/Run_Id">Run Id</operation>
                                    <operation source="field"
                                               to="temp.mt_LoadSTG_PSA_IAS_IAVM_To_STG_POSITION_PRICE_IAS_IAVM/output/Log_Id">Log Id</operation>
                                    <operation source="field"
                                               to="temp.mt_LoadSTG_PSA_IAS_IAVM_To_STG_POSITION_PRICE_IAS_IAVM/output/Task_Id">Task Id</operation>
                                    <operation source="field"
                                               to="temp.mt_LoadSTG_PSA_IAS_IAVM_To_STG_POSITION_PRICE_IAS_IAVM/output/Task_Status">Task Status</operation>
                                    <operation source="field"
                                               to="temp.mt_LoadSTG_PSA_IAS_IAVM_To_STG_POSITION_PRICE_IAS_IAVM/output/Success_Source_Rows">Success Source Rows</operation>
                                    <operation source="field"
                                               to="temp.mt_LoadSTG_PSA_IAS_IAVM_To_STG_POSITION_PRICE_IAS_IAVM/output/Failed_Source_Rows">Failed Source Rows</operation>
                                    <operation source="field"
                                               to="temp.mt_LoadSTG_PSA_IAS_IAVM_To_STG_POSITION_PRICE_IAS_IAVM/output/Success_Target_Rows">Success Target Rows</operation>
                                    <operation source="field"
                                               to="temp.mt_LoadSTG_PSA_IAS_IAVM_To_STG_POSITION_PRICE_IAS_IAVM/output/Failed_Target_Rows">Failed Target Rows</operation>
                                    <operation source="field"
                                               to="temp.mt_LoadSTG_PSA_IAS_IAVM_To_STG_POSITION_PRICE_IAS_IAVM/output/Start_Time">Start Time</operation>
                                    <operation source="field"
                                               to="temp.mt_LoadSTG_PSA_IAS_IAVM_To_STG_POSITION_PRICE_IAS_IAVM/output/End_Time">End Time</operation>
                                    <operation source="field"
                                               to="temp.mt_LoadSTG_PSA_IAS_IAVM_To_STG_POSITION_PRICE_IAS_IAVM/output/Error_Message">Error Message</operation>
                                 </serviceOutput>
                              </service>
                              <link id="kq8m4nwm" targetId="knrhlfoc"/>
                              <events>
                                 <catch faultField="temp.mt_LoadSTG_PSA_IAS_IAVM_To_STG_POSITION_PRICE_IAS_IAVM/fault"
                                        id="kq8m4nx8"
                                        interrupting="true"
                                        name="error">
                                    <suspend/>
                                 </catch>
                                 <catch faultField="temp.mt_LoadSTG_PSA_IAS_IAVM_To_STG_POSITION_PRICE_IAS_IAVM/fault"
                                        id="kq8m4nx9"
                                        interrupting="true"
                                        name="warning"/>
                              </events>
                           </eventContainer>
                           <eventContainer id="knrhlfoc">
                              <service id="knrhlfn5">
                                 <title>mt_STG_count</title>
                                 <serviceName>ICSExecuteDataTask</serviceName>
                                 <serviceGUID/>
                                 <serviceInput>
                                    <parameter name="Wait for Task to Complete" source="constant" updatable="true">true</parameter>
                                    <parameter name="Max Wait" source="constant" updatable="true">604800</parameter>
                                    <parameter name="Task Name" source="constant" updatable="true">mt_STG_count</parameter>
                                    <parameter name="GUID" source="constant" updatable="true">atQ6IsjTF1Eh0bmoBKZdWk</parameter>
                                    <parameter name="Task Type" source="constant" updatable="true">MCT</parameter>
                                    <parameter name="Has Inout Parameters" source="constant" updatable="true">true</parameter>
                                    <parameter name="taskField" source="nested">
                                       <operation source="field" to="mt-STG-count">temp.mt_STG_count</operation>
                                       <operation source="field" to="mt-STG-count/input[1]/i_Job_name">temp.temp_JobName</operation>
                                       <operation source="field" to="mt-STG-count/input[1]/i_job_start_date">temp.temp_dataStartDate</operation>
                                    </parameter>
                                 </serviceInput>
                                 <serviceOutput>
                                    <operation source="field" to="temp.mt_STG_count/output/Object_Name">Object Name</operation>
                                    <operation source="field" to="temp.mt_STG_count/output/Run_Id">Run Id</operation>
                                    <operation source="field" to="temp.mt_STG_count/output/Log_Id">Log Id</operation>
                                    <operation source="field" to="temp.mt_STG_count/output/Task_Id">Task Id</operation>
                                    <operation source="field" to="temp.mt_STG_count/output/Task_Status">Task Status</operation>
                                    <operation source="field" to="temp.mt_STG_count/output/Success_Source_Rows">Success Source Rows</operation>
                                    <operation source="field" to="temp.mt_STG_count/output/Failed_Source_Rows">Failed Source Rows</operation>
                                    <operation source="field" to="temp.mt_STG_count/output/Success_Target_Rows">Success Target Rows</operation>
                                    <operation source="field" to="temp.mt_STG_count/output/Failed_Target_Rows">Failed Target Rows</operation>
                                    <operation source="field" to="temp.mt_STG_count/output/Start_Time">Start Time</operation>
                                    <operation source="field" to="temp.mt_STG_count/output/End_Time">End Time</operation>
                                    <operation source="field" to="temp.mt_STG_count/output/Error_Message">Error Message</operation>
                                    <operation source="field" to="temp.mt_STG_count/inout/io_rowCount">io_rowCount</operation>
                                 </serviceOutput>
                              </service>
                              <link id="knrhlfnf" targetId="knrhlfne"/>
                              <events>
                                 <catch faultField="temp.mt_STG_count/fault"
                                        id="knrhlfoa"
                                        interrupting="true"
                                        name="error">
                                    <suspend/>
                                 </catch>
                                 <catch faultField="temp.mt_STG_count/fault"
                                        id="knrhlfob"
                                        interrupting="true"
                                        name="warning"/>
                              </events>
                           </eventContainer>
                           <container id="knrhlfne" type="exclusive">
                              <title>dcn_row_count</title>
                              <flow id="knrhlfni">
                                 <service id="knrhlfnt">
                                    <title>mt_LoadRDV_STG_IAS_IAVM_POSITION_PRICE_To_TRAN_LINK_POSITION_PRICE</title>
                                    <serviceName>ICSExecuteDataTask</serviceName>
                                    <serviceGUID/>
                                    <serviceInput>
                                       <parameter name="Wait for Task to Complete" source="constant" updatable="true">true</parameter>
                                       <parameter name="Max Wait" source="constant" updatable="true">604800</parameter>
                                       <parameter name="Task Name" source="constant" updatable="true">mt_LoadRDV_STG_IAS_IAVM_POSITION_PRICE_To_TRAN_LINK_POSITION_PRICE_IAS_IAVM</parameter>
                                       <parameter name="GUID" source="constant" updatable="true">9czAOobw6vogSUSlROyDWS</parameter>
                                       <parameter name="Task Type" source="constant" updatable="true">MCT</parameter>
                                       <parameter name="Has Inout Parameters" source="constant" updatable="true">false</parameter>
                                       <parameter name="taskField" source="nested">
                                          <operation source="field"
                                                     to="mt-LoadRDV-STG-IAS-IAVM-POSITION-PRICE-To-TRAN-LINK-POSITION-PRICE-IAS-IAVM">temp.mt_LoadRDV_STG_IAS_IAVM_POSITION_PRICE_To_TRAN_LINK_POSITION_PRICE</operation>
                                          <operation source="field"
                                                     to="mt-LoadRDV-STG-IAS-IAVM-POSITION-PRICE-To-TRAN-LINK-POSITION-PRICE-IAS-IAVM/inout[1]/io_tf_Audit_ID">temp.temp_tf_Audit_ID</operation>
                                       </parameter>
                                    </serviceInput>
                                    <serviceOutput>
                                       <operation source="field"
                                                  to="temp.mt_LoadRDV_STG_IAS_IAVM_POSITION_PRICE_To_TRAN_LINK_POSITION_PRICE/output/Object_Name">Object Name</operation>
                                       <operation source="field"
                                                  to="temp.mt_LoadRDV_STG_IAS_IAVM_POSITION_PRICE_To_TRAN_LINK_POSITION_PRICE/output/Run_Id">Run Id</operation>
                                       <operation source="field"
                                                  to="temp.mt_LoadRDV_STG_IAS_IAVM_POSITION_PRICE_To_TRAN_LINK_POSITION_PRICE/output/Log_Id">Log Id</operation>
                                       <operation source="field"
                                                  to="temp.mt_LoadRDV_STG_IAS_IAVM_POSITION_PRICE_To_TRAN_LINK_POSITION_PRICE/output/Task_Id">Task Id</operation>
                                       <operation source="field"
                                                  to="temp.mt_LoadRDV_STG_IAS_IAVM_POSITION_PRICE_To_TRAN_LINK_POSITION_PRICE/output/Task_Status">Task Status</operation>
                                       <operation source="field"
                                                  to="temp.mt_LoadRDV_STG_IAS_IAVM_POSITION_PRICE_To_TRAN_LINK_POSITION_PRICE/output/Success_Source_Rows">Success Source Rows</operation>
                                       <operation source="field"
                                                  to="temp.mt_LoadRDV_STG_IAS_IAVM_POSITION_PRICE_To_TRAN_LINK_POSITION_PRICE/output/Failed_Source_Rows">Failed Source Rows</operation>
                                       <operation source="field"
                                                  to="temp.mt_LoadRDV_STG_IAS_IAVM_POSITION_PRICE_To_TRAN_LINK_POSITION_PRICE/output/Success_Target_Rows">Success Target Rows</operation>
                                       <operation source="field"
                                                  to="temp.mt_LoadRDV_STG_IAS_IAVM_POSITION_PRICE_To_TRAN_LINK_POSITION_PRICE/output/Failed_Target_Rows">Failed Target Rows</operation>
                                       <operation source="field"
                                                  to="temp.mt_LoadRDV_STG_IAS_IAVM_POSITION_PRICE_To_TRAN_LINK_POSITION_PRICE/output/Start_Time">Start Time</operation>
                                       <operation source="field"
                                                  to="temp.mt_LoadRDV_STG_IAS_IAVM_POSITION_PRICE_To_TRAN_LINK_POSITION_PRICE/output/End_Time">End Time</operation>
                                       <operation source="field"
                                                  to="temp.mt_LoadRDV_STG_IAS_IAVM_POSITION_PRICE_To_TRAN_LINK_POSITION_PRICE/output/Error_Message">Error Message</operation>
                                    </serviceOutput>
                                 </service>
                                 <link id="knrhlfnj" targetId="knrhlfne" type="containerLink"/>
                              </flow>
                              <flow id="knrhlfnl">
                                 <link id="knrhlfnm" targetId="knrhlfne" type="containerLink"/>
                              </flow>
                              <link id="knrhlfnh" targetId="knrhlfni" type="containerLink">
                                 <condition source="formula">
                                    <function name="greater-than">
                                       <arg name="left">{$temp.mt_STG_count[1]/inout[1]/io_rowCount}</arg>
                                       <arg name="right">{0}</arg>
                                    </function>
                                 </condition>
                              </link>
                              <link id="knrhlfnk" targetId="knrhlfnl" type="containerLink"/>
                           </container>
                           <link id="kfkk0zt4" targetId="kfkk0zt0" type="containerLink"/>
                        </flow>
                        <flow id="kfkk0zt6">
                           <throw id="kfkk0zu3">
                              <title>Throw_Error_StartJob</title>
                              <throwInput>
                                 <parameter name="code" source="field" updatable="true">temp.dt_Audit_StartJob[1]/inout[1]/io_Result</parameter>
                                 <parameter name="detail" source="constant" updatable="true"/>
                                 <parameter name="reason" source="constant" updatable="true"/>
                              </throwInput>
                           </throw>
                        </flow>
                        <link id="kfkk0zt2" targetId="kfkk0zt3" type="containerLink">
                           <condition source="formula">
                              <function name="contains">
                                 <arg name="left">{$temp.dt_Audit_StartJob[1]/inout[1]/io_Result}</arg>
                                 <arg name="right">SUCCESS</arg>
                              </function>
                           </condition>
                        </link>
                        <link id="kfkk0zt5" targetId="kfkk0zt6" type="containerLink"/>
                        <link id="kfkk100x" targetId="kfkk101o"/>
                     </container>
                     <link id="kfkk0zpo" targetId="kfkk0zpj" type="containerLink"/>
                  </flow>
                  <flow id="kfkk0zpq">
                     <link id="kfkk0zpr" targetId="kfkk0zpj" type="containerLink"/>
                  </flow>
                  <link id="kfkk0zpm" targetId="kfkk0zpn" type="containerLink">
                     <condition source="formula">
                        <function name="contains">
                           <arg name="left">{$temp.temp_filename}</arg>
                           <arg name="right">POSITION__</arg>
                        </function>
                     </condition>
                  </link>
                  <link id="kfkk0zpp" targetId="kfkk0zpq" type="containerLink"/>
                  <link id="kfkk0zve" targetId="c"/>
               </container>
               <end id="c"/>
            </flow>
            <dependencies>
               <processObject xmlns="http://schemas.active-endpoints.com/appmodules/screenflow/2011/06/avosHostEnvironment.xsd"
                              displayName="mt-audit-EndJob"
                              isByCopy="true"
                              name="mt-audit-EndJob">
                  <description/>
                  <tags/>
                  <detail>
                     <field label="Input Parameters" name="input" type="reference"/>
                     <field label="InOut Parameters" name="inout" type="reference"/>
                     <field label="TaskProperties Parameters"
                            name="taskProperties"
                            type="reference"/>
                     <field label="Output Parameters" name="output" type="reference"/>
                     <field label="Fault" name="fault" type="reference"/>
                  </detail>
               </processObject>
               <processObject xmlns="http://schemas.active-endpoints.com/appmodules/screenflow/2011/06/avosHostEnvironment.xsd"
                              displayName="mt-Audit-StartJob"
                              isByCopy="true"
                              name="mt-Audit-StartJob">
                  <description/>
                  <tags/>
                  <detail>
                     <field label="Input Parameters" name="input" type="reference"/>
                     <field label="InOut Parameters" name="inout" type="reference"/>
                     <field label="TaskProperties Parameters"
                            name="taskProperties"
                            type="reference"/>
                     <field label="Output Parameters" name="output" type="reference"/>
                     <field label="Fault" name="fault" type="reference"/>
                  </detail>
               </processObject>
               <processObject xmlns="http://schemas.active-endpoints.com/appmodules/screenflow/2011/06/avosHostEnvironment.xsd"
                              displayName="mt-STG-count"
                              isByCopy="true"
                              name="mt-STG-count">
                  <description/>
                  <tags/>
                  <detail>
                     <field label="Input Parameters" name="input" type="reference"/>
                     <field label="InOut Parameters" name="inout" type="reference"/>
                     <field label="TaskProperties Parameters"
                            name="taskProperties"
                            type="reference"/>
                     <field label="Output Parameters" name="output" type="reference"/>
                     <field label="Fault" name="fault" type="reference"/>
                  </detail>
               </processObject>
               <processObject xmlns="http://schemas.active-endpoints.com/appmodules/screenflow/2011/06/avosHostEnvironment.xsd"
                              displayName="mt-LoadRDV-STG-IAS-IAVM-POSITION-PRICE-To-TRAN-LINK-POSITION-PRICE-IAS-IAVM"
                              isByCopy="true"
                              name="mt-LoadRDV-STG-IAS-IAVM-POSITION-PRICE-To-TRAN-LINK-POSITION-PRICE-IAS-IAVM">
                  <description/>
                  <tags/>
                  <detail>
                     <field label="Input Parameters" name="input" type="reference"/>
                     <field label="InOut Parameters" name="inout" type="reference"/>
                     <field label="TaskProperties Parameters"
                            name="taskProperties"
                            type="reference"/>
                     <field label="Output Parameters" name="output" type="reference"/>
                     <field label="Fault" name="fault" type="reference"/>
                  </detail>
               </processObject>
               <processObject xmlns="http://schemas.active-endpoints.com/appmodules/screenflow/2011/06/avosHostEnvironment.xsd"
                              displayName="mt-LoadSTG-PSA-IAS-IAVM-To-STG-POSITION-PRICE-IAS-IAVM"
                              isByCopy="true"
                              name="mt-LoadSTG-PSA-IAS-IAVM-To-STG-POSITION-PRICE-IAS-IAVM">
                  <description/>
                  <tags/>
                  <detail>
                     <field label="InOut Parameters" name="inout" type="reference"/>
                     <field label="TaskProperties Parameters"
                            name="taskProperties"
                            type="reference"/>
                     <field label="Output Parameters" name="output" type="reference"/>
                     <field label="Fault" name="fault" type="reference"/>
                  </detail>
               </processObject>
            </dependencies>
         </taskflow>
      </types1:Entry>
      <types1:GUID>69XsBin7eavj6pT22QxASH</types1:GUID>
      <types1:DisplayName>tf_LoadRDV_20-30_PSA_IAS_IAVM_to_RDV_TRANSLINK_POSITION_PRICE</types1:DisplayName>
   </types1:Item>
   <types1:CurrentServerDateTime>2023-01-19T13:41:46.914Z</types1:CurrentServerDateTime>
</aetgt:getResponse>
