<aetgt:getResponse xmlns:aetgt="http://schemas.active-endpoints.com/appmodules/repository/2010/10/avrepository.xsd"
                   xmlns:types1="http://schemas.active-endpoints.com/appmodules/repository/2010/10/avrepository.xsd">
   <types1:Item>
      <types1:EntryId>7iUQbgdwUiQLnzY-gt-7008337-2022-05-31T18:11:52.944Z::tf.xml</types1:EntryId>
      <types1:Name>tf_LoadDM_61_DM_STRATEGIC_Assest_Summary_ByAccountType</types1:Name>
      <types1:MimeType>application/xml+taskflow</types1:MimeType>
      <types1:Description/>
      <types1:AppliesTo/>
      <types1:Tags/>
      <types1:VersionLabel>1.0</types1:VersionLabel>
      <types1:State>CURRENT</types1:State>
      <types1:ProcessGroup/>
      <types1:CreatedBy>iheb.benghali.adm@ia.ca.SAML</types1:CreatedBy>
      <types1:CreationDate>2022-05-31T18:11:53Z</types1:CreationDate>
      <types1:ModifiedBy>iheb.benghali.adm@ia.ca.SAML</types1:ModifiedBy>
      <types1:ModificationDate>2022-09-20T17:39:20Z</types1:ModificationDate>
      <types1:PublicationStatus>published</types1:PublicationStatus>
      <types1:PublishedBy>iheb.benghali.adm@ia.ca.SAML</types1:PublishedBy>
      <types1:PublicationDate>2022-09-20T17:44:15Z</types1:PublicationDate>
      <types1:PublishedContributionId>project:/tf.tf_LoadDM_61_DM_STRATEGIC_Assest_Summary_ByAccountType/tf_LoadDM_61_DM_STRATEGIC_Assest_Summary_ByAccountType.tf.xml</types1:PublishedContributionId>
      <types1:AutosaveExists>false</types1:AutosaveExists>
      <types1:Entry>
         <taskflow xmlns="http://schemas.active-endpoints.com/appmodules/screenflow/2010/10/avosScreenflow.xsd"
                   xmlns:tfm="http://schemas.active-endpoints.com/appmodules/screenflow/2021/04/taskflowModel.xsd"
                   xmlns:list="urn:activevos:spi:list:functions"
                   displayName="tf_LoadDM_61_DM_STRATEGIC_Assest_Summary_ByAccountType"
                   name="tf_LoadDM_61_DM_STRATEGIC_Assest_Summary_ByAccountType"
                   overrideAPIName="false">
            <parameterSet xmlns="http://schemas.active-endpoints.com/appmodules/screenflow/2021/04/taskflowModel.xsd"/>
            <appliesTo/>
            <description/>
            <tags/>
            <generator>Informatica Process Designer 11</generator>
            <tempFields>
               <field description=""
                      name="dt_audit_startJob_NextDate_Assest_Summary_ByAccountType"
                      type="reference">
                  <options>
                     <option name="referenceTo">$po:mt-audit-startJob-NextDate-Assest-Summary-ByAccountType</option>
                     <option name="failOnNotRun">false</option>
                     <option name="failOnFault">false</option>
                  </options>
               </field>
               <field description=""
                      name="dt_audit_EndJob_Assest_Summary_ByAccountType"
                      type="reference">
                  <options>
                     <option name="referenceTo">$po:mt-audit-EndJob-Assest-Summary-ByAccountType</option>
                     <option name="failOnNotRun">false</option>
                     <option name="failOnFault">false</option>
                  </options>
               </field>
               <field description="" name="temp_JobName" type="string">
                  <options>
                     <option name="required">false</option>
                  </options>
               </field>
               <field description="" name="temp_tf_Audit_ID" type="string">
                  <options>
                     <option name="required">false</option>
                  </options>
               </field>
               <field description="" name="temp_dataStartDate" type="date">
                  <options>
                     <option name="required">false</option>
                  </options>
               </field>
               <field description=""
                      name="dt_LoadDM_Assest_Summary_ByAccountType"
                      type="reference">
                  <options>
                     <option name="referenceTo">$po:mt-LoadDM-Assest-Summary-ByAccountType</option>
                     <option name="failOnNotRun">false</option>
                     <option name="failOnFault">false</option>
                  </options>
               </field>
            </tempFields>
            <notes/>
            <deployment suspendOnFault="false" tracingLevel="verbose">
               <rest/>
            </deployment>
            <flow id="a">
               <start id="b">
                  <link id="klva6kcj" targetId="klva6kci"/>
               </start>
               <assignment id="klva6kci">
                  <title>asgn_StartJob_Parameters</title>
                  <operation source="formula" to="temp.temp_JobName">
                     <expression language="XQuery">fn:concat("'",util:getAssetName(),"'")</expression>
                  </operation>
                  <operation source="formula" to="temp.temp_tf_Audit_ID">
                     <expression language="XQuery">fn:concat("'",util:getAssetName(),"-", util:getProcessId(),"'")</expression>
                  </operation>
                  <operation source="constant"
                             to="temp.dt_audit_startJob_NextDate_Assest_Summary_ByAccountType[1]/inout[1]/io_DataStartDate">01/01/2000 00:00:00.000000000</operation>
                  <operation source="constant"
                             to="temp.dt_audit_startJob_NextDate_Assest_Summary_ByAccountType[1]/inout[1]/io_Result">ERROR</operation>
                  <link id="klva6kck" targetId="kghexgm8"/>
               </assignment>
               <assignment id="km5mjk27">
                  <title>asgn_DataStartDate</title>
                  <operation source="formula" to="temp.temp_dataStartDate">
                     <expression language="XQuery">fn:concat("'",date:toChar(date:toDate($temp.dt_audit_startJob_NextDate_Assest_Summary_ByAccountType[1]/inout[1]/io_DataStartDate , 'MM/DD/YYYY 00:00:00.000000000'),'YYYY-MM-DD'),"'")</expression>
                  </operation>
                  <link id="km5mjk29" targetId="kghexgmw"/>
               </assignment>
               <eventContainer id="kghexgm8">
                  <service id="kghexgll">
                     <title>dt_audit_startJob_NextDate_Assest_Summary_ByAccountType</title>
                     <serviceName>ICSExecuteDataTask</serviceName>
                     <serviceGUID/>
                     <serviceInput>
                        <parameter name="Wait for Task to Complete" source="constant" updatable="true">true</parameter>
                        <parameter name="Max Wait" source="constant" updatable="true">604800</parameter>
                        <parameter name="Task Name" source="constant" updatable="true">mt_audit_startJob_NextDate_Assest_Summary_ByAccountType</parameter>
                        <parameter name="GUID" source="constant" updatable="true">6gwXv1XfxbalmMsmBqWawj</parameter>
                        <parameter name="Task Type" source="constant" updatable="true">MCT</parameter>
                        <parameter name="Has Inout Parameters" source="constant" updatable="true">true</parameter>
                        <parameter name="taskField" source="nested">
                           <operation source="field"
                                      to="mt-audit-startJob-NextDate-Assest-Summary-ByAccountType">temp.dt_audit_startJob_NextDate_Assest_Summary_ByAccountType</operation>
                           <operation source="field"
                                      to="mt-audit-startJob-NextDate-Assest-Summary-ByAccountType/inout[1]/io_auditID">temp.temp_tf_Audit_ID</operation>
                           <operation source="field"
                                      to="mt-audit-startJob-NextDate-Assest-Summary-ByAccountType/inout[1]/io_DataStartDate">temp.temp_dataStartDate</operation>
                           <operation source="field"
                                      to="mt-audit-startJob-NextDate-Assest-Summary-ByAccountType/inout[1]/io_jobName">temp.temp_JobName</operation>
                           <operation source="constant"
                                      to="mt-audit-startJob-NextDate-Assest-Summary-ByAccountType/inout[1]/io_Result"/>
                        </parameter>
                     </serviceInput>
                     <serviceOutput>
                        <operation source="field"
                                   to="temp.dt_audit_startJob_NextDate_Assest_Summary_ByAccountType/output/Object_Name">Object Name</operation>
                        <operation source="field"
                                   to="temp.dt_audit_startJob_NextDate_Assest_Summary_ByAccountType/output/Run_Id">Run Id</operation>
                        <operation source="field"
                                   to="temp.dt_audit_startJob_NextDate_Assest_Summary_ByAccountType/output/Log_Id">Log Id</operation>
                        <operation source="field"
                                   to="temp.dt_audit_startJob_NextDate_Assest_Summary_ByAccountType/output/Task_Id">Task Id</operation>
                        <operation source="field"
                                   to="temp.dt_audit_startJob_NextDate_Assest_Summary_ByAccountType/output/Task_Status">Task Status</operation>
                        <operation source="field"
                                   to="temp.dt_audit_startJob_NextDate_Assest_Summary_ByAccountType/output/Success_Source_Rows">Success Source Rows</operation>
                        <operation source="field"
                                   to="temp.dt_audit_startJob_NextDate_Assest_Summary_ByAccountType/output/Failed_Source_Rows">Failed Source Rows</operation>
                        <operation source="field"
                                   to="temp.dt_audit_startJob_NextDate_Assest_Summary_ByAccountType/output/Success_Target_Rows">Success Target Rows</operation>
                        <operation source="field"
                                   to="temp.dt_audit_startJob_NextDate_Assest_Summary_ByAccountType/output/Failed_Target_Rows">Failed Target Rows</operation>
                        <operation source="field"
                                   to="temp.dt_audit_startJob_NextDate_Assest_Summary_ByAccountType/output/Start_Time">Start Time</operation>
                        <operation source="field"
                                   to="temp.dt_audit_startJob_NextDate_Assest_Summary_ByAccountType/output/End_Time">End Time</operation>
                        <operation source="field"
                                   to="temp.dt_audit_startJob_NextDate_Assest_Summary_ByAccountType/output/Error_Message">Error Message</operation>
                        <operation source="field"
                                   to="temp.dt_audit_startJob_NextDate_Assest_Summary_ByAccountType/output/TotalTransErrors">Total Transformation Errors</operation>
                        <operation source="field"
                                   to="temp.dt_audit_startJob_NextDate_Assest_Summary_ByAccountType/output/FirstErrorCode">First Error Code</operation>
                        <operation source="field"
                                   to="temp.dt_audit_startJob_NextDate_Assest_Summary_ByAccountType/inout/io_jobName">io_jobName</operation>
                        <operation source="field"
                                   to="temp.dt_audit_startJob_NextDate_Assest_Summary_ByAccountType/inout/io_auditID">io_auditID</operation>
                        <operation source="field"
                                   to="temp.dt_audit_startJob_NextDate_Assest_Summary_ByAccountType/inout/io_Result">io_Result</operation>
                        <operation source="field"
                                   to="temp.dt_audit_startJob_NextDate_Assest_Summary_ByAccountType/inout/io_DataStartDate">io_DataStartDate</operation>
                     </serviceOutput>
                  </service>
                  <link id="km5mjk28" targetId="km5mjk27"/>
                  <events>
                     <catch faultField="temp.dt_audit_startJob_NextDate_Assest_Summary_ByAccountType/fault"
                            id="kghexgm6"
                            interrupting="true"
                            name="error">
                        <suspend/>
                     </catch>
                     <catch faultField="temp.dt_audit_startJob_NextDate_Assest_Summary_ByAccountType/fault"
                            id="kghexgm7"
                            interrupting="true"
                            name="warning"/>
                  </events>
               </eventContainer>
               <container id="kghexgmw" type="exclusive">
                  <title>dcn_StartJob_Result</title>
                  <flow id="kghexgn0">
                     <eventContainer id="l2ho8f06">
                        <service id="l2ho8ezk">
                           <title>dt_LoadDM_Assest_Summary_ByAccountType</title>
                           <serviceName>ICSExecuteDataTask</serviceName>
                           <serviceGUID/>
                           <serviceInput>
                              <parameter name="Wait for Task to Complete" source="constant" updatable="true">true</parameter>
                              <parameter name="Max Wait" source="constant" updatable="true">604800</parameter>
                              <parameter name="Task Name" source="constant" updatable="true">mt_LoadDM_Assest_Summary_ByAccountType</parameter>
                              <parameter name="GUID" source="constant" updatable="true">endvt8Op7WWe95qCSqAFaD</parameter>
                              <parameter name="Task Type" source="constant" updatable="true">MCT</parameter>
                              <parameter name="Has Inout Parameters" source="constant" updatable="true">false</parameter>
                              <parameter name="taskField" source="nested">
                                 <operation source="field" to="mt-LoadDM-Assest-Summary-ByAccountType">temp.dt_LoadDM_Assest_Summary_ByAccountType</operation>
                                 <operation source="field"
                                            to="mt-LoadDM-Assest-Summary-ByAccountType/inout[1]/io_tf_Audit_ID">temp.temp_tf_Audit_ID</operation>
                                 <operation source="field"
                                            to="mt-LoadDM-Assest-Summary-ByAccountType/inout[1]/io_DATA_START_DATE">temp.temp_dataStartDate</operation>
                              </parameter>
                           </serviceInput>
                           <serviceOutput>
                              <operation source="field"
                                         to="temp.dt_LoadDM_Assest_Summary_ByAccountType/output/Object_Name">Object Name</operation>
                              <operation source="field"
                                         to="temp.dt_LoadDM_Assest_Summary_ByAccountType/output/Run_Id">Run Id</operation>
                              <operation source="field"
                                         to="temp.dt_LoadDM_Assest_Summary_ByAccountType/output/Log_Id">Log Id</operation>
                              <operation source="field"
                                         to="temp.dt_LoadDM_Assest_Summary_ByAccountType/output/Task_Id">Task Id</operation>
                              <operation source="field"
                                         to="temp.dt_LoadDM_Assest_Summary_ByAccountType/output/Task_Status">Task Status</operation>
                              <operation source="field"
                                         to="temp.dt_LoadDM_Assest_Summary_ByAccountType/output/Success_Source_Rows">Success Source Rows</operation>
                              <operation source="field"
                                         to="temp.dt_LoadDM_Assest_Summary_ByAccountType/output/Failed_Source_Rows">Failed Source Rows</operation>
                              <operation source="field"
                                         to="temp.dt_LoadDM_Assest_Summary_ByAccountType/output/Success_Target_Rows">Success Target Rows</operation>
                              <operation source="field"
                                         to="temp.dt_LoadDM_Assest_Summary_ByAccountType/output/Failed_Target_Rows">Failed Target Rows</operation>
                              <operation source="field"
                                         to="temp.dt_LoadDM_Assest_Summary_ByAccountType/output/Start_Time">Start Time</operation>
                              <operation source="field"
                                         to="temp.dt_LoadDM_Assest_Summary_ByAccountType/output/End_Time">End Time</operation>
                              <operation source="field"
                                         to="temp.dt_LoadDM_Assest_Summary_ByAccountType/output/Error_Message">Error Message</operation>
                              <operation source="field"
                                         to="temp.dt_LoadDM_Assest_Summary_ByAccountType/output/TotalTransErrors">Total Transformation Errors</operation>
                              <operation source="field"
                                         to="temp.dt_LoadDM_Assest_Summary_ByAccountType/output/FirstErrorCode">First Error Code</operation>
                           </serviceOutput>
                        </service>
                        <link id="l2ho8f0h" targetId="kghfr6r4"/>
                        <events>
                           <catch faultField="temp.dt_LoadDM_Assest_Summary_ByAccountType/fault"
                                  id="l2gjtkd8"
                                  interrupting="true"
                                  name="error">
                              <suspend/>
                           </catch>
                           <catch faultField="temp.dt_LoadDM_Assest_Summary_ByAccountType/fault"
                                  id="l2gjtkd9"
                                  interrupting="true"
                                  name="warning"/>
                        </events>
                     </eventContainer>
                     <eventContainer id="kghfr6r4">
                        <service id="kghfr6qp">
                           <title>dt_audit_EndJob_Assest_Summary_ByAccountType</title>
                           <serviceName>ICSExecuteDataTask</serviceName>
                           <serviceGUID/>
                           <serviceInput>
                              <parameter name="Wait for Task to Complete" source="constant" updatable="true">true</parameter>
                              <parameter name="Max Wait" source="constant" updatable="true">604800</parameter>
                              <parameter name="Task Name" source="constant" updatable="true">mt_audit_EndJob_Assest_Summary_ByAccountType</parameter>
                              <parameter name="GUID" source="constant" updatable="true">9UwUQ83vgOLfiFjdxrC4AR</parameter>
                              <parameter name="Task Type" source="constant" updatable="true">MCT</parameter>
                              <parameter name="Has Inout Parameters" source="constant" updatable="true">true</parameter>
                              <parameter name="taskField" source="nested">
                                 <operation source="field" to="mt-audit-EndJob-Assest-Summary-ByAccountType">temp.dt_audit_EndJob_Assest_Summary_ByAccountType</operation>
                                 <operation source="field"
                                            to="mt-audit-EndJob-Assest-Summary-ByAccountType/inout[1]/io_jobAuditID">temp.temp_tf_Audit_ID</operation>
                                 <operation source="constant"
                                            to="mt-audit-EndJob-Assest-Summary-ByAccountType/inout[1]/io_jobEndDesc">Successful execution</operation>
                                 <operation source="constant"
                                            to="mt-audit-EndJob-Assest-Summary-ByAccountType/inout[1]/io_jobEndStatus">SUCCESS</operation>
                                 <operation source="field"
                                            to="mt-audit-EndJob-Assest-Summary-ByAccountType/inout[1]/io_jobName">temp.temp_JobName</operation>
                                 <operation source="field"
                                            to="mt-audit-EndJob-Assest-Summary-ByAccountType/inout[1]/io_jobStartDate">temp.temp_dataStartDate</operation>
                              </parameter>
                           </serviceInput>
                           <serviceOutput>
                              <operation source="field"
                                         to="temp.dt_audit_EndJob_Assest_Summary_ByAccountType/output/Object_Name">Object Name</operation>
                              <operation source="field"
                                         to="temp.dt_audit_EndJob_Assest_Summary_ByAccountType/output/Run_Id">Run Id</operation>
                              <operation source="field"
                                         to="temp.dt_audit_EndJob_Assest_Summary_ByAccountType/output/Log_Id">Log Id</operation>
                              <operation source="field"
                                         to="temp.dt_audit_EndJob_Assest_Summary_ByAccountType/output/Task_Id">Task Id</operation>
                              <operation source="field"
                                         to="temp.dt_audit_EndJob_Assest_Summary_ByAccountType/output/Task_Status">Task Status</operation>
                              <operation source="field"
                                         to="temp.dt_audit_EndJob_Assest_Summary_ByAccountType/output/Success_Source_Rows">Success Source Rows</operation>
                              <operation source="field"
                                         to="temp.dt_audit_EndJob_Assest_Summary_ByAccountType/output/Failed_Source_Rows">Failed Source Rows</operation>
                              <operation source="field"
                                         to="temp.dt_audit_EndJob_Assest_Summary_ByAccountType/output/Success_Target_Rows">Success Target Rows</operation>
                              <operation source="field"
                                         to="temp.dt_audit_EndJob_Assest_Summary_ByAccountType/output/Failed_Target_Rows">Failed Target Rows</operation>
                              <operation source="field"
                                         to="temp.dt_audit_EndJob_Assest_Summary_ByAccountType/output/Start_Time">Start Time</operation>
                              <operation source="field"
                                         to="temp.dt_audit_EndJob_Assest_Summary_ByAccountType/output/End_Time">End Time</operation>
                              <operation source="field"
                                         to="temp.dt_audit_EndJob_Assest_Summary_ByAccountType/output/Error_Message">Error Message</operation>
                              <operation source="field"
                                         to="temp.dt_audit_EndJob_Assest_Summary_ByAccountType/output/TotalTransErrors">Total Transformation Errors</operation>
                              <operation source="field"
                                         to="temp.dt_audit_EndJob_Assest_Summary_ByAccountType/output/FirstErrorCode">First Error Code</operation>
                              <operation source="field"
                                         to="temp.dt_audit_EndJob_Assest_Summary_ByAccountType/inout/io_Result">io_Result</operation>
                              <operation source="field"
                                         to="temp.dt_audit_EndJob_Assest_Summary_ByAccountType/inout/io_jobName">io_jobName</operation>
                              <operation source="field"
                                         to="temp.dt_audit_EndJob_Assest_Summary_ByAccountType/inout/io_jobAuditID">io_jobAuditID</operation>
                              <operation source="field"
                                         to="temp.dt_audit_EndJob_Assest_Summary_ByAccountType/inout/io_jobStartDate">io_jobStartDate</operation>
                              <operation source="field"
                                         to="temp.dt_audit_EndJob_Assest_Summary_ByAccountType/inout/io_jobEndStatus">io_jobEndStatus</operation>
                              <operation source="field"
                                         to="temp.dt_audit_EndJob_Assest_Summary_ByAccountType/inout/io_jobEndDesc">io_jobEndDesc</operation>
                           </serviceOutput>
                        </service>
                        <events>
                           <catch faultField="temp.dt_audit_EndJob_Assest_Summary_ByAccountType/fault"
                                  id="kghfr6r2"
                                  interrupting="true"
                                  name="error">
                              <suspend/>
                           </catch>
                           <catch faultField="temp.dt_audit_EndJob_Assest_Summary_ByAccountType/fault"
                                  id="kghfr6r3"
                                  interrupting="true"
                                  name="warning"/>
                        </events>
                     </eventContainer>
                     <link id="kghexgn1" targetId="kghexgmw" type="containerLink"/>
                  </flow>
                  <flow id="kghexgn3">
                     <throw id="kghexgnp">
                        <title>Throw_Error_StartJob</title>
                        <throwInput>
                           <parameter name="code" source="field" updatable="true">temp.mt_audit_startJob_NextDate[1]/inout[1]/io_Result</parameter>
                           <parameter name="detail" source="constant" updatable="true"/>
                           <parameter name="reason" source="constant" updatable="true"/>
                        </throwInput>
                     </throw>
                  </flow>
                  <link id="kghexgmz" targetId="kghexgn0" type="containerLink">
                     <condition source="formula">
                        <function name="contains">
                           <arg name="left">{$temp.dt_audit_startJob_NextDate_Assest_Summary_ByAccountType[1]/inout[1]/io_Result}</arg>
                           <arg name="right">SUCCESS</arg>
                        </function>
                     </condition>
                  </link>
                  <link id="kghexgn2" targetId="kghexgn3" type="containerLink"/>
                  <link id="kghexgmy" targetId="c"/>
               </container>
               <end id="c"/>
            </flow>
            <dependencies>
               <processObject xmlns="http://schemas.active-endpoints.com/appmodules/screenflow/2011/06/avosHostEnvironment.xsd"
                              displayName="mt-audit-startJob-NextDate-Assest-Summary-ByAccountType"
                              isByCopy="true"
                              name="mt-audit-startJob-NextDate-Assest-Summary-ByAccountType">
                  <description/>
                  <tags/>
                  <detail>
                     <field label="Input Parameters"
                            name="input"
                            nullable="true"
                            required="false"
                            type="reference"/>
                     <field label="InOut Parameters"
                            name="inout"
                            nullable="true"
                            required="false"
                            type="reference"/>
                     <field label="TaskProperties Parameters"
                            name="taskProperties"
                            nullable="true"
                            required="false"
                            type="reference"/>
                     <field label="Output Parameters"
                            name="output"
                            nullable="true"
                            required="false"
                            type="reference"/>
                     <field label="Fault"
                            name="fault"
                            nullable="true"
                            required="false"
                            type="reference"/>
                  </detail>
               </processObject>
               <processObject xmlns="http://schemas.active-endpoints.com/appmodules/screenflow/2011/06/avosHostEnvironment.xsd"
                              displayName="mt-audit-EndJob-Assest-Summary-ByAccountType"
                              isByCopy="true"
                              name="mt-audit-EndJob-Assest-Summary-ByAccountType">
                  <description/>
                  <tags/>
                  <detail>
                     <field label="Input Parameters"
                            name="input"
                            nullable="true"
                            required="false"
                            type="reference"/>
                     <field label="InOut Parameters"
                            name="inout"
                            nullable="true"
                            required="false"
                            type="reference"/>
                     <field label="TaskProperties Parameters"
                            name="taskProperties"
                            nullable="true"
                            required="false"
                            type="reference"/>
                     <field label="Output Parameters"
                            name="output"
                            nullable="true"
                            required="false"
                            type="reference"/>
                     <field label="Fault"
                            name="fault"
                            nullable="true"
                            required="false"
                            type="reference"/>
                  </detail>
               </processObject>
               <processObject xmlns="http://schemas.active-endpoints.com/appmodules/screenflow/2011/06/avosHostEnvironment.xsd"
                              displayName="mt-LoadDM-Assest-Summary-ByAccountType"
                              isByCopy="true"
                              name="mt-LoadDM-Assest-Summary-ByAccountType">
                  <description/>
                  <tags/>
                  <detail>
                     <field label="InOut Parameters"
                            name="inout"
                            nullable="true"
                            required="false"
                            type="reference"/>
                     <field label="TaskProperties Parameters"
                            name="taskProperties"
                            nullable="true"
                            required="false"
                            type="reference"/>
                     <field label="Output Parameters"
                            name="output"
                            nullable="true"
                            required="false"
                            type="reference"/>
                     <field label="Fault"
                            name="fault"
                            nullable="true"
                            required="false"
                            type="reference"/>
                  </detail>
               </processObject>
            </dependencies>
         </taskflow>
      </types1:Entry>
      <types1:GUID>8Jh8MUX1BMIjsfiZRRJBiT</types1:GUID>
      <types1:DisplayName>tf_LoadDM_61_DM_STRATEGIC_Assest_Summary_ByAccountType</types1:DisplayName>
   </types1:Item>
   <types1:CurrentServerDateTime>2023-03-08T18:58:52.003Z</types1:CurrentServerDateTime>
</aetgt:getResponse>
