<aetgt:getResponse xmlns:aetgt="http://schemas.active-endpoints.com/appmodules/repository/2010/10/avrepository.xsd"
                   xmlns:types1="http://schemas.active-endpoints.com/appmodules/repository/2010/10/avrepository.xsd">
   <types1:Item>
      <types1:EntryId>zlrMZgpDqotxGom-gt-56085848-2022-01-07T20:50:30.414Z::tf.xml</types1:EntryId>
      <types1:Name>tf_LoadBDV_40_STEWARDSHIP_SERVICING_CODES</types1:Name>
      <types1:MimeType>application/xml+taskflow</types1:MimeType>
      <types1:Description/>
      <types1:AppliesTo/>
      <types1:Tags/>
      <types1:VersionLabel>1.0</types1:VersionLabel>
      <types1:State>CURRENT</types1:State>
      <types1:ProcessGroup/>
      <types1:CreatedBy>jihed.laamiri.adm@ia.ca</types1:CreatedBy>
      <types1:CreationDate>2022-01-07T20:50:30Z</types1:CreationDate>
      <types1:ModifiedBy>iheb.benghali.adm@ia.ca</types1:ModifiedBy>
      <types1:ModificationDate>2022-06-20T19:46:23Z</types1:ModificationDate>
      <types1:PublicationStatus>published</types1:PublicationStatus>
      <types1:PublishedBy>jihed.laamiri.adm@ia.ca</types1:PublishedBy>
      <types1:PublicationDate>2022-10-18T15:38:48Z</types1:PublicationDate>
      <types1:PublishedContributionId>project:/tf.tf_LoadBDV_40_STEWARDSHIP_SERVICING_CODES/tf_LoadBDV_40_STEWARDSHIP_SERVICING_CODES.tf.xml</types1:PublishedContributionId>
      <types1:AutosaveExists>false</types1:AutosaveExists>
      <types1:Entry>
         <taskflow xmlns="http://schemas.active-endpoints.com/appmodules/screenflow/2010/10/avosScreenflow.xsd"
                   xmlns:tfm="http://schemas.active-endpoints.com/appmodules/screenflow/2021/04/taskflowModel.xsd"
                   xmlns:list="urn:activevos:spi:list:functions"
                   displayName="tf_LoadBDV_40_STEWARDSHIP_SERVICING_CODES"
                   name="tf_LoadBDV_40_STEWARDSHIP_SERVICING_CODES"
                   overrideAPIName="false">
            <parameterSet xmlns="http://schemas.active-endpoints.com/appmodules/screenflow/2021/04/taskflowModel.xsd"/>
            <appliesTo/>
            <description/>
            <tags/>
            <generator>Informatica Process Designer 11</generator>
            <tempFields>
               <field description="" name="dt_audit_startJob_NextDate" type="reference">
                  <options>
                     <option name="referenceTo">$po:mt-audit-startJob-NextDate</option>
                     <option name="failOnNotRun">false</option>
                     <option name="failOnFault">false</option>
                  </options>
               </field>
               <field description="" name="dt_Audit_EndJob" type="reference">
                  <options>
                     <option name="referenceTo">$po:mt-audit-EndJob</option>
                     <option name="failOnNotRun">false</option>
                     <option name="failOnFault">false</option>
                  </options>
               </field>
               <field description="" name="temp_tf_Audit_ID" type="string">
                  <options>
                     <option name="required">false</option>
                  </options>
               </field>
               <field description="" name="temp_dataStartDate" type="date">
                  <options>
                     <option name="required">false</option>
                  </options>
               </field>
               <field description="" name="temp_JobName" type="string">
                  <options>
                     <option name="required">false</option>
                  </options>
               </field>
               <field description=""
                      name="dt_LoadBDV_RDV_STEWARDSHIP_IAPW_To_WT_SERVICING_CODES"
                      type="reference">
                  <options>
                     <option name="failOnNotRun">false</option>
                     <option name="failOnFault">false</option>
                     <option name="referenceTo">$po:mt-LoadBDV-RDV-STEWARDSHIP-IAPW-To-WT-SERVICING-CODES</option>
                  </options>
               </field>
               <field description=""
                      name="dt_LoadBDV_BDV_WT_To_BDV_SAT_LINK_SERVICING_CODES_insert"
                      type="reference">
                  <options>
                     <option name="failOnNotRun">false</option>
                     <option name="failOnFault">false</option>
                     <option name="referenceTo">$po:mt-LoadBDV-BDV-WT-To-BDV-SAT-LINK-SERVICING-CODES-insert</option>
                  </options>
               </field>
               <field description=""
                      name="dt_LoadBDV_BDV_WT_To_BDV_LINK_SERVICING_CODES"
                      type="reference">
                  <options>
                     <option name="failOnNotRun">false</option>
                     <option name="failOnFault">false</option>
                     <option name="referenceTo">$po:mt-LoadBDV-BDV-WT-To-BDV-LINK-SERVICING-CODES</option>
                  </options>
               </field>
               <field description=""
                      name="dt_LoadBDV_BDV_WT_To_BDV_SAT_LINK_SERVICING_CODES_delete"
                      type="reference">
                  <options>
                     <option name="failOnNotRun">false</option>
                     <option name="failOnFault">false</option>
                     <option name="referenceTo">$po:mt-LoadBDV-BDV-WT-To-BDV-SAT-LINK-SERVICING-CODES-delete</option>
                  </options>
               </field>
            </tempFields>
            <notes/>
            <deployment suspendOnFault="false" tracingLevel="verbose">
               <rest/>
            </deployment>
            <flow id="a">
               <start id="b">
                  <link id="kghexglh" targetId="kghexglg"/>
               </start>
               <assignment id="kghexglg">
                  <title>asgn_StartJob_Parameters</title>
                  <operation source="formula" to="temp.temp_JobName">
                     <expression language="XQuery">fn:concat("'",util:getAssetName(),"'")</expression>
                  </operation>
                  <operation source="formula" to="temp.temp_tf_Audit_ID">
                     <expression language="XQuery">fn:concat("'",util:getAssetName(),"-", util:getProcessId(),"'")</expression>
                  </operation>
                  <operation source="constant"
                             to="temp.dt_audit_startJob_NextDate[1]/inout[1]/io_DataStartDate">01/01/2000 00:00:00.000000000</operation>
                  <operation source="constant"
                             to="temp.dt_audit_startJob_NextDate[1]/inout[1]/io_Result">ERROR</operation>
                  <link id="kghexglm" targetId="kghexgm8"/>
               </assignment>
               <assignment id="km5kpt99">
                  <title>asgn_DataStartDate</title>
                  <operation source="formula" to="temp.temp_dataStartDate">
                     <expression language="XQuery">fn:concat("'",date:toChar(date:toDate($temp.dt_audit_startJob_NextDate[1]/inout[1]/io_DataStartDate , 'MM/DD/YYYY 00:00:00.000000000'),'YYYY-MM-DD'),"'")</expression>
                  </operation>
                  <link id="km5kpt9b" targetId="kghexgmw"/>
               </assignment>
               <eventContainer id="kghexgm8">
                  <service id="kghexgll">
                     <title>dt_audit_startJob_NextDate</title>
                     <serviceName>ICSExecuteDataTask</serviceName>
                     <serviceGUID/>
                     <serviceInput>
                        <parameter name="Wait for Task to Complete" source="constant" updatable="true">true</parameter>
                        <parameter name="Max Wait" source="constant" updatable="true">604800</parameter>
                        <parameter name="Task Name" source="constant" updatable="true">mt_audit_startJob_NextDate</parameter>
                        <parameter name="GUID" source="constant" updatable="true">3Az7RKR6xvNlW1E57kMcu1</parameter>
                        <parameter name="Task Type" source="constant" updatable="true">MCT</parameter>
                        <parameter name="Has Inout Parameters" source="constant" updatable="true">true</parameter>
                        <parameter name="taskField" source="nested">
                           <operation source="field" to="mt-audit-startJob-NextDate">temp.dt_audit_startJob_NextDate</operation>
                           <operation source="field" to="mt-audit-startJob-NextDate/inout[1]/io_auditID">temp.temp_tf_Audit_ID</operation>
                           <operation source="field" to="mt-audit-startJob-NextDate/inout[1]/io_jobName">temp.temp_JobName</operation>
                        </parameter>
                     </serviceInput>
                     <serviceOutput>
                        <operation source="field" to="temp.dt_audit_startJob_NextDate/output/Object_Name">Object Name</operation>
                        <operation source="field" to="temp.dt_audit_startJob_NextDate/output/Run_Id">Run Id</operation>
                        <operation source="field" to="temp.dt_audit_startJob_NextDate/output/Log_Id">Log Id</operation>
                        <operation source="field" to="temp.dt_audit_startJob_NextDate/output/Task_Id">Task Id</operation>
                        <operation source="field" to="temp.dt_audit_startJob_NextDate/output/Task_Status">Task Status</operation>
                        <operation source="field"
                                   to="temp.dt_audit_startJob_NextDate/output/Success_Source_Rows">Success Source Rows</operation>
                        <operation source="field"
                                   to="temp.dt_audit_startJob_NextDate/output/Failed_Source_Rows">Failed Source Rows</operation>
                        <operation source="field"
                                   to="temp.dt_audit_startJob_NextDate/output/Success_Target_Rows">Success Target Rows</operation>
                        <operation source="field"
                                   to="temp.dt_audit_startJob_NextDate/output/Failed_Target_Rows">Failed Target Rows</operation>
                        <operation source="field" to="temp.dt_audit_startJob_NextDate/output/Start_Time">Start Time</operation>
                        <operation source="field" to="temp.dt_audit_startJob_NextDate/output/End_Time">End Time</operation>
                        <operation source="field"
                                   to="temp.dt_audit_startJob_NextDate/output/Error_Message">Error Message</operation>
                        <operation source="field" to="temp.dt_audit_startJob_NextDate/inout/io_jobName">io_jobName</operation>
                        <operation source="field" to="temp.dt_audit_startJob_NextDate/inout/io_auditID">io_auditID</operation>
                        <operation source="field" to="temp.dt_audit_startJob_NextDate/inout/io_Result">io_Result</operation>
                        <operation source="field"
                                   to="temp.dt_audit_startJob_NextDate/inout/io_DataStartDate">io_DataStartDate</operation>
                     </serviceOutput>
                  </service>
                  <link id="km5kpt9a" targetId="km5kpt99"/>
                  <events>
                     <catch faultField="temp.dt_audit_startJob_NextDate/fault"
                            id="kghexgm6"
                            interrupting="true"
                            name="error">
                        <suspend/>
                     </catch>
                     <catch faultField="temp.dt_audit_startJob_NextDate/fault"
                            id="kghexgm7"
                            interrupting="true"
                            name="warning"/>
                  </events>
               </eventContainer>
               <container id="kghexgmw" type="exclusive">
                  <title>dcn_StartJob_Result</title>
                  <flow id="kghexgn0">
                     <eventContainer id="kw0yxj8c">
                        <service id="kw0yxj6t">
                           <title>dt_LoadBDV_RDV_STEWARDSHIP_IAPW_To_WT_SERVICING_CODES</title>
                           <serviceName>ICSExecuteDataTask</serviceName>
                           <serviceGUID/>
                           <serviceInput>
                              <parameter name="Wait for Task to Complete" source="constant" updatable="true">true</parameter>
                              <parameter name="Max Wait" source="constant" updatable="true">604800</parameter>
                              <parameter name="Task Name" source="constant" updatable="true">mt_LoadBDV_RDV_STEWARDSHIP_IAPW_To_WT_SERVICING_CODES</parameter>
                              <parameter name="GUID" source="constant" updatable="true">8LMwC1qJyGHin7mihukH6x</parameter>
                              <parameter name="Task Type" source="constant" updatable="true">MCT</parameter>
                              <parameter name="Has Inout Parameters" source="constant" updatable="true">false</parameter>
                              <parameter name="taskField" source="nested">
                                 <operation source="field"
                                            to="mt-LoadBDV-RDV-STEWARDSHIP-IAPW-To-WT-SERVICING-CODES">temp.dt_LoadBDV_RDV_STEWARDSHIP_IAPW_To_WT_SERVICING_CODES</operation>
                                 <operation source="field"
                                            to="mt-LoadBDV-RDV-STEWARDSHIP-IAPW-To-WT-SERVICING-CODES/input[1]/i_DATA_START_DATE">temp.temp_dataStartDate</operation>
                                 <operation source="field"
                                            to="temp.dt_LoadBDV_RDV_STEWARDSHIP_IAPW_To_WT_SERVICING_CODES[1]/input[1]/i_DATA_START_DATE">temp.temp_dataStartDate</operation>
                              </parameter>
                           </serviceInput>
                           <serviceOutput>
                              <operation source="field"
                                         to="temp.dt_LoadBDV_RDV_STEWARDSHIP_IAPW_To_WT_SERVICING_CODES/output/Object_Name">Object Name</operation>
                              <operation source="field"
                                         to="temp.dt_LoadBDV_RDV_STEWARDSHIP_IAPW_To_WT_SERVICING_CODES/output/Run_Id">Run Id</operation>
                              <operation source="field"
                                         to="temp.dt_LoadBDV_RDV_STEWARDSHIP_IAPW_To_WT_SERVICING_CODES/output/Log_Id">Log Id</operation>
                              <operation source="field"
                                         to="temp.dt_LoadBDV_RDV_STEWARDSHIP_IAPW_To_WT_SERVICING_CODES/output/Task_Id">Task Id</operation>
                              <operation source="field"
                                         to="temp.dt_LoadBDV_RDV_STEWARDSHIP_IAPW_To_WT_SERVICING_CODES/output/Task_Status">Task Status</operation>
                              <operation source="field"
                                         to="temp.dt_LoadBDV_RDV_STEWARDSHIP_IAPW_To_WT_SERVICING_CODES/output/Success_Source_Rows">Success Source Rows</operation>
                              <operation source="field"
                                         to="temp.dt_LoadBDV_RDV_STEWARDSHIP_IAPW_To_WT_SERVICING_CODES/output/Failed_Source_Rows">Failed Source Rows</operation>
                              <operation source="field"
                                         to="temp.dt_LoadBDV_RDV_STEWARDSHIP_IAPW_To_WT_SERVICING_CODES/output/Success_Target_Rows">Success Target Rows</operation>
                              <operation source="field"
                                         to="temp.dt_LoadBDV_RDV_STEWARDSHIP_IAPW_To_WT_SERVICING_CODES/output/Failed_Target_Rows">Failed Target Rows</operation>
                              <operation source="field"
                                         to="temp.dt_LoadBDV_RDV_STEWARDSHIP_IAPW_To_WT_SERVICING_CODES/output/Start_Time">Start Time</operation>
                              <operation source="field"
                                         to="temp.dt_LoadBDV_RDV_STEWARDSHIP_IAPW_To_WT_SERVICING_CODES/output/End_Time">End Time</operation>
                              <operation source="field"
                                         to="temp.dt_LoadBDV_RDV_STEWARDSHIP_IAPW_To_WT_SERVICING_CODES/output/Error_Message">Error Message</operation>
                              <operation source="field"
                                         to="temp.dt_LoadBDV_RDV_STEWARDSHIP_IAPW_To_WT_SERVICING_CODES/output/TotalTransErrors">Total Transformation Errors</operation>
                              <operation source="field"
                                         to="temp.dt_LoadBDV_RDV_STEWARDSHIP_IAPW_To_WT_SERVICING_CODES/output/FirstErrorCode">First Error Code</operation>
                           </serviceOutput>
                        </service>
                        <link id="kw0yxj70" targetId="kw0yxj6z"/>
                        <events>
                           <catch faultField="temp.dt_LoadBDV_RDV_STEWARDSHIP_IAPW_To_WT_SERVICING_CODES/fault"
                                  id="kw0yxj8a"
                                  interrupting="true"
                                  name="error">
                              <suspend/>
                           </catch>
                           <catch faultField="temp.dt_LoadBDV_RDV_STEWARDSHIP_IAPW_To_WT_SERVICING_CODES/fault"
                                  id="kw0yxj8b"
                                  interrupting="true"
                                  name="warning"/>
                        </events>
                     </eventContainer>
                     <eventContainer id="kghfr6r4">
                        <service id="kghfr6qp">
                           <title>dt_Audit_EndJob</title>
                           <serviceName>ICSExecuteDataTask</serviceName>
                           <serviceGUID/>
                           <serviceInput>
                              <parameter name="Wait for Task to Complete" source="constant" updatable="true">true</parameter>
                              <parameter name="Max Wait" source="constant" updatable="true">604800</parameter>
                              <parameter name="Task Name" source="constant" updatable="true">mt_audit_EndJob</parameter>
                              <parameter name="GUID" source="constant" updatable="true">a5xfiBNhyEehMvmG6fchqk</parameter>
                              <parameter name="Task Type" source="constant" updatable="true">MCT</parameter>
                              <parameter name="Has Inout Parameters" source="constant" updatable="true">true</parameter>
                              <parameter name="taskField" source="nested">
                                 <operation source="field" to="mt-audit-EndJob">temp.dt_Audit_EndJob</operation>
                                 <operation source="field" to="mt-audit-EndJob/inout[1]/io_jobAuditID">temp.temp_tf_Audit_ID</operation>
                                 <operation source="constant" to="mt-audit-EndJob/inout[1]/io_jobEndDesc">Successful execution</operation>
                                 <operation source="constant" to="mt-audit-EndJob/inout[1]/io_jobEndStatus">SUCCESS</operation>
                                 <operation source="field" to="mt-audit-EndJob/inout[1]/io_jobName">temp.temp_JobName</operation>
                                 <operation source="field" to="mt-audit-EndJob/inout[1]/io_jobStartDate">temp.temp_dataStartDate</operation>
                              </parameter>
                           </serviceInput>
                           <serviceOutput>
                              <operation source="field" to="temp.dt_Audit_EndJob/output/Object_Name">Object Name</operation>
                              <operation source="field" to="temp.dt_Audit_EndJob/output/Run_Id">Run Id</operation>
                              <operation source="field" to="temp.dt_Audit_EndJob/output/Log_Id">Log Id</operation>
                              <operation source="field" to="temp.dt_Audit_EndJob/output/Task_Id">Task Id</operation>
                              <operation source="field" to="temp.dt_Audit_EndJob/output/Task_Status">Task Status</operation>
                              <operation source="field" to="temp.dt_Audit_EndJob/output/Success_Source_Rows">Success Source Rows</operation>
                              <operation source="field" to="temp.dt_Audit_EndJob/output/Failed_Source_Rows">Failed Source Rows</operation>
                              <operation source="field" to="temp.dt_Audit_EndJob/output/Success_Target_Rows">Success Target Rows</operation>
                              <operation source="field" to="temp.dt_Audit_EndJob/output/Failed_Target_Rows">Failed Target Rows</operation>
                              <operation source="field" to="temp.dt_Audit_EndJob/output/Start_Time">Start Time</operation>
                              <operation source="field" to="temp.dt_Audit_EndJob/output/End_Time">End Time</operation>
                              <operation source="field" to="temp.dt_Audit_EndJob/output/Error_Message">Error Message</operation>
                              <operation source="field" to="temp.dt_Audit_EndJob/inout/io_Result">io_Result</operation>
                              <operation source="field" to="temp.dt_Audit_EndJob/inout/io_jobName">io_jobName</operation>
                              <operation source="field" to="temp.dt_Audit_EndJob/inout/io_jobAuditID">io_jobAuditID</operation>
                              <operation source="field" to="temp.dt_Audit_EndJob/inout/io_jobStartDate">io_jobStartDate</operation>
                              <operation source="field" to="temp.dt_Audit_EndJob/inout/io_jobEndStatus">io_jobEndStatus</operation>
                              <operation source="field" to="temp.dt_Audit_EndJob/inout/io_jobEndDesc">io_jobEndDesc</operation>
                           </serviceOutput>
                        </service>
                        <events>
                           <catch faultField="temp.dt_Audit_EndJob/fault"
                                  id="kghfr6r2"
                                  interrupting="true"
                                  name="error">
                              <suspend/>
                           </catch>
                           <catch faultField="temp.dt_Audit_EndJob/fault"
                                  id="kghfr6r3"
                                  interrupting="true"
                                  name="warning"/>
                        </events>
                     </eventContainer>
                     <container id="kw0yxj6z" type="parallel">
                        <title>Parallel BDV Loading</title>
                        <flow id="kw0yxj73">
                           <eventContainer id="kw0yxjah">
                              <service id="kw0yxj7d">
                                 <title>dt_LoadBDV_BDV_WT_To_BDV_SAT_LINK_SERVICING_CODES_insert</title>
                                 <serviceName>ICSExecuteDataTask</serviceName>
                                 <serviceGUID/>
                                 <serviceInput>
                                    <parameter name="Wait for Task to Complete" source="constant" updatable="true">true</parameter>
                                    <parameter name="Max Wait" source="constant" updatable="true">604800</parameter>
                                    <parameter name="Task Name" source="constant" updatable="true">mt_LoadBDV_BDV_WT_To_BDV_SAT_LINK_SERVICING_CODES_insert</parameter>
                                    <parameter name="GUID" source="constant" updatable="true">7UFyj3nSxc8eNIZrWlIQKZ</parameter>
                                    <parameter name="Task Type" source="constant" updatable="true">MCT</parameter>
                                    <parameter name="Has Inout Parameters" source="constant" updatable="true">true</parameter>
                                    <parameter name="taskField" source="nested">
                                       <operation source="field"
                                                  to="mt-LoadBDV-BDV-WT-To-BDV-SAT-LINK-SERVICING-CODES-insert">temp.dt_LoadBDV_BDV_WT_To_BDV_SAT_LINK_SERVICING_CODES_insert</operation>
                                       <operation source="field"
                                                  to="mt-LoadBDV-BDV-WT-To-BDV-SAT-LINK-SERVICING-CODES-insert/inout[1]/io_tf_Audit_ID">temp.temp_tf_Audit_ID</operation>
                                    </parameter>
                                 </serviceInput>
                                 <serviceOutput>
                                    <operation source="field"
                                               to="temp.dt_LoadBDV_BDV_WT_To_BDV_SAT_LINK_SERVICING_CODES_insert/output/Object_Name">Object Name</operation>
                                    <operation source="field"
                                               to="temp.dt_LoadBDV_BDV_WT_To_BDV_SAT_LINK_SERVICING_CODES_insert/output/Run_Id">Run Id</operation>
                                    <operation source="field"
                                               to="temp.dt_LoadBDV_BDV_WT_To_BDV_SAT_LINK_SERVICING_CODES_insert/output/Log_Id">Log Id</operation>
                                    <operation source="field"
                                               to="temp.dt_LoadBDV_BDV_WT_To_BDV_SAT_LINK_SERVICING_CODES_insert/output/Task_Id">Task Id</operation>
                                    <operation source="field"
                                               to="temp.dt_LoadBDV_BDV_WT_To_BDV_SAT_LINK_SERVICING_CODES_insert/output/Task_Status">Task Status</operation>
                                    <operation source="field"
                                               to="temp.dt_LoadBDV_BDV_WT_To_BDV_SAT_LINK_SERVICING_CODES_insert/output/Success_Source_Rows">Success Source Rows</operation>
                                    <operation source="field"
                                               to="temp.dt_LoadBDV_BDV_WT_To_BDV_SAT_LINK_SERVICING_CODES_insert/output/Failed_Source_Rows">Failed Source Rows</operation>
                                    <operation source="field"
                                               to="temp.dt_LoadBDV_BDV_WT_To_BDV_SAT_LINK_SERVICING_CODES_insert/output/Success_Target_Rows">Success Target Rows</operation>
                                    <operation source="field"
                                               to="temp.dt_LoadBDV_BDV_WT_To_BDV_SAT_LINK_SERVICING_CODES_insert/output/Failed_Target_Rows">Failed Target Rows</operation>
                                    <operation source="field"
                                               to="temp.dt_LoadBDV_BDV_WT_To_BDV_SAT_LINK_SERVICING_CODES_insert/output/Start_Time">Start Time</operation>
                                    <operation source="field"
                                               to="temp.dt_LoadBDV_BDV_WT_To_BDV_SAT_LINK_SERVICING_CODES_insert/output/End_Time">End Time</operation>
                                    <operation source="field"
                                               to="temp.dt_LoadBDV_BDV_WT_To_BDV_SAT_LINK_SERVICING_CODES_insert/output/Error_Message">Error Message</operation>
                                    <operation source="field"
                                               to="temp.dt_LoadBDV_BDV_WT_To_BDV_SAT_LINK_SERVICING_CODES_insert/output/TotalTransErrors">Total Transformation Errors</operation>
                                    <operation source="field"
                                               to="temp.dt_LoadBDV_BDV_WT_To_BDV_SAT_LINK_SERVICING_CODES_insert/output/FirstErrorCode">First Error Code</operation>
                                    <operation source="field"
                                               to="temp.dt_LoadBDV_BDV_WT_To_BDV_SAT_LINK_SERVICING_CODES_insert/inout/io_tf_Audit_ID">io_tf_Audit_ID</operation>
                                 </serviceOutput>
                              </service>
                              <events>
                                 <catch faultField="temp.dt_LoadBDV_BDV_WT_To_BDV_SAT_LINK_SERVICING_CODES_insert/fault"
                                        id="kw0yxjaf"
                                        interrupting="true"
                                        name="error">
                                    <suspend/>
                                 </catch>
                                 <catch faultField="temp.dt_LoadBDV_BDV_WT_To_BDV_SAT_LINK_SERVICING_CODES_insert/fault"
                                        id="kw0yxjag"
                                        interrupting="true"
                                        name="warning"/>
                              </events>
                           </eventContainer>
                           <link id="kw0yxj74" targetId="kw0yxj6z" type="containerLink"/>
                        </flow>
                        <flow id="kw0yxj76">
                           <eventContainer id="kw0yxjd3">
                              <service id="kw0yxj7k">
                                 <title>dt_LoadBDV_BDV_WT_To_BDV_LINK_SERVICING_CODES</title>
                                 <serviceName>ICSExecuteDataTask</serviceName>
                                 <serviceGUID/>
                                 <serviceInput>
                                    <parameter name="Wait for Task to Complete" source="constant" updatable="true">true</parameter>
                                    <parameter name="Max Wait" source="constant" updatable="true">604800</parameter>
                                    <parameter name="Task Name" source="constant" updatable="true">mt_LoadBDV_BDV_WT_To_BDV_LINK_SERVICING_CODES</parameter>
                                    <parameter name="GUID" source="constant" updatable="true">1Twwf1U70OrgSZjlxyEqiD</parameter>
                                    <parameter name="Task Type" source="constant" updatable="true">MCT</parameter>
                                    <parameter name="Has Inout Parameters" source="constant" updatable="true">true</parameter>
                                    <parameter name="taskField" source="nested">
                                       <operation source="field" to="mt-LoadBDV-BDV-WT-To-BDV-LINK-SERVICING-CODES">temp.dt_LoadBDV_BDV_WT_To_BDV_LINK_SERVICING_CODES</operation>
                                       <operation source="field"
                                                  to="mt-LoadBDV-BDV-WT-To-BDV-LINK-SERVICING-CODES/inout[1]/io_tf_Audit_ID">temp.temp_tf_Audit_ID</operation>
                                    </parameter>
                                 </serviceInput>
                                 <serviceOutput>
                                    <operation source="field"
                                               to="temp.dt_LoadBDV_BDV_WT_To_BDV_LINK_SERVICING_CODES/output/Object_Name">Object Name</operation>
                                    <operation source="field"
                                               to="temp.dt_LoadBDV_BDV_WT_To_BDV_LINK_SERVICING_CODES/output/Run_Id">Run Id</operation>
                                    <operation source="field"
                                               to="temp.dt_LoadBDV_BDV_WT_To_BDV_LINK_SERVICING_CODES/output/Log_Id">Log Id</operation>
                                    <operation source="field"
                                               to="temp.dt_LoadBDV_BDV_WT_To_BDV_LINK_SERVICING_CODES/output/Task_Id">Task Id</operation>
                                    <operation source="field"
                                               to="temp.dt_LoadBDV_BDV_WT_To_BDV_LINK_SERVICING_CODES/output/Task_Status">Task Status</operation>
                                    <operation source="field"
                                               to="temp.dt_LoadBDV_BDV_WT_To_BDV_LINK_SERVICING_CODES/output/Success_Source_Rows">Success Source Rows</operation>
                                    <operation source="field"
                                               to="temp.dt_LoadBDV_BDV_WT_To_BDV_LINK_SERVICING_CODES/output/Failed_Source_Rows">Failed Source Rows</operation>
                                    <operation source="field"
                                               to="temp.dt_LoadBDV_BDV_WT_To_BDV_LINK_SERVICING_CODES/output/Success_Target_Rows">Success Target Rows</operation>
                                    <operation source="field"
                                               to="temp.dt_LoadBDV_BDV_WT_To_BDV_LINK_SERVICING_CODES/output/Failed_Target_Rows">Failed Target Rows</operation>
                                    <operation source="field"
                                               to="temp.dt_LoadBDV_BDV_WT_To_BDV_LINK_SERVICING_CODES/output/Start_Time">Start Time</operation>
                                    <operation source="field"
                                               to="temp.dt_LoadBDV_BDV_WT_To_BDV_LINK_SERVICING_CODES/output/End_Time">End Time</operation>
                                    <operation source="field"
                                               to="temp.dt_LoadBDV_BDV_WT_To_BDV_LINK_SERVICING_CODES/output/Error_Message">Error Message</operation>
                                    <operation source="field"
                                               to="temp.dt_LoadBDV_BDV_WT_To_BDV_LINK_SERVICING_CODES/output/TotalTransErrors">Total Transformation Errors</operation>
                                    <operation source="field"
                                               to="temp.dt_LoadBDV_BDV_WT_To_BDV_LINK_SERVICING_CODES/output/FirstErrorCode">First Error Code</operation>
                                    <operation source="field"
                                               to="temp.dt_LoadBDV_BDV_WT_To_BDV_LINK_SERVICING_CODES/inout/io_tf_Audit_ID">io_tf_Audit_ID</operation>
                                 </serviceOutput>
                              </service>
                              <events>
                                 <catch faultField="temp.dt_LoadBDV_BDV_WT_To_BDV_LINK_SERVICING_CODES/fault"
                                        id="kw0yxjd1"
                                        interrupting="true"
                                        name="error">
                                    <suspend/>
                                 </catch>
                                 <catch faultField="temp.dt_LoadBDV_BDV_WT_To_BDV_LINK_SERVICING_CODES/fault"
                                        id="kw0yxjd2"
                                        interrupting="true"
                                        name="warning"/>
                              </events>
                           </eventContainer>
                           <link id="kw0yxj77" targetId="kw0yxj6z" type="containerLink"/>
                        </flow>
                        <flow id="kw0yxjbz">
                           <eventContainer id="kw0yxjfa">
                              <service id="kw0yxjc7">
                                 <title>dt_LoadBDV_BDV_WT_To_BDV_SAT_LINK_SERVICING_CODES_delete</title>
                                 <serviceName>ICSExecuteDataTask</serviceName>
                                 <serviceGUID/>
                                 <serviceInput>
                                    <parameter name="Wait for Task to Complete" source="constant" updatable="true">true</parameter>
                                    <parameter name="Max Wait" source="constant" updatable="true">604800</parameter>
                                    <parameter name="Task Name" source="constant" updatable="true">mt_LoadBDV_BDV_WT_To_BDV_SAT_LINK_SERVICING_CODES_delete</parameter>
                                    <parameter name="GUID" source="constant" updatable="true">7ona0GXsB3XjIVDERhZa2E</parameter>
                                    <parameter name="Task Type" source="constant" updatable="true">MCT</parameter>
                                    <parameter name="Has Inout Parameters" source="constant" updatable="true">true</parameter>
                                    <parameter name="taskField" source="nested">
                                       <operation source="field"
                                                  to="mt-LoadBDV-BDV-WT-To-BDV-SAT-LINK-SERVICING-CODES-delete">temp.dt_LoadBDV_BDV_WT_To_BDV_SAT_LINK_SERVICING_CODES_delete</operation>
                                       <operation source="field"
                                                  to="mt-LoadBDV-BDV-WT-To-BDV-SAT-LINK-SERVICING-CODES-delete/input[1]/i_DATA_START_DATE">temp.temp_dataStartDate</operation>
                                       <operation source="field"
                                                  to="mt-LoadBDV-BDV-WT-To-BDV-SAT-LINK-SERVICING-CODES-delete/inout[1]/io_tf_Audit_ID">temp.temp_tf_Audit_ID</operation>
                                       <operation source="field"
                                                  to="temp.dt_LoadBDV_BDV_WT_To_BDV_SAT_LINK_SERVICING_CODES_delete[1]/input[1]/i_DATA_START_DATE">temp.temp_dataStartDate</operation>
                                    </parameter>
                                 </serviceInput>
                                 <serviceOutput>
                                    <operation source="field"
                                               to="temp.dt_LoadBDV_BDV_WT_To_BDV_SAT_LINK_SERVICING_CODES_delete/output/Object_Name">Object Name</operation>
                                    <operation source="field"
                                               to="temp.dt_LoadBDV_BDV_WT_To_BDV_SAT_LINK_SERVICING_CODES_delete/output/Run_Id">Run Id</operation>
                                    <operation source="field"
                                               to="temp.dt_LoadBDV_BDV_WT_To_BDV_SAT_LINK_SERVICING_CODES_delete/output/Log_Id">Log Id</operation>
                                    <operation source="field"
                                               to="temp.dt_LoadBDV_BDV_WT_To_BDV_SAT_LINK_SERVICING_CODES_delete/output/Task_Id">Task Id</operation>
                                    <operation source="field"
                                               to="temp.dt_LoadBDV_BDV_WT_To_BDV_SAT_LINK_SERVICING_CODES_delete/output/Task_Status">Task Status</operation>
                                    <operation source="field"
                                               to="temp.dt_LoadBDV_BDV_WT_To_BDV_SAT_LINK_SERVICING_CODES_delete/output/Success_Source_Rows">Success Source Rows</operation>
                                    <operation source="field"
                                               to="temp.dt_LoadBDV_BDV_WT_To_BDV_SAT_LINK_SERVICING_CODES_delete/output/Failed_Source_Rows">Failed Source Rows</operation>
                                    <operation source="field"
                                               to="temp.dt_LoadBDV_BDV_WT_To_BDV_SAT_LINK_SERVICING_CODES_delete/output/Success_Target_Rows">Success Target Rows</operation>
                                    <operation source="field"
                                               to="temp.dt_LoadBDV_BDV_WT_To_BDV_SAT_LINK_SERVICING_CODES_delete/output/Failed_Target_Rows">Failed Target Rows</operation>
                                    <operation source="field"
                                               to="temp.dt_LoadBDV_BDV_WT_To_BDV_SAT_LINK_SERVICING_CODES_delete/output/Start_Time">Start Time</operation>
                                    <operation source="field"
                                               to="temp.dt_LoadBDV_BDV_WT_To_BDV_SAT_LINK_SERVICING_CODES_delete/output/End_Time">End Time</operation>
                                    <operation source="field"
                                               to="temp.dt_LoadBDV_BDV_WT_To_BDV_SAT_LINK_SERVICING_CODES_delete/output/Error_Message">Error Message</operation>
                                    <operation source="field"
                                               to="temp.dt_LoadBDV_BDV_WT_To_BDV_SAT_LINK_SERVICING_CODES_delete/output/TotalTransErrors">Total Transformation Errors</operation>
                                    <operation source="field"
                                               to="temp.dt_LoadBDV_BDV_WT_To_BDV_SAT_LINK_SERVICING_CODES_delete/output/FirstErrorCode">First Error Code</operation>
                                    <operation source="field"
                                               to="temp.dt_LoadBDV_BDV_WT_To_BDV_SAT_LINK_SERVICING_CODES_delete/inout/io_tf_Audit_ID">io_tf_Audit_ID</operation>
                                 </serviceOutput>
                              </service>
                              <events>
                                 <catch faultField="temp.dt_LoadBDV_BDV_WT_To_BDV_SAT_LINK_SERVICING_CODES_delete/fault"
                                        id="kw0yxjf8"
                                        interrupting="true"
                                        name="error">
                                    <suspend/>
                                 </catch>
                                 <catch faultField="temp.dt_LoadBDV_BDV_WT_To_BDV_SAT_LINK_SERVICING_CODES_delete/fault"
                                        id="kw0yxjf9"
                                        interrupting="true"
                                        name="warning"/>
                              </events>
                           </eventContainer>
                           <link id="kw0yxjc0" targetId="kw0yxj6z" type="containerLink"/>
                        </flow>
                        <link id="kw0yxj72" targetId="kw0yxj73" type="containerLink"/>
                        <link id="kw0yxj75" targetId="kw0yxj76" type="containerLink"/>
                        <link id="kw0yxjby" targetId="kw0yxjbz" type="containerLink"/>
                        <link id="kw0yxj71" targetId="kghfr6r4"/>
                     </container>
                     <link id="kghexgn1" targetId="kghexgmw" type="containerLink"/>
                  </flow>
                  <flow id="kghexgn3">
                     <throw id="kghexgnp">
                        <title>Throw_Error_StartJob</title>
                        <throwInput>
                           <parameter name="code" source="field" updatable="true">temp.mt_audit_startJob_NextDate[1]/inout[1]/io_Result</parameter>
                           <parameter name="detail" source="constant" updatable="true"/>
                           <parameter name="reason" source="constant" updatable="true"/>
                        </throwInput>
                     </throw>
                  </flow>
                  <link id="kghexgmz" targetId="kghexgn0" type="containerLink">
                     <condition source="formula">
                        <function name="contains">
                           <arg name="left">{$temp.dt_audit_startJob_NextDate[1]/inout[1]/io_Result}</arg>
                           <arg name="right">SUCCESS</arg>
                        </function>
                     </condition>
                  </link>
                  <link id="kghexgn2" targetId="kghexgn3" type="containerLink"/>
                  <link id="kghexgmy" targetId="c"/>
               </container>
               <end id="c"/>
            </flow>
            <dependencies>
               <processObject xmlns="http://schemas.active-endpoints.com/appmodules/screenflow/2011/06/avosHostEnvironment.xsd"
                              displayName="mt-audit-startJob-NextDate"
                              isByCopy="true"
                              name="mt-audit-startJob-NextDate">
                  <description/>
                  <tags/>
                  <detail>
                     <field label="Input Parameters"
                            name="input"
                            nullable="true"
                            required="false"
                            type="reference"/>
                     <field label="InOut Parameters"
                            name="inout"
                            nullable="true"
                            required="false"
                            type="reference"/>
                     <field label="TaskProperties Parameters"
                            name="taskProperties"
                            nullable="true"
                            required="false"
                            type="reference"/>
                     <field label="Output Parameters"
                            name="output"
                            nullable="true"
                            required="false"
                            type="reference"/>
                     <field label="Fault"
                            name="fault"
                            nullable="true"
                            required="false"
                            type="reference"/>
                  </detail>
               </processObject>
               <processObject xmlns="http://schemas.active-endpoints.com/appmodules/screenflow/2011/06/avosHostEnvironment.xsd"
                              displayName="mt-audit-EndJob"
                              isByCopy="true"
                              name="mt-audit-EndJob">
                  <description/>
                  <tags/>
                  <detail>
                     <field label="Input Parameters"
                            name="input"
                            nullable="true"
                            required="false"
                            type="reference"/>
                     <field label="InOut Parameters"
                            name="inout"
                            nullable="true"
                            required="false"
                            type="reference"/>
                     <field label="TaskProperties Parameters"
                            name="taskProperties"
                            nullable="true"
                            required="false"
                            type="reference"/>
                     <field label="Output Parameters"
                            name="output"
                            nullable="true"
                            required="false"
                            type="reference"/>
                     <field label="Fault"
                            name="fault"
                            nullable="true"
                            required="false"
                            type="reference"/>
                  </detail>
               </processObject>
               <processObject xmlns="http://schemas.active-endpoints.com/appmodules/screenflow/2011/06/avosHostEnvironment.xsd"
                              displayName="mt-LoadBDV-RDV-STEWARDSHIP-IAPW-To-WT-SERVICING-CODES"
                              isByCopy="true"
                              name="mt-LoadBDV-RDV-STEWARDSHIP-IAPW-To-WT-SERVICING-CODES">
                  <description/>
                  <tags/>
                  <detail>
                     <field label="Input Parameters"
                            name="input"
                            nullable="true"
                            required="false"
                            type="reference"/>
                     <field label="TaskProperties Parameters"
                            name="taskProperties"
                            nullable="true"
                            required="false"
                            type="reference"/>
                     <field label="Output Parameters"
                            name="output"
                            nullable="true"
                            required="false"
                            type="reference"/>
                     <field label="Fault"
                            name="fault"
                            nullable="true"
                            required="false"
                            type="reference"/>
                  </detail>
               </processObject>
               <processObject xmlns="http://schemas.active-endpoints.com/appmodules/screenflow/2011/06/avosHostEnvironment.xsd"
                              displayName="mt-LoadBDV-BDV-WT-To-BDV-SAT-LINK-SERVICING-CODES-insert"
                              isByCopy="true"
                              name="mt-LoadBDV-BDV-WT-To-BDV-SAT-LINK-SERVICING-CODES-insert">
                  <description/>
                  <tags/>
                  <detail>
                     <field label="Input Parameters"
                            name="input"
                            nullable="true"
                            required="false"
                            type="reference"/>
                     <field label="InOut Parameters"
                            name="inout"
                            nullable="true"
                            required="false"
                            type="reference"/>
                     <field label="TaskProperties Parameters"
                            name="taskProperties"
                            nullable="true"
                            required="false"
                            type="reference"/>
                     <field label="Output Parameters"
                            name="output"
                            nullable="true"
                            required="false"
                            type="reference"/>
                     <field label="Fault"
                            name="fault"
                            nullable="true"
                            required="false"
                            type="reference"/>
                  </detail>
               </processObject>
               <processObject xmlns="http://schemas.active-endpoints.com/appmodules/screenflow/2011/06/avosHostEnvironment.xsd"
                              displayName="mt-LoadBDV-BDV-WT-To-BDV-LINK-SERVICING-CODES"
                              isByCopy="true"
                              name="mt-LoadBDV-BDV-WT-To-BDV-LINK-SERVICING-CODES">
                  <description/>
                  <tags/>
                  <detail>
                     <field label="Input Parameters"
                            name="input"
                            nullable="true"
                            required="false"
                            type="reference"/>
                     <field label="InOut Parameters"
                            name="inout"
                            nullable="true"
                            required="false"
                            type="reference"/>
                     <field label="TaskProperties Parameters"
                            name="taskProperties"
                            nullable="true"
                            required="false"
                            type="reference"/>
                     <field label="Output Parameters"
                            name="output"
                            nullable="true"
                            required="false"
                            type="reference"/>
                     <field label="Fault"
                            name="fault"
                            nullable="true"
                            required="false"
                            type="reference"/>
                  </detail>
               </processObject>
               <processObject xmlns="http://schemas.active-endpoints.com/appmodules/screenflow/2011/06/avosHostEnvironment.xsd"
                              displayName="mt-LoadBDV-BDV-WT-To-BDV-SAT-LINK-SERVICING-CODES-delete"
                              isByCopy="true"
                              name="mt-LoadBDV-BDV-WT-To-BDV-SAT-LINK-SERVICING-CODES-delete">
                  <description/>
                  <tags/>
                  <detail>
                     <field label="Input Parameters"
                            name="input"
                            nullable="true"
                            required="false"
                            type="reference"/>
                     <field label="InOut Parameters"
                            name="inout"
                            nullable="true"
                            required="false"
                            type="reference"/>
                     <field label="TaskProperties Parameters"
                            name="taskProperties"
                            nullable="true"
                            required="false"
                            type="reference"/>
                     <field label="Output Parameters"
                            name="output"
                            nullable="true"
                            required="false"
                            type="reference"/>
                     <field label="Fault"
                            name="fault"
                            nullable="true"
                            required="false"
                            type="reference"/>
                  </detail>
               </processObject>
            </dependencies>
         </taskflow>
      </types1:Entry>
      <types1:GUID>7resqldnPWCiirxoFNEd6W</types1:GUID>
      <types1:DisplayName>tf_LoadBDV_40_STEWARDSHIP_SERVICING_CODES</types1:DisplayName>
   </types1:Item>
   <types1:CurrentServerDateTime>2023-03-08T18:46:29.483Z</types1:CurrentServerDateTime>
</aetgt:getResponse>
