<aetgt:getResponse xmlns:aetgt="http://schemas.active-endpoints.com/appmodules/repository/2010/10/avrepository.xsd"
                   xmlns:types1="http://schemas.active-endpoints.com/appmodules/repository/2010/10/avrepository.xsd">
   <types1:Item>
      <types1:EntryId>QP4tciSrZMSPfXB-gt-6908205-2022-05-31T18:11:57.683Z::tf.xml</types1:EntryId>
      <types1:Name>tf_LoadDM_61_IAPW_DM_STRATEGIC_Synchronization</types1:Name>
      <types1:MimeType>application/xml+taskflow</types1:MimeType>
      <types1:Description/>
      <types1:AppliesTo/>
      <types1:Tags/>
      <types1:VersionLabel>1.0</types1:VersionLabel>
      <types1:State>CURRENT</types1:State>
      <types1:ProcessGroup/>
      <types1:CreatedBy>iheb.benghali.adm@ia.ca.SAML</types1:CreatedBy>
      <types1:CreationDate>2022-05-31T18:11:58Z</types1:CreationDate>
      <types1:ModifiedBy/>
      <types1:PublicationStatus>out-of-date</types1:PublicationStatus>
      <types1:PublishedBy>iheb.benghali.adm@ia.ca.SAML</types1:PublishedBy>
      <types1:PublicationDate>2022-05-31T18:19:24Z</types1:PublicationDate>
      <types1:PublishedContributionId>project:/tf.tf_LoadDM_61_IAPW_DM_STRATEGIC_Synchronization/tf_LoadDM_61_IAPW_DM_STRATEGIC_Synchronization.tf.xml</types1:PublishedContributionId>
      <types1:AutosaveExists>false</types1:AutosaveExists>
      <types1:Entry>
         <taskflow xmlns="http://schemas.active-endpoints.com/appmodules/screenflow/2010/10/avosScreenflow.xsd"
                   xmlns:tfm="http://schemas.active-endpoints.com/appmodules/screenflow/2021/04/taskflowModel.xsd"
                   xmlns:list="urn:activevos:spi:list:functions"
                   displayName="tf_LoadDM_61_IAPW_DM_STRATEGIC_Synchronization"
                   name="tf_LoadDM_61_IAPW_DM_STRATEGIC_Synchronization"
                   overrideAPIName="false">
            <parameterSet xmlns="http://schemas.active-endpoints.com/appmodules/screenflow/2021/04/taskflowModel.xsd"/>
            <appliesTo/>
            <description/>
            <tags/>
            <generator>Informatica Process Designer 11</generator>
            <tempFields>
               <field description="" name="audit_startJob_NextDate" type="reference">
                  <options>
                     <option name="failOnNotRun">false</option>
                     <option name="failOnFault">false</option>
                     <option name="referenceTo">$po:mt-audit-startJob-NextDate</option>
                  </options>
               </field>
               <field description="" name="audit_endJob" type="reference">
                  <options>
                     <option name="referenceTo">$po:mt-Audit-EndJob</option>
                     <option name="failOnNotRun">false</option>
                     <option name="failOnFault">false</option>
                  </options>
               </field>
               <field description="" name="temp_JobName" type="string">
                  <options>
                     <option name="required">false</option>
                  </options>
               </field>
               <field description="" name="temp_tf_Audit_ID" type="string">
                  <options>
                     <option name="required">false</option>
                  </options>
               </field>
               <field description="" name="temp_dataStartDate" type="date">
                  <options>
                     <option name="required">false</option>
                  </options>
               </field>
            </tempFields>
            <notes/>
            <deployment suspendOnFault="true" tracingLevel="verbose">
               <rest/>
               <emailProperties emailOnSuspend="true">
                  <emailTo>Iheb.BenGhali@ia.ca,Anis.Hammami@ia.ca,Aazam.Khan@ia.ca,Jihed.Laamiri@ia.ca,Pradeep.Poptani@ia.ca,Sudarshan.Vinjamuri@ia.ca,Rachid.Fakhfakh@ia.ca</emailTo>
                  <emailCc/>
                  <emailSubject>Synchronization taskflow is suspended</emailSubject>
                  <emailContentType>html</emailContentType>
                  <emailBody>&lt;p&gt;Please check the error !&lt;/p&gt;</emailBody>
               </emailProperties>
            </deployment>
            <flow id="a">
               <start id="b">
                  <link id="km29pd2e" targetId="km29pd2d"/>
               </start>
               <assignment id="km29pd2d">
                  <title>asgn_StartJob_Parameters</title>
                  <operation source="formula" to="temp.temp_JobName">
                     <expression language="XQuery">fn:concat("'",util:getAssetName(),"'")</expression>
                  </operation>
                  <operation source="formula" to="temp.temp_tf_Audit_ID">
                     <expression language="XQuery">fn:concat("'",util:getAssetName(),"-", util:getProcessId(),"'")</expression>
                  </operation>
                  <operation source="constant"
                             to="temp.audit_startJob_NextDate[1]/inout[1]/io_Result">ERROR</operation>
                  <operation source="constant"
                             to="temp.audit_startJob_NextDate[1]/inout[1]/io_DataStartDate">01/01/2000 00:00:00.000000000</operation>
                  <link id="km29pd2f" targetId="km29pbb5"/>
               </assignment>
               <assignment id="kma0b1z2">
                  <title>asgn_DataStartDate</title>
                  <operation source="formula" to="temp.temp_dataStartDate">
                     <expression language="XQuery">fn:concat("'",date:toChar(date:toDate($temp.audit_startJob_NextDate[1]/inout[1]/io_DataStartDate  , 'MM/DD/YYYY 00:00:00.000000000'),'YYYY-MM-DD'),"'")</expression>
                  </operation>
                  <link id="kma0b1z4" targetId="km29pcjn"/>
               </assignment>
               <eventContainer id="km29pbb5">
                  <service id="km29pauo">
                     <title>audit_startJob_NextDate</title>
                     <serviceName>ICSExecuteDataTask</serviceName>
                     <serviceGUID/>
                     <serviceInput>
                        <parameter name="Wait for Task to Complete" source="constant" updatable="true">true</parameter>
                        <parameter name="Max Wait" source="constant" updatable="true">604800</parameter>
                        <parameter name="Task Name" source="constant" updatable="true">mt_audit_startJob_NextDate</parameter>
                        <parameter name="GUID" source="constant" updatable="true">l94SqRchbcrk52CqIaQQcZ</parameter>
                        <parameter name="Task Type" source="constant" updatable="true">MCT</parameter>
                        <parameter name="Has Inout Parameters" source="constant" updatable="true">true</parameter>
                        <parameter name="taskField" source="nested">
                           <operation source="field" to="mt-audit-startJob-NextDate">temp.audit_startJob_NextDate</operation>
                           <operation source="field" to="mt-audit-startJob-NextDate/inout[1]/io_auditID">temp.temp_tf_Audit_ID</operation>
                           <operation source="field" to="mt-audit-startJob-NextDate/inout[1]/io_jobName">temp.temp_JobName</operation>
                        </parameter>
                     </serviceInput>
                     <serviceOutput>
                        <operation source="field" to="temp.audit_startJob_NextDate/output/Object_Name">Object Name</operation>
                        <operation source="field" to="temp.audit_startJob_NextDate/output/Run_Id">Run Id</operation>
                        <operation source="field" to="temp.audit_startJob_NextDate/output/Log_Id">Log Id</operation>
                        <operation source="field" to="temp.audit_startJob_NextDate/output/Task_Id">Task Id</operation>
                        <operation source="field" to="temp.audit_startJob_NextDate/output/Task_Status">Task Status</operation>
                        <operation source="field"
                                   to="temp.audit_startJob_NextDate/output/Success_Source_Rows">Success Source Rows</operation>
                        <operation source="field"
                                   to="temp.audit_startJob_NextDate/output/Failed_Source_Rows">Failed Source Rows</operation>
                        <operation source="field"
                                   to="temp.audit_startJob_NextDate/output/Success_Target_Rows">Success Target Rows</operation>
                        <operation source="field"
                                   to="temp.audit_startJob_NextDate/output/Failed_Target_Rows">Failed Target Rows</operation>
                        <operation source="field" to="temp.audit_startJob_NextDate/output/Start_Time">Start Time</operation>
                        <operation source="field" to="temp.audit_startJob_NextDate/output/End_Time">End Time</operation>
                        <operation source="field" to="temp.audit_startJob_NextDate/output/Error_Message">Error Message</operation>
                        <operation source="field" to="temp.audit_startJob_NextDate/inout/io_jobName">io_jobName</operation>
                        <operation source="field" to="temp.audit_startJob_NextDate/inout/io_auditID">io_auditID</operation>
                        <operation source="field" to="temp.audit_startJob_NextDate/inout/io_Result">io_Result</operation>
                        <operation source="field" to="temp.audit_startJob_NextDate/inout/io_DataStartDate">io_DataStartDate</operation>
                     </serviceOutput>
                  </service>
                  <link id="kma0b1z3" targetId="kma0b1z2"/>
                  <events>
                     <catch faultField="temp.audit_startJob_NextDate/fault"
                            id="km29pbb3"
                            interrupting="true"
                            name="error">
                        <suspend/>
                     </catch>
                     <catch faultField="temp.audit_startJob_NextDate/fault"
                            id="km29pbb4"
                            interrupting="true"
                            name="warning"/>
                  </events>
               </eventContainer>
               <container id="km29pcjn" type="exclusive">
                  <title>dcn_StartJob_Result</title>
                  <flow id="km29pcjr">
                     <container id="km29pckh" type="parallel">
                        <title>Parallel 61 DM STRATEGIC Loading</title>
                        <flow id="km29pcki">
                           <subflow id="l3078yjh">
                              <title>tf_LoadDM_61_STRATEGIC_Accounts_Clients_Summary_RVP_Daily</title>
                              <subflowGUID>cON1RSWyVEkkbztQ4qIMuV</subflowGUID>
                              <subflowPath>tf_LoadDM_61_STRATEGIC_Accounts_Clients_Summary_RVP_Daily</subflowPath>
                              <runForEach>false</runForEach>
                              <input/>
                              <outputDef/>
                           </subflow>
                           <link id="km29pcl0" targetId="km29pckh" type="containerLink"/>
                        </flow>
                        <flow id="km29pckm">
                           <subflow id="l3078yjz">
                              <title>tf_LoadDM_61_STRATEGIC_Accounts_Clients_Summary_Daily</title>
                              <subflowGUID>13zM3kT5GHTlvM3p245aaq</subflowGUID>
                              <subflowPath>tf_LoadDM_61_STRATEGIC_Accounts_Clients_Summary_Daily</subflowPath>
                              <runForEach>false</runForEach>
                              <input/>
                              <outputDef/>
                           </subflow>
                           <link id="km29pcl2" targetId="km29pckh" type="containerLink"/>
                        </flow>
                        <flow id="km29pckq">
                           <subflow id="l3078ykh">
                              <title>tf_LoadDM_61_DM_STRATEGIC_Assest_Summary_ByProvince_RVP</title>
                              <subflowGUID>acm86k8m7HybOeFNTwG7S6</subflowGUID>
                              <subflowPath>tf_LoadDM_61_DM_STRATEGIC_Assest_Summary_ByProvince_RVP</subflowPath>
                              <runForEach>false</runForEach>
                              <input/>
                              <outputDef/>
                           </subflow>
                           <link id="km29pcl4" targetId="km29pckh" type="containerLink"/>
                        </flow>
                        <flow id="km29pcks">
                           <subflow id="l3078ykz">
                              <title>tf_LoadDM_61_DM_STRATEGIC_Assest_Summary_ByProduct_RVP</title>
                              <subflowGUID>cOmmJIzHZyBbcs2tGS25Aj</subflowGUID>
                              <subflowPath>tf_LoadDM_61_DM_STRATEGIC_Assest_Summary_ByProduct_RVP</subflowPath>
                              <runForEach>false</runForEach>
                              <input/>
                              <outputDef/>
                           </subflow>
                           <link id="km29pcl5" targetId="km29pckh" type="containerLink"/>
                        </flow>
                        <flow id="l1nng6sb">
                           <subflow id="l3078ylh">
                              <title>tf_LoadDM_61_DM_STRATEGIC_Assest_Summary_ByProduct</title>
                              <subflowGUID>i95SpjdZJMffjhurW8lBgj</subflowGUID>
                              <subflowPath>tf_LoadDM_61_DM_STRATEGIC_Assest_Summary_ByProduct</subflowPath>
                              <runForEach>false</runForEach>
                              <input/>
                              <outputDef/>
                           </subflow>
                           <link id="l1nng6sc" targetId="km29pckh" type="containerLink"/>
                        </flow>
                        <flow id="l3078ygq">
                           <subflow id="l3078ylz">
                              <title>tf_LoadDM_61_STRATEGIC_Assest_Summary_ByCommissionType_And_Product_RVP</title>
                              <subflowGUID>2zRJ0lR0Z8Tc610WygXmSd</subflowGUID>
                              <subflowPath>tf_LoadDM_61_STRATEGIC_Assest_Summary_ByCommissionType_And_Product_RVP</subflowPath>
                              <runForEach>false</runForEach>
                              <input/>
                              <outputDef/>
                           </subflow>
                           <link id="l3078ygr" targetId="km29pckh" type="containerLink"/>
                        </flow>
                        <flow id="l3078yh1">
                           <subflow id="l3078ymh">
                              <title>tf_LoadDM_61_DM_STRATEGIC_Assest_Summary_ByProvince</title>
                              <subflowGUID>k8Jxdi6KqsMlMIR6OlWBaQ</subflowGUID>
                              <subflowPath>tf_LoadDM_61_DM_STRATEGIC_Assest_Summary_ByProvince</subflowPath>
                              <runForEach>false</runForEach>
                              <input/>
                              <outputDef/>
                           </subflow>
                           <link id="l3078yh2" targetId="km29pckh" type="containerLink"/>
                        </flow>
                        <flow id="l3078yhd">
                           <subflow id="l3078ymz">
                              <title>tf_LoadDM_61_STRATEGIC_Assest_Summary_ByCommissionType_And_Product</title>
                              <subflowGUID>2kzgUg2xYeqlCe3yJku0IM</subflowGUID>
                              <subflowPath>tf_LoadDM_61_STRATEGIC_Assest_Summary_ByCommissionType_And_Product</subflowPath>
                              <runForEach>false</runForEach>
                              <input/>
                              <outputDef/>
                           </subflow>
                           <link id="l3078yhe" targetId="km29pckh" type="containerLink"/>
                        </flow>
                        <flow id="l3078yhq">
                           <subflow id="l3078ynh">
                              <title>tf_LoadDM_61_STRATEGIC_Assests_Summary_ByCommissionType_RVP_Daily</title>
                              <subflowGUID>84San0HpNSHcX5xIz3GxmW</subflowGUID>
                              <subflowPath>tf_LoadDM_61_STRATEGIC_Assests_Summary_ByCommissionType_RVP_Daily</subflowPath>
                              <runForEach>false</runForEach>
                              <input/>
                              <outputDef/>
                           </subflow>
                           <link id="l3078yhr" targetId="km29pckh" type="containerLink"/>
                        </flow>
                        <flow id="l3078yi4">
                           <subflow id="l3078ynz">
                              <title>tf_LoadDM_61_STRATEGIC_Assests_Summary_ByCommissionType_Daily</title>
                              <subflowGUID>1eJm92pi7jVlxG0F6Pes08</subflowGUID>
                              <subflowPath>tf_LoadDM_61_STRATEGIC_Assests_Summary_ByCommissionType_Daily</subflowPath>
                              <runForEach>false</runForEach>
                              <input/>
                              <outputDef/>
                           </subflow>
                           <link id="l3078yi5" targetId="km29pckh" type="containerLink"/>
                        </flow>
                        <flow id="l3078yij">
                           <subflow id="l3078yoh">
                              <title>tf_LoadDM_61_DM_STRATEGIC_Assest_Summary_ByAccountType_RVP</title>
                              <subflowGUID>25yAlxuUehtbNlpMlrigqa</subflowGUID>
                              <subflowPath>tf_LoadDM_61_DM_STRATEGIC_Assest_Summary_ByAccountType_RVP</subflowPath>
                              <runForEach>false</runForEach>
                              <input/>
                              <outputDef/>
                           </subflow>
                           <link id="l3078yik" targetId="km29pckh" type="containerLink"/>
                        </flow>
                        <flow id="l3078yiz">
                           <subflow id="l3078yoz">
                              <title>tf_LoadDM_61_DM_STRATEGIC_Assest_Summary_ByAccountType</title>
                              <subflowGUID>8Jh8MUX1BMIjsfiZRRJBiT</subflowGUID>
                              <subflowPath>tf_LoadDM_61_DM_STRATEGIC_Assest_Summary_ByAccountType</subflowPath>
                              <runForEach>false</runForEach>
                              <input/>
                              <outputDef/>
                           </subflow>
                           <link id="l3078yj0" targetId="km29pckh" type="containerLink"/>
                        </flow>
                        <link id="km29pcku" targetId="km29pcki" type="containerLink"/>
                        <link id="km29pckw" targetId="km29pckm" type="containerLink"/>
                        <link id="km29pcky" targetId="km29pckq" type="containerLink"/>
                        <link id="km29pckz" targetId="km29pcks" type="containerLink"/>
                        <link id="l1nng6sa" targetId="l1nng6sb" type="containerLink"/>
                        <link id="l3078ygp" targetId="l3078ygq" type="containerLink"/>
                        <link id="l3078yh0" targetId="l3078yh1" type="containerLink"/>
                        <link id="l3078yhc" targetId="l3078yhd" type="containerLink"/>
                        <link id="l3078yhp" targetId="l3078yhq" type="containerLink"/>
                        <link id="l3078yi3" targetId="l3078yi4" type="containerLink"/>
                        <link id="l3078yii" targetId="l3078yij" type="containerLink"/>
                        <link id="l3078yiy" targetId="l3078yiz" type="containerLink"/>
                        <link id="l3078ya7" targetId="km29pd71"/>
                     </container>
                     <eventContainer id="km29pd71">
                        <service id="km29pcs2">
                           <title>audit_endJob</title>
                           <serviceName>ICSExecuteDataTask</serviceName>
                           <serviceGUID/>
                           <serviceInput>
                              <parameter name="Wait for Task to Complete" source="constant" updatable="true">true</parameter>
                              <parameter name="Max Wait" source="constant" updatable="true">604800</parameter>
                              <parameter name="Task Name" source="constant" updatable="true">mt_Audit_EndJob</parameter>
                              <parameter name="GUID" source="constant" updatable="true">8JoAcOr3lgZhr1MjVy5bUd</parameter>
                              <parameter name="Task Type" source="constant" updatable="true">MCT</parameter>
                              <parameter name="Has Inout Parameters" source="constant" updatable="true">false</parameter>
                              <parameter name="taskField" source="nested">
                                 <operation source="field" to="mt-Audit-EndJob">temp.audit_endJob</operation>
                                 <operation source="field" to="mt-Audit-EndJob/inout[1]/io_jobAuditID">temp.temp_tf_Audit_ID</operation>
                                 <operation source="constant" to="mt-Audit-EndJob/inout[1]/io_jobEndDesc">Successful execution</operation>
                                 <operation source="constant" to="mt-Audit-EndJob/inout[1]/io_jobEndStatus">SUCCESS</operation>
                                 <operation source="field" to="mt-Audit-EndJob/inout[1]/io_jobName">temp.temp_JobName</operation>
                                 <operation source="field" to="mt-Audit-EndJob/inout[1]/io_jobStartDate">temp.temp_dataStartDate</operation>
                              </parameter>
                           </serviceInput>
                           <serviceOutput/>
                        </service>
                        <events>
                           <catch faultField="temp.audit_endJob/fault"
                                  id="km29pc12"
                                  interrupting="true"
                                  name="error">
                              <suspend/>
                           </catch>
                           <catch faultField="temp.audit_endJob/fault"
                                  id="km29pc13"
                                  interrupting="true"
                                  name="warning"/>
                        </events>
                     </eventContainer>
                     <link id="km29pcjs" targetId="km29pcjn" type="containerLink"/>
                  </flow>
                  <flow id="km29pcju">
                     <link id="knt9zf0i" targetId="km29pcjn" type="containerLink"/>
                  </flow>
                  <link id="km29pcjq" targetId="km29pcjr" type="containerLink">
                     <condition source="formula">
                        <function name="contains">
                           <arg name="left">{$temp.audit_startJob_NextDate[1]/inout[1]/io_Result}</arg>
                           <arg name="right">SUCCESS</arg>
                        </function>
                     </condition>
                  </link>
                  <link id="km29pcjt" targetId="km29pcju" type="containerLink"/>
                  <link id="km29pcs1" targetId="c"/>
               </container>
               <end id="c"/>
            </flow>
            <dependencies>
               <processObject xmlns="http://schemas.active-endpoints.com/appmodules/screenflow/2011/06/avosHostEnvironment.xsd"
                              displayName="mt-audit-startJob-NextDate"
                              isByCopy="true"
                              name="mt-audit-startJob-NextDate">
                  <description/>
                  <tags/>
                  <detail>
                     <field label="Input Parameters"
                            name="input"
                            nullable="true"
                            required="false"
                            type="reference"/>
                     <field label="InOut Parameters"
                            name="inout"
                            nullable="true"
                            required="false"
                            type="reference"/>
                     <field label="TaskProperties Parameters"
                            name="taskProperties"
                            nullable="true"
                            required="false"
                            type="reference"/>
                     <field label="Output Parameters"
                            name="output"
                            nullable="true"
                            required="false"
                            type="reference"/>
                     <field label="Fault"
                            name="fault"
                            nullable="true"
                            required="false"
                            type="reference"/>
                  </detail>
               </processObject>
               <processObject xmlns="http://schemas.active-endpoints.com/appmodules/screenflow/2011/06/avosHostEnvironment.xsd"
                              displayName="mt-Audit-EndJob"
                              isByCopy="true"
                              name="mt-Audit-EndJob">
                  <description/>
                  <tags/>
                  <detail>
                     <field label="Input Parameters"
                            name="input"
                            nullable="true"
                            required="false"
                            type="reference"/>
                     <field label="InOut Parameters"
                            name="inout"
                            nullable="true"
                            required="false"
                            type="reference"/>
                     <field label="TaskProperties Parameters"
                            name="taskProperties"
                            nullable="true"
                            required="false"
                            type="reference"/>
                     <field label="Output Parameters"
                            name="output"
                            nullable="true"
                            required="false"
                            type="reference"/>
                     <field label="Fault"
                            name="fault"
                            nullable="true"
                            required="false"
                            type="reference"/>
                  </detail>
               </processObject>
            </dependencies>
         </taskflow>
      </types1:Entry>
      <types1:GUID>gVUrWAygUwxifRN3b03y2A</types1:GUID>
      <types1:DisplayName>tf_LoadDM_61_IAPW_DM_STRATEGIC_Synchronization</types1:DisplayName>
   </types1:Item>
   <types1:CurrentServerDateTime>2023-03-08T18:58:57.036Z</types1:CurrentServerDateTime>
</aetgt:getResponse>
