<aetgt:getResponse xmlns:aetgt="http://schemas.active-endpoints.com/appmodules/repository/2010/10/avrepository.xsd"
                   xmlns:types1="http://schemas.active-endpoints.com/appmodules/repository/2010/10/avrepository.xsd">
   <types1:Item>
      <types1:EntryId>UzouQnG5YLnzYLn-gt-50083779-2021-09-08T15:13:22.751Z::tf.xml</types1:EntryId>
      <types1:Name>tf_LoadRDV_20-30_PSA_INVESTIA_to_RDV_SHARED_INVESTMENT_PRODUCT_TYPE</types1:Name>
      <types1:MimeType>application/xml+taskflow</types1:MimeType>
      <types1:Description/>
      <types1:AppliesTo/>
      <types1:Tags/>
      <types1:VersionLabel>1.0</types1:VersionLabel>
      <types1:State>CURRENT</types1:State>
      <types1:ProcessGroup/>
      <types1:CreatedBy>vinita.singh@ia.ca.SAML</types1:CreatedBy>
      <types1:CreationDate>2021-09-08T15:13:23Z</types1:CreationDate>
      <types1:ModifiedBy>aazam.khan@ia.ca</types1:ModifiedBy>
      <types1:ModificationDate>2021-09-22T19:18:27Z</types1:ModificationDate>
      <types1:PublicationStatus>published</types1:PublicationStatus>
      <types1:PublishedBy>jihed.laamiri@ia.ca</types1:PublishedBy>
      <types1:PublicationDate>2022-05-30T22:50:58Z</types1:PublicationDate>
      <types1:PublishedContributionId>project:/tf.tf_LoadRDV_20-30_PSA_INVESTIA_to_RDV_SHARED_INVESTMENT_PRODUCT_TYPE/tf_LoadRDV_20-30_PSA_INVESTIA_to_RDV_SHARED_INVESTMENT_PRODUCT_TYPE.tf.xml</types1:PublishedContributionId>
      <types1:AutosaveExists>false</types1:AutosaveExists>
      <types1:Entry>
         <taskflow xmlns="http://schemas.active-endpoints.com/appmodules/screenflow/2010/10/avosScreenflow.xsd"
                   xmlns:tfm="http://schemas.active-endpoints.com/appmodules/screenflow/2021/04/taskflowModel.xsd"
                   xmlns:list="urn:activevos:spi:list:functions"
                   displayName="tf_LoadRDV_20-30_PSA_INVESTIA_to_RDV_SHARED_INVESTMENT_PRODUCT_TYPE"
                   name="tf_LoadRDV_20-30_PSA_INVESTIA_to_RDV_SHARED_INVESTMENT_PRODUCT_TYPE"
                   overrideAPIName="false">
            <parameterSet xmlns="http://schemas.active-endpoints.com/appmodules/screenflow/2021/04/taskflowModel.xsd"/>
            <appliesTo/>
            <description/>
            <tags/>
            <generator>Informatica Process Designer 11</generator>
            <input>
               <parameter description="Name of the file to be loaded"
                          name="input_filename"
                          required="true"
                          type="string">
                  <options>
                     <option name="required">false</option>
                  </options>
               </parameter>
               <parameter description="Path of the file to be loaded"
                          name="input_filepath"
                          required="true"
                          type="string">
                  <options>
                     <option name="required">false</option>
                  </options>
               </parameter>
            </input>
            <tempFields>
               <field description="Filename of the file detected by the filelistener"
                      name="temp_filename"
                      type="string">
                  <options>
                     <option name="required">false</option>
                  </options>
               </field>
               <field description="Data start date : extracted from the filename"
                      name="temp_dataStartDate"
                      type="date">
                  <options>
                     <option name="required">false</option>
                  </options>
               </field>
               <field description="" name="dt_Audit_EndJob" type="reference">
                  <options>
                     <option name="referenceTo">$po:mt-Audit-EndJob</option>
                     <option name="failOnNotRun">false</option>
                     <option name="failOnFault">false</option>
                  </options>
               </field>
               <field description=""
                      name="dt_Load_STG_InvestmentProductType"
                      type="reference">
                  <options>
                     <option name="referenceTo">$po:mt-LoadSTG-PSA-INVESTIA-To-STG-INVESTMENT-PRODUCT-TYPE</option>
                     <option name="failOnNotRun">false</option>
                     <option name="failOnFault">false</option>
                  </options>
               </field>
               <field description="" name="temp_tf_Audit_ID" type="string">
                  <options>
                     <option name="required">false</option>
                  </options>
               </field>
               <field description="" name="temp_JobName" type="string">
                  <options>
                     <option name="required">false</option>
                  </options>
               </field>
               <field description="" name="dt_Audit_StartJob" type="reference">
                  <options>
                     <option name="failOnNotRun">false</option>
                     <option name="failOnFault">false</option>
                     <option name="referenceTo">$po:mt-Audit-StartJob-Product</option>
                  </options>
               </field>
               <field description="" name="dt_STG_count" type="reference">
                  <options>
                     <option name="failOnNotRun">false</option>
                     <option name="failOnFault">false</option>
                     <option name="referenceTo">$po:mt-STG-count</option>
                  </options>
               </field>
               <field description=""
                      name="dt_Load_HubInvestmentProductType"
                      type="reference">
                  <options>
                     <option name="referenceTo">$po:mt-LoadRDV-STG-INVESTIA-To-Shared-HubInvestmentProductType</option>
                     <option name="failOnNotRun">false</option>
                     <option name="failOnFault">false</option>
                  </options>
               </field>
               <field description=""
                      name="dt_Load_SatInvestmentProductType_Insert"
                      type="reference">
                  <options>
                     <option name="referenceTo">$po:mt-LoadRDV-STG-INVESTIA-To-Shared-SatInvestmentProductType-Insert</option>
                     <option name="failOnNotRun">false</option>
                     <option name="failOnFault">false</option>
                  </options>
               </field>
               <field description=""
                      name="dt_Load_SatInvestmentProductType_Delete"
                      type="reference">
                  <options>
                     <option name="referenceTo">$po:mt-LoadRDV-STG-INVESTIA-To-Shared-SatInvestmentProductType-Delete</option>
                     <option name="failOnNotRun">false</option>
                     <option name="failOnFault">false</option>
                  </options>
               </field>
            </tempFields>
            <notes/>
            <deployment suspendOnFault="false" tracingLevel="verbose">
               <rest/>
            </deployment>
            <flow id="a">
               <start id="b">
                  <link id="kggm4cjw" targetId="kfkit286"/>
               </start>
               <assignment id="kfkit286">
                  <title>asgn_Filename</title>
                  <operation source="field" to="temp.temp_filename">input.input_filename</operation>
                  <link id="kfkk0zpk" targetId="kfkk0zpj"/>
               </assignment>
               <container id="kfkk0zpj" type="exclusive">
                  <title>dcn_InvestmentProductTypeFile</title>
                  <flow id="kfkk0zpn">
                     <assignment id="kfkk0zqz">
                        <title>asgn_StartJob_Parameters</title>
                        <operation source="formula" to="temp.temp_dataStartDate">
                           <expression language="XQuery">fn:concat('''',fn:substring-before(fn:substring-after($temp.temp_filename , '__'), '.'),'''')</expression>
                        </operation>
                        <operation source="formula" to="temp.temp_tf_Audit_ID">
                           <expression language="XQuery">fn:concat("'",util:getAssetName(),"-", util:getProcessId(),"'")</expression>
                        </operation>
                        <operation source="formula" to="temp.temp_JobName">
                           <expression language="XQuery">fn:concat("'",util:getAssetName(),"'")</expression>
                        </operation>
                        <operation source="constant" to="temp.dt_Audit_StartJob[1]/inout[1]/io_Result">ERROR</operation>
                        <operation source="constant" to="temp.dt_STG_count[1]/inout[1]/io_rowCount">0</operation>
                        <link id="km6o3cht" targetId="km6o3cim"/>
                     </assignment>
                     <eventContainer id="km6o3cim">
                        <service id="km6o3chs">
                           <title>dt_Audit_StartJob</title>
                           <serviceName>ICSExecuteDataTask</serviceName>
                           <serviceGUID/>
                           <serviceInput>
                              <parameter name="Wait for Task to Complete" source="constant" updatable="true">true</parameter>
                              <parameter name="Max Wait" source="constant" updatable="true">604800</parameter>
                              <parameter name="Task Name" source="constant" updatable="true">mt_Audit_StartJob_Product</parameter>
                              <parameter name="GUID" source="constant" updatable="true">5FHVeQKVAO7cfbPEkdlwSu</parameter>
                              <parameter name="Task Type" source="constant" updatable="true">MCT</parameter>
                              <parameter name="Has Inout Parameters" source="constant" updatable="true">true</parameter>
                              <parameter name="taskField" source="nested">
                                 <operation source="field" to="mt-Audit-StartJob-Product">temp.dt_Audit_StartJob</operation>
                                 <operation source="field" to="mt-Audit-StartJob-Product/inout[1]/io_JOB_AUDIT_ID">temp.temp_tf_Audit_ID</operation>
                                 <operation source="field" to="mt-Audit-StartJob-Product/inout[1]/io_JOB_NAME">temp.temp_JobName</operation>
                                 <operation source="field" to="mt-Audit-StartJob-Product/inout[1]/io_JOB_START_DT">temp.temp_dataStartDate</operation>
                              </parameter>
                           </serviceInput>
                           <serviceOutput>
                              <operation source="field" to="temp.dt_Audit_StartJob/output/Object_Name">Object Name</operation>
                              <operation source="field" to="temp.dt_Audit_StartJob/output/Run_Id">Run Id</operation>
                              <operation source="field" to="temp.dt_Audit_StartJob/output/Log_Id">Log Id</operation>
                              <operation source="field" to="temp.dt_Audit_StartJob/output/Task_Id">Task Id</operation>
                              <operation source="field" to="temp.dt_Audit_StartJob/output/Task_Status">Task Status</operation>
                              <operation source="field" to="temp.dt_Audit_StartJob/output/Success_Source_Rows">Success Source Rows</operation>
                              <operation source="field" to="temp.dt_Audit_StartJob/output/Failed_Source_Rows">Failed Source Rows</operation>
                              <operation source="field" to="temp.dt_Audit_StartJob/output/Success_Target_Rows">Success Target Rows</operation>
                              <operation source="field" to="temp.dt_Audit_StartJob/output/Failed_Target_Rows">Failed Target Rows</operation>
                              <operation source="field" to="temp.dt_Audit_StartJob/output/Start_Time">Start Time</operation>
                              <operation source="field" to="temp.dt_Audit_StartJob/output/End_Time">End Time</operation>
                              <operation source="field" to="temp.dt_Audit_StartJob/output/Error_Message">Error Message</operation>
                              <operation source="field" to="temp.dt_Audit_StartJob/inout/io_Result">io_Result</operation>
                              <operation source="field" to="temp.dt_Audit_StartJob/inout/io_JOB_START_DT">io_JOB_START_DT</operation>
                              <operation source="field" to="temp.dt_Audit_StartJob/inout/io_JOB_NAME">io_JOB_NAME</operation>
                              <operation source="field" to="temp.dt_Audit_StartJob/inout/io_JOB_AUDIT_ID">io_JOB_AUDIT_ID</operation>
                           </serviceOutput>
                        </service>
                        <link id="km6o3chu" targetId="kfkk0zt0"/>
                        <events>
                           <catch faultField="temp.dt_Audit_StartJob/fault"
                                  id="km6o3cik"
                                  interrupting="true"
                                  name="error">
                              <suspend/>
                           </catch>
                           <catch faultField="temp.dt_Audit_StartJob/fault"
                                  id="km6o3cil"
                                  interrupting="true"
                                  name="warning"/>
                        </events>
                     </eventContainer>
                     <eventContainer id="kfkk101o">
                        <service id="kfkk100w">
                           <title>dt_Audit_EndJob</title>
                           <serviceName>ICSExecuteDataTask</serviceName>
                           <serviceGUID/>
                           <serviceInput>
                              <parameter name="Wait for Task to Complete" source="constant" updatable="true">true</parameter>
                              <parameter name="Max Wait" source="constant" updatable="true">604800</parameter>
                              <parameter name="Task Name" source="constant" updatable="true">mt_Audit_EndJob</parameter>
                              <parameter name="GUID" source="constant" updatable="true">0A6axUEqscAiGWolz1m5wJ</parameter>
                              <parameter name="Task Type" source="constant" updatable="true">MCT</parameter>
                              <parameter name="Has Inout Parameters" source="constant" updatable="true">true</parameter>
                              <parameter name="taskField" source="nested">
                                 <operation source="field" to="mt-Audit-EndJob">temp.dt_Audit_EndJob</operation>
                                 <operation source="field" to="mt-Audit-EndJob/inout[1]/io_jobAuditID">temp.temp_tf_Audit_ID</operation>
                                 <operation source="constant" to="mt-Audit-EndJob/inout[1]/io_jobEndDesc">Successful execution</operation>
                                 <operation source="constant" to="mt-Audit-EndJob/inout[1]/io_jobEndStatus">SUCCESS</operation>
                                 <operation source="field" to="mt-Audit-EndJob/inout[1]/io_jobName">temp.temp_JobName</operation>
                                 <operation source="field" to="mt-Audit-EndJob/inout[1]/io_jobStartDate">temp.temp_dataStartDate</operation>
                              </parameter>
                           </serviceInput>
                           <serviceOutput>
                              <operation source="field" to="temp.dt_Audit_EndJob/output/Object_Name">Object Name</operation>
                              <operation source="field" to="temp.dt_Audit_EndJob/output/Run_Id">Run Id</operation>
                              <operation source="field" to="temp.dt_Audit_EndJob/output/Log_Id">Log Id</operation>
                              <operation source="field" to="temp.dt_Audit_EndJob/output/Task_Id">Task Id</operation>
                              <operation source="field" to="temp.dt_Audit_EndJob/output/Task_Status">Task Status</operation>
                              <operation source="field" to="temp.dt_Audit_EndJob/output/Success_Source_Rows">Success Source Rows</operation>
                              <operation source="field" to="temp.dt_Audit_EndJob/output/Failed_Source_Rows">Failed Source Rows</operation>
                              <operation source="field" to="temp.dt_Audit_EndJob/output/Success_Target_Rows">Success Target Rows</operation>
                              <operation source="field" to="temp.dt_Audit_EndJob/output/Failed_Target_Rows">Failed Target Rows</operation>
                              <operation source="field" to="temp.dt_Audit_EndJob/output/Start_Time">Start Time</operation>
                              <operation source="field" to="temp.dt_Audit_EndJob/output/End_Time">End Time</operation>
                              <operation source="field" to="temp.dt_Audit_EndJob/output/Error_Message">Error Message</operation>
                              <operation source="field" to="temp.dt_Audit_EndJob/inout/io_Result">io_Result</operation>
                              <operation source="field" to="temp.dt_Audit_EndJob/inout/io_jobName">io_jobName</operation>
                              <operation source="field" to="temp.dt_Audit_EndJob/inout/io_jobAuditID">io_jobAuditID</operation>
                              <operation source="field" to="temp.dt_Audit_EndJob/inout/io_jobStartDate">io_jobStartDate</operation>
                              <operation source="field" to="temp.dt_Audit_EndJob/inout/io_jobEndStatus">io_jobEndStatus</operation>
                              <operation source="field" to="temp.dt_Audit_EndJob/inout/io_jobEndDesc">io_jobEndDesc</operation>
                           </serviceOutput>
                        </service>
                        <events>
                           <catch faultField="temp.dt_Audit_EndJob/fault"
                                  id="kfkk101m"
                                  interrupting="true"
                                  name="error">
                              <suspend/>
                           </catch>
                           <catch faultField="temp.dt_Audit_EndJob/fault"
                                  id="kfkk101n"
                                  interrupting="true"
                                  name="warning"/>
                        </events>
                     </eventContainer>
                     <container id="kfkk0zt0" type="exclusive">
                        <title>dcn_StartJob_Result</title>
                        <flow id="kfkk0zt3">
                           <eventContainer id="kgcs1bie">
                              <service id="kgcs1bhp">
                                 <title>dt_Load_STG_InvestmentProductType</title>
                                 <serviceName>ICSExecuteDataTask</serviceName>
                                 <serviceGUID/>
                                 <serviceInput>
                                    <parameter name="Wait for Task to Complete" source="constant" updatable="true">true</parameter>
                                    <parameter name="Max Wait" source="constant" updatable="true">604800</parameter>
                                    <parameter name="Task Name" source="constant" updatable="true">mt_LoadSTG_PSA_INVESTIA_To_STG_INVESTMENT_PRODUCT_TYPE</parameter>
                                    <parameter name="GUID" source="constant" updatable="true">50YVpUSbmQGlrhpRoYooss</parameter>
                                    <parameter name="Task Type" source="constant" updatable="true">MCT</parameter>
                                    <parameter name="Has Inout Parameters" source="constant" updatable="true">true</parameter>
                                    <parameter name="taskField" source="nested">
                                       <operation source="field"
                                                  to="mt-LoadSTG-PSA-INVESTIA-To-STG-INVESTMENT-PRODUCT-TYPE">temp.dt_Load_STG_InvestmentProductType</operation>
                                       <operation source="formula"
                                                  to="mt-LoadSTG-PSA-INVESTIA-To-STG-INVESTMENT-PRODUCT-TYPE/inout[1]/io_PATH">
                                          <expression language="XQuery">fn:replace($input.input_filepath  , fn:concat('/', $input.input_filename  ), '')</expression>
                                       </operation>
                                    </parameter>
                                 </serviceInput>
                                 <serviceOutput>
                                    <operation source="field"
                                               to="temp.dt_Load_STG_InvestmentProductType/output/Object_Name">Object Name</operation>
                                    <operation source="field"
                                               to="temp.dt_Load_STG_InvestmentProductType/output/Run_Id">Run Id</operation>
                                    <operation source="field"
                                               to="temp.dt_Load_STG_InvestmentProductType/output/Log_Id">Log Id</operation>
                                    <operation source="field"
                                               to="temp.dt_Load_STG_InvestmentProductType/output/Task_Id">Task Id</operation>
                                    <operation source="field"
                                               to="temp.dt_Load_STG_InvestmentProductType/output/Task_Status">Task Status</operation>
                                    <operation source="field"
                                               to="temp.dt_Load_STG_InvestmentProductType/output/Success_Source_Rows">Success Source Rows</operation>
                                    <operation source="field"
                                               to="temp.dt_Load_STG_InvestmentProductType/output/Failed_Source_Rows">Failed Source Rows</operation>
                                    <operation source="field"
                                               to="temp.dt_Load_STG_InvestmentProductType/output/Success_Target_Rows">Success Target Rows</operation>
                                    <operation source="field"
                                               to="temp.dt_Load_STG_InvestmentProductType/output/Failed_Target_Rows">Failed Target Rows</operation>
                                    <operation source="field"
                                               to="temp.dt_Load_STG_InvestmentProductType/output/Start_Time">Start Time</operation>
                                    <operation source="field"
                                               to="temp.dt_Load_STG_InvestmentProductType/output/End_Time">End Time</operation>
                                    <operation source="field"
                                               to="temp.dt_Load_STG_InvestmentProductType/output/Error_Message">Error Message</operation>
                                    <operation source="field"
                                               to="temp.dt_Load_STG_InvestmentProductType/inout/io_PATH">io_PATH</operation>
                                 </serviceOutput>
                              </service>
                              <link id="knqphx97" targetId="knqphxb1"/>
                              <events>
                                 <catch faultField="temp.dt_Load_STG_InvestmentProductType/fault"
                                        id="kgcs1bic"
                                        interrupting="true"
                                        name="error">
                                    <suspend/>
                                 </catch>
                                 <catch faultField="temp.dt_Load_STG_InvestmentProductType/fault"
                                        id="kgcs1bid"
                                        interrupting="true"
                                        name="warning"/>
                              </events>
                           </eventContainer>
                           <eventContainer id="knqphxb1">
                              <service id="knqphx96">
                                 <title>dt_STG_count</title>
                                 <serviceName>ICSExecuteDataTask</serviceName>
                                 <serviceGUID/>
                                 <serviceInput>
                                    <parameter name="Wait for Task to Complete" source="constant" updatable="true">true</parameter>
                                    <parameter name="Max Wait" source="constant" updatable="true">604800</parameter>
                                    <parameter name="Task Name" source="constant" updatable="true">mt_STG_count</parameter>
                                    <parameter name="GUID" source="constant" updatable="true">3DVr2wndIDxkddh6uuHaWf</parameter>
                                    <parameter name="Task Type" source="constant" updatable="true">MCT</parameter>
                                    <parameter name="Has Inout Parameters" source="constant" updatable="true">true</parameter>
                                    <parameter name="taskField" source="nested">
                                       <operation source="field" to="mt-STG-count">temp.dt_STG_count</operation>
                                       <operation source="field" to="mt-STG-count/input[1]/i_Job_name">temp.temp_JobName</operation>
                                       <operation source="field" to="mt-STG-count/input[1]/i_job_start_date">temp.temp_dataStartDate</operation>
                                       <operation source="field" to="temp.dt_STG_count[1]/input[1]/i_Job_name">temp.temp_JobName</operation>
                                       <operation source="field" to="temp.dt_STG_count[1]/input[1]/i_job_start_date">temp.temp_dataStartDate</operation>
                                    </parameter>
                                 </serviceInput>
                                 <serviceOutput>
                                    <operation source="field" to="temp.dt_STG_count/output/Object_Name">Object Name</operation>
                                    <operation source="field" to="temp.dt_STG_count/output/Run_Id">Run Id</operation>
                                    <operation source="field" to="temp.dt_STG_count/output/Log_Id">Log Id</operation>
                                    <operation source="field" to="temp.dt_STG_count/output/Task_Id">Task Id</operation>
                                    <operation source="field" to="temp.dt_STG_count/output/Task_Status">Task Status</operation>
                                    <operation source="field" to="temp.dt_STG_count/output/Success_Source_Rows">Success Source Rows</operation>
                                    <operation source="field" to="temp.dt_STG_count/output/Failed_Source_Rows">Failed Source Rows</operation>
                                    <operation source="field" to="temp.dt_STG_count/output/Success_Target_Rows">Success Target Rows</operation>
                                    <operation source="field" to="temp.dt_STG_count/output/Failed_Target_Rows">Failed Target Rows</operation>
                                    <operation source="field" to="temp.dt_STG_count/output/Start_Time">Start Time</operation>
                                    <operation source="field" to="temp.dt_STG_count/output/End_Time">End Time</operation>
                                    <operation source="field" to="temp.dt_STG_count/output/Error_Message">Error Message</operation>
                                    <operation source="field" to="temp.dt_STG_count/inout/io_rowCount">io_rowCount</operation>
                                 </serviceOutput>
                              </service>
                              <link id="knqphx9j" targetId="knqphx9i"/>
                              <events>
                                 <catch faultField="temp.dt_STG_count/fault"
                                        id="knqphxaz"
                                        interrupting="true"
                                        name="error">
                                    <suspend/>
                                 </catch>
                                 <catch faultField="temp.dt_STG_count/fault"
                                        id="knqphxb0"
                                        interrupting="true"
                                        name="warning"/>
                              </events>
                           </eventContainer>
                           <container id="knqphx9i" type="exclusive">
                              <title>dcn_row_count</title>
                              <flow id="knqphx9m">
                                 <container id="knqphxa0" type="parallel">
                                    <title>Parallel_LoadRdv</title>
                                    <flow id="knqphxa1">
                                       <eventContainer id="knqphxa2">
                                          <service id="knqphxa3">
                                             <title>dt_Load_HubInvestmentProductType</title>
                                             <serviceName>ICSExecuteDataTask</serviceName>
                                             <serviceGUID/>
                                             <serviceInput>
                                                <parameter name="Wait for Task to Complete" source="constant" updatable="true">true</parameter>
                                                <parameter name="Max Wait" source="constant" updatable="true">604800</parameter>
                                                <parameter name="Task Name" source="constant" updatable="true">mt_LoadRDV_STG_INVESTIA_To_Shared_HubInvestmentProductType</parameter>
                                                <parameter name="GUID" source="constant" updatable="true">5NpfgauKHnCeoAlGwNVIGR</parameter>
                                                <parameter name="Task Type" source="constant" updatable="true">MCT</parameter>
                                                <parameter name="Has Inout Parameters" source="constant" updatable="true">true</parameter>
                                                <parameter name="taskField" source="nested">
                                                   <operation source="field"
                                                              to="mt-LoadRDV-STG-INVESTIA-To-Shared-HubInvestmentProductType">temp.dt_Load_HubInvestmentProductType</operation>
                                                   <operation source="field"
                                                              to="mt-LoadRDV-STG-INVESTIA-To-Shared-HubInvestmentProductType/inout[1]/io_tf_Audit_ID">temp.temp_tf_Audit_ID</operation>
                                                </parameter>
                                             </serviceInput>
                                             <serviceOutput>
                                                <operation source="field"
                                                           to="temp.dt_Load_HubInvestmentProductType/output/Object_Name">Object Name</operation>
                                                <operation source="field" to="temp.dt_Load_HubInvestmentProductType/output/Run_Id">Run Id</operation>
                                                <operation source="field" to="temp.dt_Load_HubInvestmentProductType/output/Log_Id">Log Id</operation>
                                                <operation source="field"
                                                           to="temp.dt_Load_HubInvestmentProductType/output/Task_Id">Task Id</operation>
                                                <operation source="field"
                                                           to="temp.dt_Load_HubInvestmentProductType/output/Task_Status">Task Status</operation>
                                                <operation source="field"
                                                           to="temp.dt_Load_HubInvestmentProductType/output/Success_Source_Rows">Success Source Rows</operation>
                                                <operation source="field"
                                                           to="temp.dt_Load_HubInvestmentProductType/output/Failed_Source_Rows">Failed Source Rows</operation>
                                                <operation source="field"
                                                           to="temp.dt_Load_HubInvestmentProductType/output/Success_Target_Rows">Success Target Rows</operation>
                                                <operation source="field"
                                                           to="temp.dt_Load_HubInvestmentProductType/output/Failed_Target_Rows">Failed Target Rows</operation>
                                                <operation source="field"
                                                           to="temp.dt_Load_HubInvestmentProductType/output/Start_Time">Start Time</operation>
                                                <operation source="field"
                                                           to="temp.dt_Load_HubInvestmentProductType/output/End_Time">End Time</operation>
                                                <operation source="field"
                                                           to="temp.dt_Load_HubInvestmentProductType/output/Error_Message">Error Message</operation>
                                                <operation source="field"
                                                           to="temp.dt_Load_HubInvestmentProductType/inout/io_tf_Audit_ID">io_tf_Audit_ID</operation>
                                             </serviceOutput>
                                          </service>
                                          <events>
                                             <catch faultField="temp.dt_Load_HubInvestmentProductType/fault"
                                                    id="kfkk0zw3"
                                                    interrupting="true"
                                                    name="error">
                                                <suspend/>
                                             </catch>
                                             <catch faultField="temp.dt_Load_HubInvestmentProductType/fault"
                                                    id="kfkk0zw4"
                                                    interrupting="true"
                                                    name="warning"/>
                                          </events>
                                       </eventContainer>
                                       <link id="knqphxad" targetId="knqphxa0" type="containerLink"/>
                                    </flow>
                                    <flow id="knqphxa4">
                                       <eventContainer id="knqphxa5">
                                          <service id="knqphxa6">
                                             <title>dt_Load_SatInvestmentProductType_Insert</title>
                                             <serviceName>ICSExecuteDataTask</serviceName>
                                             <serviceGUID/>
                                             <serviceInput>
                                                <parameter name="Wait for Task to Complete" source="constant" updatable="true">true</parameter>
                                                <parameter name="Max Wait" source="constant" updatable="true">604800</parameter>
                                                <parameter name="Task Name" source="constant" updatable="true">mt_LoadRDV_STG_INVESTIA_To_Shared_SatInvestmentProductType_Insert</parameter>
                                                <parameter name="GUID" source="constant" updatable="true">9HxyK9todbwizxffbwAGMO</parameter>
                                                <parameter name="Task Type" source="constant" updatable="true">MCT</parameter>
                                                <parameter name="Has Inout Parameters" source="constant" updatable="true">false</parameter>
                                                <parameter name="taskField" source="nested">
                                                   <operation source="field"
                                                              to="mt-LoadRDV-STG-INVESTIA-To-Shared-SatInvestmentProductType-Insert">temp.dt_Load_SatInvestmentProductType_Insert</operation>
                                                   <operation source="field"
                                                              to="mt-LoadRDV-STG-INVESTIA-To-Shared-SatInvestmentProductType-Insert/inout[1]/io_tf_Audit_ID">temp.temp_tf_Audit_ID</operation>
                                                </parameter>
                                             </serviceInput>
                                             <serviceOutput/>
                                          </service>
                                          <events>
                                             <catch faultField="temp.dt_Load_SatInvestmentProductType_Insert/fault"
                                                    id="kfkk0zxg"
                                                    interrupting="true"
                                                    name="error">
                                                <suspend/>
                                             </catch>
                                             <catch faultField="temp.dt_Load_SatInvestmentProductType_Insert/fault"
                                                    id="kfkk0zxh"
                                                    interrupting="true"
                                                    name="warning"/>
                                          </events>
                                       </eventContainer>
                                       <link id="knqphxae" targetId="knqphxa0" type="containerLink"/>
                                    </flow>
                                    <flow id="knqphxa7">
                                       <eventContainer id="knqphxa8">
                                          <service id="knqphxa9">
                                             <title>dt_Load_SatInvestmentProductType_Delete</title>
                                             <serviceName>ICSExecuteDataTask</serviceName>
                                             <serviceGUID/>
                                             <serviceInput>
                                                <parameter name="Wait for Task to Complete" source="constant" updatable="true">true</parameter>
                                                <parameter name="Max Wait" source="constant" updatable="true">604800</parameter>
                                                <parameter name="Task Name" source="constant" updatable="true">mt_LoadRDV_STG_INVESTIA_To_Shared_SatInvestmentProductType_Delete</parameter>
                                                <parameter name="GUID" source="constant" updatable="true">d0U5Ui4vCqxiTERtKbRmoa</parameter>
                                                <parameter name="Task Type" source="constant" updatable="true">MCT</parameter>
                                                <parameter name="Has Inout Parameters" source="constant" updatable="true">true</parameter>
                                                <parameter name="taskField" source="nested">
                                                   <operation source="field"
                                                              to="mt-LoadRDV-STG-INVESTIA-To-Shared-SatInvestmentProductType-Delete">temp.dt_Load_SatInvestmentProductType_Delete</operation>
                                                   <operation source="field"
                                                              to="mt-LoadRDV-STG-INVESTIA-To-Shared-SatInvestmentProductType-Delete/inout[1]/io_tf_Audit_ID">temp.temp_tf_Audit_ID</operation>
                                                   <operation source="field"
                                                              to="mt-LoadRDV-STG-INVESTIA-To-Shared-SatInvestmentProductType-Delete/input[1]/i_DATA_START_DATE">temp.temp_dataStartDate</operation>
                                                   <operation source="field"
                                                              to="temp.dt_Load_SatInvestmentProductType_Delete[1]/input[1]/i_DATA_START_DATE">temp.temp_dataStartDate</operation>
                                                </parameter>
                                             </serviceInput>
                                             <serviceOutput>
                                                <operation source="field"
                                                           to="temp.dt_Load_SatInvestmentProductType_Delete/output/Object_Name">Object Name</operation>
                                                <operation source="field"
                                                           to="temp.dt_Load_SatInvestmentProductType_Delete/output/Run_Id">Run Id</operation>
                                                <operation source="field"
                                                           to="temp.dt_Load_SatInvestmentProductType_Delete/output/Log_Id">Log Id</operation>
                                                <operation source="field"
                                                           to="temp.dt_Load_SatInvestmentProductType_Delete/output/Task_Id">Task Id</operation>
                                                <operation source="field"
                                                           to="temp.dt_Load_SatInvestmentProductType_Delete/output/Task_Status">Task Status</operation>
                                                <operation source="field"
                                                           to="temp.dt_Load_SatInvestmentProductType_Delete/output/Success_Source_Rows">Success Source Rows</operation>
                                                <operation source="field"
                                                           to="temp.dt_Load_SatInvestmentProductType_Delete/output/Failed_Source_Rows">Failed Source Rows</operation>
                                                <operation source="field"
                                                           to="temp.dt_Load_SatInvestmentProductType_Delete/output/Success_Target_Rows">Success Target Rows</operation>
                                                <operation source="field"
                                                           to="temp.dt_Load_SatInvestmentProductType_Delete/output/Failed_Target_Rows">Failed Target Rows</operation>
                                                <operation source="field"
                                                           to="temp.dt_Load_SatInvestmentProductType_Delete/output/Start_Time">Start Time</operation>
                                                <operation source="field"
                                                           to="temp.dt_Load_SatInvestmentProductType_Delete/output/End_Time">End Time</operation>
                                                <operation source="field"
                                                           to="temp.dt_Load_SatInvestmentProductType_Delete/output/Error_Message">Error Message</operation>
                                                <operation source="field"
                                                           to="temp.dt_Load_SatInvestmentProductType_Delete/inout/io_tf_Audit_ID">io_tf_Audit_ID</operation>
                                             </serviceOutput>
                                          </service>
                                          <events>
                                             <catch faultField="temp.dt_Load_SatInvestmentProductType_Delete/fault"
                                                    id="kfkk0zyq"
                                                    interrupting="true"
                                                    name="error">
                                                <suspend/>
                                             </catch>
                                             <catch faultField="temp.dt_Load_SatInvestmentProductType_Delete/fault"
                                                    id="kfkk0zyr"
                                                    interrupting="true"
                                                    name="warning"/>
                                          </events>
                                       </eventContainer>
                                       <link id="knqphxaf" targetId="knqphxa0" type="containerLink"/>
                                    </flow>
                                    <link id="knqphxaa" targetId="knqphxa1" type="containerLink"/>
                                    <link id="knqphxab" targetId="knqphxa4" type="containerLink"/>
                                    <link id="knqphxac" targetId="knqphxa7" type="containerLink"/>
                                 </container>
                                 <link id="knqphx9n" targetId="knqphx9i" type="containerLink"/>
                              </flow>
                              <flow id="knqphx9p">
                                 <link id="knqphx9q" targetId="knqphx9i" type="containerLink"/>
                              </flow>
                              <link id="knqphx9l" targetId="knqphx9m" type="containerLink">
                                 <condition source="formula">
                                    <function name="greater-than">
                                       <arg name="left">{$temp.dt_STG_count[1]/inout[1]/io_rowCount}</arg>
                                       <arg name="right">{0}</arg>
                                    </function>
                                 </condition>
                              </link>
                              <link id="knqphx9o" targetId="knqphx9p" type="containerLink"/>
                           </container>
                           <link id="kfkk0zt4" targetId="kfkk0zt0" type="containerLink"/>
                        </flow>
                        <flow id="kfkk0zt6">
                           <throw id="kfkk0zu3">
                              <title>Throw_Error_StartJob</title>
                              <throwInput>
                                 <parameter name="code" source="field" updatable="true">temp.mt_Audit_StartJob[1]/inout[1]/io_Result</parameter>
                                 <parameter name="detail" source="constant" updatable="true"/>
                                 <parameter name="reason" source="constant" updatable="true"/>
                              </throwInput>
                           </throw>
                        </flow>
                        <link id="kfkk0zt2" targetId="kfkk0zt3" type="containerLink">
                           <condition source="formula">
                              <function name="contains">
                                 <arg name="left">{$temp.dt_Audit_StartJob[1]/inout[1]/io_Result}</arg>
                                 <arg name="right">SUCCESS</arg>
                              </function>
                           </condition>
                        </link>
                        <link id="kfkk0zt5" targetId="kfkk0zt6" type="containerLink"/>
                        <link id="kfkk100x" targetId="kfkk101o"/>
                     </container>
                     <link id="kfkk0zpo" targetId="kfkk0zpj" type="containerLink"/>
                  </flow>
                  <flow id="kfkk0zpq">
                     <link id="kfkk0zpr" targetId="kfkk0zpj" type="containerLink"/>
                  </flow>
                  <link id="kfkk0zpm" targetId="kfkk0zpn" type="containerLink">
                     <condition source="formula">
                        <function name="contains">
                           <arg name="left">{$temp.temp_filename}</arg>
                           <arg name="right">MARKETPRODUCTS__</arg>
                        </function>
                     </condition>
                  </link>
                  <link id="kfkk0zpp" targetId="kfkk0zpq" type="containerLink"/>
                  <link id="kfkk0zve" targetId="c"/>
               </container>
               <end id="c"/>
            </flow>
            <dependencies>
               <processObject xmlns="http://schemas.active-endpoints.com/appmodules/screenflow/2011/06/avosHostEnvironment.xsd"
                              displayName="mt-Audit-EndJob"
                              isByCopy="true"
                              name="mt-Audit-EndJob">
                  <description/>
                  <tags/>
                  <detail>
                     <field label="Input Parameters" name="input" type="reference"/>
                     <field label="InOut Parameters" name="inout" type="reference"/>
                     <field label="TaskProperties Parameters"
                            name="taskProperties"
                            type="reference"/>
                     <field label="Output Parameters" name="output" type="reference"/>
                     <field label="Fault" name="fault" type="reference"/>
                  </detail>
               </processObject>
               <processObject xmlns="http://schemas.active-endpoints.com/appmodules/screenflow/2011/06/avosHostEnvironment.xsd"
                              displayName="mt-LoadSTG-PSA-INVESTIA-To-STG-INVESTMENT-PRODUCT-TYPE"
                              isByCopy="true"
                              name="mt-LoadSTG-PSA-INVESTIA-To-STG-INVESTMENT-PRODUCT-TYPE">
                  <description/>
                  <tags/>
                  <detail>
                     <field label="InOut Parameters" name="inout" type="reference"/>
                     <field label="TaskProperties Parameters"
                            name="taskProperties"
                            type="reference"/>
                     <field label="Output Parameters" name="output" type="reference"/>
                     <field label="Fault" name="fault" type="reference"/>
                  </detail>
               </processObject>
               <processObject xmlns="http://schemas.active-endpoints.com/appmodules/screenflow/2011/06/avosHostEnvironment.xsd"
                              displayName="mt-Audit-StartJob-Product"
                              isByCopy="true"
                              name="mt-Audit-StartJob-Product">
                  <description/>
                  <tags/>
                  <detail>
                     <field label="Input Parameters" name="input" type="reference"/>
                     <field label="InOut Parameters" name="inout" type="reference"/>
                     <field label="TaskProperties Parameters"
                            name="taskProperties"
                            type="reference"/>
                     <field label="Output Parameters" name="output" type="reference"/>
                     <field label="Fault" name="fault" type="reference"/>
                  </detail>
               </processObject>
               <processObject xmlns="http://schemas.active-endpoints.com/appmodules/screenflow/2011/06/avosHostEnvironment.xsd"
                              displayName="mt-STG-count"
                              isByCopy="true"
                              name="mt-STG-count">
                  <description/>
                  <tags/>
                  <detail>
                     <field label="Input Parameters" name="input" type="reference"/>
                     <field label="InOut Parameters" name="inout" type="reference"/>
                     <field label="TaskProperties Parameters"
                            name="taskProperties"
                            type="reference"/>
                     <field label="Output Parameters" name="output" type="reference"/>
                     <field label="Fault" name="fault" type="reference"/>
                  </detail>
               </processObject>
               <processObject xmlns="http://schemas.active-endpoints.com/appmodules/screenflow/2011/06/avosHostEnvironment.xsd"
                              displayName="mt-LoadRDV-STG-INVESTIA-To-Shared-HubInvestmentProductType"
                              isByCopy="true"
                              name="mt-LoadRDV-STG-INVESTIA-To-Shared-HubInvestmentProductType">
                  <description/>
                  <tags/>
                  <detail>
                     <field label="Input Parameters" name="input" type="reference"/>
                     <field label="InOut Parameters" name="inout" type="reference"/>
                     <field label="TaskProperties Parameters"
                            name="taskProperties"
                            type="reference"/>
                     <field label="Output Parameters" name="output" type="reference"/>
                     <field label="Fault" name="fault" type="reference"/>
                  </detail>
               </processObject>
               <processObject xmlns="http://schemas.active-endpoints.com/appmodules/screenflow/2011/06/avosHostEnvironment.xsd"
                              displayName="mt-LoadRDV-STG-INVESTIA-To-Shared-SatInvestmentProductType-Insert"
                              isByCopy="true"
                              name="mt-LoadRDV-STG-INVESTIA-To-Shared-SatInvestmentProductType-Insert">
                  <description/>
                  <tags/>
                  <detail>
                     <field label="Input Parameters" name="input" type="reference"/>
                     <field label="InOut Parameters" name="inout" type="reference"/>
                     <field label="TaskProperties Parameters"
                            name="taskProperties"
                            type="reference"/>
                     <field label="Output Parameters" name="output" type="reference"/>
                     <field label="Fault" name="fault" type="reference"/>
                  </detail>
               </processObject>
               <processObject xmlns="http://schemas.active-endpoints.com/appmodules/screenflow/2011/06/avosHostEnvironment.xsd"
                              displayName="mt-LoadRDV-STG-INVESTIA-To-Shared-SatInvestmentProductType-Delete"
                              isByCopy="true"
                              name="mt-LoadRDV-STG-INVESTIA-To-Shared-SatInvestmentProductType-Delete">
                  <description/>
                  <tags/>
                  <detail>
                     <field label="Input Parameters" name="input" type="reference"/>
                     <field label="InOut Parameters" name="inout" type="reference"/>
                     <field label="TaskProperties Parameters"
                            name="taskProperties"
                            type="reference"/>
                     <field label="Output Parameters" name="output" type="reference"/>
                     <field label="Fault" name="fault" type="reference"/>
                  </detail>
               </processObject>
            </dependencies>
         </taskflow>
      </types1:Entry>
      <types1:GUID>6WWcvDifoLJg9oN27BjdcY</types1:GUID>
      <types1:DisplayName>tf_LoadRDV_20-30_PSA_INVESTIA_to_RDV_SHARED_INVESTMENT_PRODUCT_TYPE</types1:DisplayName>
   </types1:Item>
   <types1:CurrentServerDateTime>2023-01-19T13:41:45.206Z</types1:CurrentServerDateTime>
</aetgt:getResponse>
