<aetgt:getResponse xmlns:aetgt="http://schemas.active-endpoints.com/appmodules/repository/2010/10/avrepository.xsd"
                   xmlns:types1="http://schemas.active-endpoints.com/appmodules/repository/2010/10/avrepository.xsd">
   <types1:Item>
      <types1:EntryId>6GMYOuVGTiPZx1X-gt-1842381-2021-06-09T19:48:04.692Z::tf.xml</types1:EntryId>
      <types1:Name>tf_LoadDM_60_Shared_DimClients</types1:Name>
      <types1:MimeType>application/xml+taskflow</types1:MimeType>
      <types1:Description/>
      <types1:AppliesTo/>
      <types1:Tags/>
      <types1:VersionLabel>1.0</types1:VersionLabel>
      <types1:State>CURRENT</types1:State>
      <types1:ProcessGroup/>
      <types1:CreatedBy>vinita.singh.adm@ia.ca</types1:CreatedBy>
      <types1:CreationDate>2021-06-09T19:48:05Z</types1:CreationDate>
      <types1:ModifiedBy>jihed.laamiri.adm@ia.ca</types1:ModifiedBy>
      <types1:ModificationDate>2022-01-19T23:42:30Z</types1:ModificationDate>
      <types1:PublicationStatus>published</types1:PublicationStatus>
      <types1:PublishedBy>jihed.laamiri.adm@ia.ca</types1:PublishedBy>
      <types1:PublicationDate>2022-10-18T15:38:48Z</types1:PublicationDate>
      <types1:PublishedContributionId>project:/tf.tf_LoadDM_60_Shared_DimClients/tf_LoadDM_60_Shared_DimClients.tf.xml</types1:PublishedContributionId>
      <types1:AutosaveExists>false</types1:AutosaveExists>
      <types1:Entry>
         <taskflow xmlns="http://schemas.active-endpoints.com/appmodules/screenflow/2010/10/avosScreenflow.xsd"
                   xmlns:tfm="http://schemas.active-endpoints.com/appmodules/screenflow/2021/04/taskflowModel.xsd"
                   xmlns:list="urn:activevos:spi:list:functions"
                   displayName="tf_LoadDM_60_Shared_DimClients"
                   name="tf_LoadDM_60_Shared_DimClients"
                   overrideAPIName="false">
            <parameterSet xmlns="http://schemas.active-endpoints.com/appmodules/screenflow/2021/04/taskflowModel.xsd"/>
            <appliesTo/>
            <description/>
            <tags/>
            <generator>Informatica Process Designer 11</generator>
            <tempFields>
               <field description="" name="mt_audit_startJob_NextDate" type="reference">
                  <options>
                     <option name="referenceTo">$po:mt-audit-startJob-NextDate</option>
                     <option name="failOnNotRun">false</option>
                     <option name="failOnFault">false</option>
                  </options>
               </field>
               <field description="" name="mt_audit_EndJob" type="reference">
                  <options>
                     <option name="referenceTo">$po:mt-audit-EndJob</option>
                     <option name="failOnNotRun">false</option>
                     <option name="failOnFault">false</option>
                  </options>
               </field>
               <field description=""
                      name="mt_LoadDM_DM_Wt_To_DM_DimClients_Insert"
                      type="reference">
                  <options>
                     <option name="failOnNotRun">false</option>
                     <option name="failOnFault">false</option>
                     <option name="referenceTo">$po:mt-LoadDM-DM-Wt-To-DM-DimClients-Insert</option>
                  </options>
               </field>
               <field description=""
                      name="mt_LoadDM_DM_Wt_To_DM_DimClients_Close"
                      type="reference">
                  <options>
                     <option name="failOnNotRun">false</option>
                     <option name="failOnFault">false</option>
                     <option name="referenceTo">$po:mt-LoadDM-DM-Wt-To-DM-DimClients-Close</option>
                  </options>
               </field>
               <field description="" name="temp_JobName" type="string">
                  <options>
                     <option name="required">false</option>
                  </options>
               </field>
               <field description="" name="temp_tf_Audit_ID" type="string">
                  <options>
                     <option name="required">false</option>
                  </options>
               </field>
               <field description="" name="temp_dataStartDate" type="date">
                  <options>
                     <option name="required">false</option>
                  </options>
               </field>
               <field description=""
                      name="mt_LoadDM_RDV_BDV_Shared_To_DM_Wt_DimClients"
                      type="reference">
                  <options>
                     <option name="referenceTo">$po:mt-LoadDM-RDV-BDV-Shared-To-DM-Wt-DimClients</option>
                  </options>
               </field>
               <field description=""
                      name="mt_LoadDM_RDV_BDV_UNIVERIS_Shared_To_DM_Wt_DimClients"
                      type="reference">
                  <options>
                     <option name="failOnNotRun">false</option>
                     <option name="failOnFault">false</option>
                     <option name="referenceTo">$po:mt-LoadDM-RDV-BDV-UNIVERIS-Shared-To-DM-Wt-DimClients</option>
                  </options>
               </field>
               <field description=""
                      name="mt_LoadDM_RDV_BDV_INVESTIA_UNIVERIS_Shared_To_DM_Wt_DimClients"
                      type="reference">
                  <options>
                     <option name="failOnNotRun">false</option>
                     <option name="failOnFault">false</option>
                     <option name="referenceTo">$po:mt-LoadDM-RDV-BDV-INVESTIA-UNIVERIS-Shared-To-DM-Wt-DimClients</option>
                  </options>
               </field>
            </tempFields>
            <notes/>
            <deployment suspendOnFault="false" tracingLevel="verbose">
               <rest/>
            </deployment>
            <flow id="a">
               <start id="b">
                  <link id="kgblmv8d" targetId="kgblmv8c"/>
               </start>
               <assignment id="kgblmv8c">
                  <title>asgn_StartJob_Parameters</title>
                  <operation source="formula" to="temp.temp_JobName">
                     <expression language="XQuery">fn:concat("'",util:getAssetName(),"'")</expression>
                  </operation>
                  <operation source="formula" to="temp.temp_tf_Audit_ID">
                     <expression language="XQuery">fn:concat("'",util:getAssetName(),"-", util:getProcessId(),"'")</expression>
                  </operation>
                  <operation source="constant"
                             to="temp.mt_audit_startJob_NextDate[1]/inout[1]/io_DataStartDate">01/01/2000 00:00:00.000000000</operation>
                  <operation source="constant"
                             to="temp.mt_audit_startJob_NextDate[1]/inout[1]/io_Result">ERROR</operation>
                  <link id="kgblmv8e" targetId="kgblmv8y"/>
               </assignment>
               <assignment id="km5mmp8v">
                  <title>asgn_DataStartDate</title>
                  <operation source="formula" to="temp.temp_dataStartDate">
                     <expression language="XQuery">fn:concat("'",date:toChar(date:toDate($temp.mt_audit_startJob_NextDate[1]/inout[1]/io_DataStartDate , 'MM/DD/YYYY 00:00:00.000000000'),'YYYY-MM-DD'),"'")</expression>
                  </operation>
                  <link id="km5mmp8x" targetId="klwokcvj"/>
               </assignment>
               <eventContainer id="kgblmv8y">
                  <service id="kgblmv86">
                     <title>mt_audit_startJob_NextDate</title>
                     <serviceName>ICSExecuteDataTask</serviceName>
                     <serviceGUID/>
                     <serviceInput>
                        <parameter name="Wait for Task to Complete" source="constant" updatable="true">true</parameter>
                        <parameter name="Max Wait" source="constant" updatable="true">604800</parameter>
                        <parameter name="Task Name" source="constant" updatable="true">mt_audit_startJob_NextDate</parameter>
                        <parameter name="GUID" source="constant" updatable="true">g8U40ae4nYjlSr59jkAtci</parameter>
                        <parameter name="Task Type" source="constant" updatable="true">MCT</parameter>
                        <parameter name="Has Inout Parameters" source="constant" updatable="true">true</parameter>
                        <parameter name="taskField" source="nested">
                           <operation source="field" to="mt-audit-startJob-NextDate">temp.mt_audit_startJob_NextDate</operation>
                           <operation source="field" to="mt-audit-startJob-NextDate/inout[1]/io_auditID">temp.temp_tf_Audit_ID
                           <expression language="XQuery">fn:concat("'",fn:replace($temp.mt_audit_startJob_NextDate[1]/inout[1]/io_jobName , "'", ""),"-", util:getProcessId(),"'")</expression>
                           </operation>
                           <operation source="field" to="mt-audit-startJob-NextDate/inout[1]/io_jobName">temp.temp_JobName</operation>
                        </parameter>
                     </serviceInput>
                     <serviceOutput>
                        <operation source="field" to="temp.mt_audit_startJob_NextDate/output/Object_Name">Object Name</operation>
                        <operation source="field" to="temp.mt_audit_startJob_NextDate/output/Run_Id">Run Id</operation>
                        <operation source="field" to="temp.mt_audit_startJob_NextDate/output/Log_Id">Log Id</operation>
                        <operation source="field" to="temp.mt_audit_startJob_NextDate/output/Task_Id">Task Id</operation>
                        <operation source="field" to="temp.mt_audit_startJob_NextDate/output/Task_Status">Task Status</operation>
                        <operation source="field"
                                   to="temp.mt_audit_startJob_NextDate/output/Success_Source_Rows">Success Source Rows</operation>
                        <operation source="field"
                                   to="temp.mt_audit_startJob_NextDate/output/Failed_Source_Rows">Failed Source Rows</operation>
                        <operation source="field"
                                   to="temp.mt_audit_startJob_NextDate/output/Success_Target_Rows">Success Target Rows</operation>
                        <operation source="field"
                                   to="temp.mt_audit_startJob_NextDate/output/Failed_Target_Rows">Failed Target Rows</operation>
                        <operation source="field" to="temp.mt_audit_startJob_NextDate/output/Start_Time">Start Time</operation>
                        <operation source="field" to="temp.mt_audit_startJob_NextDate/output/End_Time">End Time</operation>
                        <operation source="field"
                                   to="temp.mt_audit_startJob_NextDate/output/Error_Message">Error Message</operation>
                        <operation source="field" to="temp.mt_audit_startJob_NextDate/inout/io_jobName">io_jobName</operation>
                        <operation source="field" to="temp.mt_audit_startJob_NextDate/inout/io_auditID">io_auditID</operation>
                        <operation source="field" to="temp.mt_audit_startJob_NextDate/inout/io_Result">io_Result</operation>
                        <operation source="field"
                                   to="temp.mt_audit_startJob_NextDate/inout/io_DataStartDate">io_DataStartDate</operation>
                     </serviceOutput>
                  </service>
                  <link id="km5mmp8w" targetId="km5mmp8v"/>
                  <events>
                     <catch faultField="temp.mt_audit_startJob_NextDate/fault"
                            id="kgblmv8w"
                            interrupting="true"
                            name="error">
                        <suspend/>
                     </catch>
                     <catch faultField="temp.mt_audit_startJob_NextDate/fault"
                            id="kgblmv8x"
                            interrupting="true"
                            name="warning"/>
                  </events>
               </eventContainer>
               <eventContainer id="kgblmva4">
                  <service id="kgblmv9h">
                     <title>mt_audit_EndJob</title>
                     <serviceName>ICSExecuteDataTask</serviceName>
                     <serviceGUID/>
                     <serviceInput>
                        <parameter name="Wait for Task to Complete" source="constant" updatable="true">true</parameter>
                        <parameter name="Max Wait" source="constant" updatable="true">604800</parameter>
                        <parameter name="Task Name" source="constant" updatable="true">mt_audit_EndJob</parameter>
                        <parameter name="GUID" source="constant" updatable="true">ePzNWLrnUemiUDqYIWVVG4</parameter>
                        <parameter name="Task Type" source="constant" updatable="true">MCT</parameter>
                        <parameter name="Has Inout Parameters" source="constant" updatable="true">true</parameter>
                        <parameter name="taskField" source="nested">
                           <operation source="field" to="mt-audit-EndJob">temp.mt_audit_EndJob</operation>
                           <operation source="field" to="mt-audit-EndJob/inout[1]/io_jobAuditID">temp.temp_tf_Audit_ID</operation>
                           <operation source="constant" to="mt-audit-EndJob/inout[1]/io_jobEndDesc">Successful execution</operation>
                           <operation source="constant" to="mt-audit-EndJob/inout[1]/io_jobEndStatus">SUCCESS</operation>
                           <operation source="field" to="mt-audit-EndJob/inout[1]/io_jobName">temp.temp_JobName</operation>
                           <operation source="field" to="mt-audit-EndJob/inout[1]/io_jobStartDate">temp.temp_dataStartDate</operation>
                        </parameter>
                     </serviceInput>
                     <serviceOutput>
                        <operation source="field" to="temp.mt_audit_EndJob/output/Object_Name">Object Name</operation>
                        <operation source="field" to="temp.mt_audit_EndJob/output/Run_Id">Run Id</operation>
                        <operation source="field" to="temp.mt_audit_EndJob/output/Log_Id">Log Id</operation>
                        <operation source="field" to="temp.mt_audit_EndJob/output/Task_Id">Task Id</operation>
                        <operation source="field" to="temp.mt_audit_EndJob/output/Task_Status">Task Status</operation>
                        <operation source="field" to="temp.mt_audit_EndJob/output/Success_Source_Rows">Success Source Rows</operation>
                        <operation source="field" to="temp.mt_audit_EndJob/output/Failed_Source_Rows">Failed Source Rows</operation>
                        <operation source="field" to="temp.mt_audit_EndJob/output/Success_Target_Rows">Success Target Rows</operation>
                        <operation source="field" to="temp.mt_audit_EndJob/output/Failed_Target_Rows">Failed Target Rows</operation>
                        <operation source="field" to="temp.mt_audit_EndJob/output/Start_Time">Start Time</operation>
                        <operation source="field" to="temp.mt_audit_EndJob/output/End_Time">End Time</operation>
                        <operation source="field" to="temp.mt_audit_EndJob/output/Error_Message">Error Message</operation>
                        <operation source="field" to="temp.mt_audit_EndJob/inout/io_Result">io_Result</operation>
                        <operation source="field" to="temp.mt_audit_EndJob/inout/io_jobName">io_jobName</operation>
                        <operation source="field" to="temp.mt_audit_EndJob/inout/io_jobAuditID">io_jobAuditID</operation>
                        <operation source="field" to="temp.mt_audit_EndJob/inout/io_jobStartDate">io_jobStartDate</operation>
                        <operation source="field" to="temp.mt_audit_EndJob/inout/io_jobEndStatus">io_jobEndStatus</operation>
                        <operation source="field" to="temp.mt_audit_EndJob/inout/io_jobEndDesc">io_jobEndDesc</operation>
                     </serviceOutput>
                  </service>
                  <link id="kgblmv9j" targetId="c"/>
                  <events>
                     <catch faultField="temp.mt_audit_EndJob/fault"
                            id="kgblmva2"
                            interrupting="true"
                            name="error">
                        <suspend/>
                     </catch>
                     <catch faultField="temp.mt_audit_EndJob/fault"
                            id="kgblmva3"
                            interrupting="true"
                            name="warning"/>
                  </events>
               </eventContainer>
               <container id="klwokcvj" type="exclusive">
                  <title>dcn_StartJob_Result</title>
                  <flow id="klwokcvn">
                     <container id="kon8yoon" type="parallel">
                        <title>Parallel WT loading</title>
                        <flow id="kon8yooq">
                           <service id="kon8yop1">
                              <title>mt_LoadDM_RDV_BDV_Shared_To_DM_Wt_DimClients</title>
                              <serviceName>ICSExecuteDataTask</serviceName>
                              <serviceGUID/>
                              <serviceInput>
                                 <parameter name="Wait for Task to Complete" source="constant" updatable="true">true</parameter>
                                 <parameter name="Max Wait" source="constant" updatable="true">604800</parameter>
                                 <parameter name="Task Name" source="constant" updatable="true">mt_LoadDM_RDV_BDV_Shared_To_DM_Wt_DimClients</parameter>
                                 <parameter name="GUID" source="constant" updatable="true">1HaY2ynII8Ad95bR963JwI</parameter>
                                 <parameter name="Task Type" source="constant" updatable="true">MCT</parameter>
                                 <parameter name="Has Inout Parameters" source="constant" updatable="true">false</parameter>
                                 <parameter name="taskField" source="nested">
                                    <operation source="field" to="mt-LoadDM-RDV-BDV-Shared-To-DM-Wt-DimClients">temp.mt_LoadDM_RDV_BDV_Shared_To_DM_Wt_DimClients</operation>
                                    <operation source="field"
                                               to="mt-LoadDM-RDV-BDV-Shared-To-DM-Wt-DimClients/input[1]/i_DATA_START_DATE">temp.temp_dataStartDate
                                    <expression language="XQuery">fn:concat("'",date:toChar(date:toDate($temp.mt_audit_startJob_NextDate[1]/inout[1]/io_DataStartDate , 'MM/DD/YYYY 00:00:00.000000000'),'YYYY-MM-DD'),"'")</expression>
                                    </operation>
                                 </parameter>
                              </serviceInput>
                              <serviceOutput>
                                 <operation source="field"
                                            to="temp.mt_LoadDM_RDV_BDV_Shared_To_DM_Wt_DimClients/output/Object_Name">Object Name</operation>
                                 <operation source="field"
                                            to="temp.mt_LoadDM_RDV_BDV_Shared_To_DM_Wt_DimClients/output/Run_Id">Run Id</operation>
                                 <operation source="field"
                                            to="temp.mt_LoadDM_RDV_BDV_Shared_To_DM_Wt_DimClients/output/Log_Id">Log Id</operation>
                                 <operation source="field"
                                            to="temp.mt_LoadDM_RDV_BDV_Shared_To_DM_Wt_DimClients/output/Task_Id">Task Id</operation>
                                 <operation source="field"
                                            to="temp.mt_LoadDM_RDV_BDV_Shared_To_DM_Wt_DimClients/output/Task_Status">Task Status</operation>
                                 <operation source="field"
                                            to="temp.mt_LoadDM_RDV_BDV_Shared_To_DM_Wt_DimClients/output/Success_Source_Rows">Success Source Rows</operation>
                                 <operation source="field"
                                            to="temp.mt_LoadDM_RDV_BDV_Shared_To_DM_Wt_DimClients/output/Failed_Source_Rows">Failed Source Rows</operation>
                                 <operation source="field"
                                            to="temp.mt_LoadDM_RDV_BDV_Shared_To_DM_Wt_DimClients/output/Success_Target_Rows">Success Target Rows</operation>
                                 <operation source="field"
                                            to="temp.mt_LoadDM_RDV_BDV_Shared_To_DM_Wt_DimClients/output/Failed_Target_Rows">Failed Target Rows</operation>
                                 <operation source="field"
                                            to="temp.mt_LoadDM_RDV_BDV_Shared_To_DM_Wt_DimClients/output/Start_Time">Start Time</operation>
                                 <operation source="field"
                                            to="temp.mt_LoadDM_RDV_BDV_Shared_To_DM_Wt_DimClients/output/End_Time">End Time</operation>
                                 <operation source="field"
                                            to="temp.mt_LoadDM_RDV_BDV_Shared_To_DM_Wt_DimClients/output/Error_Message">Error Message</operation>
                              </serviceOutput>
                           </service>
                           <link id="kon8yoor" targetId="kon8yoon" type="containerLink"/>
                        </flow>
                        <flow id="kon8yoot">
                           <eventContainer id="kon8yoq9">
                              <service id="kon8yopf">
                                 <title>mt_LoadDM_RDV_BDV_UNIVERIS_Shared_To_DM_Wt_DimClients</title>
                                 <serviceName>ICSExecuteDataTask</serviceName>
                                 <serviceGUID/>
                                 <serviceInput>
                                    <parameter name="Wait for Task to Complete" source="constant" updatable="true">true</parameter>
                                    <parameter name="Max Wait" source="constant" updatable="true">604800</parameter>
                                    <parameter name="Task Name" source="constant" updatable="true">mt_LoadDM_RDV_BDV_UNIVERIS_Shared_To_DM_Wt_DimClients</parameter>
                                    <parameter name="GUID" source="constant" updatable="true">73t5uJdvow8kLGmuJVFHCY</parameter>
                                    <parameter name="Task Type" source="constant" updatable="true">MCT</parameter>
                                    <parameter name="Has Inout Parameters" source="constant" updatable="true">false</parameter>
                                    <parameter name="taskField" source="nested">
                                       <operation source="field"
                                                  to="mt-LoadDM-RDV-BDV-UNIVERIS-Shared-To-DM-Wt-DimClients">temp.mt_LoadDM_RDV_BDV_UNIVERIS_Shared_To_DM_Wt_DimClients</operation>
                                       <operation source="field"
                                                  to="mt-LoadDM-RDV-BDV-UNIVERIS-Shared-To-DM-Wt-DimClients/input[1]/i_DATA_START_DATE">temp.temp_dataStartDate</operation>
                                    </parameter>
                                 </serviceInput>
                                 <serviceOutput>
                                    <operation source="field"
                                               to="temp.mt_LoadDM_RDV_BDV_UNIVERIS_Shared_To_DM_Wt_DimClients/output/Object_Name">Object Name</operation>
                                    <operation source="field"
                                               to="temp.mt_LoadDM_RDV_BDV_UNIVERIS_Shared_To_DM_Wt_DimClients/output/Run_Id">Run Id</operation>
                                    <operation source="field"
                                               to="temp.mt_LoadDM_RDV_BDV_UNIVERIS_Shared_To_DM_Wt_DimClients/output/Log_Id">Log Id</operation>
                                    <operation source="field"
                                               to="temp.mt_LoadDM_RDV_BDV_UNIVERIS_Shared_To_DM_Wt_DimClients/output/Task_Id">Task Id</operation>
                                    <operation source="field"
                                               to="temp.mt_LoadDM_RDV_BDV_UNIVERIS_Shared_To_DM_Wt_DimClients/output/Task_Status">Task Status</operation>
                                    <operation source="field"
                                               to="temp.mt_LoadDM_RDV_BDV_UNIVERIS_Shared_To_DM_Wt_DimClients/output/Success_Source_Rows">Success Source Rows</operation>
                                    <operation source="field"
                                               to="temp.mt_LoadDM_RDV_BDV_UNIVERIS_Shared_To_DM_Wt_DimClients/output/Failed_Source_Rows">Failed Source Rows</operation>
                                    <operation source="field"
                                               to="temp.mt_LoadDM_RDV_BDV_UNIVERIS_Shared_To_DM_Wt_DimClients/output/Success_Target_Rows">Success Target Rows</operation>
                                    <operation source="field"
                                               to="temp.mt_LoadDM_RDV_BDV_UNIVERIS_Shared_To_DM_Wt_DimClients/output/Failed_Target_Rows">Failed Target Rows</operation>
                                    <operation source="field"
                                               to="temp.mt_LoadDM_RDV_BDV_UNIVERIS_Shared_To_DM_Wt_DimClients/output/Start_Time">Start Time</operation>
                                    <operation source="field"
                                               to="temp.mt_LoadDM_RDV_BDV_UNIVERIS_Shared_To_DM_Wt_DimClients/output/End_Time">End Time</operation>
                                    <operation source="field"
                                               to="temp.mt_LoadDM_RDV_BDV_UNIVERIS_Shared_To_DM_Wt_DimClients/output/Error_Message">Error Message</operation>
                                 </serviceOutput>
                              </service>
                              <events>
                                 <catch faultField="temp.mt_LoadDM_RDV_BDV_UNIVERIS_Shared_To_DM_Wt_DimClients/fault"
                                        id="kon8yoq7"
                                        interrupting="true"
                                        name="error">
                                    <suspend/>
                                 </catch>
                                 <catch faultField="temp.mt_LoadDM_RDV_BDV_UNIVERIS_Shared_To_DM_Wt_DimClients/fault"
                                        id="kon8yoq8"
                                        interrupting="true"
                                        name="warning"/>
                              </events>
                           </eventContainer>
                           <link id="kon8yoou" targetId="kon8yoon" type="containerLink"/>
                        </flow>
                        <flow id="ksgcrqvq">
                           <eventContainer id="ksgcrqww">
                              <service id="ksgcrqw6">
                                 <title>mt_LoadDM_RDV_BDV_INVESTIA_UNIVERIS_Shared_To_DM_Wt_DimClients</title>
                                 <serviceName>ICSExecuteDataTask</serviceName>
                                 <serviceGUID/>
                                 <serviceInput>
                                    <parameter name="Wait for Task to Complete" source="constant" updatable="true">true</parameter>
                                    <parameter name="Max Wait" source="constant" updatable="true">604800</parameter>
                                    <parameter name="Task Name" source="constant" updatable="true">mt_LoadDM_RDV_BDV_INVESTIA_UNIVERIS_Shared_To_DM_Wt_DimClients</parameter>
                                    <parameter name="GUID" source="constant" updatable="true">9E991Rw6NYcd09HiYQsTY8</parameter>
                                    <parameter name="Task Type" source="constant" updatable="true">MCT</parameter>
                                    <parameter name="Has Inout Parameters" source="constant" updatable="true">false</parameter>
                                    <parameter name="taskField" source="nested">
                                       <operation source="field"
                                                  to="mt-LoadDM-RDV-BDV-INVESTIA-UNIVERIS-Shared-To-DM-Wt-DimClients">temp.mt_LoadDM_RDV_BDV_INVESTIA_UNIVERIS_Shared_To_DM_Wt_DimClients</operation>
                                       <operation source="field"
                                                  to="mt-LoadDM-RDV-BDV-INVESTIA-UNIVERIS-Shared-To-DM-Wt-DimClients/input[1]/i_DATA_START_DATE">temp.temp_dataStartDate</operation>
                                       <operation source="field"
                                                  to="temp.mt_LoadDM_RDV_BDV_INVESTIA_UNIVERIS_Shared_To_DM_Wt_DimClients[1]/input[1]/i_DATA_START_DATE">temp.temp_dataStartDate</operation>
                                    </parameter>
                                 </serviceInput>
                                 <serviceOutput>
                                    <operation source="field"
                                               to="temp.mt_LoadDM_RDV_BDV_INVESTIA_UNIVERIS_Shared_To_DM_Wt_DimClients/output/Object_Name">Object Name</operation>
                                    <operation source="field"
                                               to="temp.mt_LoadDM_RDV_BDV_INVESTIA_UNIVERIS_Shared_To_DM_Wt_DimClients/output/Run_Id">Run Id</operation>
                                    <operation source="field"
                                               to="temp.mt_LoadDM_RDV_BDV_INVESTIA_UNIVERIS_Shared_To_DM_Wt_DimClients/output/Log_Id">Log Id</operation>
                                    <operation source="field"
                                               to="temp.mt_LoadDM_RDV_BDV_INVESTIA_UNIVERIS_Shared_To_DM_Wt_DimClients/output/Task_Id">Task Id</operation>
                                    <operation source="field"
                                               to="temp.mt_LoadDM_RDV_BDV_INVESTIA_UNIVERIS_Shared_To_DM_Wt_DimClients/output/Task_Status">Task Status</operation>
                                    <operation source="field"
                                               to="temp.mt_LoadDM_RDV_BDV_INVESTIA_UNIVERIS_Shared_To_DM_Wt_DimClients/output/Success_Source_Rows">Success Source Rows</operation>
                                    <operation source="field"
                                               to="temp.mt_LoadDM_RDV_BDV_INVESTIA_UNIVERIS_Shared_To_DM_Wt_DimClients/output/Failed_Source_Rows">Failed Source Rows</operation>
                                    <operation source="field"
                                               to="temp.mt_LoadDM_RDV_BDV_INVESTIA_UNIVERIS_Shared_To_DM_Wt_DimClients/output/Success_Target_Rows">Success Target Rows</operation>
                                    <operation source="field"
                                               to="temp.mt_LoadDM_RDV_BDV_INVESTIA_UNIVERIS_Shared_To_DM_Wt_DimClients/output/Failed_Target_Rows">Failed Target Rows</operation>
                                    <operation source="field"
                                               to="temp.mt_LoadDM_RDV_BDV_INVESTIA_UNIVERIS_Shared_To_DM_Wt_DimClients/output/Start_Time">Start Time</operation>
                                    <operation source="field"
                                               to="temp.mt_LoadDM_RDV_BDV_INVESTIA_UNIVERIS_Shared_To_DM_Wt_DimClients/output/End_Time">End Time</operation>
                                    <operation source="field"
                                               to="temp.mt_LoadDM_RDV_BDV_INVESTIA_UNIVERIS_Shared_To_DM_Wt_DimClients/output/Error_Message">Error Message</operation>
                                 </serviceOutput>
                              </service>
                              <events>
                                 <catch faultField="temp.mt_LoadDM_RDV_BDV_INVESTIA_UNIVERIS_Shared_To_DM_Wt_DimClients/fault"
                                        id="ksgcrqwu"
                                        interrupting="true"
                                        name="error">
                                    <suspend/>
                                 </catch>
                                 <catch faultField="temp.mt_LoadDM_RDV_BDV_INVESTIA_UNIVERIS_Shared_To_DM_Wt_DimClients/fault"
                                        id="ksgcrqwv"
                                        interrupting="true"
                                        name="warning"/>
                              </events>
                           </eventContainer>
                           <link id="ksgcrqvr" targetId="kon8yoon" type="containerLink"/>
                        </flow>
                        <link id="kon8yoop" targetId="kon8yooq" type="containerLink"/>
                        <link id="kon8yoos" targetId="kon8yoot" type="containerLink"/>
                        <link id="ksgcrqvp" targetId="ksgcrqvq" type="containerLink"/>
                        <link id="kon8yop0" targetId="klwokd0p"/>
                     </container>
                     <container id="klwokd0p" type="parallel">
                        <title>Parallel DM Loading</title>
                        <flow id="klwokd0v">
                           <eventContainer id="klwokd35">
                              <service id="klwokd1d">
                                 <title>mt_LoadDM_DM_Wt_To_DM_DimClients_Close</title>
                                 <serviceName>ICSExecuteDataTask</serviceName>
                                 <serviceGUID/>
                                 <serviceInput>
                                    <parameter name="Wait for Task to Complete" source="constant" updatable="true">true</parameter>
                                    <parameter name="Max Wait" source="constant" updatable="true">604800</parameter>
                                    <parameter name="Task Name" source="constant" updatable="true">mt_LoadDM_DM_Wt_To_DM_DimClients_Close</parameter>
                                    <parameter name="GUID" source="constant" updatable="true">9qnkXIquDHDlc9C3Z0iAk4</parameter>
                                    <parameter name="Task Type" source="constant" updatable="true">MCT</parameter>
                                    <parameter name="Has Inout Parameters" source="constant" updatable="true">false</parameter>
                                    <parameter name="taskField" source="nested">
                                       <operation source="field" to="mt-LoadDM-DM-Wt-To-DM-DimClients-Close">temp.mt_LoadDM_DM_Wt_To_DM_DimClients_Close</operation>
                                       <operation source="field"
                                                  to="mt-LoadDM-DM-Wt-To-DM-DimClients-Close/input[1]/i_DATA_START_DATE">temp.temp_dataStartDate
                                       <expression language="XQuery">fn:concat("'",date:toChar(date:toDate($temp.mt_audit_startJob_NextDate[1]/inout[1]/io_DataStartDate , 'MM/DD/YYYY 00:00:00.000000000'),'YYYY-MM-DD'),"'")</expression>
                                       </operation>
                                    </parameter>
                                 </serviceInput>
                                 <serviceOutput>
                                    <operation source="field"
                                               to="temp.mt_LoadDM_DM_Wt_To_DM_DimClients_Close/output/Object_Name">Object Name</operation>
                                    <operation source="field"
                                               to="temp.mt_LoadDM_DM_Wt_To_DM_DimClients_Close/output/Run_Id">Run Id</operation>
                                    <operation source="field"
                                               to="temp.mt_LoadDM_DM_Wt_To_DM_DimClients_Close/output/Log_Id">Log Id</operation>
                                    <operation source="field"
                                               to="temp.mt_LoadDM_DM_Wt_To_DM_DimClients_Close/output/Task_Id">Task Id</operation>
                                    <operation source="field"
                                               to="temp.mt_LoadDM_DM_Wt_To_DM_DimClients_Close/output/Task_Status">Task Status</operation>
                                    <operation source="field"
                                               to="temp.mt_LoadDM_DM_Wt_To_DM_DimClients_Close/output/Success_Source_Rows">Success Source Rows</operation>
                                    <operation source="field"
                                               to="temp.mt_LoadDM_DM_Wt_To_DM_DimClients_Close/output/Failed_Source_Rows">Failed Source Rows</operation>
                                    <operation source="field"
                                               to="temp.mt_LoadDM_DM_Wt_To_DM_DimClients_Close/output/Success_Target_Rows">Success Target Rows</operation>
                                    <operation source="field"
                                               to="temp.mt_LoadDM_DM_Wt_To_DM_DimClients_Close/output/Failed_Target_Rows">Failed Target Rows</operation>
                                    <operation source="field"
                                               to="temp.mt_LoadDM_DM_Wt_To_DM_DimClients_Close/output/Start_Time">Start Time</operation>
                                    <operation source="field"
                                               to="temp.mt_LoadDM_DM_Wt_To_DM_DimClients_Close/output/End_Time">End Time</operation>
                                    <operation source="field"
                                               to="temp.mt_LoadDM_DM_Wt_To_DM_DimClients_Close/output/Error_Message">Error Message</operation>
                                 </serviceOutput>
                              </service>
                              <events>
                                 <catch faultField="temp.mt_LoadDM_DM_Wt_To_DM_DimClients_Close/fault"
                                        id="klwokd33"
                                        interrupting="true"
                                        name="error">
                                    <suspend/>
                                 </catch>
                                 <catch faultField="temp.mt_LoadDM_DM_Wt_To_DM_DimClients_Close/fault"
                                        id="klwokd34"
                                        interrupting="true"
                                        name="warning"/>
                              </events>
                           </eventContainer>
                           <link id="klwokd0w" targetId="klwokd0p" type="containerLink"/>
                        </flow>
                        <flow id="klwokd0s">
                           <eventContainer id="klwokd22">
                              <service id="klwokd14">
                                 <title>mt_LoadDM_DM_Wt_To_DM_DimClients_Insert</title>
                                 <serviceName>ICSExecuteDataTask</serviceName>
                                 <serviceGUID/>
                                 <serviceInput>
                                    <parameter name="Wait for Task to Complete" source="constant" updatable="true">true</parameter>
                                    <parameter name="Max Wait" source="constant" updatable="true">604800</parameter>
                                    <parameter name="Task Name" source="constant" updatable="true">mt_LoadDM_DM_Wt_To_DM_DimClients_Insert</parameter>
                                    <parameter name="GUID" source="constant" updatable="true">a1ulqwbn3z7bSjILI4Fkqy</parameter>
                                    <parameter name="Task Type" source="constant" updatable="true">MCT</parameter>
                                    <parameter name="Has Inout Parameters" source="constant" updatable="true">false</parameter>
                                    <parameter name="taskField" source="nested">
                                       <operation source="field" to="mt-LoadDM-DM-Wt-To-DM-DimClients-Insert">temp.mt_LoadDM_DM_Wt_To_DM_DimClients_Insert</operation>
                                       <operation source="field"
                                                  to="mt-LoadDM-DM-Wt-To-DM-DimClients-Insert/input[1]/i_DATA_START_DATE">temp.temp_dataStartDate
                                       <expression language="XQuery">fn:concat("'",date:toChar(date:toDate($temp.mt_audit_startJob_NextDate[1]/inout[1]/io_DataStartDate , 'MM/DD/YYYY 00:00:00.000000000'),'YYYY-MM-DD'),"'")</expression>
                                       </operation>
                                       <operation source="field"
                                                  to="mt-LoadDM-DM-Wt-To-DM-DimClients-Insert/inout[1]/io_tf_Audit_ID">temp.temp_tf_Audit_ID</operation>
                                    </parameter>
                                 </serviceInput>
                                 <serviceOutput>
                                    <operation source="field"
                                               to="temp.mt_LoadDM_DM_Wt_To_DM_DimClients_Insert/output/Object_Name">Object Name</operation>
                                    <operation source="field"
                                               to="temp.mt_LoadDM_DM_Wt_To_DM_DimClients_Insert/output/Run_Id">Run Id</operation>
                                    <operation source="field"
                                               to="temp.mt_LoadDM_DM_Wt_To_DM_DimClients_Insert/output/Log_Id">Log Id</operation>
                                    <operation source="field"
                                               to="temp.mt_LoadDM_DM_Wt_To_DM_DimClients_Insert/output/Task_Id">Task Id</operation>
                                    <operation source="field"
                                               to="temp.mt_LoadDM_DM_Wt_To_DM_DimClients_Insert/output/Task_Status">Task Status</operation>
                                    <operation source="field"
                                               to="temp.mt_LoadDM_DM_Wt_To_DM_DimClients_Insert/output/Success_Source_Rows">Success Source Rows</operation>
                                    <operation source="field"
                                               to="temp.mt_LoadDM_DM_Wt_To_DM_DimClients_Insert/output/Failed_Source_Rows">Failed Source Rows</operation>
                                    <operation source="field"
                                               to="temp.mt_LoadDM_DM_Wt_To_DM_DimClients_Insert/output/Success_Target_Rows">Success Target Rows</operation>
                                    <operation source="field"
                                               to="temp.mt_LoadDM_DM_Wt_To_DM_DimClients_Insert/output/Failed_Target_Rows">Failed Target Rows</operation>
                                    <operation source="field"
                                               to="temp.mt_LoadDM_DM_Wt_To_DM_DimClients_Insert/output/Start_Time">Start Time</operation>
                                    <operation source="field"
                                               to="temp.mt_LoadDM_DM_Wt_To_DM_DimClients_Insert/output/End_Time">End Time</operation>
                                    <operation source="field"
                                               to="temp.mt_LoadDM_DM_Wt_To_DM_DimClients_Insert/output/Error_Message">Error Message</operation>
                                 </serviceOutput>
                              </service>
                              <events>
                                 <catch faultField="temp.mt_LoadDM_DM_Wt_To_DM_DimClients_Insert/fault"
                                        id="klwokd20"
                                        interrupting="true"
                                        name="error">
                                    <suspend/>
                                 </catch>
                                 <catch faultField="temp.mt_LoadDM_DM_Wt_To_DM_DimClients_Insert/fault"
                                        id="klwokd21"
                                        interrupting="true"
                                        name="warning"/>
                              </events>
                           </eventContainer>
                           <link id="klwokd0t" targetId="klwokd0p" type="containerLink"/>
                        </flow>
                        <link id="klwokd0u" targetId="klwokd0v" type="containerLink"/>
                        <link id="klwokd0r" targetId="klwokd0s" type="containerLink"/>
                     </container>
                     <link id="klwokcvo" targetId="klwokcvj" type="containerLink"/>
                  </flow>
                  <flow id="klwokcvq">
                     <throw id="klwokcw2">
                        <title>Throw_Error_StartJob</title>
                        <throwInput>
                           <parameter name="code" source="field" updatable="true">temp.mt_audit_startJob_NextDate[1]/inout[1]/io_Result</parameter>
                           <parameter name="detail" source="constant" updatable="true"/>
                           <parameter name="reason" source="constant" updatable="true"/>
                        </throwInput>
                     </throw>
                  </flow>
                  <link id="klwokcvm" targetId="klwokcvn" type="containerLink">
                     <condition source="formula">
                        <function name="contains">
                           <arg name="left">{$temp.mt_audit_startJob_NextDate[1]/inout[1]/io_Result}</arg>
                           <arg name="right">SUCCESS</arg>
                        </function>
                     </condition>
                  </link>
                  <link id="klwokcvp" targetId="klwokcvq" type="containerLink"/>
                  <link id="klwokcvl" targetId="kgblmva4"/>
               </container>
               <end id="c"/>
            </flow>
            <dependencies>
               <processObject xmlns="http://schemas.active-endpoints.com/appmodules/screenflow/2011/06/avosHostEnvironment.xsd"
                              displayName="mt-audit-startJob-NextDate"
                              isByCopy="true"
                              name="mt-audit-startJob-NextDate">
                  <description/>
                  <tags/>
                  <detail>
                     <field label="Input Parameters" name="input" type="reference"/>
                     <field label="InOut Parameters" name="inout" type="reference"/>
                     <field label="TaskProperties Parameters"
                            name="taskProperties"
                            type="reference"/>
                     <field label="Output Parameters" name="output" type="reference"/>
                     <field label="Fault" name="fault" type="reference"/>
                  </detail>
               </processObject>
               <processObject xmlns="http://schemas.active-endpoints.com/appmodules/screenflow/2011/06/avosHostEnvironment.xsd"
                              displayName="mt-audit-EndJob"
                              isByCopy="true"
                              name="mt-audit-EndJob">
                  <description/>
                  <tags/>
                  <detail>
                     <field label="Input Parameters" name="input" type="reference"/>
                     <field label="InOut Parameters" name="inout" type="reference"/>
                     <field label="TaskProperties Parameters"
                            name="taskProperties"
                            type="reference"/>
                     <field label="Output Parameters" name="output" type="reference"/>
                     <field label="Fault" name="fault" type="reference"/>
                  </detail>
               </processObject>
               <processObject xmlns="http://schemas.active-endpoints.com/appmodules/screenflow/2011/06/avosHostEnvironment.xsd"
                              displayName="mt-LoadDM-DM-Wt-To-DM-DimClients-Insert"
                              isByCopy="true"
                              name="mt-LoadDM-DM-Wt-To-DM-DimClients-Insert">
                  <description/>
                  <tags/>
                  <detail>
                     <field label="Input Parameters" name="input" type="reference"/>
                     <field label="InOut Parameters" name="inout" type="reference"/>
                     <field label="TaskProperties Parameters"
                            name="taskProperties"
                            type="reference"/>
                     <field label="Output Parameters" name="output" type="reference"/>
                     <field label="Fault" name="fault" type="reference"/>
                  </detail>
               </processObject>
               <processObject xmlns="http://schemas.active-endpoints.com/appmodules/screenflow/2011/06/avosHostEnvironment.xsd"
                              displayName="mt-LoadDM-DM-Wt-To-DM-DimClients-Close"
                              isByCopy="true"
                              name="mt-LoadDM-DM-Wt-To-DM-DimClients-Close">
                  <description/>
                  <tags/>
                  <detail>
                     <field label="Input Parameters" name="input" type="reference"/>
                     <field label="TaskProperties Parameters"
                            name="taskProperties"
                            type="reference"/>
                     <field label="Output Parameters" name="output" type="reference"/>
                     <field label="Fault" name="fault" type="reference"/>
                  </detail>
               </processObject>
               <processObject xmlns="http://schemas.active-endpoints.com/appmodules/screenflow/2011/06/avosHostEnvironment.xsd"
                              displayName="mt-LoadDM-RDV-BDV-Shared-To-DM-Wt-DimClients"
                              isByCopy="true"
                              name="mt-LoadDM-RDV-BDV-Shared-To-DM-Wt-DimClients">
                  <description/>
                  <tags/>
                  <detail>
                     <field label="Input Parameters" name="input" type="reference"/>
                     <field label="TaskProperties Parameters"
                            name="taskProperties"
                            type="reference"/>
                     <field label="Output Parameters" name="output" type="reference"/>
                     <field label="Fault" name="fault" type="reference"/>
                  </detail>
               </processObject>
               <processObject xmlns="http://schemas.active-endpoints.com/appmodules/screenflow/2011/06/avosHostEnvironment.xsd"
                              displayName="mt-LoadDM-RDV-BDV-UNIVERIS-Shared-To-DM-Wt-DimClients"
                              isByCopy="true"
                              name="mt-LoadDM-RDV-BDV-UNIVERIS-Shared-To-DM-Wt-DimClients">
                  <description/>
                  <tags/>
                  <detail>
                     <field label="Input Parameters" name="input" type="reference"/>
                     <field label="TaskProperties Parameters"
                            name="taskProperties"
                            type="reference"/>
                     <field label="Output Parameters" name="output" type="reference"/>
                     <field label="Fault" name="fault" type="reference"/>
                  </detail>
               </processObject>
               <processObject xmlns="http://schemas.active-endpoints.com/appmodules/screenflow/2011/06/avosHostEnvironment.xsd"
                              displayName="mt-LoadDM-RDV-BDV-INVESTIA-UNIVERIS-Shared-To-DM-Wt-DimClients"
                              isByCopy="true"
                              name="mt-LoadDM-RDV-BDV-INVESTIA-UNIVERIS-Shared-To-DM-Wt-DimClients">
                  <description/>
                  <tags/>
                  <detail>
                     <field label="Input Parameters" name="input" type="reference"/>
                     <field label="TaskProperties Parameters"
                            name="taskProperties"
                            type="reference"/>
                     <field label="Output Parameters" name="output" type="reference"/>
                     <field label="Fault" name="fault" type="reference"/>
                  </detail>
               </processObject>
            </dependencies>
         </taskflow>
      </types1:Entry>
      <types1:GUID>lLj9oloY2cDgrDgiVQJoS1</types1:GUID>
      <types1:DisplayName>tf_LoadDM_60_Shared_DimClients</types1:DisplayName>
   </types1:Item>
   <types1:CurrentServerDateTime>2023-03-08T18:46:24.799Z</types1:CurrentServerDateTime>
</aetgt:getResponse>
