<aetgt:getResponse xmlns:aetgt="http://schemas.active-endpoints.com/appmodules/repository/2010/10/avrepository.xsd"
                   xmlns:types1="http://schemas.active-endpoints.com/appmodules/repository/2010/10/avrepository.xsd">
   <types1:Item>
      <types1:EntryId>V9OQcjoYsjqluQg-gt-17656823-2022-02-15T16:41:34.761Z::tf.xml</types1:EntryId>
      <types1:Name>tf_LoadBDV_DM_40-60_IAS_NBIN_to_DM_DIM_ADVISOR</types1:Name>
      <types1:MimeType>application/xml+taskflow</types1:MimeType>
      <types1:Description/>
      <types1:AppliesTo/>
      <types1:Tags/>
      <types1:VersionLabel>1.0</types1:VersionLabel>
      <types1:State>CURRENT</types1:State>
      <types1:ProcessGroup/>
      <types1:CreatedBy>jihed.laamiri.adm@ia.ca.SAML</types1:CreatedBy>
      <types1:CreationDate>2022-02-15T16:41:35Z</types1:CreationDate>
      <types1:ModifiedBy>jihed.laamiri.adm@ia.ca.SAML</types1:ModifiedBy>
      <types1:ModificationDate>2022-02-16T17:41:22Z</types1:ModificationDate>
      <types1:PublicationStatus>out-of-date</types1:PublicationStatus>
      <types1:PublishedBy>jihed.laamiri.adm@ia.ca.SAML</types1:PublishedBy>
      <types1:PublicationDate>2022-02-16T17:41:32Z</types1:PublicationDate>
      <types1:PublishedContributionId>project:/tf.tf_LoadBDV_DM_40-60_IAS_NBIN_to_DM_DIM_ADVISOR/tf_LoadBDV_DM_40-60_IAS_NBIN_to_DM_DIM_ADVISOR.tf.xml</types1:PublishedContributionId>
      <types1:AutosaveExists>false</types1:AutosaveExists>
      <types1:Entry>
         <taskflow xmlns="http://schemas.active-endpoints.com/appmodules/screenflow/2010/10/avosScreenflow.xsd"
                   xmlns:tfm="http://schemas.active-endpoints.com/appmodules/screenflow/2021/04/taskflowModel.xsd"
                   xmlns:list="urn:activevos:spi:list:functions"
                   displayName="tf_LoadBDV_DM_40-60_IAS_NBIN_to_DM_DIM_ADVISOR"
                   name="tf_LoadBDV_DM_40-60_IAS_NBIN_to_DM_DIM_ADVISOR"
                   overrideAPIName="false">
            <parameterSet xmlns="http://schemas.active-endpoints.com/appmodules/screenflow/2021/04/taskflowModel.xsd"/>
            <appliesTo/>
            <description/>
            <tags/>
            <generator>Informatica Process Designer 11</generator>
            <tempFields>
               <field description="Number of the remaining iterations"
                      name="temp_remainingIterations"
                      type="int">
                  <options>
                     <option name="required">false</option>
                  </options>
               </field>
            </tempFields>
            <notes/>
            <deployment suspendOnFault="false" tracingLevel="verbose">
               <rest/>
            </deployment>
            <flow id="a">
               <start id="b">
                  <link id="kmfjmr6d" targetId="kmfjmr6c"/>
               </start>
               <assignment id="kmfjmr6c">
                  <title>asgn_init_counters</title>
                  <operation source="formula" to="temp.temp_remainingIterations">
                     <expression language="XQuery">24</expression>
                  </operation>
                  <link id="kmfjmr6v" targetId="kmfjmr6u"/>
               </assignment>
               <container id="kmfjmr6u" type="exclusive">
                  <title>dcn_still_iteration</title>
                  <flow id="kmfjmr6y">
                     <subflow id="kyw5nd31">
                        <title>tf_INITIAL_LOADING_LoadBDV_41_Shared_PartyRoleAdvisor</title>
                        <subflowGUID>3M169rxEcE8j8Nke2hw2S8</subflowGUID>
                        <subflowPath>tf_INITIAL_LOADING_LoadBDV_41_Shared_PartyRoleAdvisor</subflowPath>
                        <runForEach>false</runForEach>
                        <input/>
                        <outputDef/>
                        <link id="kyw5nd32" targetId="kyul4s2y"/>
                     </subflow>
                     <subflow id="kyul4s2y">
                        <title>tf_LoadDM_60_Shared_DimAdvisors</title>
                        <subflowGUID>778ipqpAr7veAvpDz4J62A</subflowGUID>
                        <subflowPath>tf_LoadDM_60_Shared_DimAdvisors</subflowPath>
                        <runForEach>false</runForEach>
                        <input/>
                        <outputDef/>
                        <link id="kyul4s3s" targetId="kmfjmr7l"/>
                     </subflow>
                     <assignment id="kmfjmr7l">
                        <title>asgn_update_counters</title>
                        <operation source="formula" to="temp.temp_remainingIterations">
                           <expression language="XQuery">$temp.temp_remainingIterations - 1</expression>
                        </operation>
                        <link id="kmfjmr8x" targetId="kmfjmr8v"/>
                     </assignment>
                     <jumpTo id="kmfjmr8v">
                        <link id="kmfjmr8w" targetId="kmfjmr6u"/>
                     </jumpTo>
                  </flow>
                  <flow id="kmfjmr71">
                     <link id="kmfjmr72" targetId="kmfjmr6u" type="containerLink"/>
                  </flow>
                  <link id="kmfjmr6x" targetId="kmfjmr6y" type="containerLink">
                     <condition source="formula">
                        <function name="greater-than">
                           <arg name="left">{$temp.temp_remainingIterations}</arg>
                           <arg name="right">{0}</arg>
                        </function>
                     </condition>
                  </link>
                  <link id="kmfjmr70" targetId="kmfjmr71" type="containerLink"/>
                  <link id="kmfjmr6w" targetId="c"/>
               </container>
               <end id="c"/>
            </flow>
         </taskflow>
      </types1:Entry>
      <types1:GUID>8Qh7CKTQik9fVIj9uP6diG</types1:GUID>
      <types1:DisplayName>tf_LoadBDV_DM_40-60_IAS_NBIN_to_DM_DIM_ADVISOR</types1:DisplayName>
   </types1:Item>
   <types1:CurrentServerDateTime>2023-03-08T18:58:57.103Z</types1:CurrentServerDateTime>
</aetgt:getResponse>
