<aetgt:getResponse xmlns:aetgt="http://schemas.active-endpoints.com/appmodules/repository/2010/10/avrepository.xsd"
                   xmlns:types1="http://schemas.active-endpoints.com/appmodules/repository/2010/10/avrepository.xsd">
   <types1:Item>
      <types1:EntryId>pAKmabeAzu2JQht-gt-38439348-2022-05-24T13:36:01.25Z::tf.xml</types1:EntryId>
      <types1:Name>tf_LoadBDV_45_Shared_Contracts_AUASeg</types1:Name>
      <types1:MimeType>application/xml+taskflow</types1:MimeType>
      <types1:Description>This allows to load a working table to finally load the SAT_PARTY_ROLE_ADVISOR_AUA_SEG</types1:Description>
      <types1:AppliesTo/>
      <types1:Tags/>
      <types1:VersionLabel>1.0</types1:VersionLabel>
      <types1:State>CURRENT</types1:State>
      <types1:ProcessGroup/>
      <types1:CreatedBy>pradeep.poptani@ia.ca</types1:CreatedBy>
      <types1:CreationDate>2022-05-24T13:36:01Z</types1:CreationDate>
      <types1:ModifiedBy>pradeep.poptani@ia.ca</types1:ModifiedBy>
      <types1:ModificationDate>2022-06-03T18:46:37Z</types1:ModificationDate>
      <types1:PublicationStatus>published</types1:PublicationStatus>
      <types1:PublishedBy>jihed.laamiri@ia.ca</types1:PublishedBy>
      <types1:PublicationDate>2022-12-21T17:55:36Z</types1:PublicationDate>
      <types1:PublishedContributionId>project:/tf.tf_LoadBDV_45_Shared_Contracts_AUASeg/tf_LoadBDV_45_Shared_Contracts_AUASeg.tf.xml</types1:PublishedContributionId>
      <types1:AutosaveExists>false</types1:AutosaveExists>
      <types1:Entry>
         <taskflow xmlns="http://schemas.active-endpoints.com/appmodules/screenflow/2010/10/avosScreenflow.xsd"
                   xmlns:tfm="http://schemas.active-endpoints.com/appmodules/screenflow/2021/04/taskflowModel.xsd"
                   xmlns:list="urn:activevos:spi:list:functions"
                   displayName="tf_LoadBDV_45_Shared_Contracts_AUASeg"
                   name="tf_LoadBDV_45_Shared_Contracts_AUASeg"
                   overrideAPIName="false">
            <parameterSet xmlns="http://schemas.active-endpoints.com/appmodules/screenflow/2021/04/taskflowModel.xsd"/>
            <appliesTo/>
            <description>This allows to load a working table to finally load the SAT_PARTY_ROLE_ADVISOR_AUA_SEG</description>
            <tags/>
            <generator>Informatica Process Designer 11</generator>
            <tempFields>
               <field description="" name="mt_audit_startJob_NextDate" type="reference">
                  <options>
                     <option name="referenceTo">$po:mt-audit-startJob-NextDate</option>
                     <option name="failOnNotRun">false</option>
                     <option name="failOnFault">false</option>
                  </options>
               </field>
               <field description="" name="dt_Audit_EndJob" type="reference">
                  <options>
                     <option name="referenceTo">$po:mt-Audit-EndJob</option>
                     <option name="failOnNotRun">false</option>
                     <option name="failOnFault">false</option>
                  </options>
               </field>
               <field description=""
                      name="mt_LoadBDV_RDV_HOLDINGS_To_BDV_WT_SAT_CONTRACTS_AUA_SEG_COMPUTE"
                      type="reference">
                  <options>
                     <option name="failOnNotRun">false</option>
                     <option name="failOnFault">false</option>
                     <option name="referenceTo">$po:mt-LoadBDV-RDV-HOLDINGS-To-BDV-WT-SAT-CONTRACT-AUA-SEG-COMPUTE</option>
                  </options>
               </field>
               <field description=""
                      name="mt_LoadBDV_RDV_SAT_LINK_INVESTMENT_TO_BDV_SAT_CONTRACTS_AUA_SEG_Insert"
                      type="reference">
                  <options>
                     <option name="failOnNotRun">false</option>
                     <option name="failOnFault">false</option>
                     <option name="referenceTo">$po:mt-LoadBDV-RDV-SAT-LINK-INVESTMENT-TO-BDV-SAT-CONTRACT-AUA-SEG-Insert</option>
                  </options>
               </field>
               <field description=""
                      name="mt_LoadBDV_RDV_SAT_LINK_INVESTMENT_TO_BDV_SAT_CONTRACTS_AUA_SEG_Delete"
                      type="reference">
                  <options>
                     <option name="failOnNotRun">false</option>
                     <option name="failOnFault">false</option>
                     <option name="referenceTo">$po:mt-LoadBDV-RDV-SAT-LINK-INVESTMENT-TO-BDV-SAT-CONTRACT-AUA-SEG-Delete</option>
                  </options>
               </field>
               <field description="" name="temp_JobName" type="string">
                  <options>
                     <option name="required">false</option>
                  </options>
               </field>
               <field description="" name="temp_tf_Audit_ID" type="string">
                  <options>
                     <option name="required">false</option>
                  </options>
               </field>
               <field description="" name="temp_dataStartDate" type="date">
                  <options>
                     <option name="required">false</option>
                  </options>
               </field>
            </tempFields>
            <notes/>
            <deployment suspendOnFault="false" tracingLevel="verbose">
               <rest/>
            </deployment>
            <flow id="a">
               <start id="b">
                  <link id="klv5mezh" targetId="klv5mezg"/>
               </start>
               <assignment id="klv5mezg">
                  <title>asgn_StartJob_Parameters</title>
                  <operation source="formula" to="temp.temp_JobName">
                     <expression language="XQuery">fn:concat("'",util:getAssetName(),"'")</expression>
                  </operation>
                  <operation source="formula" to="temp.temp_tf_Audit_ID">
                     <expression language="XQuery">fn:concat("'",util:getAssetName(),"-", util:getProcessId(),"'")</expression>
                  </operation>
                  <operation source="constant"
                             to="temp.mt_audit_startJob_NextDate[1]/inout[1]/io_DataStartDate">01/01/2000 00:00:00.000000000</operation>
                  <operation source="constant"
                             to="temp.mt_audit_startJob_NextDate[1]/inout[1]/io_Result">ERROR</operation>
                  <link id="klv5mezi" targetId="kg9i7hj8"/>
               </assignment>
               <assignment id="km5le3vk">
                  <title>asgn_DataStartDate</title>
                  <operation source="formula" to="temp.temp_dataStartDate">
                     <expression language="XQuery">fn:concat("'",date:toChar(date:toDate($temp.mt_audit_startJob_NextDate[1]/inout[1]/io_DataStartDate , 'MM/DD/YYYY 00:00:00.000000000'),'YYYY-MM-DD'),"'")</expression>
                  </operation>
                  <link id="km5le3vm" targetId="kg9i7hju"/>
               </assignment>
               <eventContainer id="kg9i7hj8">
                  <service id="kg9i7hj2">
                     <title>mt_audit_startJob_NextDate</title>
                     <serviceName>ICSExecuteDataTask</serviceName>
                     <serviceGUID/>
                     <serviceInput>
                        <parameter name="Wait for Task to Complete" source="constant" updatable="true">true</parameter>
                        <parameter name="Max Wait" source="constant" updatable="true">604800</parameter>
                        <parameter name="Task Name" source="constant" updatable="true">mt_audit_startJob_NextDate</parameter>
                        <parameter name="GUID" source="constant" updatable="true">6Nj4FFddbUWeqiXuTbAWay</parameter>
                        <parameter name="Task Type" source="constant" updatable="true">MCT</parameter>
                        <parameter name="Has Inout Parameters" source="constant" updatable="true">true</parameter>
                        <parameter name="taskField" source="nested">
                           <operation source="field" to="mt-audit-startJob-NextDate">temp.mt_audit_startJob_NextDate</operation>
                           <operation source="field" to="mt-audit-startJob-NextDate/inout[1]/io_auditID">temp.temp_tf_Audit_ID</operation>
                           <operation source="field" to="mt-audit-startJob-NextDate/inout[1]/io_jobName">temp.temp_JobName</operation>
                           <operation source="field"
                                      to="mt-audit-startJob-NextDate/inout[1]/io_DataStartDate">temp.temp_dataStartDate</operation>
                        </parameter>
                     </serviceInput>
                     <serviceOutput>
                        <operation source="field" to="temp.mt_audit_startJob_NextDate/output/Object_Name">Object Name</operation>
                        <operation source="field" to="temp.mt_audit_startJob_NextDate/output/Run_Id">Run Id</operation>
                        <operation source="field" to="temp.mt_audit_startJob_NextDate/output/Log_Id">Log Id</operation>
                        <operation source="field" to="temp.mt_audit_startJob_NextDate/output/Task_Id">Task Id</operation>
                        <operation source="field" to="temp.mt_audit_startJob_NextDate/output/Task_Status">Task Status</operation>
                        <operation source="field"
                                   to="temp.mt_audit_startJob_NextDate/output/Success_Source_Rows">Success Source Rows</operation>
                        <operation source="field"
                                   to="temp.mt_audit_startJob_NextDate/output/Failed_Source_Rows">Failed Source Rows</operation>
                        <operation source="field"
                                   to="temp.mt_audit_startJob_NextDate/output/Success_Target_Rows">Success Target Rows</operation>
                        <operation source="field"
                                   to="temp.mt_audit_startJob_NextDate/output/Failed_Target_Rows">Failed Target Rows</operation>
                        <operation source="field" to="temp.mt_audit_startJob_NextDate/output/Start_Time">Start Time</operation>
                        <operation source="field" to="temp.mt_audit_startJob_NextDate/output/End_Time">End Time</operation>
                        <operation source="field"
                                   to="temp.mt_audit_startJob_NextDate/output/Error_Message">Error Message</operation>
                        <operation source="field"
                                   to="temp.mt_audit_startJob_NextDate/output/TotalTransErrors">Total Transformation Errors</operation>
                        <operation source="field"
                                   to="temp.mt_audit_startJob_NextDate/output/FirstErrorCode">First Error Code</operation>
                        <operation source="field" to="temp.mt_audit_startJob_NextDate/inout/io_jobName">io_jobName</operation>
                        <operation source="field" to="temp.mt_audit_startJob_NextDate/inout/io_auditID">io_auditID</operation>
                        <operation source="field" to="temp.mt_audit_startJob_NextDate/inout/io_Result">io_Result</operation>
                        <operation source="field"
                                   to="temp.mt_audit_startJob_NextDate/inout/io_DataStartDate">io_DataStartDate</operation>
                     </serviceOutput>
                  </service>
                  <link id="km5le3vl" targetId="km5le3vk"/>
                  <events>
                     <catch faultField="temp.mt_audit_startJob_NextDate/fault"
                            id="kg9i7hj6"
                            interrupting="true"
                            name="error">
                        <suspend/>
                     </catch>
                     <catch faultField="temp.mt_audit_startJob_NextDate/fault"
                            id="kg9i7hj7"
                            interrupting="true"
                            name="warning"/>
                  </events>
               </eventContainer>
               <container id="kg9i7hju" type="exclusive">
                  <title>dcn_StartJob_Result</title>
                  <flow id="kg9i7hjy">
                     <eventContainer id="klgu60x0">
                        <service id="klgu60vk">
                           <title>mt_LoadBDV_RDV_HOLDINGS_To_BDV_WT_SAT_CONTRACTS_AUA_SEG_COMPUTE</title>
                           <serviceName>ICSExecuteDataTask</serviceName>
                           <serviceGUID/>
                           <serviceInput>
                              <parameter name="Wait for Task to Complete" source="constant" updatable="true">true</parameter>
                              <parameter name="Max Wait" source="constant" updatable="true">604800</parameter>
                              <parameter name="Task Name" source="constant" updatable="true">mt_LoadBDV_RDV_HOLDINGS_To_BDV_WT_SAT_CONTRACT_AUA_SEG_COMPUTE</parameter>
                              <parameter name="GUID" source="constant" updatable="true">9LDGd0pSrGVl2htjcEiWs8</parameter>
                              <parameter name="Task Type" source="constant" updatable="true">MCT</parameter>
                              <parameter name="Has Inout Parameters" source="constant" updatable="true">false</parameter>
                              <parameter name="taskField" source="nested">
                                 <operation source="field"
                                            to="mt-LoadBDV-RDV-HOLDINGS-To-BDV-WT-SAT-CONTRACT-AUA-SEG-COMPUTE">temp.mt_LoadBDV_RDV_HOLDINGS_To_BDV_WT_SAT_CONTRACTS_AUA_SEG_COMPUTE</operation>
                                 <operation source="field"
                                            to="mt-LoadBDV-RDV-HOLDINGS-To-BDV-WT-SAT-CONTRACT-AUA-SEG-COMPUTE/input[1]/i_DATA_START_DATE">temp.temp_dataStartDate</operation>
                                 <operation source="field"
                                            to="temp.mt_LoadBDV_RDV_HOLDINGS_To_BDV_WT_SAT_CONTRACTS_AUA_SEG_COMPUTE[1]/input[1]/i_DATA_START_DATE">temp.temp_dataStartDate</operation>
                              </parameter>
                           </serviceInput>
                           <serviceOutput>
                              <operation source="field"
                                         to="temp.mt_LoadBDV_RDV_HOLDINGS_To_BDV_WT_SAT_CONTRACTS_AUA_SEG_COMPUTE/output/Object_Name">Object Name</operation>
                              <operation source="field"
                                         to="temp.mt_LoadBDV_RDV_HOLDINGS_To_BDV_WT_SAT_CONTRACTS_AUA_SEG_COMPUTE/output/Run_Id">Run Id</operation>
                              <operation source="field"
                                         to="temp.mt_LoadBDV_RDV_HOLDINGS_To_BDV_WT_SAT_CONTRACTS_AUA_SEG_COMPUTE/output/Log_Id">Log Id</operation>
                              <operation source="field"
                                         to="temp.mt_LoadBDV_RDV_HOLDINGS_To_BDV_WT_SAT_CONTRACTS_AUA_SEG_COMPUTE/output/Task_Id">Task Id</operation>
                              <operation source="field"
                                         to="temp.mt_LoadBDV_RDV_HOLDINGS_To_BDV_WT_SAT_CONTRACTS_AUA_SEG_COMPUTE/output/Task_Status">Task Status</operation>
                              <operation source="field"
                                         to="temp.mt_LoadBDV_RDV_HOLDINGS_To_BDV_WT_SAT_CONTRACTS_AUA_SEG_COMPUTE/output/Success_Source_Rows">Success Source Rows</operation>
                              <operation source="field"
                                         to="temp.mt_LoadBDV_RDV_HOLDINGS_To_BDV_WT_SAT_CONTRACTS_AUA_SEG_COMPUTE/output/Failed_Source_Rows">Failed Source Rows</operation>
                              <operation source="field"
                                         to="temp.mt_LoadBDV_RDV_HOLDINGS_To_BDV_WT_SAT_CONTRACTS_AUA_SEG_COMPUTE/output/Success_Target_Rows">Success Target Rows</operation>
                              <operation source="field"
                                         to="temp.mt_LoadBDV_RDV_HOLDINGS_To_BDV_WT_SAT_CONTRACTS_AUA_SEG_COMPUTE/output/Failed_Target_Rows">Failed Target Rows</operation>
                              <operation source="field"
                                         to="temp.mt_LoadBDV_RDV_HOLDINGS_To_BDV_WT_SAT_CONTRACTS_AUA_SEG_COMPUTE/output/Start_Time">Start Time</operation>
                              <operation source="field"
                                         to="temp.mt_LoadBDV_RDV_HOLDINGS_To_BDV_WT_SAT_CONTRACTS_AUA_SEG_COMPUTE/output/End_Time">End Time</operation>
                              <operation source="field"
                                         to="temp.mt_LoadBDV_RDV_HOLDINGS_To_BDV_WT_SAT_CONTRACTS_AUA_SEG_COMPUTE/output/Error_Message">Error Message</operation>
                              <operation source="field"
                                         to="temp.mt_LoadBDV_RDV_HOLDINGS_To_BDV_WT_SAT_CONTRACTS_AUA_SEG_COMPUTE/output/TotalTransErrors">Total Transformation Errors</operation>
                              <operation source="field"
                                         to="temp.mt_LoadBDV_RDV_HOLDINGS_To_BDV_WT_SAT_CONTRACTS_AUA_SEG_COMPUTE/output/FirstErrorCode">First Error Code</operation>
                           </serviceOutput>
                        </service>
                        <link id="klgu60vm" targetId="kksbrwq5"/>
                        <events>
                           <catch faultField="temp.mt_LoadBDV_RDV_HOLDINGS_To_BDV_WT_SAT_CONTRACTS_AUA_SEG_COMPUTE/fault"
                                  id="klgu60wy"
                                  interrupting="true"
                                  name="error">
                              <suspend/>
                           </catch>
                           <catch faultField="temp.mt_LoadBDV_RDV_HOLDINGS_To_BDV_WT_SAT_CONTRACTS_AUA_SEG_COMPUTE/fault"
                                  id="klgu60wz"
                                  interrupting="true"
                                  name="warning"/>
                        </events>
                     </eventContainer>
                     <eventContainer id="klgukeca">
                        <service id="kksbrwrj">
                           <title>dt_Audit_EndJob</title>
                           <serviceName>ICSExecuteDataTask</serviceName>
                           <serviceGUID/>
                           <serviceInput>
                              <parameter name="Wait for Task to Complete" source="constant" updatable="true">true</parameter>
                              <parameter name="Max Wait" source="constant" updatable="true">604800</parameter>
                              <parameter name="Task Name" source="constant" updatable="true">mt_Audit_EndJob</parameter>
                              <parameter name="GUID" source="constant" updatable="true">0Kt7Adqj6AvkfKODp1bJsO</parameter>
                              <parameter name="Task Type" source="constant" updatable="true">MCT</parameter>
                              <parameter name="Has Inout Parameters" source="constant" updatable="true">false</parameter>
                              <parameter name="taskField" source="nested">
                                 <operation source="field" to="mt-Audit-EndJob">temp.dt_Audit_EndJob</operation>
                                 <operation source="field" to="mt-Audit-EndJob/inout[1]/io_jobAuditID">temp.temp_tf_Audit_ID</operation>
                                 <operation source="constant" to="mt-Audit-EndJob/inout[1]/io_jobEndDesc">Successful execution</operation>
                                 <operation source="constant" to="mt-Audit-EndJob/inout[1]/io_jobEndStatus">SUCCESS</operation>
                                 <operation source="field" to="mt-Audit-EndJob/inout[1]/io_jobName">temp.temp_JobName</operation>
                                 <operation source="field" to="mt-Audit-EndJob/inout[1]/io_jobStartDate">temp.temp_dataStartDate</operation>
                              </parameter>
                           </serviceInput>
                           <serviceOutput/>
                        </service>
                        <link id="kksbrws6" targetId="kksbrws5"/>
                        <events>
                           <catch faultField="temp.dt_Audit_EndJob/fault"
                                  id="klgukec8"
                                  interrupting="true"
                                  name="error">
                              <suspend/>
                           </catch>
                           <catch faultField="temp.dt_Audit_EndJob/fault"
                                  id="klgukec9"
                                  interrupting="true"
                                  name="warning"/>
                        </events>
                     </eventContainer>
                     <container id="kksbrwq5" type="parallel">
                        <title>Parallel BDV loading</title>
                        <flow id="kksbrwq6">
                           <eventContainer id="klgu60xp">
                              <service id="klgu60vw">
                                 <title>mt_LoadBDV_RDV_SAT_LINK_INVESTMENT_TO_BDV_SAT_CONTRACTS_AUA_SEG_Insert</title>
                                 <serviceName>ICSExecuteDataTask</serviceName>
                                 <serviceGUID/>
                                 <serviceInput>
                                    <parameter name="Wait for Task to Complete" source="constant" updatable="true">true</parameter>
                                    <parameter name="Max Wait" source="constant" updatable="true">604800</parameter>
                                    <parameter name="Task Name" source="constant" updatable="true">mt_LoadBDV_RDV_SAT_LINK_INVESTMENT_TO_BDV_SAT_CONTRACT_AUA_SEG_Insert</parameter>
                                    <parameter name="GUID" source="constant" updatable="true">8H9pN4v0mmLebCd4SdF786</parameter>
                                    <parameter name="Task Type" source="constant" updatable="true">MCT</parameter>
                                    <parameter name="Has Inout Parameters" source="constant" updatable="true">true</parameter>
                                    <parameter name="taskField" source="nested">
                                       <operation source="field"
                                                  to="mt-LoadBDV-RDV-SAT-LINK-INVESTMENT-TO-BDV-SAT-CONTRACT-AUA-SEG-Insert">temp.mt_LoadBDV_RDV_SAT_LINK_INVESTMENT_TO_BDV_SAT_CONTRACTS_AUA_SEG_Insert</operation>
                                       <operation source="field"
                                                  to="mt-LoadBDV-RDV-SAT-LINK-INVESTMENT-TO-BDV-SAT-CONTRACT-AUA-SEG-Insert/inout[1]/io_tf_Audit_ID">temp.temp_tf_Audit_ID</operation>
                                    </parameter>
                                 </serviceInput>
                                 <serviceOutput>
                                    <operation source="field"
                                               to="temp.mt_LoadBDV_RDV_SAT_LINK_INVESTMENT_TO_BDV_SAT_CONTRACTS_AUA_SEG_Insert/output/Object_Name">Object Name</operation>
                                    <operation source="field"
                                               to="temp.mt_LoadBDV_RDV_SAT_LINK_INVESTMENT_TO_BDV_SAT_CONTRACTS_AUA_SEG_Insert/output/Run_Id">Run Id</operation>
                                    <operation source="field"
                                               to="temp.mt_LoadBDV_RDV_SAT_LINK_INVESTMENT_TO_BDV_SAT_CONTRACTS_AUA_SEG_Insert/output/Log_Id">Log Id</operation>
                                    <operation source="field"
                                               to="temp.mt_LoadBDV_RDV_SAT_LINK_INVESTMENT_TO_BDV_SAT_CONTRACTS_AUA_SEG_Insert/output/Task_Id">Task Id</operation>
                                    <operation source="field"
                                               to="temp.mt_LoadBDV_RDV_SAT_LINK_INVESTMENT_TO_BDV_SAT_CONTRACTS_AUA_SEG_Insert/output/Task_Status">Task Status</operation>
                                    <operation source="field"
                                               to="temp.mt_LoadBDV_RDV_SAT_LINK_INVESTMENT_TO_BDV_SAT_CONTRACTS_AUA_SEG_Insert/output/Success_Source_Rows">Success Source Rows</operation>
                                    <operation source="field"
                                               to="temp.mt_LoadBDV_RDV_SAT_LINK_INVESTMENT_TO_BDV_SAT_CONTRACTS_AUA_SEG_Insert/output/Failed_Source_Rows">Failed Source Rows</operation>
                                    <operation source="field"
                                               to="temp.mt_LoadBDV_RDV_SAT_LINK_INVESTMENT_TO_BDV_SAT_CONTRACTS_AUA_SEG_Insert/output/Success_Target_Rows">Success Target Rows</operation>
                                    <operation source="field"
                                               to="temp.mt_LoadBDV_RDV_SAT_LINK_INVESTMENT_TO_BDV_SAT_CONTRACTS_AUA_SEG_Insert/output/Failed_Target_Rows">Failed Target Rows</operation>
                                    <operation source="field"
                                               to="temp.mt_LoadBDV_RDV_SAT_LINK_INVESTMENT_TO_BDV_SAT_CONTRACTS_AUA_SEG_Insert/output/Start_Time">Start Time</operation>
                                    <operation source="field"
                                               to="temp.mt_LoadBDV_RDV_SAT_LINK_INVESTMENT_TO_BDV_SAT_CONTRACTS_AUA_SEG_Insert/output/End_Time">End Time</operation>
                                    <operation source="field"
                                               to="temp.mt_LoadBDV_RDV_SAT_LINK_INVESTMENT_TO_BDV_SAT_CONTRACTS_AUA_SEG_Insert/output/Error_Message">Error Message</operation>
                                    <operation source="field"
                                               to="temp.mt_LoadBDV_RDV_SAT_LINK_INVESTMENT_TO_BDV_SAT_CONTRACTS_AUA_SEG_Insert/output/TotalTransErrors">Total Transformation Errors</operation>
                                    <operation source="field"
                                               to="temp.mt_LoadBDV_RDV_SAT_LINK_INVESTMENT_TO_BDV_SAT_CONTRACTS_AUA_SEG_Insert/output/FirstErrorCode">First Error Code</operation>
                                    <operation source="field"
                                               to="temp.mt_LoadBDV_RDV_SAT_LINK_INVESTMENT_TO_BDV_SAT_CONTRACTS_AUA_SEG_Insert/inout/io_tf_Audit_ID">io_tf_Audit_ID</operation>
                                 </serviceOutput>
                              </service>
                              <events>
                                 <catch faultField="temp.mt_LoadBDV_RDV_SAT_LINK_INVESTMENT_TO_BDV_SAT_CONTRACTS_AUA_SEG_Insert/fault"
                                        id="klgu60xn"
                                        interrupting="true"
                                        name="error">
                                    <suspend/>
                                 </catch>
                                 <catch faultField="temp.mt_LoadBDV_RDV_SAT_LINK_INVESTMENT_TO_BDV_SAT_CONTRACTS_AUA_SEG_Insert/fault"
                                        id="klgu60xo"
                                        interrupting="true"
                                        name="warning"/>
                              </events>
                           </eventContainer>
                           <link id="kksbrwqi" targetId="kksbrwq5" type="containerLink"/>
                        </flow>
                        <flow id="kksbrwq9">
                           <eventContainer id="klgu60ye">
                              <service id="klgu60w7">
                                 <title>mt_LoadBDV_RDV_SAT_LINK_INVESTMENT_TO_BDV_SAT_CONTRACTS_AUA_SEG_Delete</title>
                                 <serviceName>ICSExecuteDataTask</serviceName>
                                 <serviceGUID/>
                                 <serviceInput>
                                    <parameter name="Wait for Task to Complete" source="constant" updatable="true">true</parameter>
                                    <parameter name="Max Wait" source="constant" updatable="true">604800</parameter>
                                    <parameter name="Task Name" source="constant" updatable="true">mt_LoadBDV_RDV_SAT_LINK_INVESTMENT_TO_BDV_SAT_CONTRACT_AUA_SEG_Delete</parameter>
                                    <parameter name="GUID" source="constant" updatable="true">4vO75v3bZC8lqjt68EHOEI</parameter>
                                    <parameter name="Task Type" source="constant" updatable="true">MCT</parameter>
                                    <parameter name="Has Inout Parameters" source="constant" updatable="true">true</parameter>
                                    <parameter name="taskField" source="nested">
                                       <operation source="field"
                                                  to="mt-LoadBDV-RDV-SAT-LINK-INVESTMENT-TO-BDV-SAT-CONTRACT-AUA-SEG-Delete">temp.mt_LoadBDV_RDV_SAT_LINK_INVESTMENT_TO_BDV_SAT_CONTRACTS_AUA_SEG_Delete</operation>
                                       <operation source="field"
                                                  to="mt-LoadBDV-RDV-SAT-LINK-INVESTMENT-TO-BDV-SAT-CONTRACT-AUA-SEG-Delete/inout[1]/io_tf_Audit_ID">temp.temp_tf_Audit_ID</operation>
                                       <operation source="field"
                                                  to="mt-LoadBDV-RDV-SAT-LINK-INVESTMENT-TO-BDV-SAT-CONTRACT-AUA-SEG-Delete/input[1]/i_DATA_START_DATE">temp.temp_dataStartDate</operation>
                                       <operation source="field"
                                                  to="temp.mt_LoadBDV_RDV_SAT_LINK_INVESTMENT_TO_BDV_SAT_CONTRACTS_AUA_SEG_Delete[1]/input[1]/i_DATA_START_DATE">temp.temp_dataStartDate</operation>
                                    </parameter>
                                 </serviceInput>
                                 <serviceOutput>
                                    <operation source="field"
                                               to="temp.mt_LoadBDV_RDV_SAT_LINK_INVESTMENT_TO_BDV_SAT_CONTRACTS_AUA_SEG_Delete/output/Object_Name">Object Name</operation>
                                    <operation source="field"
                                               to="temp.mt_LoadBDV_RDV_SAT_LINK_INVESTMENT_TO_BDV_SAT_CONTRACTS_AUA_SEG_Delete/output/Run_Id">Run Id</operation>
                                    <operation source="field"
                                               to="temp.mt_LoadBDV_RDV_SAT_LINK_INVESTMENT_TO_BDV_SAT_CONTRACTS_AUA_SEG_Delete/output/Log_Id">Log Id</operation>
                                    <operation source="field"
                                               to="temp.mt_LoadBDV_RDV_SAT_LINK_INVESTMENT_TO_BDV_SAT_CONTRACTS_AUA_SEG_Delete/output/Task_Id">Task Id</operation>
                                    <operation source="field"
                                               to="temp.mt_LoadBDV_RDV_SAT_LINK_INVESTMENT_TO_BDV_SAT_CONTRACTS_AUA_SEG_Delete/output/Task_Status">Task Status</operation>
                                    <operation source="field"
                                               to="temp.mt_LoadBDV_RDV_SAT_LINK_INVESTMENT_TO_BDV_SAT_CONTRACTS_AUA_SEG_Delete/output/Success_Source_Rows">Success Source Rows</operation>
                                    <operation source="field"
                                               to="temp.mt_LoadBDV_RDV_SAT_LINK_INVESTMENT_TO_BDV_SAT_CONTRACTS_AUA_SEG_Delete/output/Failed_Source_Rows">Failed Source Rows</operation>
                                    <operation source="field"
                                               to="temp.mt_LoadBDV_RDV_SAT_LINK_INVESTMENT_TO_BDV_SAT_CONTRACTS_AUA_SEG_Delete/output/Success_Target_Rows">Success Target Rows</operation>
                                    <operation source="field"
                                               to="temp.mt_LoadBDV_RDV_SAT_LINK_INVESTMENT_TO_BDV_SAT_CONTRACTS_AUA_SEG_Delete/output/Failed_Target_Rows">Failed Target Rows</operation>
                                    <operation source="field"
                                               to="temp.mt_LoadBDV_RDV_SAT_LINK_INVESTMENT_TO_BDV_SAT_CONTRACTS_AUA_SEG_Delete/output/Start_Time">Start Time</operation>
                                    <operation source="field"
                                               to="temp.mt_LoadBDV_RDV_SAT_LINK_INVESTMENT_TO_BDV_SAT_CONTRACTS_AUA_SEG_Delete/output/End_Time">End Time</operation>
                                    <operation source="field"
                                               to="temp.mt_LoadBDV_RDV_SAT_LINK_INVESTMENT_TO_BDV_SAT_CONTRACTS_AUA_SEG_Delete/output/Error_Message">Error Message</operation>
                                    <operation source="field"
                                               to="temp.mt_LoadBDV_RDV_SAT_LINK_INVESTMENT_TO_BDV_SAT_CONTRACTS_AUA_SEG_Delete/output/TotalTransErrors">Total Transformation Errors</operation>
                                    <operation source="field"
                                               to="temp.mt_LoadBDV_RDV_SAT_LINK_INVESTMENT_TO_BDV_SAT_CONTRACTS_AUA_SEG_Delete/output/FirstErrorCode">First Error Code</operation>
                                    <operation source="field"
                                               to="temp.mt_LoadBDV_RDV_SAT_LINK_INVESTMENT_TO_BDV_SAT_CONTRACTS_AUA_SEG_Delete/inout/io_tf_Audit_ID">io_tf_Audit_ID</operation>
                                 </serviceOutput>
                              </service>
                              <events>
                                 <catch faultField="temp.mt_LoadBDV_RDV_SAT_LINK_INVESTMENT_TO_BDV_SAT_CONTRACTS_AUA_SEG_Delete/fault"
                                        id="klgu60yc"
                                        interrupting="true"
                                        name="error">
                                    <suspend/>
                                 </catch>
                                 <catch faultField="temp.mt_LoadBDV_RDV_SAT_LINK_INVESTMENT_TO_BDV_SAT_CONTRACTS_AUA_SEG_Delete/fault"
                                        id="klgu60yd"
                                        interrupting="true"
                                        name="warning"/>
                              </events>
                           </eventContainer>
                           <link id="kksbrwqj" targetId="kksbrwq5" type="containerLink"/>
                        </flow>
                        <link id="kksbrwqf" targetId="kksbrwq6" type="containerLink"/>
                        <link id="kksbrwqg" targetId="kksbrwq9" type="containerLink"/>
                        <link id="klv5mf0d" targetId="klgukeca"/>
                     </container>
                     <end id="kksbrws5"/>
                  </flow>
                  <flow id="kg9i7hk1">
                     <throw id="kg9i7hkn">
                        <title>Throw_Error_StartJob</title>
                        <throwInput>
                           <parameter name="code" source="field" updatable="true">temp.mt_audit_startJob_NextDate[1]/inout[1]/io_Result</parameter>
                           <parameter name="detail" source="constant" updatable="true"/>
                           <parameter name="reason" source="constant" updatable="true"/>
                        </throwInput>
                     </throw>
                  </flow>
                  <link id="kg9i7hjx" targetId="kg9i7hjy" type="containerLink">
                     <condition source="formula">
                        <function name="contains">
                           <arg name="left">{$temp.mt_audit_startJob_NextDate[1]/inout[1]/io_Result}</arg>
                           <arg name="right">SUCCESS</arg>
                        </function>
                     </condition>
                  </link>
                  <link id="kg9i7hk0" targetId="kg9i7hk1" type="containerLink"/>
               </container>
            </flow>
            <dependencies>
               <processObject xmlns="http://schemas.active-endpoints.com/appmodules/screenflow/2011/06/avosHostEnvironment.xsd"
                              displayName="mt-audit-startJob-NextDate"
                              isByCopy="true"
                              name="mt-audit-startJob-NextDate">
                  <description/>
                  <tags/>
                  <detail>
                     <field label="Input Parameters"
                            name="input"
                            nullable="true"
                            required="false"
                            type="reference"/>
                     <field label="InOut Parameters"
                            name="inout"
                            nullable="true"
                            required="false"
                            type="reference"/>
                     <field label="TaskProperties Parameters"
                            name="taskProperties"
                            nullable="true"
                            required="false"
                            type="reference"/>
                     <field label="Output Parameters"
                            name="output"
                            nullable="true"
                            required="false"
                            type="reference"/>
                     <field label="Fault"
                            name="fault"
                            nullable="true"
                            required="false"
                            type="reference"/>
                  </detail>
               </processObject>
               <processObject xmlns="http://schemas.active-endpoints.com/appmodules/screenflow/2011/06/avosHostEnvironment.xsd"
                              displayName="mt-Audit-EndJob"
                              isByCopy="true"
                              name="mt-Audit-EndJob">
                  <description/>
                  <tags/>
                  <detail>
                     <field label="Input Parameters"
                            name="input"
                            nullable="true"
                            required="false"
                            type="reference"/>
                     <field label="InOut Parameters"
                            name="inout"
                            nullable="true"
                            required="false"
                            type="reference"/>
                     <field label="TaskProperties Parameters"
                            name="taskProperties"
                            nullable="true"
                            required="false"
                            type="reference"/>
                     <field label="Output Parameters"
                            name="output"
                            nullable="true"
                            required="false"
                            type="reference"/>
                     <field label="Fault"
                            name="fault"
                            nullable="true"
                            required="false"
                            type="reference"/>
                  </detail>
               </processObject>
               <processObject xmlns="http://schemas.active-endpoints.com/appmodules/screenflow/2011/06/avosHostEnvironment.xsd"
                              displayName="mt-LoadBDV-RDV-HOLDINGS-To-BDV-WT-SAT-CONTRACT-AUA-SEG-COMPUTE"
                              isByCopy="true"
                              name="mt-LoadBDV-RDV-HOLDINGS-To-BDV-WT-SAT-CONTRACT-AUA-SEG-COMPUTE">
                  <description/>
                  <tags/>
                  <detail>
                     <field label="Input Parameters"
                            name="input"
                            nullable="true"
                            required="false"
                            type="reference"/>
                     <field label="TaskProperties Parameters"
                            name="taskProperties"
                            nullable="true"
                            required="false"
                            type="reference"/>
                     <field label="Output Parameters"
                            name="output"
                            nullable="true"
                            required="false"
                            type="reference"/>
                     <field label="Fault"
                            name="fault"
                            nullable="true"
                            required="false"
                            type="reference"/>
                  </detail>
               </processObject>
               <processObject xmlns="http://schemas.active-endpoints.com/appmodules/screenflow/2011/06/avosHostEnvironment.xsd"
                              displayName="mt-LoadBDV-RDV-SAT-LINK-INVESTMENT-TO-BDV-SAT-CONTRACT-AUA-SEG-Insert"
                              isByCopy="true"
                              name="mt-LoadBDV-RDV-SAT-LINK-INVESTMENT-TO-BDV-SAT-CONTRACT-AUA-SEG-Insert">
                  <description/>
                  <tags/>
                  <detail>
                     <field label="Input Parameters"
                            name="input"
                            nullable="true"
                            required="false"
                            type="reference"/>
                     <field label="InOut Parameters"
                            name="inout"
                            nullable="true"
                            required="false"
                            type="reference"/>
                     <field label="TaskProperties Parameters"
                            name="taskProperties"
                            nullable="true"
                            required="false"
                            type="reference"/>
                     <field label="Output Parameters"
                            name="output"
                            nullable="true"
                            required="false"
                            type="reference"/>
                     <field label="Fault"
                            name="fault"
                            nullable="true"
                            required="false"
                            type="reference"/>
                  </detail>
               </processObject>
               <processObject xmlns="http://schemas.active-endpoints.com/appmodules/screenflow/2011/06/avosHostEnvironment.xsd"
                              displayName="mt-LoadBDV-RDV-SAT-LINK-INVESTMENT-TO-BDV-SAT-CONTRACT-AUA-SEG-Delete"
                              isByCopy="true"
                              name="mt-LoadBDV-RDV-SAT-LINK-INVESTMENT-TO-BDV-SAT-CONTRACT-AUA-SEG-Delete">
                  <description/>
                  <tags/>
                  <detail>
                     <field label="Input Parameters"
                            name="input"
                            nullable="true"
                            required="false"
                            type="reference"/>
                     <field label="InOut Parameters"
                            name="inout"
                            nullable="true"
                            required="false"
                            type="reference"/>
                     <field label="TaskProperties Parameters"
                            name="taskProperties"
                            nullable="true"
                            required="false"
                            type="reference"/>
                     <field label="Output Parameters"
                            name="output"
                            nullable="true"
                            required="false"
                            type="reference"/>
                     <field label="Fault"
                            name="fault"
                            nullable="true"
                            required="false"
                            type="reference"/>
                  </detail>
               </processObject>
            </dependencies>
         </taskflow>
      </types1:Entry>
      <types1:GUID>6IQrohkPzaChd0dlfi7yon</types1:GUID>
      <types1:DisplayName>tf_LoadBDV_45_Shared_Contracts_AUASeg</types1:DisplayName>
   </types1:Item>
   <types1:CurrentServerDateTime>2023-01-19T13:41:45.174Z</types1:CurrentServerDateTime>
</aetgt:getResponse>
