<aetgt:getResponse xmlns:aetgt="http://schemas.active-endpoints.com/appmodules/repository/2010/10/avrepository.xsd"
                   xmlns:types1="http://schemas.active-endpoints.com/appmodules/repository/2010/10/avrepository.xsd">
   <types1:Item>
      <types1:EntryId>s1vyoY2G7QnG5YL-gt-24847979-2022-04-19T13:59:48.297Z::tf.xml</types1:EntryId>
      <types1:Name>tf_Loading_Historical_Data_From_Commission_Portal-1</types1:Name>
      <types1:MimeType>application/xml+taskflow</types1:MimeType>
      <types1:Description>This task flow will load data extracted from the swagger API.</types1:Description>
      <types1:AppliesTo/>
      <types1:Tags/>
      <types1:VersionLabel>1.0</types1:VersionLabel>
      <types1:State>CURRENT</types1:State>
      <types1:ProcessGroup/>
      <types1:CreatedBy>rachid.fakhfakh@ia.ca</types1:CreatedBy>
      <types1:CreationDate>2022-04-19T13:59:48Z</types1:CreationDate>
      <types1:ModifiedBy/>
      <types1:PublicationStatus>unpublished</types1:PublicationStatus>
      <types1:AutosaveExists>false</types1:AutosaveExists>
      <types1:Entry>
         <taskflow xmlns="http://schemas.active-endpoints.com/appmodules/screenflow/2010/10/avosScreenflow.xsd"
                   xmlns:tfm="http://schemas.active-endpoints.com/appmodules/screenflow/2021/04/taskflowModel.xsd"
                   xmlns:list="urn:activevos:spi:list:functions"
                   displayName="tf_Loading_Historical_Data_From_Commission_Portal"
                   name="tf_Loading_Historical_Data_From_Commission_Portal-1"
                   overrideAPIName="false">
            <parameterSet xmlns="http://schemas.active-endpoints.com/appmodules/screenflow/2021/04/taskflowModel.xsd"/>
            <appliesTo/>
            <description>This task flow will load data extracted from the swagger API.</description>
            <tags/>
            <generator>Informatica Process Designer 11</generator>
            <tempFields>
               <field description="accounts_and_clients_summary's file name"
                      name="input_filename_1"
                      type="string">
                  <options>
                     <option name="required">false</option>
                  </options>
               </field>
               <field description="assets_summary_by_account_type's file name"
                      name="input_filename_2"
                      type="string">
                  <options>
                     <option name="required">false</option>
                  </options>
               </field>
               <field description="assets_summary_by_province's file name"
                      name="input_filename_3"
                      type="string">
                  <options>
                     <option name="required">false</option>
                  </options>
               </field>
               <field description="assets_summary_by_commission_type_and_product's file name"
                      name="input_filename_4"
                      type="string">
                  <options>
                     <option name="required">false</option>
                  </options>
               </field>
               <field description="assets_summary_by_product_type_and_7rvps's file name"
                      name="input_filename_5"
                      type="string">
                  <options>
                     <option name="required">false</option>
                  </options>
               </field>
               <field description="assets_summary_by_commission_type_ and _7rvps's file name"
                      name="input_filename_6"
                      type="string">
                  <options>
                     <option name="required">false</option>
                  </options>
               </field>
               <field description="iteration" name="iter" type="int">
                  <options>
                     <option name="required">false</option>
                  </options>
               </field>
            </tempFields>
            <notes/>
            <deployment suspendOnFault="false" tracingLevel="verbose">
               <rest/>
            </deployment>
            <flow id="a">
               <start id="b">
                  <link id="l1w9sila" targetId="l1w9sil9"/>
               </start>
               <assignment id="l1w9sil9">
                  <title>assign iter</title>
                  <operation source="formula" to="temp.iter">
                     <expression language="XQuery">1</expression>
                  </operation>
                  <link id="l1w9silb" targetId="l1v3ioz7"/>
               </assignment>
               <assignment id="l1v3ioz7">
                  <title>assign_filename</title>
                  <operation source="formula" to="temp.input_filename_1">
                     <expression language="XQuery">fn:concat("ACCOUNTS_AND_CLIENTS_SUMMARY__", $temp.iter )</expression>
                  </operation>
                  <operation source="formula" to="temp.input_filename_2">
                     <expression language="XQuery">fn:concat("ASSETS_SUMMARY_BY_ACCOUNT_TYPE__", $temp.iter )</expression>
                  </operation>
                  <operation source="formula" to="temp.input_filename_3">
                     <expression language="XQuery">fn:concat("ASSETS_SUMMARY_BY_PROVINCE__", $temp.iter )</expression>
                  </operation>
                  <operation source="formula" to="temp.input_filename_4">
                     <expression language="XQuery">fn:concat("ASSETS_SUMMARY_BY_COMMISSION_TYPE_AND_PRODUCT__", $temp.iter )</expression>
                  </operation>
                  <operation source="formula" to="temp.input_filename_5">
                     <expression language="XQuery">fn:concat("ASSET_SUMMARY_BY_PRODUCT_TYPE_RVP#1__", $temp.iter )</expression>
                  </operation>
                  <operation source="formula" to="temp.input_filename_6">
                     <expression language="XQuery">fn:concat("ASSET_SUMMARY_BY_COMMISSION_TYPE_RVP#1__",$temp.iter  )</expression>
                  </operation>
                  <link id="l1w9six5" targetId="l1w9six4"/>
               </assignment>
               <assignment id="l1v3ip0x">
                  <title>Itiration</title>
                  <operation source="formula" to="temp.iter">
                     <expression language="XQuery">$temp.iter + 1</expression>
                  </operation>
                  <link id="l1w9sj4h" targetId="l1w9sj4g"/>
               </assignment>
               <container id="l1w9six4" type="parallel">
                  <title>Parallel Paths 1</title>
                  <flow id="l1w9six8">
                     <subflow id="l1w9sixl">
                        <title>tf_accounts_and_clients_summary</title>
                        <subflowPath>value-not-set</subflowPath>
                        <runForEach>false</runForEach>
                        <input/>
                        <outputDef/>
                     </subflow>
                     <link id="l1w9six9" targetId="l1w9six4" type="containerLink"/>
                  </flow>
                  <flow id="l1w9sixb">
                     <subflow id="l1w9siy3">
                        <title>tf_assets_summary_by_account_type</title>
                        <subflowPath>value-not-set</subflowPath>
                        <runForEach>false</runForEach>
                        <input/>
                        <outputDef/>
                     </subflow>
                     <link id="l1w9sixc" targetId="l1w9six4" type="containerLink"/>
                  </flow>
                  <flow id="l1w9siym">
                     <subflow id="l1w9sizo">
                        <title>tf_assets_summary_by_province</title>
                        <subflowPath>value-not-set</subflowPath>
                        <runForEach>false</runForEach>
                        <input/>
                        <outputDef/>
                     </subflow>
                     <link id="l1w9siyn" targetId="l1w9six4" type="containerLink"/>
                  </flow>
                  <flow id="l1w9siyy">
                     <subflow id="l1w9sj0c">
                        <title>tf_assets_summary_by_commission_type_and_product</title>
                        <subflowPath>value-not-set</subflowPath>
                        <runForEach>false</runForEach>
                        <input/>
                        <outputDef/>
                     </subflow>
                     <link id="l1w9siyz" targetId="l1w9six4" type="containerLink"/>
                  </flow>
                  <flow id="l1w9sizb">
                     <subflow id="l1w9sj10">
                        <title>tf_assets_summary_by_product_type_and_7rvps</title>
                        <subflowPath>value-not-set</subflowPath>
                        <runForEach>false</runForEach>
                        <input/>
                        <outputDef/>
                     </subflow>
                     <link id="l1w9sizc" targetId="l1w9six4" type="containerLink"/>
                  </flow>
                  <flow id="l1w9sj1p">
                     <subflow id="l1w9sj23">
                        <title>tf_assets_summary_by_commission_type_ and _7rvps</title>
                        <subflowPath>value-not-set</subflowPath>
                        <runForEach>false</runForEach>
                        <input/>
                        <outputDef/>
                     </subflow>
                     <link id="l1w9sj1q" targetId="l1w9six4" type="containerLink"/>
                  </flow>
                  <link id="l1w9six7" targetId="l1w9six8" type="containerLink"/>
                  <link id="l1w9sixa" targetId="l1w9sixb" type="containerLink"/>
                  <link id="l1w9siyl" targetId="l1w9siym" type="containerLink"/>
                  <link id="l1w9siyx" targetId="l1w9siyy" type="containerLink"/>
                  <link id="l1w9siza" targetId="l1w9sizb" type="containerLink"/>
                  <link id="l1w9sj1o" targetId="l1w9sj1p" type="containerLink"/>
                  <link id="l1w9sj30" targetId="l1v3ip0x"/>
               </container>
               <container id="l1w9sj4g" type="exclusive">
                  <title>iterate or end</title>
                  <flow id="l1w9sj4k">
                     <jumpTo id="l1w9sj59">
                        <link id="l1w9sj5a" targetId="l1v3ioz7"/>
                     </jumpTo>
                  </flow>
                  <flow id="l1w9sj4n">
                     <link id="l1w9sj4o" targetId="l1w9sj4g" type="containerLink"/>
                  </flow>
                  <link id="l1w9sj4j" targetId="l1w9sj4k" type="containerLink">
                     <condition source="formula">
                        <function name="less-or-equals">
                           <arg name="left">{$temp.iter}</arg>
                           <arg name="right"/>
                        </function>
                     </condition>
                  </link>
                  <link id="l1w9sj4m" targetId="l1w9sj4n" type="containerLink"/>
                  <link id="l1w9sj50" targetId="l1w9sj4z"/>
               </container>
               <end id="l1w9sj4z">
                  <title>End 1</title>
               </end>
            </flow>
         </taskflow>
      </types1:Entry>
      <types1:GUID>8aPFJxfPxVbjvDg3cdoW2j</types1:GUID>
      <types1:DisplayName>tf_Loading_Historical_Data_From_Commission_Portal</types1:DisplayName>
   </types1:Item>
   <types1:CurrentServerDateTime>2023-01-19T13:39:23.995Z</types1:CurrentServerDateTime>
</aetgt:getResponse>
