<aetgt:getResponse xmlns:aetgt="http://schemas.active-endpoints.com/appmodules/repository/2010/10/avrepository.xsd"
                   xmlns:types1="http://schemas.active-endpoints.com/appmodules/repository/2010/10/avrepository.xsd">
   <types1:Item>
      <types1:EntryId>clvAhrswVYx8R8W-gt-42422192-2022-04-25T16:28:09.904Z::tf.xml</types1:EntryId>
      <types1:Name>tf_OnDemand_LoadSTG_20-30_PSA_IAPW_EXTERNAL_KPI_to_REF_MASTER_KPI_DATA_IAPW</types1:Name>
      <types1:MimeType>application/xml+taskflow</types1:MimeType>
      <types1:Description>This allows to load Manual_advisor_rvp STG table to finally load RDV tables (REF_MANUAL_ADVISOR_RVP_IAS and SAT_REF_MANUAL_ADVISOR_RVP_IAS).</types1:Description>
      <types1:AppliesTo/>
      <types1:Tags/>
      <types1:VersionLabel>1.0</types1:VersionLabel>
      <types1:State>CURRENT</types1:State>
      <types1:ProcessGroup/>
      <types1:CreatedBy>jihed.laamiri.adm@ia.ca</types1:CreatedBy>
      <types1:CreationDate>2022-04-25T16:28:10Z</types1:CreationDate>
      <types1:ModifiedBy>jihed.laamiri.adm@ia.ca</types1:ModifiedBy>
      <types1:ModificationDate>2022-07-29T15:27:47Z</types1:ModificationDate>
      <types1:PublicationStatus>published</types1:PublicationStatus>
      <types1:PublishedBy>jihed.laamiri.adm@ia.ca</types1:PublishedBy>
      <types1:PublicationDate>2022-07-29T15:33:26Z</types1:PublicationDate>
      <types1:PublishedContributionId>project:/tf.tf_OnDemand_LoadSTG_20-30_PSA_IAPW_EXTERNAL_KPI_to_REF_MASTER_KPI_DATA_IAPW/tf_OnDemand_LoadSTG_20-30_PSA_IAPW_EXTERNAL_KPI_to_REF_MASTER_KPI_DATA_IAPW.tf.xml</types1:PublishedContributionId>
      <types1:AutosaveExists>false</types1:AutosaveExists>
      <types1:Entry>
         <taskflow xmlns="http://schemas.active-endpoints.com/appmodules/screenflow/2010/10/avosScreenflow.xsd"
                   xmlns:tfm="http://schemas.active-endpoints.com/appmodules/screenflow/2021/04/taskflowModel.xsd"
                   xmlns:list="urn:activevos:spi:list:functions"
                   displayName="tf_OnDemand_LoadSTG_20-30_PSA_IAPW_EXTERNAL_KPI_to_REF_MASTER_KPI_DATA_IAPW"
                   name="tf_OnDemand_LoadSTG_20-30_PSA_IAPW_EXTERNAL_KPI_to_REF_MASTER_KPI_DATA_IAPW"
                   overrideAPIName="false">
            <parameterSet xmlns="http://schemas.active-endpoints.com/appmodules/screenflow/2021/04/taskflowModel.xsd"/>
            <appliesTo/>
            <description>This allows to load Manual_advisor_rvp STG table to finally load RDV tables (REF_MANUAL_ADVISOR_RVP_IAS and SAT_REF_MANUAL_ADVISOR_RVP_IAS).</description>
            <tags/>
            <generator>Informatica Process Designer 11</generator>
            <input>
               <parameter description=""
                          name="input_filename"
                          required="true"
                          type="string">
                  <options>
                     <option name="required">false</option>
                  </options>
               </parameter>
               <parameter description=""
                          name="input_filepath"
                          required="true"
                          type="string">
                  <options>
                     <option name="required">false</option>
                  </options>
               </parameter>
            </input>
            <tempFields>
               <field description="Filename of the file detected by the filelistener"
                      name="temp_filename"
                      type="string">
                  <options>
                     <option name="required">false</option>
                  </options>
               </field>
               <field description="Data start date : extracted from the filename"
                      name="temp_dataStartDate"
                      type="date">
                  <options>
                     <option name="required">false</option>
                  </options>
               </field>
               <field description="" name="dt_Audit_EndJob" type="reference">
                  <options>
                     <option name="referenceTo">$po:mt-Audit-EndJob</option>
                     <option name="failOnNotRun">false</option>
                     <option name="failOnFault">false</option>
                  </options>
               </field>
               <field description=""
                      name="dt_LoadSTG_PSA_IAPW_To_STG_REF_MASTER_KPI_DATA_IAPW"
                      type="reference">
                  <options>
                     <option name="referenceTo">$po:mt-LoadSTG-PSA-IAPW-To-STG-REF-MASTER-KPI-DATA-IAPW</option>
                     <option name="failOnNotRun">false</option>
                     <option name="failOnFault">false</option>
                  </options>
               </field>
               <field description="" name="dt_Audit_StartJob_IAPW" type="reference">
                  <options>
                     <option name="referenceTo">$po:mt-Audit-StartJob</option>
                     <option name="failOnNotRun">false</option>
                     <option name="failOnFault">false</option>
                  </options>
               </field>
               <field description="" name="temp_JobName" type="string">
                  <options>
                     <option name="required">false</option>
                  </options>
               </field>
               <field description="" name="temp_tf_Audit_ID" type="string">
                  <options>
                     <option name="required">false</option>
                  </options>
               </field>
               <field description="" name="dt_STG_count_IAPW" type="reference">
                  <options>
                     <option name="failOnNotRun">false</option>
                     <option name="failOnFault">false</option>
                     <option name="referenceTo">$po:mt-STG-count</option>
                  </options>
               </field>
            </tempFields>
            <notes/>
            <deployment suspendOnFault="true" tracingLevel="verbose">
               <rest/>
               <emailProperties emailOnSuspend="true">
                  <emailTo>Pradeep.Poptani@ia.ca</emailTo>
                  <emailCc/>
                  <emailSubject>Suspended Job - OnDemand - MASTER_KPI_DATA_IAPW</emailSubject>
                  <emailContentType>html</emailContentType>
                  <emailBody>&lt;p&gt;Please investigate the file format and encoding.&lt;/p&gt;</emailBody>
               </emailProperties>
            </deployment>
            <flow id="a">
               <start id="b">
                  <link id="kggm4cjw" targetId="kfkit286"/>
               </start>
               <assignment id="kfkit286">
                  <title>asgn_Filename</title>
                  <operation source="field" to="temp.temp_filename">input.input_filename</operation>
                  <operation source="field" to="input.input_filepath">input.input_filepath</operation>
                  <link id="kfkk0zpk" targetId="kfkk0zpj"/>
               </assignment>
               <container id="kfkk0zpj" type="exclusive">
                  <title>dcn_REF_MASTER_KPI_DATA_INVESTIA_File</title>
                  <flow id="kfkk0zpn">
                     <assignment id="kfkk0zqz">
                        <title>asgn_StartJob_Parameters</title>
                        <operation source="formula" to="temp.temp_dataStartDate">
                           <expression language="XQuery">fn:concat('''',fn:substring-before(fn:substring-after($temp.temp_filename , '__'), '.'),'''')</expression>
                        </operation>
                        <operation source="formula" to="temp.temp_JobName">
                           <expression language="XQuery">fn:concat("'",util:getAssetName(),"'")</expression>
                        </operation>
                        <operation source="formula" to="temp.temp_tf_Audit_ID">
                           <expression language="XQuery">fn:concat("'",util:getAssetName(),"-", util:getProcessId(),"'")</expression>
                        </operation>
                        <operation source="constant"
                                   to="temp.dt_Audit_StartJob_IAPW[1]/inout[1]/io_Result">ERROR</operation>
                        <operation source="constant" to="temp.dt_STG_count_IAPW[1]/inout[1]/io_rowCount">0</operation>
                        <link id="kggm4cqk" targetId="kggm4cr0"/>
                     </assignment>
                     <eventContainer id="kggm4cr0">
                        <service id="kggm4cqj">
                           <title>dt_Audit_StartJob_IAPW</title>
                           <serviceName>ICSExecuteDataTask</serviceName>
                           <serviceGUID/>
                           <serviceInput>
                              <parameter name="Wait for Task to Complete" source="constant" updatable="true">true</parameter>
                              <parameter name="Max Wait" source="constant" updatable="true">604800</parameter>
                              <parameter name="Task Name" source="constant" updatable="true">mt_Audit_StartJob</parameter>
                              <parameter name="GUID" source="constant" updatable="true">hMPKYFuD7g1fzgnMaVouQq</parameter>
                              <parameter name="Task Type" source="constant" updatable="true">MCT</parameter>
                              <parameter name="Has Inout Parameters" source="constant" updatable="true">true</parameter>
                              <parameter name="taskField" source="nested">
                                 <operation source="field" to="mt-Audit-StartJob">temp.dt_Audit_StartJob_IAPW</operation>
                                 <operation source="field" to="mt-Audit-StartJob/inout[1]/io_JOB_AUDIT_ID">temp.temp_tf_Audit_ID</operation>
                                 <operation source="field" to="mt-Audit-StartJob/inout[1]/io_JOB_NAME">temp.temp_JobName</operation>
                                 <operation source="field" to="mt-Audit-StartJob/inout[1]/io_JOB_START_DT">temp.temp_dataStartDate</operation>
                              </parameter>
                           </serviceInput>
                           <serviceOutput>
                              <operation source="field" to="temp.dt_Audit_StartJob_IAPW/output/Object_Name">Object Name</operation>
                              <operation source="field" to="temp.dt_Audit_StartJob_IAPW/output/Run_Id">Run Id</operation>
                              <operation source="field" to="temp.dt_Audit_StartJob_IAPW/output/Log_Id">Log Id</operation>
                              <operation source="field" to="temp.dt_Audit_StartJob_IAPW/output/Task_Id">Task Id</operation>
                              <operation source="field" to="temp.dt_Audit_StartJob_IAPW/output/Task_Status">Task Status</operation>
                              <operation source="field"
                                         to="temp.dt_Audit_StartJob_IAPW/output/Success_Source_Rows">Success Source Rows</operation>
                              <operation source="field"
                                         to="temp.dt_Audit_StartJob_IAPW/output/Failed_Source_Rows">Failed Source Rows</operation>
                              <operation source="field"
                                         to="temp.dt_Audit_StartJob_IAPW/output/Success_Target_Rows">Success Target Rows</operation>
                              <operation source="field"
                                         to="temp.dt_Audit_StartJob_IAPW/output/Failed_Target_Rows">Failed Target Rows</operation>
                              <operation source="field" to="temp.dt_Audit_StartJob_IAPW/output/Start_Time">Start Time</operation>
                              <operation source="field" to="temp.dt_Audit_StartJob_IAPW/output/End_Time">End Time</operation>
                              <operation source="field" to="temp.dt_Audit_StartJob_IAPW/output/Error_Message">Error Message</operation>
                              <operation source="field" to="temp.dt_Audit_StartJob_IAPW/output/TotalTransErrors">Total Transformation Errors</operation>
                              <operation source="field" to="temp.dt_Audit_StartJob_IAPW/output/FirstErrorCode">First Error Code</operation>
                              <operation source="field" to="temp.dt_Audit_StartJob_IAPW/inout/io_Result">io_Result</operation>
                              <operation source="field" to="temp.dt_Audit_StartJob_IAPW/inout/io_JOB_START_DT">io_JOB_START_DT</operation>
                              <operation source="field" to="temp.dt_Audit_StartJob_IAPW/inout/io_JOB_NAME">io_JOB_NAME</operation>
                              <operation source="field" to="temp.dt_Audit_StartJob_IAPW/inout/io_JOB_AUDIT_ID">io_JOB_AUDIT_ID</operation>
                           </serviceOutput>
                        </service>
                        <link id="kggm4cql" targetId="kfkk0zt0"/>
                        <events>
                           <catch faultField="temp.dt_Audit_StartJob_IAPW/fault"
                                  id="kggm4cqy"
                                  interrupting="true"
                                  name="error"/>
                           <catch faultField="temp.dt_Audit_StartJob_IAPW/fault"
                                  id="kggm4cqz"
                                  interrupting="true"
                                  name="warning"/>
                        </events>
                     </eventContainer>
                     <eventContainer id="kfkk101o">
                        <service id="kfkk100w">
                           <title>dt_Audit_EndJob</title>
                           <serviceName>ICSExecuteDataTask</serviceName>
                           <serviceGUID/>
                           <serviceInput>
                              <parameter name="Wait for Task to Complete" source="constant" updatable="true">true</parameter>
                              <parameter name="Max Wait" source="constant" updatable="true">604800</parameter>
                              <parameter name="Task Name" source="constant" updatable="true">mt_Audit_EndJob</parameter>
                              <parameter name="GUID" source="constant" updatable="true">2jZJTqVO7NFgeyNjVYDTy4</parameter>
                              <parameter name="Task Type" source="constant" updatable="true">MCT</parameter>
                              <parameter name="Has Inout Parameters" source="constant" updatable="true">true</parameter>
                              <parameter name="taskField" source="nested">
                                 <operation source="field" to="mt-Audit-EndJob">temp.dt_Audit_EndJob</operation>
                                 <operation source="field" to="mt-Audit-EndJob/inout[1]/io_jobAuditID">temp.temp_tf_Audit_ID</operation>
                                 <operation source="constant" to="mt-Audit-EndJob/inout[1]/io_jobEndDesc">Successful execution</operation>
                                 <operation source="constant" to="mt-Audit-EndJob/inout[1]/io_jobEndStatus">SUCCESS</operation>
                                 <operation source="field" to="mt-Audit-EndJob/inout[1]/io_jobName">temp.temp_JobName</operation>
                                 <operation source="field" to="mt-Audit-EndJob/inout[1]/io_jobStartDate">temp.temp_dataStartDate</operation>
                              </parameter>
                           </serviceInput>
                           <serviceOutput>
                              <operation source="field" to="temp.dt_Audit_EndJob/output/Object_Name">Object Name</operation>
                              <operation source="field" to="temp.dt_Audit_EndJob/output/Run_Id">Run Id</operation>
                              <operation source="field" to="temp.dt_Audit_EndJob/output/Log_Id">Log Id</operation>
                              <operation source="field" to="temp.dt_Audit_EndJob/output/Task_Id">Task Id</operation>
                              <operation source="field" to="temp.dt_Audit_EndJob/output/Task_Status">Task Status</operation>
                              <operation source="field" to="temp.dt_Audit_EndJob/output/Success_Source_Rows">Success Source Rows</operation>
                              <operation source="field" to="temp.dt_Audit_EndJob/output/Failed_Source_Rows">Failed Source Rows</operation>
                              <operation source="field" to="temp.dt_Audit_EndJob/output/Success_Target_Rows">Success Target Rows</operation>
                              <operation source="field" to="temp.dt_Audit_EndJob/output/Failed_Target_Rows">Failed Target Rows</operation>
                              <operation source="field" to="temp.dt_Audit_EndJob/output/Start_Time">Start Time</operation>
                              <operation source="field" to="temp.dt_Audit_EndJob/output/End_Time">End Time</operation>
                              <operation source="field" to="temp.dt_Audit_EndJob/output/Error_Message">Error Message</operation>
                              <operation source="field" to="temp.dt_Audit_EndJob/inout/io_Result">io_Result</operation>
                              <operation source="field" to="temp.dt_Audit_EndJob/inout/io_jobName">io_jobName</operation>
                              <operation source="field" to="temp.dt_Audit_EndJob/inout/io_jobAuditID">io_jobAuditID</operation>
                              <operation source="field" to="temp.dt_Audit_EndJob/inout/io_jobStartDate">io_jobStartDate</operation>
                              <operation source="field" to="temp.dt_Audit_EndJob/inout/io_jobEndStatus">io_jobEndStatus</operation>
                              <operation source="field" to="temp.dt_Audit_EndJob/inout/io_jobEndDesc">io_jobEndDesc</operation>
                           </serviceOutput>
                        </service>
                        <events>
                           <catch faultField="temp.dt_Audit_EndJob/fault"
                                  id="kfkk101m"
                                  interrupting="true"
                                  name="error">
                              <suspend/>
                           </catch>
                           <catch faultField="temp.dt_Audit_EndJob/fault"
                                  id="kfkk101n"
                                  interrupting="true"
                                  name="warning"/>
                        </events>
                     </eventContainer>
                     <container id="kfkk0zt0" type="exclusive">
                        <title>dcn_StartJob_Result</title>
                        <flow id="kfkk0zt3">
                           <eventContainer id="kgcs1bie">
                              <service id="kgcs1bhp">
                                 <title>dt_LoadSTG_PSA_IAPW_To_STG_REF_MASTER_KPI_DATA_IAPW</title>
                                 <serviceName>ICSExecuteDataTask</serviceName>
                                 <serviceGUID/>
                                 <serviceInput>
                                    <parameter name="Wait for Task to Complete" source="constant" updatable="true">true</parameter>
                                    <parameter name="Max Wait" source="constant" updatable="true">604800</parameter>
                                    <parameter name="Task Name" source="constant" updatable="true">mt_LoadSTG_PSA_IAPW_To_STG_REF_MASTER_KPI_DATA_IAPW</parameter>
                                    <parameter name="GUID" source="constant" updatable="true">bvtuF7XlaKZb2DCZ5v2Typ</parameter>
                                    <parameter name="Task Type" source="constant" updatable="true">MCT</parameter>
                                    <parameter name="Has Inout Parameters" source="constant" updatable="true">true</parameter>
                                    <parameter name="taskField" source="nested">
                                       <operation source="field" to="mt-LoadSTG-PSA-IAPW-To-STG-REF-MASTER-KPI-DATA-IAPW">temp.dt_LoadSTG_PSA_IAPW_To_STG_REF_MASTER_KPI_DATA_IAPW</operation>
                                       <operation source="formula"
                                                  to="mt-LoadSTG-PSA-IAPW-To-STG-REF-MASTER-KPI-DATA-IAPW/inout[1]/io_PATH">
                                          <expression language="XQuery">fn:replace($input.input_filepath , fn:concat('/', $input.input_filename ), '')</expression>
                                       </operation>
                                    </parameter>
                                 </serviceInput>
                                 <serviceOutput>
                                    <operation source="field"
                                               to="temp.dt_LoadSTG_PSA_IAPW_To_STG_REF_MASTER_KPI_DATA_IAPW/output/Object_Name">Object Name</operation>
                                    <operation source="field"
                                               to="temp.dt_LoadSTG_PSA_IAPW_To_STG_REF_MASTER_KPI_DATA_IAPW/output/Run_Id">Run Id</operation>
                                    <operation source="field"
                                               to="temp.dt_LoadSTG_PSA_IAPW_To_STG_REF_MASTER_KPI_DATA_IAPW/output/Log_Id">Log Id</operation>
                                    <operation source="field"
                                               to="temp.dt_LoadSTG_PSA_IAPW_To_STG_REF_MASTER_KPI_DATA_IAPW/output/Task_Id">Task Id</operation>
                                    <operation source="field"
                                               to="temp.dt_LoadSTG_PSA_IAPW_To_STG_REF_MASTER_KPI_DATA_IAPW/output/Task_Status">Task Status</operation>
                                    <operation source="field"
                                               to="temp.dt_LoadSTG_PSA_IAPW_To_STG_REF_MASTER_KPI_DATA_IAPW/output/Success_Source_Rows">Success Source Rows</operation>
                                    <operation source="field"
                                               to="temp.dt_LoadSTG_PSA_IAPW_To_STG_REF_MASTER_KPI_DATA_IAPW/output/Failed_Source_Rows">Failed Source Rows</operation>
                                    <operation source="field"
                                               to="temp.dt_LoadSTG_PSA_IAPW_To_STG_REF_MASTER_KPI_DATA_IAPW/output/Success_Target_Rows">Success Target Rows</operation>
                                    <operation source="field"
                                               to="temp.dt_LoadSTG_PSA_IAPW_To_STG_REF_MASTER_KPI_DATA_IAPW/output/Failed_Target_Rows">Failed Target Rows</operation>
                                    <operation source="field"
                                               to="temp.dt_LoadSTG_PSA_IAPW_To_STG_REF_MASTER_KPI_DATA_IAPW/output/Start_Time">Start Time</operation>
                                    <operation source="field"
                                               to="temp.dt_LoadSTG_PSA_IAPW_To_STG_REF_MASTER_KPI_DATA_IAPW/output/End_Time">End Time</operation>
                                    <operation source="field"
                                               to="temp.dt_LoadSTG_PSA_IAPW_To_STG_REF_MASTER_KPI_DATA_IAPW/output/Error_Message">Error Message</operation>
                                    <operation source="field"
                                               to="temp.dt_LoadSTG_PSA_IAPW_To_STG_REF_MASTER_KPI_DATA_IAPW/output/TotalTransErrors">Total Transformation Errors</operation>
                                    <operation source="field"
                                               to="temp.dt_LoadSTG_PSA_IAPW_To_STG_REF_MASTER_KPI_DATA_IAPW/output/FirstErrorCode">First Error Code</operation>
                                    <operation source="field"
                                               to="temp.dt_LoadSTG_PSA_IAPW_To_STG_REF_MASTER_KPI_DATA_IAPW/inout/io_PATH">io_PATH</operation>
                                 </serviceOutput>
                              </service>
                              <link id="knqq72h4" targetId="knqq72iy"/>
                              <events>
                                 <catch faultField="temp.dt_LoadSTG_PSA_IAPW_To_STG_REF_MASTER_KPI_DATA_IAPW/fault"
                                        id="kgcs1bic"
                                        interrupting="true"
                                        name="error">
                                    <suspend/>
                                 </catch>
                                 <catch faultField="temp.dt_LoadSTG_PSA_IAPW_To_STG_REF_MASTER_KPI_DATA_IAPW/fault"
                                        id="kgcs1bid"
                                        interrupting="true"
                                        name="warning"/>
                              </events>
                           </eventContainer>
                           <eventContainer id="knqq72iy">
                              <service id="knqq72h3">
                                 <title>dt_STG_count_IAPW</title>
                                 <serviceName>ICSExecuteDataTask</serviceName>
                                 <serviceGUID/>
                                 <serviceInput>
                                    <parameter name="Wait for Task to Complete" source="constant" updatable="true">true</parameter>
                                    <parameter name="Max Wait" source="constant" updatable="true">604800</parameter>
                                    <parameter name="Task Name" source="constant" updatable="true">mt_STG_count</parameter>
                                    <parameter name="GUID" source="constant" updatable="true">9GqQVsrsUWygE92fbasScR</parameter>
                                    <parameter name="Task Type" source="constant" updatable="true">MCT</parameter>
                                    <parameter name="Has Inout Parameters" source="constant" updatable="true">true</parameter>
                                    <parameter name="taskField" source="nested">
                                       <operation source="field" to="mt-STG-count">temp.dt_STG_count_IAPW</operation>
                                       <operation source="field" to="mt-STG-count/input[1]/i_Job_name">temp.temp_JobName</operation>
                                       <operation source="field" to="mt-STG-count/input[1]/i_job_start_date">temp.temp_dataStartDate</operation>
                                       <operation source="field" to="temp.dt_STG_count_IAPW[1]/input[1]/i_Job_name">temp.temp_JobName</operation>
                                       <operation source="field" to="temp.dt_STG_count_IAPW[1]/input[1]/i_job_start_date">temp.temp_dataStartDate</operation>
                                    </parameter>
                                 </serviceInput>
                                 <serviceOutput>
                                    <operation source="field" to="temp.dt_STG_count_IAPW/output/Object_Name">Object Name</operation>
                                    <operation source="field" to="temp.dt_STG_count_IAPW/output/Run_Id">Run Id</operation>
                                    <operation source="field" to="temp.dt_STG_count_IAPW/output/Log_Id">Log Id</operation>
                                    <operation source="field" to="temp.dt_STG_count_IAPW/output/Task_Id">Task Id</operation>
                                    <operation source="field" to="temp.dt_STG_count_IAPW/output/Task_Status">Task Status</operation>
                                    <operation source="field" to="temp.dt_STG_count_IAPW/output/Success_Source_Rows">Success Source Rows</operation>
                                    <operation source="field" to="temp.dt_STG_count_IAPW/output/Failed_Source_Rows">Failed Source Rows</operation>
                                    <operation source="field" to="temp.dt_STG_count_IAPW/output/Success_Target_Rows">Success Target Rows</operation>
                                    <operation source="field" to="temp.dt_STG_count_IAPW/output/Failed_Target_Rows">Failed Target Rows</operation>
                                    <operation source="field" to="temp.dt_STG_count_IAPW/output/Start_Time">Start Time</operation>
                                    <operation source="field" to="temp.dt_STG_count_IAPW/output/End_Time">End Time</operation>
                                    <operation source="field" to="temp.dt_STG_count_IAPW/output/Error_Message">Error Message</operation>
                                    <operation source="field" to="temp.dt_STG_count_IAPW/output/TotalTransErrors">Total Transformation Errors</operation>
                                    <operation source="field" to="temp.dt_STG_count_IAPW/output/FirstErrorCode">First Error Code</operation>
                                    <operation source="field" to="temp.dt_STG_count_IAPW/inout/io_rowCount">io_rowCount</operation>
                                 </serviceOutput>
                              </service>
                              <events>
                                 <catch faultField="temp.dt_STG_count_IAPW/fault"
                                        id="knqq72iw"
                                        interrupting="true"
                                        name="error">
                                    <suspend/>
                                 </catch>
                                 <catch faultField="temp.dt_STG_count_IAPW/fault"
                                        id="knqq72ix"
                                        interrupting="true"
                                        name="warning"/>
                              </events>
                           </eventContainer>
                           <link id="kfkk0zt4" targetId="kfkk0zt0" type="containerLink"/>
                        </flow>
                        <flow id="kfkk0zt6">
                           <throw id="kfkk0zu3">
                              <title>Throw_Error_StartJob</title>
                              <throwInput>
                                 <parameter name="code" source="field" updatable="true">temp.dt_Audit_StartJob[1]/inout[1]/io_Result</parameter>
                                 <parameter name="detail" source="constant" updatable="true"/>
                                 <parameter name="reason" source="constant" updatable="true"/>
                              </throwInput>
                           </throw>
                        </flow>
                        <link id="kfkk0zt2" targetId="kfkk0zt3" type="containerLink">
                           <condition source="formula">
                              <function name="contains">
                                 <arg name="left">{$temp.dt_Audit_StartJob_IAPW[1]/inout[1]/io_Result}</arg>
                                 <arg name="right">SUCCESS</arg>
                              </function>
                           </condition>
                        </link>
                        <link id="kfkk0zt5" targetId="kfkk0zt6" type="containerLink"/>
                        <link id="kfkk100x" targetId="kfkk101o"/>
                     </container>
                     <link id="kfkk0zpo" targetId="kfkk0zpj" type="containerLink"/>
                  </flow>
                  <flow id="kfkk0zpq">
                     <link id="kfkk0zpr" targetId="kfkk0zpj" type="containerLink"/>
                  </flow>
                  <link id="kfkk0zpm" targetId="kfkk0zpn" type="containerLink">
                     <condition source="formula">
                        <function name="contains">
                           <arg name="left">{$temp.temp_filename}</arg>
                           <arg name="right">MASTER_KPI_DATA_IAPW__</arg>
                        </function>
                     </condition>
                  </link>
                  <link id="kfkk0zpp" targetId="kfkk0zpq" type="containerLink"/>
                  <link id="kfkk0zve" targetId="c"/>
               </container>
               <end id="c"/>
            </flow>
            <dependencies>
               <processObject xmlns="http://schemas.active-endpoints.com/appmodules/screenflow/2011/06/avosHostEnvironment.xsd"
                              displayName="mt-Audit-EndJob"
                              isByCopy="true"
                              name="mt-Audit-EndJob">
                  <description/>
                  <tags/>
                  <detail>
                     <field label="Input Parameters"
                            name="input"
                            nullable="true"
                            required="false"
                            type="reference"/>
                     <field label="InOut Parameters"
                            name="inout"
                            nullable="true"
                            required="false"
                            type="reference"/>
                     <field label="TaskProperties Parameters"
                            name="taskProperties"
                            nullable="true"
                            required="false"
                            type="reference"/>
                     <field label="Output Parameters"
                            name="output"
                            nullable="true"
                            required="false"
                            type="reference"/>
                     <field label="Fault"
                            name="fault"
                            nullable="true"
                            required="false"
                            type="reference"/>
                  </detail>
               </processObject>
               <processObject xmlns="http://schemas.active-endpoints.com/appmodules/screenflow/2011/06/avosHostEnvironment.xsd"
                              displayName="mt-LoadSTG-PSA-IAPW-To-STG-REF-MASTER-KPI-DATA-IAPW"
                              isByCopy="true"
                              name="mt-LoadSTG-PSA-IAPW-To-STG-REF-MASTER-KPI-DATA-IAPW">
                  <description/>
                  <tags/>
                  <detail>
                     <field label="InOut Parameters"
                            name="inout"
                            nullable="true"
                            required="false"
                            type="reference"/>
                     <field label="TaskProperties Parameters"
                            name="taskProperties"
                            nullable="true"
                            required="false"
                            type="reference"/>
                     <field label="Output Parameters"
                            name="output"
                            nullable="true"
                            required="false"
                            type="reference"/>
                     <field label="Fault"
                            name="fault"
                            nullable="true"
                            required="false"
                            type="reference"/>
                  </detail>
               </processObject>
               <processObject xmlns="http://schemas.active-endpoints.com/appmodules/screenflow/2011/06/avosHostEnvironment.xsd"
                              displayName="mt-Audit-StartJob"
                              isByCopy="true"
                              name="mt-Audit-StartJob">
                  <description/>
                  <tags/>
                  <detail>
                     <field label="Input Parameters"
                            name="input"
                            nullable="true"
                            required="false"
                            type="reference"/>
                     <field label="InOut Parameters"
                            name="inout"
                            nullable="true"
                            required="false"
                            type="reference"/>
                     <field label="TaskProperties Parameters"
                            name="taskProperties"
                            nullable="true"
                            required="false"
                            type="reference"/>
                     <field label="Output Parameters"
                            name="output"
                            nullable="true"
                            required="false"
                            type="reference"/>
                     <field label="Fault"
                            name="fault"
                            nullable="true"
                            required="false"
                            type="reference"/>
                  </detail>
               </processObject>
               <processObject xmlns="http://schemas.active-endpoints.com/appmodules/screenflow/2011/06/avosHostEnvironment.xsd"
                              displayName="mt-STG-count"
                              isByCopy="true"
                              name="mt-STG-count">
                  <description/>
                  <tags/>
                  <detail>
                     <field label="Input Parameters"
                            name="input"
                            nullable="true"
                            required="false"
                            type="reference"/>
                     <field label="InOut Parameters"
                            name="inout"
                            nullable="true"
                            required="false"
                            type="reference"/>
                     <field label="TaskProperties Parameters"
                            name="taskProperties"
                            nullable="true"
                            required="false"
                            type="reference"/>
                     <field label="Output Parameters"
                            name="output"
                            nullable="true"
                            required="false"
                            type="reference"/>
                     <field label="Fault"
                            name="fault"
                            nullable="true"
                            required="false"
                            type="reference"/>
                  </detail>
               </processObject>
            </dependencies>
         </taskflow>
      </types1:Entry>
      <types1:GUID>4Z1p2LYeV2tcC60OAzPumB</types1:GUID>
      <types1:DisplayName>tf_OnDemand_LoadSTG_20-30_PSA_IAPW_EXTERNAL_KPI_to_REF_MASTER_KPI_DATA_IAPW</types1:DisplayName>
   </types1:Item>
   <types1:CurrentServerDateTime>2023-03-08T18:46:30.803Z</types1:CurrentServerDateTime>
</aetgt:getResponse>
