<aetgt:getResponse xmlns:aetgt="http://schemas.active-endpoints.com/appmodules/repository/2010/10/avrepository.xsd"
                   xmlns:types1="http://schemas.active-endpoints.com/appmodules/repository/2010/10/avrepository.xsd">
   <types1:Item>
      <types1:EntryId>hFIKUzeA8rJ4pbg-gt-31386319-2021-07-28T19:27:09.712Z::tf.xml</types1:EntryId>
      <types1:Name>tf_LoadRDV_20-30_PSA_IAS_FUNDATA_to_RDV_REF_FUND</types1:Name>
      <types1:MimeType>application/xml+taskflow</types1:MimeType>
      <types1:Description/>
      <types1:AppliesTo/>
      <types1:Tags/>
      <types1:VersionLabel>1.0</types1:VersionLabel>
      <types1:State>CURRENT</types1:State>
      <types1:ProcessGroup/>
      <types1:CreatedBy>vinita.singh.adm@ia.ca.SAML</types1:CreatedBy>
      <types1:CreationDate>2021-07-28T19:27:10Z</types1:CreationDate>
      <types1:ModifiedBy>jihed.laamiri.adm@ia.ca.SAML</types1:ModifiedBy>
      <types1:ModificationDate>2022-02-15T16:41:20Z</types1:ModificationDate>
      <types1:PublicationStatus>out-of-date</types1:PublicationStatus>
      <types1:PublishedBy>vinita.singh.adm@ia.ca.SAML</types1:PublishedBy>
      <types1:PublicationDate>2021-07-28T19:58:05Z</types1:PublicationDate>
      <types1:PublishedContributionId>project:/tf.tf_LoadRDV_20-30_PSA_IAS_FUNDATA_to_RDV_REF_FUND/tf_LoadRDV_20-30_PSA_IAS_FUNDATA_to_RDV_REF_FUND.tf.xml</types1:PublishedContributionId>
      <types1:AutosaveExists>false</types1:AutosaveExists>
      <types1:Entry>
         <taskflow xmlns="http://schemas.active-endpoints.com/appmodules/screenflow/2010/10/avosScreenflow.xsd"
                   xmlns:list="urn:activevos:spi:list:functions"
                   displayName="tf_LoadRDV_20-30_PSA_IAS_FUNDATA_to_RDV_REF_FUND"
                   name="tf_LoadRDV_20-30_PSA_IAS_FUNDATA_to_RDV_REF_FUND"
                   overrideAPIName="false">
            <appliesTo/>
            <description/>
            <tags/>
            <generator>Informatica Process Designer 11</generator>
            <input>
               <parameter description="" name="fl_IAS_FUNDATA" type="reference">
                  <options>
                     <option name="required">false</option>
                     <option name="referenceTo">$po:INTERNALB2BFILELISTENER1565084895</option>
                     <option name="isCopy">true</option>
                     <option name="guid">0brBObowVMogSRV9aTXCS8</option>
                  </options>
               </parameter>
            </input>
            <tempFields>
               <field description="Filename of the file detected by the filelistener"
                      name="temp_filename"
                      type="string">
                  <options>
                     <option name="required">false</option>
                  </options>
               </field>
               <field description="Data start date : extracted from the filename"
                      name="temp_dataStartDate"
                      type="date">
                  <options>
                     <option name="required">false</option>
                  </options>
               </field>
               <field description="" name="dt_Audit_EndJob" type="reference">
                  <options>
                     <option name="referenceTo">$po:mt-Audit-EndJob</option>
                     <option name="failOnNotRun">false</option>
                     <option name="failOnFault">false</option>
                  </options>
               </field>
               <field description=""
                      name="m_LoadSTG_PSA_IAS_FUNDATA_To_STG_Fund"
                      type="reference">
                  <options>
                     <option name="referenceTo">$po:m-LoadSTG-PSA-IAS-FUNDATA-To-STG-Fund</option>
                     <option name="failOnNotRun">false</option>
                     <option name="failOnFault">false</option>
                  </options>
               </field>
               <field description="" name="dt_Audit_StartJob" type="reference">
                  <options>
                     <option name="referenceTo">$po:mt-Audit-StartJob</option>
                     <option name="failOnNotRun">false</option>
                     <option name="failOnFault">false</option>
                  </options>
               </field>
               <field description="" name="temp_JobName" type="string">
                  <options>
                     <option name="required">false</option>
                  </options>
               </field>
               <field description="" name="temp_tf_Audit_ID" type="string">
                  <options>
                     <option name="required">false</option>
                  </options>
               </field>
               <field description="" name="mt_STG_count" type="reference">
                  <options>
                     <option name="failOnNotRun">false</option>
                     <option name="failOnFault">false</option>
                     <option name="referenceTo">$po:mt-STG-count</option>
                  </options>
               </field>
               <field description=""
                      name="mt_LoadRDV_STG_IAS_FUNDATA_To_RefFund"
                      type="reference">
                  <options>
                     <option name="referenceTo">$po:mt-LoadRDV-STG-IAS-FUNDATA-To-RefFund</option>
                  </options>
               </field>
               <field description=""
                      name="mt_LoadRDV_STG_IAS_FUNDATA_To_RefFund_Insert"
                      type="reference">
                  <options>
                     <option name="referenceTo">$po:mt-LoadRDV-STG-IAS-FUNDATA-To-RefFund-Insert</option>
                  </options>
               </field>
               <field description=""
                      name="mt_LoadRDV_STG_IAS_FUNDATA_To_RefFund_Delete"
                      type="reference">
                  <options>
                     <option name="referenceTo">$po:mt-LoadRDV-STG-IAS-FUNDATA-To-RefFund-Delete</option>
                  </options>
               </field>
            </tempFields>
            <notes/>
            <deployment suspendOnFault="false" tracingLevel="verbose">
               <event eventSource="fileListenerTask:fl_IAS_FUNDATA"/>
            </deployment>
            <flow id="a">
               <start id="b">
                  <link id="kggm4cjw" targetId="kfkit286"/>
               </start>
               <assignment id="kfkit286">
                  <title>asgn_Filename</title>
                  <operation source="field" to="temp.temp_filename">input.fl_IAS_FUNDATA[1]/arrivedFiles[1]/name</operation>
                  <link id="kfkk0zpk" targetId="kfkk0zpj"/>
               </assignment>
               <container id="kfkk0zpj" type="exclusive">
                  <title>dcn_FundFile</title>
                  <flow id="kfkk0zpn">
                     <assignment id="kfkk0zqz">
                        <title>asgn_StartJob_Parameters</title>
                        <operation source="formula" to="temp.temp_dataStartDate">
                           <expression language="XQuery">fn:concat('''',fn:substring-before(fn:substring-after($temp.temp_filename , '__'), '.'),'''')</expression>
                        </operation>
                        <operation source="formula" to="temp.temp_JobName">
                           <expression language="XQuery">fn:concat("'",util:getAssetName(),"'")</expression>
                        </operation>
                        <operation source="formula" to="temp.temp_tf_Audit_ID">
                           <expression language="XQuery">fn:concat("'",util:getAssetName(),"-", util:getProcessId(),"'")</expression>
                        </operation>
                        <operation source="constant" to="temp.dt_Audit_StartJob[1]/inout[1]/io_Result">ERROR</operation>
                        <operation source="constant" to="temp.mt_STG_count[1]/inout[1]/io_rowCount">0</operation>
                        <link id="kggm4cqk" targetId="kggm4cr0"/>
                     </assignment>
                     <eventContainer id="kggm4cr0">
                        <service id="kggm4cqj">
                           <title>dt_Audit_StartJob</title>
                           <serviceName>ICSExecuteDataTask</serviceName>
                           <serviceGUID/>
                           <serviceInput>
                              <parameter name="Wait for Task to Complete" source="constant" updatable="true">true</parameter>
                              <parameter name="Max Wait" source="constant" updatable="true">604800</parameter>
                              <parameter name="Task Name" source="constant" updatable="true">mt_Audit_StartJob</parameter>
                              <parameter name="GUID" source="constant" updatable="true">1h0uCtXvpYIbTSI9iPsQqM</parameter>
                              <parameter name="Task Type" source="constant" updatable="true">MCT</parameter>
                              <parameter name="Has Inout Parameters" source="constant" updatable="true">true</parameter>
                              <parameter name="taskField" source="nested">
                                 <operation source="field" to="mt-Audit-StartJob">temp.dt_Audit_StartJob</operation>
                                 <operation source="field" to="mt-Audit-StartJob/inout[1]/io_JOB_AUDIT_ID">temp.temp_tf_Audit_ID</operation>
                                 <operation source="field" to="mt-Audit-StartJob/inout[1]/io_JOB_NAME">temp.temp_JobName</operation>
                                 <operation source="field" to="mt-Audit-StartJob/inout[1]/io_JOB_START_DT">temp.temp_dataStartDate</operation>
                              </parameter>
                           </serviceInput>
                           <serviceOutput>
                              <operation source="field" to="temp.dt_Audit_StartJob/output/Object_Name">Object Name</operation>
                              <operation source="field" to="temp.dt_Audit_StartJob/output/Run_Id">Run Id</operation>
                              <operation source="field" to="temp.dt_Audit_StartJob/output/Log_Id">Log Id</operation>
                              <operation source="field" to="temp.dt_Audit_StartJob/output/Task_Id">Task Id</operation>
                              <operation source="field" to="temp.dt_Audit_StartJob/output/Task_Status">Task Status</operation>
                              <operation source="field" to="temp.dt_Audit_StartJob/output/Success_Source_Rows">Success Source Rows</operation>
                              <operation source="field" to="temp.dt_Audit_StartJob/output/Failed_Source_Rows">Failed Source Rows</operation>
                              <operation source="field" to="temp.dt_Audit_StartJob/output/Success_Target_Rows">Success Target Rows</operation>
                              <operation source="field" to="temp.dt_Audit_StartJob/output/Failed_Target_Rows">Failed Target Rows</operation>
                              <operation source="field" to="temp.dt_Audit_StartJob/output/Start_Time">Start Time</operation>
                              <operation source="field" to="temp.dt_Audit_StartJob/output/End_Time">End Time</operation>
                              <operation source="field" to="temp.dt_Audit_StartJob/output/Error_Message">Error Message</operation>
                              <operation source="field" to="temp.dt_Audit_StartJob/inout/io_Result">io_Result</operation>
                              <operation source="field" to="temp.dt_Audit_StartJob/inout/io_JOB_START_DT">io_JOB_START_DT</operation>
                              <operation source="field" to="temp.dt_Audit_StartJob/inout/io_JOB_NAME">io_JOB_NAME</operation>
                              <operation source="field" to="temp.dt_Audit_StartJob/inout/io_JOB_AUDIT_ID">io_JOB_AUDIT_ID</operation>
                           </serviceOutput>
                        </service>
                        <link id="kggm4cql" targetId="kfkk0zt0"/>
                        <events>
                           <catch faultField="temp.dt_Audit_StartJob/fault"
                                  id="kggm4cqy"
                                  interrupting="true"
                                  name="error">
                              <suspend/>
                           </catch>
                           <catch faultField="temp.dt_Audit_StartJob/fault"
                                  id="kggm4cqz"
                                  interrupting="true"
                                  name="warning"/>
                        </events>
                     </eventContainer>
                     <eventContainer id="kfkk101o">
                        <service id="kfkk100w">
                           <title>dt_Audit_EndJob</title>
                           <serviceName>ICSExecuteDataTask</serviceName>
                           <serviceGUID/>
                           <serviceInput>
                              <parameter name="Wait for Task to Complete" source="constant" updatable="true">true</parameter>
                              <parameter name="Max Wait" source="constant" updatable="true">604800</parameter>
                              <parameter name="Task Name" source="constant" updatable="true">mt_Audit_EndJob</parameter>
                              <parameter name="GUID" source="constant" updatable="true">88zClobbaETlsgh2CItgAf</parameter>
                              <parameter name="Task Type" source="constant" updatable="true">MCT</parameter>
                              <parameter name="Has Inout Parameters" source="constant" updatable="true">true</parameter>
                              <parameter name="taskField" source="nested">
                                 <operation source="field" to="mt-Audit-EndJob">temp.dt_Audit_EndJob</operation>
                                 <operation source="field" to="mt-Audit-EndJob/inout[1]/io_jobAuditID">temp.temp_tf_Audit_ID</operation>
                                 <operation source="constant" to="mt-Audit-EndJob/inout[1]/io_jobEndDesc">Successful execution</operation>
                                 <operation source="constant" to="mt-Audit-EndJob/inout[1]/io_jobEndStatus">SUCCESS</operation>
                                 <operation source="field" to="mt-Audit-EndJob/inout[1]/io_jobName">temp.temp_JobName</operation>
                                 <operation source="field" to="mt-Audit-EndJob/inout[1]/io_jobStartDate">temp.temp_dataStartDate</operation>
                              </parameter>
                           </serviceInput>
                           <serviceOutput>
                              <operation source="field" to="temp.dt_Audit_EndJob/output/Object_Name">Object Name</operation>
                              <operation source="field" to="temp.dt_Audit_EndJob/output/Run_Id">Run Id</operation>
                              <operation source="field" to="temp.dt_Audit_EndJob/output/Log_Id">Log Id</operation>
                              <operation source="field" to="temp.dt_Audit_EndJob/output/Task_Id">Task Id</operation>
                              <operation source="field" to="temp.dt_Audit_EndJob/output/Task_Status">Task Status</operation>
                              <operation source="field" to="temp.dt_Audit_EndJob/output/Success_Source_Rows">Success Source Rows</operation>
                              <operation source="field" to="temp.dt_Audit_EndJob/output/Failed_Source_Rows">Failed Source Rows</operation>
                              <operation source="field" to="temp.dt_Audit_EndJob/output/Success_Target_Rows">Success Target Rows</operation>
                              <operation source="field" to="temp.dt_Audit_EndJob/output/Failed_Target_Rows">Failed Target Rows</operation>
                              <operation source="field" to="temp.dt_Audit_EndJob/output/Start_Time">Start Time</operation>
                              <operation source="field" to="temp.dt_Audit_EndJob/output/End_Time">End Time</operation>
                              <operation source="field" to="temp.dt_Audit_EndJob/output/Error_Message">Error Message</operation>
                              <operation source="field" to="temp.dt_Audit_EndJob/inout/io_Result">io_Result</operation>
                              <operation source="field" to="temp.dt_Audit_EndJob/inout/io_jobName">io_jobName</operation>
                              <operation source="field" to="temp.dt_Audit_EndJob/inout/io_jobAuditID">io_jobAuditID</operation>
                              <operation source="field" to="temp.dt_Audit_EndJob/inout/io_jobStartDate">io_jobStartDate</operation>
                              <operation source="field" to="temp.dt_Audit_EndJob/inout/io_jobEndStatus">io_jobEndStatus</operation>
                              <operation source="field" to="temp.dt_Audit_EndJob/inout/io_jobEndDesc">io_jobEndDesc</operation>
                           </serviceOutput>
                        </service>
                        <events>
                           <catch faultField="temp.dt_Audit_EndJob/fault"
                                  id="kfkk101m"
                                  interrupting="true"
                                  name="error">
                              <suspend/>
                           </catch>
                           <catch faultField="temp.dt_Audit_EndJob/fault"
                                  id="kfkk101n"
                                  interrupting="true"
                                  name="warning"/>
                        </events>
                     </eventContainer>
                     <container id="kfkk0zt0" type="exclusive">
                        <title>dcn_StartJob_Result</title>
                        <flow id="kfkk0zt3">
                           <eventContainer id="kgcs1bie">
                              <service id="kgcs1bhp">
                                 <title>m_LoadSTG_PSA_IAS_FUNDATA_To_STG_Fund</title>
                                 <serviceName>ICSExecuteDataTask</serviceName>
                                 <serviceGUID/>
                                 <serviceInput>
                                    <parameter name="Wait for Task to Complete" source="constant" updatable="true">true</parameter>
                                    <parameter name="Max Wait" source="constant" updatable="true">604800</parameter>
                                    <parameter name="Task Name" source="constant" updatable="true">m_LoadSTG_PSA_IAS_FUNDATA_To_STG_Fund</parameter>
                                    <parameter name="GUID" source="constant" updatable="true">53t58Y6PtDpeIfiFijCLMu</parameter>
                                    <parameter name="Task Type" source="constant" updatable="true">MCT</parameter>
                                    <parameter name="Has Inout Parameters" source="constant" updatable="true">false</parameter>
                                    <parameter name="taskField" source="nested">
                                       <operation source="field" to="m-LoadSTG-PSA-IAS-FUNDATA-To-STG-Fund">temp.m_LoadSTG_PSA_IAS_FUNDATA_To_STG_Fund</operation>
                                       <operation source="formula"
                                                  to="m-LoadSTG-PSA-IAS-FUNDATA-To-STG-Fund/inout[1]/io_PATH">
                                          <expression language="XQuery">fn:replace($input.fl_IAS_FUNDATA[1]/arrivedFiles[1]/path , fn:concat('/', $input.fl_IAS_FUNDATA[1]/arrivedFiles[1]/name ), '')</expression>
                                       </operation>
                                    </parameter>
                                 </serviceInput>
                                 <serviceOutput>
                                    <operation source="field"
                                               to="temp.m_LoadSTG_PSA_IAS_FUNDATA_To_STG_Fund/output/Object_Name">Object Name</operation>
                                    <operation source="field"
                                               to="temp.m_LoadSTG_PSA_IAS_FUNDATA_To_STG_Fund/output/Run_Id">Run Id</operation>
                                    <operation source="field"
                                               to="temp.m_LoadSTG_PSA_IAS_FUNDATA_To_STG_Fund/output/Log_Id">Log Id</operation>
                                    <operation source="field"
                                               to="temp.m_LoadSTG_PSA_IAS_FUNDATA_To_STG_Fund/output/Task_Id">Task Id</operation>
                                    <operation source="field"
                                               to="temp.m_LoadSTG_PSA_IAS_FUNDATA_To_STG_Fund/output/Task_Status">Task Status</operation>
                                    <operation source="field"
                                               to="temp.m_LoadSTG_PSA_IAS_FUNDATA_To_STG_Fund/output/Success_Source_Rows">Success Source Rows</operation>
                                    <operation source="field"
                                               to="temp.m_LoadSTG_PSA_IAS_FUNDATA_To_STG_Fund/output/Failed_Source_Rows">Failed Source Rows</operation>
                                    <operation source="field"
                                               to="temp.m_LoadSTG_PSA_IAS_FUNDATA_To_STG_Fund/output/Success_Target_Rows">Success Target Rows</operation>
                                    <operation source="field"
                                               to="temp.m_LoadSTG_PSA_IAS_FUNDATA_To_STG_Fund/output/Failed_Target_Rows">Failed Target Rows</operation>
                                    <operation source="field"
                                               to="temp.m_LoadSTG_PSA_IAS_FUNDATA_To_STG_Fund/output/Start_Time">Start Time</operation>
                                    <operation source="field"
                                               to="temp.m_LoadSTG_PSA_IAS_FUNDATA_To_STG_Fund/output/End_Time">End Time</operation>
                                    <operation source="field"
                                               to="temp.m_LoadSTG_PSA_IAS_FUNDATA_To_STG_Fund/output/Error_Message">Error Message</operation>
                                 </serviceOutput>
                              </service>
                              <link id="knqhhh1o" targetId="knqhhh2j"/>
                              <events>
                                 <catch faultField="temp.m_LoadSTG_PSA_IAS_FUNDATA_To_STG_Fund/fault"
                                        id="kgcs1bic"
                                        interrupting="true"
                                        name="error">
                                    <suspend/>
                                 </catch>
                                 <catch faultField="temp.m_LoadSTG_PSA_IAS_FUNDATA_To_STG_Fund/fault"
                                        id="kgcs1bid"
                                        interrupting="true"
                                        name="warning"/>
                              </events>
                           </eventContainer>
                           <eventContainer id="knqhhh2j">
                              <service id="knqhhh1n">
                                 <title>mt_STG_count</title>
                                 <serviceName>ICSExecuteDataTask</serviceName>
                                 <serviceGUID/>
                                 <serviceInput>
                                    <parameter name="Wait for Task to Complete" source="constant" updatable="true">true</parameter>
                                    <parameter name="Max Wait" source="constant" updatable="true">604800</parameter>
                                    <parameter name="Task Name" source="constant" updatable="true">mt_STG_count</parameter>
                                    <parameter name="GUID" source="constant" updatable="true">jRh34hvHWCPbGq8VLA6cO4</parameter>
                                    <parameter name="Task Type" source="constant" updatable="true">MCT</parameter>
                                    <parameter name="Has Inout Parameters" source="constant" updatable="true">true</parameter>
                                    <parameter name="taskField" source="nested">
                                       <operation source="field" to="mt-STG-count">temp.mt_STG_count</operation>
                                       <operation source="field" to="mt-STG-count/input[1]/i_Job_name">temp.temp_JobName</operation>
                                       <operation source="field" to="mt-STG-count/input[1]/i_job_start_date">temp.temp_dataStartDate</operation>
                                    </parameter>
                                 </serviceInput>
                                 <serviceOutput>
                                    <operation source="field" to="temp.mt_STG_count/output/Object_Name">Object Name</operation>
                                    <operation source="field" to="temp.mt_STG_count/output/Run_Id">Run Id</operation>
                                    <operation source="field" to="temp.mt_STG_count/output/Log_Id">Log Id</operation>
                                    <operation source="field" to="temp.mt_STG_count/output/Task_Id">Task Id</operation>
                                    <operation source="field" to="temp.mt_STG_count/output/Task_Status">Task Status</operation>
                                    <operation source="field" to="temp.mt_STG_count/output/Success_Source_Rows">Success Source Rows</operation>
                                    <operation source="field" to="temp.mt_STG_count/output/Failed_Source_Rows">Failed Source Rows</operation>
                                    <operation source="field" to="temp.mt_STG_count/output/Success_Target_Rows">Success Target Rows</operation>
                                    <operation source="field" to="temp.mt_STG_count/output/Failed_Target_Rows">Failed Target Rows</operation>
                                    <operation source="field" to="temp.mt_STG_count/output/Start_Time">Start Time</operation>
                                    <operation source="field" to="temp.mt_STG_count/output/End_Time">End Time</operation>
                                    <operation source="field" to="temp.mt_STG_count/output/Error_Message">Error Message</operation>
                                    <operation source="field" to="temp.mt_STG_count/inout/io_rowCount">io_rowCount</operation>
                                 </serviceOutput>
                              </service>
                              <link id="knqhhh20" targetId="knqhhh1z"/>
                              <events>
                                 <catch faultField="temp.mt_STG_count/fault"
                                        id="knqhhh2h"
                                        interrupting="true"
                                        name="error">
                                    <suspend/>
                                 </catch>
                                 <catch faultField="temp.mt_STG_count/fault"
                                        id="knqhhh2i"
                                        interrupting="true"
                                        name="warning"/>
                              </events>
                           </eventContainer>
                           <container id="knqhhh1z" type="exclusive">
                              <title>dcn_row_count</title>
                              <flow id="knqhhh23">
                                 <container id="knqhhh4e" type="parallel">
                                    <title>Parallel_LoadRdv</title>
                                    <flow id="knqhhh4f">
                                       <eventContainer id="knqhhh4g">
                                          <service id="knqhhh4h">
                                             <title>mt_LoadRDV_STG_IAS_FUNDATA_To_RefFund</title>
                                             <serviceName>ICSExecuteDataTask</serviceName>
                                             <serviceGUID/>
                                             <serviceInput>
                                                <parameter name="Wait for Task to Complete" source="constant" updatable="true">true</parameter>
                                                <parameter name="Max Wait" source="constant" updatable="true">604800</parameter>
                                                <parameter name="Task Name" source="constant" updatable="true">mt_LoadRDV_STG_IAS_FUNDATA_To_RefFund</parameter>
                                                <parameter name="GUID" source="constant" updatable="true">0taCSRREm9wb4w0UwloH4D</parameter>
                                                <parameter name="Task Type" source="constant" updatable="true">MCT</parameter>
                                                <parameter name="Has Inout Parameters" source="constant" updatable="true">false</parameter>
                                                <parameter name="taskField" source="nested">
                                                   <operation source="field" to="mt-LoadRDV-STG-IAS-FUNDATA-To-RefFund">temp.mt_LoadRDV_STG_IAS_FUNDATA_To_RefFund</operation>
                                                   <operation source="field"
                                                              to="mt-LoadRDV-STG-IAS-FUNDATA-To-RefFund/inout[1]/io_tf_Audit_ID">temp.temp_tf_Audit_ID</operation>
                                                </parameter>
                                             </serviceInput>
                                             <serviceOutput>
                                                <operation source="field"
                                                           to="temp.mt_LoadRDV_STG_IAS_FUNDATA_To_RefFund/output/Object_Name">Object Name</operation>
                                                <operation source="field"
                                                           to="temp.mt_LoadRDV_STG_IAS_FUNDATA_To_RefFund/output/Run_Id">Run Id</operation>
                                                <operation source="field"
                                                           to="temp.mt_LoadRDV_STG_IAS_FUNDATA_To_RefFund/output/Log_Id">Log Id</operation>
                                                <operation source="field"
                                                           to="temp.mt_LoadRDV_STG_IAS_FUNDATA_To_RefFund/output/Task_Id">Task Id</operation>
                                                <operation source="field"
                                                           to="temp.mt_LoadRDV_STG_IAS_FUNDATA_To_RefFund/output/Task_Status">Task Status</operation>
                                                <operation source="field"
                                                           to="temp.mt_LoadRDV_STG_IAS_FUNDATA_To_RefFund/output/Success_Source_Rows">Success Source Rows</operation>
                                                <operation source="field"
                                                           to="temp.mt_LoadRDV_STG_IAS_FUNDATA_To_RefFund/output/Failed_Source_Rows">Failed Source Rows</operation>
                                                <operation source="field"
                                                           to="temp.mt_LoadRDV_STG_IAS_FUNDATA_To_RefFund/output/Success_Target_Rows">Success Target Rows</operation>
                                                <operation source="field"
                                                           to="temp.mt_LoadRDV_STG_IAS_FUNDATA_To_RefFund/output/Failed_Target_Rows">Failed Target Rows</operation>
                                                <operation source="field"
                                                           to="temp.mt_LoadRDV_STG_IAS_FUNDATA_To_RefFund/output/Start_Time">Start Time</operation>
                                                <operation source="field"
                                                           to="temp.mt_LoadRDV_STG_IAS_FUNDATA_To_RefFund/output/End_Time">End Time</operation>
                                                <operation source="field"
                                                           to="temp.mt_LoadRDV_STG_IAS_FUNDATA_To_RefFund/output/Error_Message">Error Message</operation>
                                             </serviceOutput>
                                          </service>
                                          <events>
                                             <catch faultField="temp.mt_LoadRDV_STG_IAS_FUNDATA_To_RefFund/fault"
                                                    id="kfkk0zw3"
                                                    interrupting="true"
                                                    name="error">
                                                <suspend/>
                                             </catch>
                                             <catch faultField="temp.mt_LoadRDV_STG_IAS_FUNDATA_To_RefFund/fault"
                                                    id="kfkk0zw4"
                                                    interrupting="true"
                                                    name="warning"/>
                                          </events>
                                       </eventContainer>
                                       <link id="knqhhh4r" targetId="knqhhh4e" type="containerLink"/>
                                    </flow>
                                    <flow id="knqhhh4i">
                                       <eventContainer id="knqhhh4j">
                                          <service id="knqhhh4k">
                                             <title>mt_LoadRDV_STG_IAS_FUNDATA_To_RefFund_Insert</title>
                                             <serviceName>ICSExecuteDataTask</serviceName>
                                             <serviceGUID/>
                                             <serviceInput>
                                                <parameter name="Wait for Task to Complete" source="constant" updatable="true">true</parameter>
                                                <parameter name="Max Wait" source="constant" updatable="true">604800</parameter>
                                                <parameter name="Task Name" source="constant" updatable="true">mt_LoadRDV_STG_IAS_FUNDATA_To_RefFund_Insert</parameter>
                                                <parameter name="GUID" source="constant" updatable="true">1UXDEp1NmX0cDs0TA1e18U</parameter>
                                                <parameter name="Task Type" source="constant" updatable="true">MCT</parameter>
                                                <parameter name="Has Inout Parameters" source="constant" updatable="true">false</parameter>
                                                <parameter name="taskField" source="nested">
                                                   <operation source="field" to="mt-LoadRDV-STG-IAS-FUNDATA-To-RefFund-Insert">temp.mt_LoadRDV_STG_IAS_FUNDATA_To_RefFund_Insert</operation>
                                                   <operation source="field"
                                                              to="mt-LoadRDV-STG-IAS-FUNDATA-To-RefFund-Insert/inout[1]/io_tf_Audit_ID">temp.temp_tf_Audit_ID</operation>
                                                </parameter>
                                             </serviceInput>
                                             <serviceOutput>
                                                <operation source="field"
                                                           to="temp.mt_LoadRDV_STG_IAS_FUNDATA_To_RefFund_Insert/output/Object_Name">Object Name</operation>
                                                <operation source="field"
                                                           to="temp.mt_LoadRDV_STG_IAS_FUNDATA_To_RefFund_Insert/output/Run_Id">Run Id</operation>
                                                <operation source="field"
                                                           to="temp.mt_LoadRDV_STG_IAS_FUNDATA_To_RefFund_Insert/output/Log_Id">Log Id</operation>
                                                <operation source="field"
                                                           to="temp.mt_LoadRDV_STG_IAS_FUNDATA_To_RefFund_Insert/output/Task_Id">Task Id</operation>
                                                <operation source="field"
                                                           to="temp.mt_LoadRDV_STG_IAS_FUNDATA_To_RefFund_Insert/output/Task_Status">Task Status</operation>
                                                <operation source="field"
                                                           to="temp.mt_LoadRDV_STG_IAS_FUNDATA_To_RefFund_Insert/output/Success_Source_Rows">Success Source Rows</operation>
                                                <operation source="field"
                                                           to="temp.mt_LoadRDV_STG_IAS_FUNDATA_To_RefFund_Insert/output/Failed_Source_Rows">Failed Source Rows</operation>
                                                <operation source="field"
                                                           to="temp.mt_LoadRDV_STG_IAS_FUNDATA_To_RefFund_Insert/output/Success_Target_Rows">Success Target Rows</operation>
                                                <operation source="field"
                                                           to="temp.mt_LoadRDV_STG_IAS_FUNDATA_To_RefFund_Insert/output/Failed_Target_Rows">Failed Target Rows</operation>
                                                <operation source="field"
                                                           to="temp.mt_LoadRDV_STG_IAS_FUNDATA_To_RefFund_Insert/output/Start_Time">Start Time</operation>
                                                <operation source="field"
                                                           to="temp.mt_LoadRDV_STG_IAS_FUNDATA_To_RefFund_Insert/output/End_Time">End Time</operation>
                                                <operation source="field"
                                                           to="temp.mt_LoadRDV_STG_IAS_FUNDATA_To_RefFund_Insert/output/Error_Message">Error Message</operation>
                                             </serviceOutput>
                                          </service>
                                          <events>
                                             <catch faultField="temp.mt_LoadRDV_STG_IAS_FUNDATA_To_RefFund_Insert/fault"
                                                    id="kfkk0zxg"
                                                    interrupting="true"
                                                    name="error">
                                                <suspend/>
                                             </catch>
                                             <catch faultField="temp.mt_LoadRDV_STG_IAS_FUNDATA_To_RefFund_Insert/fault"
                                                    id="kfkk0zxh"
                                                    interrupting="true"
                                                    name="warning"/>
                                          </events>
                                       </eventContainer>
                                       <link id="knqhhh4s" targetId="knqhhh4e" type="containerLink"/>
                                    </flow>
                                    <flow id="knqhhh4l">
                                       <eventContainer id="knqhhh4m">
                                          <service id="knqhhh4n">
                                             <title>mt_LoadRDV_STG_IAS_FUNDATA_To_RefFund_Delete</title>
                                             <serviceName>ICSExecuteDataTask</serviceName>
                                             <serviceGUID/>
                                             <serviceInput>
                                                <parameter name="Wait for Task to Complete" source="constant" updatable="true">true</parameter>
                                                <parameter name="Max Wait" source="constant" updatable="true">604800</parameter>
                                                <parameter name="Task Name" source="constant" updatable="true">mt_LoadRDV_STG_IAS_FUNDATA_To_RefFund_Delete</parameter>
                                                <parameter name="GUID" source="constant" updatable="true">34jJRVx9OiCeDtDMBT49Sg</parameter>
                                                <parameter name="Task Type" source="constant" updatable="true">MCT</parameter>
                                                <parameter name="Has Inout Parameters" source="constant" updatable="true">false</parameter>
                                                <parameter name="taskField" source="nested">
                                                   <operation source="field" to="mt-LoadRDV-STG-IAS-FUNDATA-To-RefFund-Delete">temp.mt_LoadRDV_STG_IAS_FUNDATA_To_RefFund_Delete</operation>
                                                   <operation source="field"
                                                              to="mt-LoadRDV-STG-IAS-FUNDATA-To-RefFund-Delete/input[1]/i_DATA_START_DATE">temp.temp_dataStartDate</operation>
                                                   <operation source="field"
                                                              to="mt-LoadRDV-STG-IAS-FUNDATA-To-RefFund-Delete/inout[1]/io_tf_Audit_ID">temp.temp_tf_Audit_ID</operation>
                                                </parameter>
                                             </serviceInput>
                                             <serviceOutput>
                                                <operation source="field"
                                                           to="temp.mt_LoadRDV_STG_IAS_FUNDATA_To_RefFund_Delete/output/Object_Name">Object Name</operation>
                                                <operation source="field"
                                                           to="temp.mt_LoadRDV_STG_IAS_FUNDATA_To_RefFund_Delete/output/Run_Id">Run Id</operation>
                                                <operation source="field"
                                                           to="temp.mt_LoadRDV_STG_IAS_FUNDATA_To_RefFund_Delete/output/Log_Id">Log Id</operation>
                                                <operation source="field"
                                                           to="temp.mt_LoadRDV_STG_IAS_FUNDATA_To_RefFund_Delete/output/Task_Id">Task Id</operation>
                                                <operation source="field"
                                                           to="temp.mt_LoadRDV_STG_IAS_FUNDATA_To_RefFund_Delete/output/Task_Status">Task Status</operation>
                                                <operation source="field"
                                                           to="temp.mt_LoadRDV_STG_IAS_FUNDATA_To_RefFund_Delete/output/Success_Source_Rows">Success Source Rows</operation>
                                                <operation source="field"
                                                           to="temp.mt_LoadRDV_STG_IAS_FUNDATA_To_RefFund_Delete/output/Failed_Source_Rows">Failed Source Rows</operation>
                                                <operation source="field"
                                                           to="temp.mt_LoadRDV_STG_IAS_FUNDATA_To_RefFund_Delete/output/Success_Target_Rows">Success Target Rows</operation>
                                                <operation source="field"
                                                           to="temp.mt_LoadRDV_STG_IAS_FUNDATA_To_RefFund_Delete/output/Failed_Target_Rows">Failed Target Rows</operation>
                                                <operation source="field"
                                                           to="temp.mt_LoadRDV_STG_IAS_FUNDATA_To_RefFund_Delete/output/Start_Time">Start Time</operation>
                                                <operation source="field"
                                                           to="temp.mt_LoadRDV_STG_IAS_FUNDATA_To_RefFund_Delete/output/End_Time">End Time</operation>
                                                <operation source="field"
                                                           to="temp.mt_LoadRDV_STG_IAS_FUNDATA_To_RefFund_Delete/output/Error_Message">Error Message</operation>
                                             </serviceOutput>
                                          </service>
                                          <events>
                                             <catch faultField="temp.mt_LoadRDV_STG_IAS_FUNDATA_To_RefFund_Delete/fault"
                                                    id="kfkk0zyq"
                                                    interrupting="true"
                                                    name="error">
                                                <suspend/>
                                             </catch>
                                             <catch faultField="temp.mt_LoadRDV_STG_IAS_FUNDATA_To_RefFund_Delete/fault"
                                                    id="kfkk0zyr"
                                                    interrupting="true"
                                                    name="warning"/>
                                          </events>
                                       </eventContainer>
                                       <link id="knqhhh4t" targetId="knqhhh4e" type="containerLink"/>
                                    </flow>
                                    <link id="knqhhh4o" targetId="knqhhh4f" type="containerLink"/>
                                    <link id="knqhhh4p" targetId="knqhhh4i" type="containerLink"/>
                                    <link id="knqhhh4q" targetId="knqhhh4l" type="containerLink"/>
                                 </container>
                                 <link id="knqhhh24" targetId="knqhhh1z" type="containerLink"/>
                              </flow>
                              <flow id="knqhhh26">
                                 <link id="knqhhh27" targetId="knqhhh1z" type="containerLink"/>
                              </flow>
                              <link id="knqhhh22" targetId="knqhhh23" type="containerLink">
                                 <condition source="formula">
                                    <function name="greater-than">
                                       <arg name="left">{$temp.mt_STG_count[1]/inout[1]/io_rowCount}</arg>
                                       <arg name="right">{0}</arg>
                                    </function>
                                 </condition>
                              </link>
                              <link id="knqhhh25" targetId="knqhhh26" type="containerLink"/>
                           </container>
                           <link id="kfkk0zt4" targetId="kfkk0zt0" type="containerLink"/>
                        </flow>
                        <flow id="kfkk0zt6">
                           <throw id="kfkk0zu3">
                              <title>Throw_Error_StartJob</title>
                              <throwInput>
                                 <parameter name="code" source="field" updatable="true">temp.dt_Audit_StartJob[1]/inout[1]/io_Result</parameter>
                                 <parameter name="detail" source="constant" updatable="true"/>
                                 <parameter name="reason" source="constant" updatable="true"/>
                              </throwInput>
                           </throw>
                        </flow>
                        <link id="kfkk0zt2" targetId="kfkk0zt3" type="containerLink">
                           <condition source="formula">
                              <function name="contains">
                                 <arg name="left">{$temp.dt_Audit_StartJob[1]/inout[1]/io_Result}</arg>
                                 <arg name="right">SUCCESS</arg>
                              </function>
                           </condition>
                        </link>
                        <link id="kfkk0zt5" targetId="kfkk0zt6" type="containerLink"/>
                        <link id="kfkk100x" targetId="kfkk101o"/>
                     </container>
                     <link id="kfkk0zpo" targetId="kfkk0zpj" type="containerLink"/>
                  </flow>
                  <flow id="kfkk0zpq">
                     <link id="kfkk0zpr" targetId="kfkk0zpj" type="containerLink"/>
                  </flow>
                  <link id="kfkk0zpm" targetId="kfkk0zpn" type="containerLink">
                     <condition source="formula">
                        <function name="contains">
                           <arg name="left">{$temp.temp_filename}</arg>
                           <arg name="right">FUNDATA__</arg>
                        </function>
                     </condition>
                  </link>
                  <link id="kfkk0zpp" targetId="kfkk0zpq" type="containerLink"/>
                  <link id="kfkk0zve" targetId="c"/>
               </container>
               <end id="c"/>
            </flow>
            <dependencies>
               <processObject xmlns="http://schemas.active-endpoints.com/appmodules/screenflow/2011/06/avosHostEnvironment.xsd"
                              displayName="mt-Audit-EndJob"
                              isByCopy="true"
                              name="mt-Audit-EndJob">
                  <description/>
                  <tags/>
                  <detail>
                     <field label="Input Parameters" name="input" type="reference"/>
                     <field label="InOut Parameters" name="inout" type="reference"/>
                     <field label="TaskProperties Parameters"
                            name="taskProperties"
                            type="reference"/>
                     <field label="Output Parameters" name="output" type="reference"/>
                     <field label="Fault" name="fault" type="reference"/>
                  </detail>
               </processObject>
               <processObject xmlns="http://schemas.active-endpoints.com/appmodules/screenflow/2011/06/avosHostEnvironment.xsd"
                              displayName="m-LoadSTG-PSA-IAS-FUNDATA-To-STG-Fund"
                              isByCopy="true"
                              name="m-LoadSTG-PSA-IAS-FUNDATA-To-STG-Fund">
                  <description/>
                  <tags/>
                  <detail>
                     <field label="InOut Parameters" name="inout" type="reference"/>
                     <field label="TaskProperties Parameters"
                            name="taskProperties"
                            type="reference"/>
                     <field label="Output Parameters" name="output" type="reference"/>
                     <field label="Fault" name="fault" type="reference"/>
                  </detail>
               </processObject>
               <processObject xmlns="http://schemas.active-endpoints.com/appmodules/screenflow/2011/06/avosHostEnvironment.xsd"
                              displayName="mt-Audit-StartJob"
                              isByCopy="true"
                              name="mt-Audit-StartJob">
                  <description/>
                  <tags/>
                  <detail>
                     <field label="Input Parameters" name="input" type="reference"/>
                     <field label="InOut Parameters" name="inout" type="reference"/>
                     <field label="TaskProperties Parameters"
                            name="taskProperties"
                            type="reference"/>
                     <field label="Output Parameters" name="output" type="reference"/>
                     <field label="Fault" name="fault" type="reference"/>
                  </detail>
               </processObject>
               <processObject xmlns="http://schemas.active-endpoints.com/appmodules/screenflow/2011/06/avosHostEnvironment.xsd"
                              displayName="mt-STG-count"
                              isByCopy="true"
                              name="mt-STG-count">
                  <description/>
                  <tags/>
                  <detail>
                     <field label="Input Parameters" name="input" type="reference"/>
                     <field label="InOut Parameters" name="inout" type="reference"/>
                     <field label="TaskProperties Parameters"
                            name="taskProperties"
                            type="reference"/>
                     <field label="Output Parameters" name="output" type="reference"/>
                     <field label="Fault" name="fault" type="reference"/>
                  </detail>
               </processObject>
               <processObject xmlns="http://schemas.active-endpoints.com/appmodules/screenflow/2011/06/avosHostEnvironment.xsd"
                              displayName="mt-LoadRDV-STG-IAS-FUNDATA-To-RefFund"
                              isByCopy="true"
                              name="mt-LoadRDV-STG-IAS-FUNDATA-To-RefFund">
                  <description/>
                  <tags/>
                  <detail>
                     <field label="Input Parameters" name="input" type="reference"/>
                     <field label="InOut Parameters" name="inout" type="reference"/>
                     <field label="TaskProperties Parameters"
                            name="taskProperties"
                            type="reference"/>
                     <field label="Output Parameters" name="output" type="reference"/>
                     <field label="Fault" name="fault" type="reference"/>
                  </detail>
               </processObject>
               <processObject xmlns="http://schemas.active-endpoints.com/appmodules/screenflow/2011/06/avosHostEnvironment.xsd"
                              displayName="mt-LoadRDV-STG-IAS-FUNDATA-To-RefFund-Insert"
                              isByCopy="true"
                              name="mt-LoadRDV-STG-IAS-FUNDATA-To-RefFund-Insert">
                  <description/>
                  <tags/>
                  <detail>
                     <field label="Input Parameters" name="input" type="reference"/>
                     <field label="InOut Parameters" name="inout" type="reference"/>
                     <field label="TaskProperties Parameters"
                            name="taskProperties"
                            type="reference"/>
                     <field label="Output Parameters" name="output" type="reference"/>
                     <field label="Fault" name="fault" type="reference"/>
                  </detail>
               </processObject>
               <processObject xmlns="http://schemas.active-endpoints.com/appmodules/screenflow/2011/06/avosHostEnvironment.xsd"
                              displayName="mt-LoadRDV-STG-IAS-FUNDATA-To-RefFund-Delete"
                              isByCopy="true"
                              name="mt-LoadRDV-STG-IAS-FUNDATA-To-RefFund-Delete">
                  <description/>
                  <tags/>
                  <detail>
                     <field label="Input Parameters" name="input" type="reference"/>
                     <field label="InOut Parameters" name="inout" type="reference"/>
                     <field label="TaskProperties Parameters"
                            name="taskProperties"
                            type="reference"/>
                     <field label="Output Parameters" name="output" type="reference"/>
                     <field label="Fault" name="fault" type="reference"/>
                  </detail>
               </processObject>
               <processObject xmlns="http://schemas.active-endpoints.com/appmodules/screenflow/2011/06/avosHostEnvironment.xsd"
                              displayName="INTERNALB2BFILELISTENER1565084895"
                              isByCopy="true"
                              name="INTERNALB2BFILELISTENER1565084895">
                  <description>This process object represents a taskflow specific file task field details.</description>
                  <tags/>
                  <detail>
                     <field label="Arrived Files" name="arrivedFiles" type="objectlist">
                        <options>
                           <option name="referenceTo">$po:INTERNALB2BFILELISTENER1565084895-arrivedFiles</option>
                           <option name="relationshipName">Child</option>
                           <option hide="true" name="multiSelect">true</option>
                           <option name="required">false</option>
                        </options>
                     </field>
                     <field label="Update Files" name="updatedFiles" type="objectlist">
                        <options>
                           <option name="referenceTo">$po:INTERNALB2BFILELISTENER1565084895-updatedFiles</option>
                           <option name="relationshipName">Child</option>
                           <option hide="true" name="multiSelect">true</option>
                           <option name="required">false</option>
                        </options>
                     </field>
                     <field label="Deleted Files" name="deletedFiles" type="objectlist">
                        <options>
                           <option name="referenceTo">$po:INTERNALB2BFILELISTENER1565084895-deletedFiles</option>
                           <option name="relationshipName">Child</option>
                           <option hide="true" name="multiSelect">true</option>
                           <option name="required">false</option>
                        </options>
                     </field>
                  </detail>
               </processObject>
               <processObject xmlns="http://schemas.active-endpoints.com/appmodules/screenflow/2011/06/avosHostEnvironment.xsd"
                              displayName="INTERNALB2BFILELISTENER1565084895-deletedFiles"
                              isByCopy="true"
                              name="INTERNALB2BFILELISTENER1565084895-deletedFiles">
                  <description>This process object represents file listener task deletedFiles structure.This is in case of taskflow.</description>
                  <tags/>
                  <detail>
                     <field label="Path" name="path" type="string"/>
                     <field label="Name" name="name" type="string"/>
                     <field label="Size" name="size" type="string"/>
                     <field label="Last Modified" name="lastModified" type="string"/>
                  </detail>
               </processObject>
               <processObject xmlns="http://schemas.active-endpoints.com/appmodules/screenflow/2011/06/avosHostEnvironment.xsd"
                              displayName="INTERNALB2BFILELISTENER1565084895-updatedFiles"
                              isByCopy="true"
                              name="INTERNALB2BFILELISTENER1565084895-updatedFiles">
                  <description>This process object represents a updatedFiles structure of the file task field.This is in case of taskflow.</description>
                  <tags/>
                  <detail>
                     <field label="Path" name="path" type="string"/>
                     <field label="Name" name="name" type="string"/>
                     <field label="Size" name="size" type="string"/>
                     <field label="Last Modified" name="lastModified" type="string"/>
                  </detail>
               </processObject>
               <processObject xmlns="http://schemas.active-endpoints.com/appmodules/screenflow/2011/06/avosHostEnvironment.xsd"
                              displayName="INTERNALB2BFILELISTENER1565084895-arrivedFiles"
                              isByCopy="true"
                              name="INTERNALB2BFILELISTENER1565084895-arrivedFiles">
                  <description>This process object represents a arrivedFiles structure of the file task field.This is in case of taskflow.</description>
                  <tags/>
                  <detail>
                     <field label="Path" name="path" type="string"/>
                     <field label="Name" name="name" type="string"/>
                     <field label="Size" name="size" type="string"/>
                     <field label="Last Modified" name="lastModified" type="string"/>
                  </detail>
               </processObject>
            </dependencies>
         </taskflow>
      </types1:Entry>
      <types1:GUID>6tdOKvKA0iPehtfyWKkEas</types1:GUID>
      <types1:DisplayName>tf_LoadRDV_20-30_PSA_IAS_FUNDATA_to_RDV_REF_FUND</types1:DisplayName>
   </types1:Item>
   <types1:CurrentServerDateTime>2023-03-08T18:58:53.186Z</types1:CurrentServerDateTime>
</aetgt:getResponse>
