{
	"name": "tf_INITIAL_LOADING_INVESTIA_LoadBDV_43_Transactions_Transactions",
	"properties": {
		"activities": [
			{
				"name": "dcn_StartJob_Result",
				"type": "IfCondition",
				"dependsOn": [
					{
						"activity": "mt_audit_startJob_NextDate",
						"dependencyConditions": [
							"Succeeded"
						]
					}
				],
				"userProperties": [],
				"typeProperties": {
					"expression": {
						"value": "@contains(activity('mt_audit_startJob_NextDate').output.resultSets[0]['rows'][0].USP_AUDIT_START_JOB_VARIABLE_SET,'SUCCESS')",
						"type": "Expression"
					},
					"ifFalseActivities": [
						{
							"name": "Throw_Error_Start_Job",
							"type": "Fail",
							"dependsOn": [],
							"userProperties": [],
							"typeProperties": {
								"message": {
									"value": "@activity('mt_audit_startJob_NextDate_Pre').output.resultSets[0]['rows'][0].USP_AUDIT_START_JOB_NEXT_DATE",
									"type": "Expression"
								},
								"errorCode": "100"
							}
						}
					],
					"ifTrueActivities": [
						{
							"name": "ASSIGN AUDIT_ID TO SEL",
							"type": "SetVariable",
							"dependsOn": [
								{
									"activity": "LOADBDV_RDV_TRANSACTIONS_TO_BDV_WT_LINK_TRANSACTIONS",
									"dependencyConditions": [
										"Succeeded"
									]
								}
							],
							"userProperties": [],
							"typeProperties": {
								"variableName": "SEL",
								"value": {
									"value": "@concat(variables('SEL_TEMP'),'''''',pipeline().Pipeline,'-',pipeline().RunId,'''''''')",
									"type": "Expression"
								}
							}
						},
						{
							"name": "LOADBDV_RDV_TRANSACTIONS_TO_BDV_WT_LINK_TRANSACTIONS",
							"type": "Script",
							"dependsOn": [],
							"policy": {
								"timeout": "7.00:00:00",
								"retry": 0,
								"retryIntervalInSeconds": 30,
								"secureOutput": false,
								"secureInput": false
							},
							"userProperties": [],
							"linkedServiceName": {
								"referenceName": "IAF_SF",
								"type": "LinkedServiceReference"
							},
							"typeProperties": {
								"scripts": [
									{
										"type": "Query",
										"text": {
											"value": "@concat('call DB_IAW_',pipeline().globalParameters.ENV,'_DWH.TRANSACTIONS_BDV.SP_CONV_LOADBDV_RDV_TRANSACTIONS_TO_BDV_WT_LINK_TRANSACTIONS(''',pipeline().globalParameters.ENV,''')')",
											"type": "Expression"
										}
									}
								]
							}
						},
						{
							"name": "m_Datavault_LoadLink - AUDIT_ID",
							"type": "Script",
							"dependsOn": [
								{
									"activity": "ASSIGN AUDIT_ID TO SEL",
									"dependencyConditions": [
										"Succeeded"
									]
								}
							],
							"policy": {
								"timeout": "7.00:00:00",
								"retry": 0,
								"retryIntervalInSeconds": 30,
								"secureOutput": false,
								"secureInput": false
							},
							"userProperties": [],
							"linkedServiceName": {
								"referenceName": "IAF_SF",
								"type": "LinkedServiceReference"
							},
							"typeProperties": {
								"scripts": [
									{
										"type": "Query",
										"text": {
											"value": "@concat('call DB_IAW_',pipeline().globalParameters.ENV,'_DWH.TOOLS.SP_DATAVAULT_LOADLINK_AUDIT_ID_RK(',variables('INS'), ',' , variables('SEL'), ',' ,'''DB_IAW_',pipeline().globalParameters.ENV,'_DWH.TRANSACTIONS_BDV.WT_LINK_FINANCIAL_TRANSACTION_INVESTIA_UNIVERIS'',''DB_IAW_',pipeline().globalParameters.ENV,'_DWH.TRANSACTIONS_BDV.TRANSLINK_FINANCIAL_TRANSACTION''',',',variables('TRUNC_TBL'),')')",
											"type": "Expression"
										}
									}
								]
							}
						}
					]
				}
			},
			{
				"name": "temp_JobName",
				"type": "SetVariable",
				"dependsOn": [],
				"userProperties": [],
				"typeProperties": {
					"variableName": "temp_JobName",
					"value": {
						"value": "@concat('''',pipeline().Pipeline,'''')",
						"type": "Expression"
					}
				}
			},
			{
				"name": "temp_tf_Audit_ID",
				"type": "SetVariable",
				"dependsOn": [],
				"userProperties": [],
				"typeProperties": {
					"variableName": "temp_tf_Audit_ID",
					"value": {
						"value": "@concat('''',pipeline().Pipeline,'-',pipeline().RunId,'''')",
						"type": "Expression"
					}
				}
			},
			{
				"name": "temp_JobStartDate",
				"type": "SetVariable",
				"dependsOn": [
					{
						"activity": "mt_audit_startJob_NextDate_Pre",
						"dependencyConditions": [
							"Succeeded"
						]
					}
				],
				"userProperties": [],
				"typeProperties": {
					"variableName": "temp_dataStartDate",
					"value": {
						"value": "@concat('',activity('mt_audit_startJob_NextDate_Pre').output.resultSets[0]['rows'][0].USP_AUDIT_START_JOB_NEXT_DATE,'')",
						"type": "Expression"
					}
				}
			},
			{
				"name": "mt_audit_startJob_NextDate_Pre",
				"type": "Script",
				"dependsOn": [
					{
						"activity": "temp_JobName",
						"dependencyConditions": [
							"Succeeded"
						]
					},
					{
						"activity": "temp_tf_Audit_ID",
						"dependencyConditions": [
							"Succeeded"
						]
					}
				],
				"policy": {
					"timeout": "7.00:00:00",
					"retry": 0,
					"retryIntervalInSeconds": 30,
					"secureOutput": false,
					"secureInput": false
				},
				"userProperties": [],
				"linkedServiceName": {
					"referenceName": "IAF_SF",
					"type": "LinkedServiceReference"
				},
				"typeProperties": {
					"scripts": [
						{
							"type": "Query",
							"text": {
								"value": "@concat('call DB_IAW_',pipeline().globalParameters.ENV,'_DWH.TOOLS.USP_AUDIT_START_JOB_NEXT_DATE(',variables('temp_JobName'),',',variables('temp_tf_Audit_ID'),')')",
								"type": "Expression"
							}
						}
					]
				}
			},
			{
				"name": "mt_audit_startJob_NextDate",
				"type": "Script",
				"dependsOn": [
					{
						"activity": "temp_JobStartDate",
						"dependencyConditions": [
							"Succeeded"
						]
					}
				],
				"policy": {
					"timeout": "7.00:00:00",
					"retry": 0,
					"retryIntervalInSeconds": 30,
					"secureOutput": false,
					"secureInput": false
				},
				"userProperties": [],
				"linkedServiceName": {
					"referenceName": "IAF_SF",
					"type": "LinkedServiceReference"
				},
				"typeProperties": {
					"scripts": [
						{
							"type": "Query",
							"text": {
								"value": "@concat('call DB_IAW_',pipeline().globalParameters.ENV,'_DWH.TOOLS.USP_AUDIT_START_JOB_Variable_Set(',variables('temp_JobName'),',''',variables('temp_dataStartDate'),''')')",
								"type": "Expression"
							}
						}
					]
				}
			},
			{
				"name": "dt_Audit_EndJob",
				"type": "Script",
				"dependsOn": [
					{
						"activity": "dcn_StartJob_Result",
						"dependencyConditions": [
							"Succeeded"
						]
					}
				],
				"policy": {
					"timeout": "7.00:00:00",
					"retry": 0,
					"retryIntervalInSeconds": 30,
					"secureOutput": false,
					"secureInput": false
				},
				"userProperties": [],
				"linkedServiceName": {
					"referenceName": "IAF_SF",
					"type": "LinkedServiceReference"
				},
				"typeProperties": {
					"scripts": [
						{
							"type": "Query",
							"text": {
								"value": "@concat('call DB_IAW_',pipeline().globalParameters.ENV,'_DWH.TOOLS.USP_AUDIT_END_JOB(',variables('temp_JobName'),',',variables('temp_dataStartDate'),',',variables('temp_tf_Audit_ID'),',','''SUCCESS''',',','''Successful execution''',')')",
								"type": "Expression"
							}
						}
					]
				}
			}
		],
		"variables": {
			"temp_dataStartDate": {
				"type": "String"
			},
			"temp_JobName": {
				"type": "String"
			},
			"temp_tf_Audit_ID": {
				"type": "String"
			},
			"SEL": {
				"type": "String"
			},
			"INS": {
				"type": "String",
				"defaultValue": "'HK_LINK,HK_HUB_PARTY_ROLE_ACCOUNT_HOLDER,HK_HUB_PARTY_ROLE_ADVISOR,HK_HUB_INVESTMENT_SAVING_PROGRAM_TYPES,HK_HUB_INVESTMENT_PRODUCT_TYPE,HK_HUB_CONTRACT,MD_START_DT,MD_SOURCE,MD_SRC_SYSTEM,MD_EXTRACT_DT,TRANSACTION_ID,CLIENT_ID,MASTER_CODE,INVESTMENT_PRODUCT_ID,PLN_MNEM,TRADE_DATE,GROSS_AMOUNT,TRANSACTION_TYPE,ORD_TRANSACTION_TYPE,CASH_FLOW,CASH_FLOW_TYPE,ADMINISTRATORY_TYPE,MD_CREATION_DT,MD_CREATION_AUDIT_ID'"
			},
			"SEL_TEMP": {
				"type": "String",
				"defaultValue": "'STG.HK_LINK,STG.HK_HUB_PARTY_ROLE_ACCOUNT_HOLDER,STG.HK_HUB_PARTY_ROLE_ADVISOR,STG.HK_HUB_INVESTMENT_SAVING_PROGRAM_TYPES,STG.HK_HUB_INVESTMENT_PRODUCT_TYPE,STG.HK_HUB_CONTRACT,STG.MD_START_DT,STG.MD_SOURCE,STG.MD_SRC_SYSTEM,STG.MD_EXTRACT_DT,STG.TRANSACTION_ID,STG.UNIVERIS_CLIENT_ID,STG.MASTER_CODE,STG.INVESTMENT_PRODUCT_ID,STG.PLN_MNEM,STG.TRADE_DATE,STG.GROSS_AMOUNT,STG.TRANSACTION_TYPE,STG.ORD_TRANSACTION_TYPE,STG.CASH_FLOW,STG.CASH_FLOW_TYPE,STG.ADMINISTRATORY_TYPE,CURRENT_TIMESTAMP,"
			},
			"TRUNC_TBL": {
				"type": "String",
				"defaultValue": "'N'"
			}
		},
		"folder": {
			"name": "IAW/INITIAL_LOADING_INVESTIA_UNIVERIS/INITIAL_LOADING_43_BDV_TRANSACTIONS"
		},
		"annotations": [],
		"lastPublishTime": "2022-08-30T06:14:05Z"
	},
	"type": "Microsoft.DataFactory/factories/pipelines"
}