{
	"name": "tf_INITIAL_LOADING_UNIVERIS_LoadRDV_20-30_IAS_UNIVERIS_to_RDV_COM_PRODUCTION",
	"properties": {
		"activities": [
			{
				"name": "Set JOB_NAME",
				"type": "SetVariable",
				"dependsOn": [],
				"userProperties": [],
				"typeProperties": {
					"variableName": "JOB_NAME",
					"value": {
						"value": "@concat(variables('SINGLE_QUOTE'),pipeline().Pipeline,variables('SINGLE_QUOTE'))",
						"type": "Expression"
					}
				}
			},
			{
				"name": "DCN_STARTJOB_RESULT",
				"type": "IfCondition",
				"dependsOn": [
					{
						"activity": "dt_Audit_StartJob_NextDate",
						"dependencyConditions": [
							"Succeeded"
						]
					}
				],
				"userProperties": [],
				"typeProperties": {
					"expression": {
						"value": "@contains(activity('dt_audit_startJob_NextDate').output.resultSets[0]['rows'][0].SP_CONV_AUDIT_STARTJOB_NEXTDATE,'SUCCESS')",
						"type": "Expression"
					},
					"ifFalseActivities": [
						{
							"name": "Throw_Error_StartJob",
							"type": "Fail",
							"dependsOn": [],
							"userProperties": [],
							"typeProperties": {
								"message": "activity('dt_audit_startJob_NextDate').output.firstrow.SP_CONV_AUDIT_STARTJOB_NEXTDATE",
								"errorCode": "0000"
							}
						}
					],
					"ifTrueActivities": [
						{
							"name": "mt_LoadSTG_IAS_COMMISSION_To_STG_REVENUES Properties",
							"type": "Lookup",
							"dependsOn": [],
							"policy": {
								"timeout": "7.00:00:00",
								"retry": 0,
								"retryIntervalInSeconds": 30,
								"secureOutput": false,
								"secureInput": false
							},
							"userProperties": [],
							"typeProperties": {
								"source": {
									"type": "SnowflakeSource",
									"query": {
										"value": "@concat('call DB_IAW_',pipeline().globalParameters.ENV,'_STG.IAS_UNIVERIS.SP_CONV_LOADSTG_IAS_UNIVERIS_TO_STG_COM_PRODUCTION(',variables('SINGLE_QUOTE'),pipeline().globalParameters.ENV,variables('SINGLE_QUOTE'),')')",
										"type": "Expression"
									},
									"exportSettings": {
										"type": "SnowflakeExportCopyCommand"
									}
								},
								"dataset": {
									"referenceName": "SnowflakeTable11",
									"type": "DatasetReference"
								}
							}
						},
						{
							"name": "Set AUDIT FOR SEL_SAT",
							"type": "SetVariable",
							"dependsOn": [
								{
									"activity": "mt_LoadSTG_IAS_COMMISSION_To_STG_REVENUES Properties",
									"dependencyConditions": [
										"Succeeded"
									]
								}
							],
							"userProperties": [],
							"typeProperties": {
								"variableName": "SEL_SAT",
								"value": {
									"value": "@concat(variables('SEL_SAT_TEMP'),'''',variables('Audit_id'),'''''')",
									"type": "Expression"
								}
							}
						},
						{
							"name": "mt_LoadRDV_STG_IAS_UNIVERIS_To_SAT_REF_COM_PRODUCTION",
							"type": "Lookup",
							"dependsOn": [
								{
									"activity": "Set AUDIT FOR SEL_SAT",
									"dependencyConditions": [
										"Succeeded"
									]
								}
							],
							"policy": {
								"timeout": "7.00:00:00",
								"retry": 0,
								"retryIntervalInSeconds": 30,
								"secureOutput": false,
								"secureInput": false
							},
							"userProperties": [],
							"typeProperties": {
								"source": {
									"type": "SnowflakeSource",
									"query": {
										"value": "@concat('call DB_IAW_',pipeline().globalParameters.ENV,'_DWH.TOOLS.SP_CONV_DATAVAULT_LOADSATELLITE_INSERT_AUDIT_ID(',variables('INS_SAT'), ',' , variables('SEL_SAT'), ',' ,'''DB_IAW_',pipeline().globalParameters.ENV,'_STG.IAS_univeris.S_COM_PRODUCTION'',''DB_IAW_',pipeline().globalParameters.ENV,'_DWH.REVENUES_RDV.SAT_REF_COM_PRODUCTION''',',',variables('TRUNC_TBL'),')')",
										"type": "Expression"
									},
									"exportSettings": {
										"type": "SnowflakeExportCopyCommand"
									}
								},
								"dataset": {
									"referenceName": "SnowflakeTable1",
									"type": "DatasetReference"
								}
							}
						},
						{
							"name": "mt_LoadRDV_STG_IAS_UNIVERIS_To_REF_COM_PRODUCTION",
							"type": "Lookup",
							"dependsOn": [
								{
									"activity": "Set AUDIT FOR SEL",
									"dependencyConditions": [
										"Succeeded"
									]
								}
							],
							"policy": {
								"timeout": "7.00:00:00",
								"retry": 0,
								"retryIntervalInSeconds": 30,
								"secureOutput": false,
								"secureInput": false
							},
							"userProperties": [],
							"typeProperties": {
								"source": {
									"type": "SnowflakeSource",
									"query": {
										"value": "@concat('call DB_IAW_',pipeline().globalParameters.ENV,'_DWH.TOOLS.SP_CONV_DATAVAULT_LOADHUB_AUDIT_ID(',variables('INS'), ',' , variables('SEL'), ',' ,'''DB_IAW_',pipeline().globalParameters.ENV,'_STG.IAS_UNIVERIS.S_COM_PRODUCTION''',',','''DB_IAW_',pipeline().globalParameters.ENV,'_DWH.REVENUES_RDV.REF_COM_PRODUCTION''',',',variables('TRUNC_TBL'),')')",
										"type": "Expression"
									},
									"exportSettings": {
										"type": "SnowflakeExportCopyCommand"
									}
								},
								"dataset": {
									"referenceName": "SnowflakeTable1",
									"type": "DatasetReference"
								}
							}
						},
						{
							"name": "Set AUDIT FOR SEL",
							"type": "SetVariable",
							"dependsOn": [
								{
									"activity": "mt_LoadSTG_IAS_COMMISSION_To_STG_REVENUES Properties",
									"dependencyConditions": [
										"Succeeded"
									]
								}
							],
							"userProperties": [],
							"typeProperties": {
								"variableName": "SEL",
								"value": {
									"value": "@concat(variables('SEL-TEMP'),'''',variables('Audit_id'),'''''')",
									"type": "Expression"
								}
							}
						}
					]
				}
			},
			{
				"name": "set Audit-Id",
				"type": "SetVariable",
				"dependsOn": [],
				"userProperties": [],
				"typeProperties": {
					"variableName": "Audit_id",
					"value": {
						"value": "@concat(variables('SINGLE_QUOTE'),pipeline().Pipeline,'-',pipeline().RunId,variables('SINGLE_QUOTE'))",
						"type": "Expression"
					}
				}
			},
			{
				"name": "dt_Audit_StartJob_NextDate",
				"type": "Script",
				"dependsOn": [
					{
						"activity": "Set JOB_NAME",
						"dependencyConditions": [
							"Succeeded"
						]
					},
					{
						"activity": "set Audit-Id",
						"dependencyConditions": [
							"Succeeded"
						]
					}
				],
				"policy": {
					"timeout": "7.00:00:00",
					"retry": 0,
					"retryIntervalInSeconds": 30,
					"secureOutput": false,
					"secureInput": false
				},
				"userProperties": [],
				"linkedServiceName": {
					"referenceName": "Snowflake1",
					"type": "LinkedServiceReference"
				},
				"typeProperties": {
					"scripts": [
						{
							"type": "Query",
							"text": {
								"value": "@concat('call DB_IAW_',pipeline().globalParameters.ENV,'_DWH.TOOLS.SP_CONV_AUDIT_STARTJOB_NEXTDATE(',\nvariables('SINGLE_QUOTE'),pipeline().globalParameters.ENV,variables('SINGLE_QUOTE'),',',\nvariables('JOB_NAME'),',',\nvariables('Audit_id'),',',\nvariables('IO_RESULT'),',',\nvariables('IO_DATA_START_DATE'),')')",
								"type": "Expression"
							}
						}
					]
				}
			},
			{
				"name": "dt_Audit_EndJob",
				"type": "Script",
				"dependsOn": [
					{
						"activity": "DCN_STARTJOB_RESULT",
						"dependencyConditions": [
							"Succeeded"
						]
					}
				],
				"policy": {
					"timeout": "7.00:00:00",
					"retry": 0,
					"retryIntervalInSeconds": 30,
					"secureOutput": false,
					"secureInput": false
				},
				"userProperties": [],
				"linkedServiceName": {
					"referenceName": "Snowflake1",
					"type": "LinkedServiceReference"
				},
				"typeProperties": {
					"scripts": [
						{
							"type": "Query",
							"text": {
								"value": "@concat('call DB_IAW_',pipeline().globalParameters.ENV,'_DWH.TOOLS.USP_AUDIT_END_JOB(',variables('JOB_NAME'),',',variables('IO_DATA_START_DATE'),',',variables('Audit_id'),',','''SUCCESS''',',','''Successful execution''',')')",
								"type": "Expression"
							}
						}
					]
				}
			}
		],
		"variables": {
			"src_Data": {
				"type": "String"
			},
			"CALLED_SP": {
				"type": "String"
			},
			"INS": {
				"type": "String",
				"defaultValue": "'HK_HUB,MD_SOURCE,MD_SRC_SYSTEM,MD_EXTRACT_DT,COM_PRODUCTION_CD,MD_CREATION_DT,MD_CREATION_AUDIT_ID'"
			},
			"SINGLE_QUOTE": {
				"type": "String",
				"defaultValue": "'"
			},
			"IO_RESULT": {
				"type": "String",
				"defaultValue": "'ERROR'"
			},
			"IO_DATA_START_DATE": {
				"type": "String",
				"defaultValue": "'01/01/2000'"
			},
			"Audit_id": {
				"type": "String"
			},
			"JOB_NAME": {
				"type": "String"
			},
			"src_Satellite": {
				"type": "String",
				"defaultValue": "'VW_EXCHANGE_RATE'"
			},
			"src_Satellite_lv": {
				"type": "String"
			},
			"t_ins_Satellite": {
				"type": "String"
			},
			"INS_SAT": {
				"type": "String",
				"defaultValue": "'HK_HUB,MD_START_DT,MD_HASHDIFF,MD_SOURCE,MD_SRC_SYSTEM,MD_EXTRACT_DT,COM_PRODUCTION_MNEM,COM_PRODUCTION_DESC,COM_PRODUCTION_LONG_DESC,COM_PRODUCTION_MNEM_ENG,COM_PRODUCTION_MNEM_FRE,COM_PRODUCTION_DESC_ENG,COM_PRODUCTION_DESC_FRE,COM_PRODUCTION_LONG_DESC_ENG,COM_PRODUCTION_LONG_DESC_FRE,CRC_TRND_RPT_CAT,COMMISSION_LEVEL,CAC_TYPE_CD,ACC_REPORT_IND,MD_CREATION_DT,MD_ACTIVE,MD_CREATION_AUDIT_ID'"
			},
			"quotes": {
				"type": "String",
				"defaultValue": "''"
			},
			"SEL_SAT_TEMP": {
				"type": "String",
				"defaultValue": "'STG.HK_HUB,STG.MD_START_DT,STG.MD_HASHDIFF,STG.MD_SOURCE,STG.MD_SRC_SYSTEM,STG.MD_EXTRACT_DT,STG.COM_PRODUCTION_MNEM,STG.COM_PRODUCTION_DESC,STG.COM_PRODUCTION_LONG_DESC,STG.COM_PRODUCTION_MNEM_ENG,STG.COM_PRODUCTION_MNEM_FRE,STG.COM_PRODUCTION_DESC_ENG,STG.COM_PRODUCTION_DESC_FRE,STG.COM_PRODUCTION_LONG_DESC_ENG,STG.COM_PRODUCTION_LONG_DESC_FRE,STG.CRC_TRND_RPT_CAT,STG.COMMISSION_LEVEL,STG.CAC_TYPE_CD,STG.ACC_REPORT_IND,CURRENT_TIMESTAMP,''A'',"
			},
			"SEL_SAT": {
				"type": "String"
			},
			"TRUNC_TBL": {
				"type": "String",
				"defaultValue": "'N'"
			},
			"SEL-TEMP": {
				"type": "String",
				"defaultValue": "'STG.HK_HUB,STG.MD_SOURCE,STG.MD_SRC_SYSTEM,STG.MD_EXTRACT_DT,STG.COM_PRODUCTION_CD,CURRENT_TIMESTAMP,"
			},
			"SEL": {
				"type": "String"
			}
		},
		"folder": {
			"name": "IAW/INITIAL_LOADING_IAPW_UNIVERIS/INITIAL_LOADING_20-30_RDV_UNIVERIS_COM_PRODUCTION"
		},
		"annotations": [],
		"lastPublishTime": "2022-09-12T04:17:33Z"
	},
	"type": "Microsoft.DataFactory/factories/pipelines"
}