{
	"name": "tf_LoadBDV_42_Shared_AccountPlans",
	"properties": {
		"activities": [
			{
				"name": "temp_JobName",
				"type": "SetVariable",
				"dependsOn": [],
				"userProperties": [],
				"typeProperties": {
					"variableName": "temp_JobName",
					"value": {
						"value": "@concat('''',pipeline().Pipeline,'''')",
						"type": "Expression"
					}
				}
			},
			{
				"name": "temp_tf_Audit_ID",
				"type": "SetVariable",
				"dependsOn": [],
				"userProperties": [],
				"typeProperties": {
					"variableName": "temp_tf_Audit_ID",
					"value": {
						"value": "@concat('''',pipeline().Pipeline,'-',pipeline().RunId,'''')",
						"type": "Expression"
					}
				}
			},
			{
				"name": "mt_audit_startJob_NextDate_Pre",
				"type": "Script",
				"dependsOn": [
					{
						"activity": "temp_JobName",
						"dependencyConditions": [
							"Succeeded"
						]
					},
					{
						"activity": "temp_tf_Audit_ID",
						"dependencyConditions": [
							"Succeeded"
						]
					}
				],
				"policy": {
					"timeout": "7.00:00:00",
					"retry": 0,
					"retryIntervalInSeconds": 30,
					"secureOutput": false,
					"secureInput": false
				},
				"userProperties": [],
				"linkedServiceName": {
					"referenceName": "Snowflake1",
					"type": "LinkedServiceReference"
				},
				"typeProperties": {
					"scripts": [
						{
							"type": "Query",
							"text": {
								"value": "@concat('call DB_IAW_',pipeline().globalParameters.ENV,'_DWH.TOOLS.USP_AUDIT_START_JOB_NEXT_DATE(',variables('temp_JobName'),',',variables('temp_tf_Audit_ID'),')')",
								"type": "Expression"
							}
						}
					]
				}
			},
			{
				"name": "temp_JobStartDate",
				"type": "SetVariable",
				"dependsOn": [
					{
						"activity": "mt_audit_startJob_NextDate_Pre",
						"dependencyConditions": [
							"Succeeded"
						]
					}
				],
				"userProperties": [],
				"typeProperties": {
					"variableName": "temp_dataStartDate",
					"value": {
						"value": "@concat('''',activity('mt_audit_startJob_NextDate_Pre').output.resultSets[0]['rows'][0].USP_AUDIT_START_JOB_NEXT_DATE,'''')",
						"type": "Expression"
					}
				}
			},
			{
				"name": "mt_audit_startJob_NextDate",
				"type": "Script",
				"dependsOn": [
					{
						"activity": "temp_JobStartDate",
						"dependencyConditions": [
							"Succeeded"
						]
					}
				],
				"policy": {
					"timeout": "7.00:00:00",
					"retry": 0,
					"retryIntervalInSeconds": 30,
					"secureOutput": false,
					"secureInput": false
				},
				"userProperties": [],
				"linkedServiceName": {
					"referenceName": "Snowflake1",
					"type": "LinkedServiceReference"
				},
				"typeProperties": {
					"scripts": [
						{
							"type": "Query",
							"text": {
								"value": "@concat('call DB_IAW_',pipeline().globalParameters.ENV,'_DWH.TOOLS.USP_AUDIT_START_JOB_Variable_Set(',variables('temp_JobName'),',',variables('temp_dataStartDate'),')')",
								"type": "Expression"
							}
						}
					]
				}
			},
			{
				"name": "dcn_StartJob_Result",
				"type": "IfCondition",
				"dependsOn": [
					{
						"activity": "mt_audit_startJob_NextDate",
						"dependencyConditions": [
							"Succeeded"
						]
					}
				],
				"userProperties": [],
				"typeProperties": {
					"expression": {
						"value": "@contains(activity('mt_audit_startJob_NextDate').output.resultSets[0]['rows'][0].USP_AUDIT_START_JOB_VARIABLE_SET,'SUCCESS')",
						"type": "Expression"
					},
					"ifTrueActivities": [
						{
							"name": "m_LoadBDV_Vw_Sat_Contract_To_Wt_SatContract_Compute",
							"type": "Script",
							"dependsOn": [],
							"policy": {
								"timeout": "7.00:00:00",
								"retry": 0,
								"retryIntervalInSeconds": 30,
								"secureOutput": false,
								"secureInput": false
							},
							"userProperties": [],
							"linkedServiceName": {
								"referenceName": "IAF_SF",
								"type": "LinkedServiceReference"
							},
							"typeProperties": {
								"scripts": [
									{
										"type": "Query",
										"text": {
											"value": "@concat('call DB_IAW_',pipeline().globalParameters.ENV,'_DWH.SHARED_BDV.SP_CONV_LOADBDV_VW_SAT_CONTRACT_TO_Wt_SATCONTRACT_COMPUTE(''',pipeline().globalParameters.ENV,''',',variables('temp_dataStartDate'),')')",
											"type": "Expression"
										}
									}
								]
							}
						},
						{
							"name": "Set Dummy Variable",
							"description": "Step Added to streamline Flow",
							"type": "SetVariable",
							"dependsOn": [
								{
									"activity": "m_LoadBDV_Vw_Sat_Contract_To_Wt_SatContract_Compute",
									"dependencyConditions": [
										"Succeeded"
									]
								}
							],
							"userProperties": [],
							"typeProperties": {
								"variableName": "Dummy",
								"value": {
									"value": "@variables('temp_JobName')",
									"type": "Expression"
								}
							}
						},
						{
							"name": "Set AUDIT FOR SEL_DEL",
							"type": "SetVariable",
							"dependsOn": [
								{
									"activity": "Set Dummy Variable",
									"dependencyConditions": [
										"Succeeded"
									]
								}
							],
							"userProperties": [],
							"typeProperties": {
								"variableName": "SEL_DEL",
								"value": {
									"value": "@concat(variables('SEL_TEMP_DEL'),'''',variables('temp_dataStartDate'),'''',',','''',variables('temp_tf_Audit_ID'),'''''')",
									"type": "Expression"
								}
							}
						},
						{
							"name": "dt_LoadBDV_BDV_Wt_To_Shared_SatContract_Compute_Delete",
							"type": "Script",
							"dependsOn": [
								{
									"activity": "Set AUDIT FOR SEL_DEL",
									"dependencyConditions": [
										"Succeeded"
									]
								}
							],
							"policy": {
								"timeout": "7.00:00:00",
								"retry": 0,
								"retryIntervalInSeconds": 30,
								"secureOutput": false,
								"secureInput": false
							},
							"userProperties": [],
							"linkedServiceName": {
								"referenceName": "IAF_SF",
								"type": "LinkedServiceReference"
							},
							"typeProperties": {
								"scripts": [
									{
										"type": "Query",
										"text": {
											"value": "@concat('call DB_IAW_',pipeline().globalParameters.ENV,'_DWH.TOOLS.SP_CONV_DATAVAULT_LOADSATELLITE_DELETE_AUDIT_ID(',variables('INS_DEL'), ',' , variables('SEL_DEL'), ',' ,'''DB_IAW_',pipeline().globalParameters.ENV,'_DWH.SHARED_BDV.WT_SAT_CONTRACT_COMPUTE'',''DB_IAW_',pipeline().globalParameters.ENV,'_DWH.SHARED_BDV.SAT_CONTRACT_COMPUTE''',',',variables('TRUNC_TBL'),')')",
											"type": "Expression"
										}
									}
								]
							}
						},
						{
							"name": "dt_LoadBDV_BDV_Wt_To_Shared_SatContract_Compute_insert",
							"type": "Script",
							"dependsOn": [
								{
									"activity": "Set AUDIT FOR SEL_SAT",
									"dependencyConditions": [
										"Succeeded"
									]
								}
							],
							"policy": {
								"timeout": "7.00:00:00",
								"retry": 0,
								"retryIntervalInSeconds": 30,
								"secureOutput": false,
								"secureInput": false
							},
							"userProperties": [],
							"linkedServiceName": {
								"referenceName": "IAF_SF",
								"type": "LinkedServiceReference"
							},
							"typeProperties": {
								"scripts": [
									{
										"type": "Query",
										"text": {
											"value": "@concat('call DB_IAW_',pipeline().globalParameters.ENV,'_DWH.TOOLS.SP_CONV_DATAVAULT_LOADSATELLITE_INSERT_AUDIT_ID(',variables('INS_SAT'), ',' , variables('SEL_SAT'), ',' ,'''DB_IAW_',pipeline().globalParameters.ENV,'_DWH.SHARED_BDV.WT_SAT_CONTRACT_COMPUTE'',''DB_IAW_',pipeline().globalParameters.ENV,'_DWH.SHARED_BDV.SAT_CONTRACT_COMPUTE''',',',variables('TRUNC_TBL'),')')\n",
											"type": "Expression"
										}
									}
								]
							}
						},
						{
							"name": "Set AUDIT FOR SEL_SAT",
							"type": "SetVariable",
							"dependsOn": [
								{
									"activity": "Set Dummy Variable",
									"dependencyConditions": [
										"Succeeded"
									]
								}
							],
							"userProperties": [],
							"typeProperties": {
								"variableName": "SEL_SAT",
								"value": {
									"value": "@concat(variables('SEL_TEMP_SAT'),'''',pipeline().parameters.temp_tf_Audit_ID,'''''')",
									"type": "Expression"
								}
							}
						}
					]
				}
			}
		],
		"parameters": {
			"input_filename": {
				"type": "string",
				"defaultValue": "Shared_Contracts"
			},
			"input_filepath": {
				"type": "string",
				"defaultValue": "/tmp"
			},
			"temp_dataStartDate": {
				"type": "string",
				"defaultValue": "05/09/2022"
			},
			"temp_tf_Audit_ID": {
				"type": "string",
				"defaultValue": "'tf_LoadBDV_42_Shared_InvestmentContract-709481436111286272'"
			},
			"temp_JobName": {
				"type": "string",
				"defaultValue": "'tf_LoadBDV_42_Shared_InvestmentContract'"
			}
		},
		"variables": {
			"temp_dataStartDate": {
				"type": "String"
			},
			"temp_JobName": {
				"type": "String"
			},
			"temp_tf_Audit_ID": {
				"type": "String"
			},
			"SEL_DEL": {
				"type": "String"
			},
			"SEL_TEMP_DEL": {
				"type": "String",
				"defaultValue": "'SAT.HK_HUB,SAT.MD_HASHDIFF,SAT.MD_SOURCE,SAT.MD_SRC_SYSTEM,SAT.MD_EXTRACT_DT,SAT.PLAN_CODE,SAT.PLAN_LABEL,SAT.ACCOUNT_TYPE,SAT.GROUP_TYPE_CODE,SAT.ACCUMULATION_TYPE,CURRENT_TIMESTAMP,''A'',"
			},
			"INS_DEL": {
				"type": "String",
				"defaultValue": "'HK_HUB,MD_HASHDIFF,MD_SOURCE,MD_SRC_SYSTEM,MD_EXTRACT_DT,PLAN_CODE, PLAN_LABEL,ACCOUNT_TYPE,GROUP_TYPE_CODE,ACCUMULATION_TYPE,MD_CREATION_DT,MD_ACTIVE,MD_START_DT,MD_CREATION_AUDIT_ID'"
			},
			"Dummy": {
				"type": "String"
			},
			"SEL_TEMP_SAT": {
				"type": "String",
				"defaultValue": "'STG.HK_HUB,STG.MD_START_DT,STG.MD_HASHDIFF,STG.MD_SOURCE,STG.MD_SRC_SYSTEM,STG.MD_EXTRACT_DT,STG.PLAN_CODE,STG.PLAN_LABEL,STG.ACCOUNT_TYPE,STG.GROUP_TYPE_CODE,STG.ACCUMULATION_TYPE,CURRENT_TIMESTAMP,''A'',"
			},
			"INS_SAT": {
				"type": "String",
				"defaultValue": "'HK_HUB,MD_START_DT,MD_HASHDIFF,MD_SOURCE,MD_SRC_SYSTEM,MD_EXTRACT_DT,PLAN_CODE,PLAN_LABEL,ACCOUNT_TYPE,GROUP_TYPE_CODE,ACCUMULATION_TYPE,MD_CREATION_DT,MD_CREATION_AUDIT_ID,MD_ACTIVE'"
			},
			"SEL_SAT": {
				"type": "String"
			},
			"TRUNC_TBL": {
				"type": "String",
				"defaultValue": "'N'"
			}
		},
		"folder": {
			"name": "IAW/42_BDV_IAWEALTH/SHARED_CONTRACTS"
		},
		"annotations": [],
		"lastPublishTime": "2022-08-01T06:19:51Z"
	},
	"type": "Microsoft.DataFactory/factories/pipelines"
}