{
	"name": "tf_LoadRDV_20-30_PSA_IAS_UNIVERIS_to_RDV_FINANCIAL_TRANSACTIONS_sub1",
	"properties": {
		"activities": [
			{
				"name": "dcn_row_count",
				"type": "IfCondition",
				"dependsOn": [
					{
						"activity": "dcn_StartJob_Result",
						"dependencyConditions": [
							"Succeeded"
						]
					}
				],
				"userProperties": [],
				"typeProperties": {
					"expression": {
						"value": "@greater(int(activity('mt_STG_count').output.resultSets[0]['rows'][0].SP_CONV_STG_COUNT),0)",
						"type": "Expression"
					},
					"ifTrueActivities": [
						{
							"name": "Set AUDIT FOR SEL",
							"type": "SetVariable",
							"dependsOn": [],
							"userProperties": [],
							"typeProperties": {
								"variableName": "SEL",
								"value": {
									"value": "@concat(variables('SEL_TEMP'),'''',pipeline().parameters.temp_tf_Audit_ID,'''''')",
									"type": "Expression"
								}
							}
						},
						{
							"name": "Set AUDIT FOR SEL_SAT",
							"type": "SetVariable",
							"dependsOn": [],
							"userProperties": [],
							"typeProperties": {
								"variableName": "SEL_SAT",
								"value": {
									"value": "@concat(variables('SEL_TEMP_SAT'),'''',pipeline().parameters.temp_tf_Audit_ID,'''''')",
									"type": "Expression"
								}
							}
						},
						{
							"name": "mt_LoadRDV_STG_TRANSACTIONS_IAS_UNI_To_LINK_FIN_TRAN_RR",
							"type": "Script",
							"dependsOn": [
								{
									"activity": "Set AUDIT FOR SEL",
									"dependencyConditions": [
										"Succeeded"
									]
								}
							],
							"policy": {
								"timeout": "7.00:00:00",
								"retry": 0,
								"retryIntervalInSeconds": 30,
								"secureOutput": false,
								"secureInput": false
							},
							"userProperties": [],
							"linkedServiceName": {
								"referenceName": "Snowflake1",
								"type": "LinkedServiceReference"
							},
							"typeProperties": {
								"scripts": [
									{
										"type": "Query",
										"text": {
											"value": "@concat('call DB_IAW_',pipeline().globalParameters.ENV,'_DWH.TOOLS.SP_CONV_DATAVAULT_LOADLINK_AUDIT_ID_RK(',variables('INS'), ',' , variables('SEL'), ',' ,'''DB_IAW_',pipeline().globalParameters.ENV,'_STG.IAS_UNIVERIS.FINANCIAL_TRANSACTIONS'',''DB_IAW_',pipeline().globalParameters.ENV,'_DWH.TRANSACTIONS_RDV.LINK_FINANCIAL_TRANSACTION_RR''',',',variables('TRUNC_TBL'),')')",
											"type": "Expression"
										}
									}
								]
							}
						},
						{
							"name": "mt_LoadRDV_STG_IAS_UNIVERIS_To_Shared_SatPlan",
							"type": "Script",
							"dependsOn": [
								{
									"activity": "Set AUDIT FOR SEL_SAT",
									"dependencyConditions": [
										"Succeeded"
									]
								}
							],
							"policy": {
								"timeout": "7.00:00:00",
								"retry": 0,
								"retryIntervalInSeconds": 30,
								"secureOutput": false,
								"secureInput": false
							},
							"userProperties": [],
							"linkedServiceName": {
								"referenceName": "Snowflake1",
								"type": "LinkedServiceReference"
							},
							"typeProperties": {
								"scripts": [
									{
										"type": "Query",
										"text": {
											"value": "@concat('call DB_IAW_',pipeline().globalParameters.ENV,'_DWH.TOOLS.SP_CONV_DATAVAULT_LOADSATLINK_INSERT_AUDIT_ID(',variables('INS_SAT'), ',' , variables('SEL_SAT'), ',' ,'''DB_IAW_',pipeline().globalParameters.ENV,'_STG.IAS_UNIVERIS.FINANCIAL_TRANSACTIONS'',''DB_IAW_',pipeline().globalParameters.ENV,'_DWH.TRANSACTIONS_RDV.SAT_LINK_FINANCIAL_TRANSACTION_RR_IAS_UNIVERIS''',',',variables('TRUNC_TBL'),')')",
											"type": "Expression"
										}
									}
								]
							}
						}
					]
				}
			},
			{
				"name": "dcn_StartJob_Result",
				"type": "IfCondition",
				"dependsOn": [
					{
						"activity": "dt_Audit_StartJob",
						"dependencyConditions": [
							"Succeeded"
						]
					}
				],
				"userProperties": [],
				"typeProperties": {
					"expression": {
						"value": "@contains(activity('dt_Audit_StartJob').output.resultSets[0]['rows'][0].USP_AUDIT_START_JOB_VARIABLE_SET,'SUCCESS')",
						"type": "Expression"
					},
					"ifFalseActivities": [
						{
							"name": "Throw_Error_Start_Job",
							"type": "Fail",
							"dependsOn": [],
							"userProperties": [],
							"typeProperties": {
								"message": {
									"value": "@activity('dt_Audit_StartJob_Pre').output.resultSets[0]['rows'][0].USP_AUDIT_START_JOB",
									"type": "Expression"
								},
								"errorCode": "100"
							}
						}
					],
					"ifTrueActivities": [
						{
							"name": "mt_LoadSTG_PSA_IAS_UNIVERIS_To_STG_FINANCIAL_TRAN",
							"type": "Script",
							"dependsOn": [],
							"policy": {
								"timeout": "7.00:00:00",
								"retry": 0,
								"retryIntervalInSeconds": 30,
								"secureOutput": false,
								"secureInput": false
							},
							"userProperties": [],
							"linkedServiceName": {
								"referenceName": "Snowflake1",
								"type": "LinkedServiceReference"
							},
							"typeProperties": {
								"scripts": [
									{
										"type": "Query",
										"text": {
											"value": "@concat('call DB_IAW_',pipeline().globalParameters.ENV,'_STG.IAS_UNIVERIS.SP_CONV_LOADSTG_PSA_IAS_UNIVERIS_TO_STG_FINANCIAL_TRANSACTIONS(''',pipeline().globalParameters.ENV,''',''',pipeline().parameters.io_PATH,''')')",
											"type": "Expression"
										}
									}
								]
							}
						},
						{
							"name": "mt_STG_count",
							"type": "Script",
							"dependsOn": [
								{
									"activity": "mt_LoadSTG_PSA_IAS_UNIVERIS_To_STG_FINANCIAL_TRAN",
									"dependencyConditions": [
										"Succeeded"
									]
								}
							],
							"policy": {
								"timeout": "7.00:00:00",
								"retry": 0,
								"retryIntervalInSeconds": 30,
								"secureOutput": false,
								"secureInput": false
							},
							"userProperties": [],
							"linkedServiceName": {
								"referenceName": "Snowflake1",
								"type": "LinkedServiceReference"
							},
							"typeProperties": {
								"scripts": [
									{
										"type": "Query",
										"text": {
											"value": "@concat('call DB_IAW_',pipeline().globalParameters.ENV,'_DWH.TOOLS.SP_CONV_STG_COUNT(''',pipeline().globalParameters.ENV,''',''IAS_UNIVERIS'', '' FINANCIAL_TRANSACTIONS''',')')",
											"type": "Expression"
										}
									}
								]
							}
						}
					]
				}
			},
			{
				"name": "dt_Audit_StartJob_Pre",
				"type": "Script",
				"dependsOn": [],
				"policy": {
					"timeout": "7.00:00:00",
					"retry": 0,
					"retryIntervalInSeconds": 30,
					"secureOutput": false,
					"secureInput": false
				},
				"userProperties": [],
				"linkedServiceName": {
					"referenceName": "Snowflake1",
					"type": "LinkedServiceReference"
				},
				"typeProperties": {
					"scripts": [
						{
							"type": "Query",
							"text": {
								"value": "@concat('call DB_IAW_',pipeline().globalParameters.ENV,'_DWH.TOOLS.USP_AUDIT_START_JOB(',pipeline().parameters.temp_JobName,',',pipeline().parameters.temp_dataStartDate,',',pipeline().parameters.temp_tf_Audit_ID,')')",
								"type": "Expression"
							}
						}
					]
				}
			},
			{
				"name": "dt_Audit_StartJob",
				"type": "Script",
				"dependsOn": [
					{
						"activity": "dt_Audit_StartJob_Pre",
						"dependencyConditions": [
							"Succeeded"
						]
					}
				],
				"policy": {
					"timeout": "7.00:00:00",
					"retry": 0,
					"retryIntervalInSeconds": 30,
					"secureOutput": false,
					"secureInput": false
				},
				"userProperties": [],
				"linkedServiceName": {
					"referenceName": "Snowflake1",
					"type": "LinkedServiceReference"
				},
				"typeProperties": {
					"scripts": [
						{
							"type": "Query",
							"text": {
								"value": "@concat('call DB_IAW_',pipeline().globalParameters.ENV,'_DWH.TOOLS.USP_AUDIT_START_JOB_Variable_Set(',pipeline().parameters.temp_JobName,',',pipeline().parameters.temp_dataStartDate,')')",
								"type": "Expression"
							}
						}
					]
				}
			},
			{
				"name": "dt_Audit_EndJob",
				"type": "Script",
				"dependsOn": [
					{
						"activity": "dcn_row_count",
						"dependencyConditions": [
							"Succeeded"
						]
					}
				],
				"policy": {
					"timeout": "7.00:00:00",
					"retry": 0,
					"retryIntervalInSeconds": 30,
					"secureOutput": false,
					"secureInput": false
				},
				"userProperties": [],
				"linkedServiceName": {
					"referenceName": "Snowflake1",
					"type": "LinkedServiceReference"
				},
				"typeProperties": {
					"scripts": [
						{
							"type": "Query",
							"text": {
								"value": "@concat('call DB_IAW_',pipeline().globalParameters.ENV,'_DWH.TOOLS.USP_AUDIT_END_JOB(',pipeline().parameters.temp_JobName,',',pipeline().parameters.temp_dataStartDate,',',pipeline().parameters.temp_tf_Audit_ID,',','''SUCCESS''',',','''Successful execution''',')')",
								"type": "Expression"
							}
						}
					]
				}
			}
		],
		"parameters": {
			"input_filename": {
				"type": "string",
				"defaultValue": "TRANSACTIONS__2022-04-15.dat"
			},
			"input_filepath": {
				"type": "string",
				"defaultValue": "/tmp"
			},
			"temp_dataStartDate": {
				"type": "string",
				"defaultValue": "'2022-04-15'"
			},
			"temp_JobName": {
				"type": "string",
				"defaultValue": "'tf_LoadRDV_20-30_PSA_IAS_UNIVERIS_to_RDV_FINANCIAL_TRANSACTIONS'"
			},
			"temp_tf_Audit_ID": {
				"type": "string",
				"defaultValue": "'tf_LoadRDV_20-30_PSA_IAS_UNIVERIS_to_RDV_FINANCIAL_TRANSACTIONS'"
			},
			"io_PATH": {
				"type": "string"
			}
		},
		"variables": {
			"SEL_TEMP": {
				"type": "String",
				"defaultValue": "'STG.HK_LINK,STG.HK_HUB_CONTRACT,STG.HK_HUB_INVESTMENT_PRODUCT_TYPE,STG.MD_SOURCE,STG.MD_SRC_SYSTEM,STG.MD_EXTRACT_DT,STG.TRX_SYSID,STG.IVR_SYSID,STG.REP_SYSID,STG.IVD_SYSID,STG.PLN_SYSID,STG.IVR_SYSID,CURRENT_TIMESTAMP,"
			},
			"INS": {
				"type": "String",
				"defaultValue": "'HK_LINK,HK_HUB_CONTRACT,HK_HUB_INVESTMENT_PRODUCT_TYPE,MD_SOURCE,MD_SRC_SYSTEM,MD_EXTRACT_DT,TRANSACTION_ID,CONTRACT_ID,REGISTERED_REPRESENTATIVE_ID,INVESTMENT_PRODUCT_ID,UNIVERIS_PLAN_ID,UNIVERIS_CLIENT_ID,MD_CREATION_DT,MD_CREATION_AUDIT_ID'"
			},
			"SEL": {
				"type": "String"
			},
			"TRUNC_TBL": {
				"type": "String",
				"defaultValue": "'N'"
			},
			"SEL_TEMP_SAT": {
				"type": "String",
				"defaultValue": "'SRC.HK_LINK,SRC.MD_START_DT,SRC.MD_HASHDIFF,SRC.MD_SOURCE,SRC.MD_SRC_SYSTEM,SRC.MD_EXTRACT_DT,SRC.REP_SYSID,SRC.ACT_SYSID,SRC.TRX_STATUS,SRC.TRX_ST_DESC_ENG,SRC.TRADE_DT,SRC.MGT_CD,SRC.MGT_NAME_ENG,SRC.DLR_SYSID,SRC.RGN_SYSID,SRC.BRN_SYSID,SRC.TRX_UNIT,SRC.TRX_PRICE,SRC.TRX_GROSS,SRC.TRX_NET,SRC.TRX_GROSS_CAD,SRC.SPR_FACTOR,SRC.CURRENCY_CD,SRC.DLR_CD,SRC.RGN_CD,SRC.BRN_CD,SRC.REP_CD,SRC.PLN_TYPE,SRC.SPR_CTGY,SRC.TRX_MNEM_ENG,SRC.REVERSAL_IND,CURRENT_TIMESTAMP,''A'',"
			},
			"SEL_SAT": {
				"type": "String"
			},
			"INS_SAT": {
				"type": "String",
				"defaultValue": "'HK_LINK,MD_START_DT,MD_HASHDIFF,MD_SOURCE,MD_SRC_SYSTEM,MD_EXTRACT_DT,REP_SYSID,ACT_SYSID,TRX_STATUS,TRX_ST_DESC_ENG,TRADE_DT,MGT_CD,MGT_NAME_ENG,DLR_SYSID,RGN_SYSID,BRN_SYSID,TRX_UNIT,TRX_PRICE,TRX_GROSS,TRX_NET,TRX_GROSS_CAD,SPR_FACTOR,CURRENCY_CD,DLR_CD,RGN_CD,BRN_CD,REP_CD,PLN_TYPE,SPR_CTGY,TRX_MNEM_ENG,REVERSAL_IND,MD_CREATION_DT,MD_ACTIVE,MD_CREATION_AUDIT_ID'"
			},
			"SEL_DEL": {
				"type": "String"
			},
			"SEL_TEMP_DEL": {
				"type": "String",
				"defaultValue": "'SAT.HK_LINK,SAT.MD_HASHDIFF,SAT.MD_SOURCE,SAT.MD_SRC_SYSTEM,SAT.MD_EXTRACT_DT,SAT.REP_SYSID,SAT.ACT_SYSID,SAT.TRX_STATUS,SAT.TRX_ST_DESC_ENG,SAT.TRADE_DT,SAT.MGT_CD,SAT.MGT_NAME_ENG,SAT.DLR_SYSID,SAT.RGN_SYSID,SAT.BRN_SYSID,SAT.TRX_UNIT,SAT.TRX_PRICE,SAT.TRX_GROSS,SAT.TRX_NET,SAT.TRX_GROSS_CAD,SAT.SPR_FACTOR,SAT.CURRENCY_CD,SAT.DLR_CD,SAT.RGN_CD,SAT.BRN_CD,SAT.REP_CD,SAT.PLN_TYPE,SAT.SPR_CTGY,SAT.TRX_MNEM_ENG,SAT.REVERSAL_IND,CURRENT_TIMESTAMP,''A'',"
			},
			"INS_DEL": {
				"type": "String",
				"defaultValue": "'HK_LINK,MD_HASHDIFF,MD_SOURCE,MD_SRC_SYSTEM,MD_EXTRACT_DT,REP_SYSID,ACT_SYSID,TRX_STATUS,TRX_ST_DESC_ENG,TRADE_DT,MGT_CD,MGT_NAME_ENG,DLR_SYSID,RGN_SYSID,BRN_SYSID,TRX_UNIT,TRX_PRICE,TRX_GROSS,TRX_NET,TRX_GROSS_CAD,SPR_FACTOR,CURRENCY_CD,DLR_CD,RGN_CD,BRN_CD,REP_CD,PLN_TYPE,SPR_CTGY,TRX_MNEM_ENG,REVERSAL_IND,MD_CREATION_DT,MD_ACTIVE,MD_START_DT,MD_CREATION_AUDIT_ID'"
			}
		},
		"folder": {
			"name": "IAW/20-30_RDV_IAS_UNIVERIS/TRANSACTIONS"
		},
		"annotations": [],
		"lastPublishTime": "2022-09-05T22:01:41Z"
	},
	"type": "Microsoft.DataFactory/factories/pipelines"
}