{
	"name": "tf_LoadRDV_20-30_PSA_INVESTIA_UNIVERIS_to_RDV_SHARED_CONTRACTS_sub1",
	"properties": {
		"activities": [
			{
				"name": "dcn_row_count",
				"type": "IfCondition",
				"dependsOn": [
					{
						"activity": "dcn_StartJob_Result",
						"dependencyConditions": [
							"Succeeded"
						]
					}
				],
				"userProperties": [],
				"typeProperties": {
					"expression": {
						"value": "@greater(int(activity('mt_STG_count').output.resultSets[0]['rows'][0].SP_CONV_STG_COUNT),0)",
						"type": "Expression"
					},
					"ifTrueActivities": [
						{
							"name": "Set AUDIT FOR SEL",
							"type": "SetVariable",
							"dependsOn": [],
							"userProperties": [],
							"typeProperties": {
								"variableName": "SEL",
								"value": {
									"value": "@concat(variables('SEL_TEMP'),'''',pipeline().parameters.temp_tf_Audit_ID,'''''')",
									"type": "Expression"
								}
							}
						},
						{
							"name": "Set AUDIT FOR SEL_SAT",
							"type": "SetVariable",
							"dependsOn": [],
							"userProperties": [],
							"typeProperties": {
								"variableName": "SEL_SAT",
								"value": {
									"value": "@concat(variables('SEL_TEMP_SAT'),'''',pipeline().parameters.temp_tf_Audit_ID,'''''')",
									"type": "Expression"
								}
							}
						},
						{
							"name": "Set AUDIT FOR SEL_DEL",
							"type": "SetVariable",
							"dependsOn": [],
							"userProperties": [],
							"typeProperties": {
								"variableName": "SEL_DEL",
								"value": {
									"value": "@concat(variables('SEL_TEMP_DEL'),'''',pipeline().parameters.temp_dataStartDate,'''',',','''',pipeline().parameters.temp_tf_Audit_ID,'''''')",
									"type": "Expression"
								}
							}
						},
						{
							"name": "dt_LoadRDV_STG_INVESTIA_UNIVERIS_To_SHARED_HUB_CONTRACT",
							"type": "Script",
							"dependsOn": [
								{
									"activity": "Set AUDIT FOR SEL",
									"dependencyConditions": [
										"Succeeded"
									]
								}
							],
							"policy": {
								"timeout": "7.00:00:00",
								"retry": 0,
								"retryIntervalInSeconds": 30,
								"secureOutput": false,
								"secureInput": false
							},
							"userProperties": [],
							"linkedServiceName": {
								"referenceName": "Snowflake1",
								"type": "LinkedServiceReference"
							},
							"typeProperties": {
								"scripts": [
									{
										"type": "Query",
										"text": {
											"value": "@concat('call DB_IAW_',pipeline().globalParameters.ENV,'_DWH.TOOLS.SP_CONV_DATAVAULT_LOADHUB_AUDIT_ID(',variables('INS'), ',' , variables('SEL'), ',' ,'''DB_IAW_',pipeline().globalParameters.ENV,'_STG.INVESTIA_UNIVERIS.CONTRACT'',''DB_IAW_',pipeline().globalParameters.ENV,'_DWH.SHARED_RDV.HUB_CONTRACT''',',',variables('TRUNC_TBL'),')')",
											"type": "Expression"
										}
									}
								]
							}
						},
						{
							"name": "dt_LoadRDV_STG_INVESTIA_UNIVERIS_To_SHARED_SAT_CONT_Ins",
							"description": "dt_LoadRDV_STG_INVESTIA_UNIVERIS_To_SHARED_SAT_CONTRACT_Insert",
							"type": "Script",
							"dependsOn": [
								{
									"activity": "Set AUDIT FOR SEL_SAT",
									"dependencyConditions": [
										"Succeeded"
									]
								}
							],
							"policy": {
								"timeout": "7.00:00:00",
								"retry": 0,
								"retryIntervalInSeconds": 30,
								"secureOutput": false,
								"secureInput": false
							},
							"userProperties": [],
							"linkedServiceName": {
								"referenceName": "Snowflake1",
								"type": "LinkedServiceReference"
							},
							"typeProperties": {
								"scripts": [
									{
										"type": "Query",
										"text": {
											"value": "@concat('call DB_IAW_',pipeline().globalParameters.ENV,'_DWH.TOOLS.SP_CONV_DATAVAULT_LOADSATELLITE_INSERT_AUDIT_ID(',variables('INS_SAT'), ',' , variables('SEL_SAT'), ',' ,'''DB_IAW_',pipeline().globalParameters.ENV,'_STG.INVESTIA_UNIVERIS.CONTRACT'',''DB_IAW_',pipeline().globalParameters.ENV,'_DWH.SHARED_RDV.SAT_CONTRACT_INVESTIA_UNIVERIS''',',',variables('TRUNC_TBL'),')')",
											"type": "Expression"
										}
									}
								]
							}
						},
						{
							"name": "dt_LoadRDV_STG_INVESTIA_UNIVERIS_To_SHARED_SAT_CONT_Del",
							"description": "dt_LoadRDV_STG_INVESTIA_UNIVERIS_To_SHARED_SAT_CONTRACT_Delete",
							"type": "Script",
							"dependsOn": [
								{
									"activity": "Set AUDIT FOR SEL_DEL",
									"dependencyConditions": [
										"Succeeded"
									]
								}
							],
							"policy": {
								"timeout": "7.00:00:00",
								"retry": 0,
								"retryIntervalInSeconds": 30,
								"secureOutput": false,
								"secureInput": false
							},
							"userProperties": [],
							"linkedServiceName": {
								"referenceName": "Snowflake1",
								"type": "LinkedServiceReference"
							},
							"typeProperties": {
								"scripts": [
									{
										"type": "Query",
										"text": {
											"value": "@concat('call DB_IAW_',pipeline().globalParameters.ENV,'_DWH.TOOLS.SP_CONV_DATAVAULT_LOADSATELLITE_DELETE_AUDIT_ID(',variables('INS_DEL'), ',' , variables('SEL_DEL'), ',' ,'''DB_IAW_',pipeline().globalParameters.ENV,'_STG.INVESTIA_UNIVERIS.CONTRACT'',''DB_IAW_',pipeline().globalParameters.ENV,'_DWH.SHARED_RDV.SAT_CONTRACT_INVESTIA_UNIVERIS''',',',variables('TRUNC_TBL'),')')",
											"type": "Expression"
										}
									}
								]
							}
						},
						{
							"name": "Set AUDIT FOR SEL_LINK",
							"type": "SetVariable",
							"dependsOn": [],
							"userProperties": [],
							"typeProperties": {
								"variableName": "SEL_LINK",
								"value": {
									"value": "@concat(variables('SEL_TEMP_LINK'),'''',pipeline().parameters.temp_tf_Audit_ID,'''''')",
									"type": "Expression"
								}
							}
						},
						{
							"name": "dt_LoadRDV_STG_INVESTIA_UNIV_CONT_To_LINK_INV_CONT_RR",
							"description": "dt_LoadRDV_STG_INVESTIA_UNIVERIS_CONTRACT_To_LINK_INVESTMENT_CONTRACT_RR",
							"type": "Script",
							"dependsOn": [
								{
									"activity": "Set AUDIT FOR SEL_LINK",
									"dependencyConditions": [
										"Succeeded"
									]
								}
							],
							"policy": {
								"timeout": "7.00:00:00",
								"retry": 0,
								"retryIntervalInSeconds": 30,
								"secureOutput": false,
								"secureInput": false
							},
							"userProperties": [],
							"linkedServiceName": {
								"referenceName": "Snowflake1",
								"type": "LinkedServiceReference"
							},
							"typeProperties": {
								"scripts": [
									{
										"type": "Query",
										"text": {
											"value": "@concat('call DB_IAW_',pipeline().globalParameters.ENV,'_DWH.TOOLS.SP_CONV_DATAVAULT_LOADLINK_AUDIT_ID_RK(',variables('INS_LINK'), ',' , variables('SEL_LINK'), ',' ,'''DB_IAW_',pipeline().globalParameters.ENV,'_STG.INVESTIA_UNIVERIS.VW_CONTRACT'',''DB_IAW_',pipeline().globalParameters.ENV,'_DWH.SHARED_RDV.LINK_INVESTMENT_CONTRACT_RR''',',',variables('TRUNC_TBL'),')')",
											"type": "Expression"
										}
									}
								]
							}
						},
						{
							"name": "Set AUDIT FOR SEL_SAT_LINK",
							"type": "SetVariable",
							"dependsOn": [],
							"userProperties": [],
							"typeProperties": {
								"variableName": "SEL_SAT_LINK",
								"value": {
									"value": "@concat(variables('SEL_TEMP_SAT_LINK'),'''',pipeline().parameters.temp_tf_Audit_ID,'''''')",
									"type": "Expression"
								}
							}
						},
						{
							"name": "dt_LoadRDV_STG_INV_UNI_To_SAT_LINK_INV_CONT_INV_UNI_Ins",
							"description": "dt_LoadRDV_STG_INVESTIA_UNIVERIS_CONTRACT_To_SAT_LINK_INVESTMENT_CONTRACT_INVESTIA_UNIVERIS_Insert",
							"type": "Script",
							"dependsOn": [
								{
									"activity": "Set AUDIT FOR SEL_SAT_LINK",
									"dependencyConditions": [
										"Succeeded"
									]
								}
							],
							"policy": {
								"timeout": "7.00:00:00",
								"retry": 0,
								"retryIntervalInSeconds": 30,
								"secureOutput": false,
								"secureInput": false
							},
							"userProperties": [],
							"linkedServiceName": {
								"referenceName": "Snowflake1",
								"type": "LinkedServiceReference"
							},
							"typeProperties": {
								"scripts": [
									{
										"type": "Query",
										"text": {
											"value": "@concat('call DB_IAW_',pipeline().globalParameters.ENV,'_DWH.TOOLS.SP_CONV_DATAVAULT_LOADSATLINK_INSERT_AUDIT_ID(',variables('INS_SAT_LINK'), ',' , variables('SEL_SAT_LINK'), ',' ,'''DB_IAW_',pipeline().globalParameters.ENV,'_STG.INVESTIA_UNIVERIS.VW_CONTRACT'',''DB_IAW_',pipeline().globalParameters.ENV,'_DWH.SHARED_RDV.SAT_LINK_INVESTMENT_CONTRACT_INVESTIA_UNIVERIS''',',',variables('TRUNC_TBL'),')')",
											"type": "Expression"
										}
									}
								]
							}
						},
						{
							"name": "Set AUDIT FOR SEL_DEL_LINK",
							"type": "SetVariable",
							"dependsOn": [],
							"userProperties": [],
							"typeProperties": {
								"variableName": "SEL_DEL_LINK",
								"value": {
									"value": "@concat(variables('SEL_TEMP_DEL_LINK'),'''',pipeline().parameters.temp_dataStartDate,'''',',','''',pipeline().parameters.temp_tf_Audit_ID,'''''')",
									"type": "Expression"
								}
							}
						},
						{
							"name": "dt_LoadRDV_STG_INV_UNI_To_SAT_LINK_INV_CONT_INV_UNI_Del",
							"description": "dt_LoadRDV_STG_INVESTIA_UNIVERIS_CONTRACT_To_SAT_LINK_INVESTMENT_CONTRACT_INVESTIA_UNIVERIS_Delete",
							"type": "Script",
							"dependsOn": [
								{
									"activity": "Set AUDIT FOR SEL_DEL_LINK",
									"dependencyConditions": [
										"Succeeded"
									]
								}
							],
							"policy": {
								"timeout": "7.00:00:00",
								"retry": 0,
								"retryIntervalInSeconds": 30,
								"secureOutput": false,
								"secureInput": false
							},
							"userProperties": [],
							"linkedServiceName": {
								"referenceName": "Snowflake1",
								"type": "LinkedServiceReference"
							},
							"typeProperties": {
								"scripts": [
									{
										"type": "Query",
										"text": {
											"value": "@concat('call DB_IAW_',pipeline().globalParameters.ENV,'_DWH.TOOLS.SP_CONV_DATAVAULT_LOADSATLINK_DELETE_AUDIT_ID(',variables('INS_DEL_LINK'), ',' , variables('SEL_DEL_LINK'), ',' ,'''DB_IAW_',pipeline().globalParameters.ENV,'_STG.INVESTIA_UNIVERIS.VW_CONTRACT'',''DB_IAW_',pipeline().globalParameters.ENV,'_DWH.SHARED_RDV.SAT_LINK_INVESTMENT_CONTRACT_INVESTIA_UNIVERIS''',',',variables('TRUNC_TBL'),')')",
											"type": "Expression"
										}
									}
								]
							}
						}
					]
				}
			},
			{
				"name": "dcn_StartJob_Result",
				"type": "IfCondition",
				"dependsOn": [
					{
						"activity": "dt_Audit_StartJob",
						"dependencyConditions": [
							"Succeeded"
						]
					}
				],
				"userProperties": [],
				"typeProperties": {
					"expression": {
						"value": "@contains(activity('dt_Audit_StartJob').output.resultSets[0]['rows'][0].USP_AUDIT_START_JOB_VARIABLE_SET,'SUCCESS')",
						"type": "Expression"
					},
					"ifFalseActivities": [
						{
							"name": "Throw_Error_Start_Job",
							"type": "Fail",
							"dependsOn": [],
							"userProperties": [],
							"typeProperties": {
								"message": {
									"value": "@activity('dt_Audit_StartJob_Pre').output.resultSets[0]['rows'][0].USP_AUDIT_START_JOB",
									"type": "Expression"
								},
								"errorCode": "100"
							}
						}
					],
					"ifTrueActivities": [
						{
							"name": "dt_LoadSTG_PSA_INVESTIA_UNIVERIS_To_STG_CONTRACT",
							"type": "Script",
							"dependsOn": [],
							"policy": {
								"timeout": "7.00:00:00",
								"retry": 0,
								"retryIntervalInSeconds": 30,
								"secureOutput": false,
								"secureInput": false
							},
							"userProperties": [],
							"linkedServiceName": {
								"referenceName": "Snowflake1",
								"type": "LinkedServiceReference"
							},
							"typeProperties": {
								"scripts": [
									{
										"type": "Query",
										"text": {
											"value": "@concat('call DB_IAW_',pipeline().globalParameters.ENV,'_STG.INVESTIA_UNIVERIS.SP_CONV_LOADSTG_PSA_INVESTIA_UNIVERIS_TO_STG_CONTRACT(''',pipeline().globalParameters.ENV,''',''',pipeline().parameters.io_PATH,''')')",
											"type": "Expression"
										}
									}
								]
							}
						},
						{
							"name": "mt_STG_count",
							"type": "Script",
							"dependsOn": [
								{
									"activity": "dt_LoadSTG_PSA_INVESTIA_UNIVERIS_To_STG_CONTRACT",
									"dependencyConditions": [
										"Succeeded"
									]
								}
							],
							"policy": {
								"timeout": "7.00:00:00",
								"retry": 0,
								"retryIntervalInSeconds": 30,
								"secureOutput": false,
								"secureInput": false
							},
							"userProperties": [],
							"linkedServiceName": {
								"referenceName": "Snowflake1",
								"type": "LinkedServiceReference"
							},
							"typeProperties": {
								"scripts": [
									{
										"type": "Query",
										"text": {
											"value": "@concat('call DB_IAW_',pipeline().globalParameters.ENV,'_DWH.TOOLS.SP_CONV_STG_COUNT(''',pipeline().globalParameters.ENV,''',''INVESTIA_UNIVERIS'', ''CONTRACT''',')')",
											"type": "Expression"
										}
									}
								]
							}
						}
					]
				}
			},
			{
				"name": "dt_Audit_StartJob_Pre",
				"type": "Script",
				"dependsOn": [],
				"policy": {
					"timeout": "7.00:00:00",
					"retry": 0,
					"retryIntervalInSeconds": 30,
					"secureOutput": false,
					"secureInput": false
				},
				"userProperties": [],
				"linkedServiceName": {
					"referenceName": "Snowflake1",
					"type": "LinkedServiceReference"
				},
				"typeProperties": {
					"scripts": [
						{
							"type": "Query",
							"text": {
								"value": "@concat('call DB_IAW_',pipeline().globalParameters.ENV,'_DWH.TOOLS.USP_AUDIT_START_JOB(',pipeline().parameters.temp_JobName,',',pipeline().parameters.temp_dataStartDate,',',pipeline().parameters.temp_tf_Audit_ID,')')",
								"type": "Expression"
							}
						}
					]
				}
			},
			{
				"name": "dt_Audit_StartJob",
				"type": "Script",
				"dependsOn": [
					{
						"activity": "dt_Audit_StartJob_Pre",
						"dependencyConditions": [
							"Succeeded"
						]
					}
				],
				"policy": {
					"timeout": "7.00:00:00",
					"retry": 0,
					"retryIntervalInSeconds": 30,
					"secureOutput": false,
					"secureInput": false
				},
				"userProperties": [],
				"linkedServiceName": {
					"referenceName": "Snowflake1",
					"type": "LinkedServiceReference"
				},
				"typeProperties": {
					"scripts": [
						{
							"type": "Query",
							"text": {
								"value": "@concat('call DB_IAW_',pipeline().globalParameters.ENV,'_DWH.TOOLS.USP_AUDIT_START_JOB_Variable_Set(',pipeline().parameters.temp_JobName,',',pipeline().parameters.temp_dataStartDate,')')",
								"type": "Expression"
							}
						}
					]
				}
			},
			{
				"name": "dt_Audit_EndJob",
				"type": "Script",
				"dependsOn": [
					{
						"activity": "dcn_row_count",
						"dependencyConditions": [
							"Succeeded"
						]
					}
				],
				"policy": {
					"timeout": "7.00:00:00",
					"retry": 0,
					"retryIntervalInSeconds": 30,
					"secureOutput": false,
					"secureInput": false
				},
				"userProperties": [],
				"linkedServiceName": {
					"referenceName": "Snowflake1",
					"type": "LinkedServiceReference"
				},
				"typeProperties": {
					"scripts": [
						{
							"type": "Query",
							"text": {
								"value": "@concat('call DB_IAW_',pipeline().globalParameters.ENV,'_DWH.TOOLS.USP_AUDIT_END_JOB(',pipeline().parameters.temp_JobName,',',pipeline().parameters.temp_dataStartDate,',',pipeline().parameters.temp_tf_Audit_ID,',','''SUCCESS''',',','''Successful execution''',')')",
								"type": "Expression"
							}
						}
					]
				}
			}
		],
		"parameters": {
			"input_filename": {
				"type": "string",
				"defaultValue": "ACCOUNTS__2022-04-15.dat"
			},
			"input_filepath": {
				"type": "string",
				"defaultValue": "/tmp"
			},
			"temp_dataStartDate": {
				"type": "string",
				"defaultValue": "'2022-04-15'"
			},
			"temp_JobName": {
				"type": "string",
				"defaultValue": "'tf_LoadRDV_20-30_PSA_INVESTIA_UNIVERIS_to_RDV_SHARED_CONTRACTS'"
			},
			"temp_tf_Audit_ID": {
				"type": "string",
				"defaultValue": "'tf_LoadRDV_20-30_PSA_INVESTIA_UNIVERIS_to_RDV_SHARED_CONTRACTS'"
			},
			"io_PATH": {
				"type": "string"
			}
		},
		"variables": {
			"SEL_TEMP": {
				"type": "String",
				"defaultValue": "'STG.HK_HUB,STG.MD_SOURCE,STG.MD_SRC_SYSTEM,STG.MD_EXTRACT_DT,STG.PLN_SYSID,STG.IVR_SYSID,CURRENT_TIMESTAMP,"
			},
			"INS": {
				"type": "String",
				"defaultValue": "'HK_HUB,MD_SOURCE,MD_SRC_SYSTEM,MD_EXTRACT_DT,UNIVERIS_PLAN_ID,UNIVERIS_CLIENT_ID,MD_CREATION_DT,MD_CREATION_AUDIT_ID'"
			},
			"SEL": {
				"type": "String"
			},
			"TRUNC_TBL": {
				"type": "String",
				"defaultValue": "'N'"
			},
			"SEL_TEMP_SAT": {
				"type": "String",
				"defaultValue": "'STG.HK_HUB,STG.MD_START_DT,STG.MD_HASHDIFF,STG.MD_SOURCE,STG.MD_SRC_SYSTEM,STG.MD_EXTRACT_DT,STG.PLN_CD,STG.PLN_STATUS,STG.PLN_ADM_CD,STG.SETUP_DT,STG.CLOSE_DT,STG.PEN_JUR_CD,STG.FEE_EXMP_IND,STG.ADMINISTRATOR_TYPE,STG.REP_SYSID,STG.REP_CD,CURRENT_TIMESTAMP,''A'',"
			},
			"SEL_SAT": {
				"type": "String"
			},
			"INS_SAT": {
				"type": "String",
				"defaultValue": "'HK_HUB,MD_START_DT,MD_HASHDIFF,MD_SOURCE,MD_SRC_SYSTEM,MD_EXTRACT_DT,PLN_CD,PLN_STATUS,PLN_ADM_CD,SETUP_DT,CLOSE_DT,PEN_JUR_CD,FEE_EXMP_IND,ADMINISTRATOR_TYPE,REP_SYSID,REP_CD,MD_CREATION_DT,MD_ACTIVE,MD_CREATION_AUDIT_ID'"
			},
			"SEL_DEL": {
				"type": "String"
			},
			"SEL_TEMP_DEL": {
				"type": "String",
				"defaultValue": "'SAT.HK_HUB,SAT.MD_HASHDIFF,SAT.MD_SOURCE,SAT.MD_SRC_SYSTEM,SAT.MD_EXTRACT_DT,SAT.PLN_CD,SAT.PLN_STATUS,SAT.PLN_ADM_CD,SAT.SETUP_DT,SAT.CLOSE_DT,SAT.PEN_JUR_CD,SAT.FEE_EXMP_IND,SAT.ADMINISTRATOR_TYPE,SAT.REP_SYSID,SAT.REP_CD,CURRENT_TIMESTAMP,''A'',"
			},
			"INS_DEL": {
				"type": "String",
				"defaultValue": "'HK_HUB,MD_HASHDIFF,MD_SOURCE,MD_SRC_SYSTEM,MD_EXTRACT_DT,PLN_CD,PLN_STATUS,PLN_ADM_CD,SETUP_DT,CLOSE_DT,PEN_JUR_CD,FEE_EXMP_IND,ADMINISTRATOR_TYPE,REP_SYSID,REP_CD,MD_CREATION_DT,MD_ACTIVE,MD_START_DT,MD_CREATION_AUDIT_ID'"
			},
			"INS_LINK": {
				"type": "String",
				"defaultValue": "'HK_LINK,HK_HUB_CONTRACT,HK_HUB_PARTY_ROLE_ACCOUNT_HOLDER,HK_HUB_REGISTERED_REPRESENTATIVE,MD_SOURCE,MD_SRC_SYSTEM,MD_EXTRACT_DT,CONTRACT_ID,CLIENT_ID,RR_CD,UNIVERIS_PLAN_ID,MD_CREATION_DT,MD_CREATION_AUDIT_ID'"
			},
			"SEL_LINK": {
				"type": "String"
			},
			"SEL_TEMP_LINK": {
				"type": "String",
				"defaultValue": "'STG.HK_LINK,STG.HK_HUB_CONTRACT,STG.HK_HUB_PARTY_ROLE_ACCOUNT_HOLDER,STG.HK_HUB_REGISTERED_REPRESENTATIVE,STG.MD_SOURCE,STG.MD_SRC_SYSTEM,STG.MD_EXTRACT_DT,STG.CONTRACT_ID,STG.CLIENT_ID,STG.RR_CD,STG.UNIVERIS_PLAN_ID,CURRENT_TIMESTAMP,"
			},
			"INS_SAT_LINK": {
				"type": "String",
				"defaultValue": "'HK_LINK,MD_START_DT,MD_HASHDIFF,MD_SOURCE,MD_SRC_SYSTEM,MD_EXTRACT_DT,MD_CREATION_DT,MD_ACTIVE,MD_CREATION_AUDIT_ID'"
			},
			"SEL_SAT_LINK": {
				"type": "String"
			},
			"SEL_TEMP_SAT_LINK": {
				"type": "String",
				"defaultValue": "'SRC.HK_LINK,SRC.MD_START_DT,SRC.MD_HASHDIFF,SRC.MD_SOURCE,SRC.MD_SRC_SYSTEM,SRC.MD_EXTRACT_DT,CURRENT_TIMESTAMP,''A'',"
			},
			"INS_DEL_LINK": {
				"type": "String",
				"defaultValue": "'HK_LINK,MD_HASHDIFF,MD_SOURCE,MD_SRC_SYSTEM,MD_EXTRACT_DT,MD_CREATION_DT,MD_ACTIVE,MD_START_DT,MD_CREATION_AUDIT_ID'"
			},
			"SEL_TEMP_DEL_LINK": {
				"type": "String",
				"defaultValue": "'SAT.HK_LINK,SAT.MD_HASHDIFF,SAT.MD_SOURCE,SAT.MD_SRC_SYSTEM,SAT.MD_EXTRACT_DT,CURRENT_TIMESTAMP,''A'',"
			},
			"SEL_DEL_LINK": {
				"type": "String"
			}
		},
		"folder": {
			"name": "IAW/20-30_RDV_INVESTIA_UNIVERIS/SHARED_CONTRACTS"
		},
		"annotations": [],
		"lastPublishTime": "2022-09-06T19:32:16Z"
	},
	"type": "Microsoft.DataFactory/factories/pipelines"
}