{
	"name": "tf_LoadRDV_STG_MODEL_PRODUCT_To_RDV_PRODUCT_CATALOG",
	"properties": {
		"activities": [
			{
				"name": "temp_JobName",
				"type": "SetVariable",
				"dependsOn": [],
				"userProperties": [],
				"typeProperties": {
					"variableName": "temp_JobName",
					"value": {
						"value": "@concat('''',pipeline().Pipeline,'''')",
						"type": "Expression"
					}
				}
			},
			{
				"name": "temp_tf_Audit_ID",
				"type": "SetVariable",
				"dependsOn": [],
				"userProperties": [],
				"typeProperties": {
					"variableName": "temp_tf_Audit_ID",
					"value": "-1"
				}
			},
			{
				"name": "mt_audit_startJob_NextDate_Pre",
				"type": "Script",
				"dependsOn": [
					{
						"activity": "temp_JobName",
						"dependencyConditions": [
							"Succeeded"
						]
					},
					{
						"activity": "temp_tf_Audit_ID",
						"dependencyConditions": [
							"Succeeded"
						]
					}
				],
				"policy": {
					"timeout": "7.00:00:00",
					"retry": 0,
					"retryIntervalInSeconds": 30,
					"secureOutput": false,
					"secureInput": false
				},
				"userProperties": [],
				"linkedServiceName": {
					"referenceName": "IAF_SF",
					"type": "LinkedServiceReference"
				},
				"typeProperties": {
					"scripts": [
						{
							"parameters": [
								{
									"name": "temp_JobName",
									"type": "String",
									"value": {
										"value": "@variables('temp_JobName')",
										"type": "Expression"
									},
									"direction": "Input"
								},
								{
									"name": "temp_tf_Audit_ID",
									"type": "String",
									"value": {
										"value": "@variables('temp_tf_Audit_ID')",
										"type": "Expression"
									},
									"direction": "Input"
								}
							],
							"type": "Query",
							"text": {
								"value": "@concat('call DB_AC_',pipeline().globalParameters.ENV,'_DWH.TOOLS.USP_AUDIT_START_JOB_NEXT_DATE(',variables('temp_JobName'),',',variables('temp_tf_Audit_ID'),')')",
								"type": "Expression"
							}
						}
					]
				}
			},
			{
				"name": "mt_audit_startJob_NextDate",
				"type": "Script",
				"dependsOn": [
					{
						"activity": "temp_JobStartDate",
						"dependencyConditions": [
							"Succeeded"
						]
					}
				],
				"policy": {
					"timeout": "7.00:00:00",
					"retry": 0,
					"retryIntervalInSeconds": 30,
					"secureOutput": false,
					"secureInput": false
				},
				"userProperties": [],
				"linkedServiceName": {
					"referenceName": "IAF_SF",
					"type": "LinkedServiceReference"
				},
				"typeProperties": {
					"scripts": [
						{
							"parameters": [
								{
									"name": "temp_JobName",
									"type": "String",
									"value": {
										"value": "@variables('temp_JobName')",
										"type": "Expression"
									},
									"direction": "Input"
								},
								{
									"name": "temp_dataStartDate",
									"type": "String",
									"value": {
										"value": "@variables('temp_dataStartDate')",
										"type": "Expression"
									},
									"direction": "Input"
								}
							],
							"type": "Query",
							"text": {
								"value": "@concat('call DB_AC_',pipeline().globalParameters.ENV,'_DWH.TOOLS.USP_AUDIT_START_JOB_Variable_Set(',variables('temp_JobName'),',',variables('temp_dataStartDate'),')')",
								"type": "Expression"
							}
						}
					]
				}
			},
			{
				"name": "temp_JobStartDate",
				"type": "SetVariable",
				"dependsOn": [
					{
						"activity": "mt_audit_startJob_NextDate_Pre",
						"dependencyConditions": [
							"Succeeded"
						]
					}
				],
				"userProperties": [],
				"typeProperties": {
					"variableName": "temp_dataStartDate",
					"value": {
						"value": "@concat('''',activity('mt_audit_startJob_NextDate_Pre').output.resultSets[0]['rows'][0].USP_AUDIT_START_JOB_NEXT_DATE,'''')",
						"type": "Expression"
					}
				}
			},
			{
				"name": "dcn_StartJob_Result",
				"type": "IfCondition",
				"dependsOn": [
					{
						"activity": "mt_audit_startJob_NextDate",
						"dependencyConditions": [
							"Succeeded"
						]
					}
				],
				"userProperties": [],
				"typeProperties": {
					"expression": {
						"value": "@contains(activity('mt_audit_startJob_NextDate').output.resultSets[0]['rows'][0].USP_AUDIT_START_JOB_VARIABLE_SET,'SUCCESS')",
						"type": "Expression"
					},
					"ifFalseActivities": [
						{
							"name": "Throw_Error_Start_Job",
							"type": "Fail",
							"dependsOn": [],
							"userProperties": [],
							"typeProperties": {
								"message": "AUDIT_JOB_FAILED",
								"errorCode": {
									"value": "@activity('mt_audit_startJob_NextDate_Pre').output.resultSets[0]['rows'][0].USP_AUDIT_START_JOB_NEXT_DATE",
									"type": "Expression"
								}
							}
						}
					],
					"ifTrueActivities": [
						{
							"name": "Set Dummy1",
							"description": "",
							"type": "SetVariable",
							"dependsOn": [],
							"userProperties": [],
							"typeProperties": {
								"variableName": "Dummy",
								"value": "1"
							}
						},
						{
							"name": "dt_LoadRDV_STG_PRODUCT_To_HUB_PRODUCT_CATALOG",
							"type": "Script",
							"dependsOn": [
								{
									"activity": "Set Dummy 2",
									"dependencyConditions": [
										"Succeeded"
									]
								}
							],
							"policy": {
								"timeout": "7.00:00:00",
								"retry": 0,
								"retryIntervalInSeconds": 30,
								"secureOutput": false,
								"secureInput": false
							},
							"userProperties": [],
							"linkedServiceName": {
								"referenceName": "CNX_AC_DEV_SNOWFLAKE_DWH_SHOPPING_RDV",
								"type": "LinkedServiceReference"
							},
							"typeProperties": {
								"scripts": [
									{
										"parameters": [
											{
												"name": "INS_COLS",
												"type": "String",
												"value": "HK_HUB,MD_CREATION_DT,MD_SOURCE,MD_CREATION_AUDIT_ID,PRODUCT_CATALOG_ID",
												"direction": "Input"
											},
											{
												"name": "SEL_COLS",
												"type": "String",
												"value": "stg.HK_HUB,CURRENT_TIMESTAMP,stg.MD_SOURCE,'-1',stg.PRODUCT_CATALOG_ID",
												"direction": "Input"
											},
											{
												"name": "SRC_TBL",
												"type": "String",
												"value": {
													"value": "@concat('DB_AC_',pipeline().globalParameters.ENV,'_STG.PLT_MODEL_PRODUCT.VW_PRODUCT_CATALOG')",
													"type": "Expression"
												},
												"direction": "Input"
											},
											{
												"name": "TGT_TBL",
												"type": "String",
												"value": {
													"value": "@concat('DB_AC_',pipeline().globalParameters.ENV,'_DWH.PRODUCT_RDV.HUB_PRODUCT_CATALOG\n')",
													"type": "Expression"
												},
												"direction": "Input"
											},
											{
												"name": "TRUNC_TBL",
												"type": "String",
												"value": "N",
												"direction": "Input"
											}
										],
										"type": "Query",
										"text": {
											"value": "@concat('call DB_AC_',pipeline().globalParameters.ENV,'_DWH.TOOLS.SP_CONV_DATAVAULT_LOADHUB_MULTIIMAGE(?,?,?,?,?)')",
											"type": "Expression"
										}
									}
								]
							}
						},
						{
							"name": "Set Dummy 5",
							"description": "",
							"type": "SetVariable",
							"dependsOn": [
								{
									"activity": "dt_LoadRDV_STG_PRODUCT_To_LINK_PRODUCT_CATALOG_PRODUCT",
									"dependencyConditions": [
										"Succeeded"
									]
								},
								{
									"activity": "dt_LoadRDV_STG_PRODUCT_To_SAT_LINK_PRODUCT_CATALOG_PROD",
									"dependencyConditions": [
										"Succeeded"
									]
								}
							],
							"userProperties": [],
							"typeProperties": {
								"variableName": "Dummy",
								"value": "1"
							}
						},
						{
							"name": "Set Dummy 2",
							"description": "",
							"type": "SetVariable",
							"dependsOn": [
								{
									"activity": "Set Dummy1",
									"dependencyConditions": [
										"Succeeded"
									]
								}
							],
							"userProperties": [],
							"typeProperties": {
								"variableName": "Dummy",
								"value": "1"
							}
						},
						{
							"name": "Set Dummy 4",
							"description": "",
							"type": "SetVariable",
							"dependsOn": [
								{
									"activity": "dt_LoadRDV_STG_PRODUCT_To_HUB_PRODUCT_CATALOG",
									"dependencyConditions": [
										"Succeeded"
									]
								},
								{
									"activity": "dt_LoadRDV_STG_PRODUCT_To_SAT_PRODUCT_CATALOG_PLT",
									"dependencyConditions": [
										"Succeeded"
									]
								},
								{
									"activity": "dt_LoadRDV_STG_PRODUCT_To_LINK_PRODUCT_CATALOG_ORG",
									"dependencyConditions": [
										"Succeeded"
									]
								}
							],
							"userProperties": [],
							"typeProperties": {
								"variableName": "Dummy",
								"value": "1"
							}
						},
						{
							"name": "dt_LoadRDV_STG_PRODUCT_To_SAT_PRODUCT_CATALOG_PLT",
							"type": "Script",
							"dependsOn": [
								{
									"activity": "Set Dummy 2",
									"dependencyConditions": [
										"Succeeded"
									]
								}
							],
							"policy": {
								"timeout": "7.00:00:00",
								"retry": 0,
								"retryIntervalInSeconds": 30,
								"secureOutput": false,
								"secureInput": false
							},
							"userProperties": [],
							"linkedServiceName": {
								"referenceName": "CNX_AC_DEV_SNOWFLAKE_DWH_SHOPPING_RDV",
								"type": "LinkedServiceReference"
							},
							"typeProperties": {
								"scripts": [
									{
										"parameters": [
											{
												"name": "INS_COLS",
												"type": "String",
												"value": "HK_HUB,MD_START_DT,MD_HASHDIFF,MD_CREATION_DT,MD_SOURCE,MD_CREATION_AUDIT_ID,NAME_FR,NAME_EN,DESCRIPTION_EN,DESCRIPTION_FR,START_DATE,END_DATE\n",
												"direction": "Input"
											},
											{
												"name": "SEL_COLS",
												"type": "String",
												"value": "stg.HK_HUB,stg.MD_START_DT,stg.MD_HASHDIFF,CURRENT_TIMESTAMP,stg.MD_SOURCE,'-1',stg.NAME_FR,stg.NAME_EN,stg.DESCRIPTION_EN,stg.DESCRIPTION_FR,stg.START_DATE,stg.END_DATE",
												"direction": "Input"
											},
											{
												"name": "SRC_TBL",
												"type": "String",
												"value": {
													"value": "@concat('DB_AC_',pipeline().globalParameters.ENV,'_DWH.PRODUCT_RDV.VW_SAT_LOAD_PRODUCT_CATALOG_PLT\n')",
													"type": "Expression"
												},
												"direction": "Input"
											},
											{
												"name": "TGT_TBL",
												"type": "String",
												"value": {
													"value": "@concat('DB_AC_',pipeline().globalParameters.ENV,'_DWH.PRODUCT_RDV.SAT_PRODUCT_CATALOG_PLT')",
													"type": "Expression"
												},
												"direction": "Input"
											},
											{
												"name": "TRUNC_TBL",
												"type": "String",
												"value": "N",
												"direction": "Input"
											}
										],
										"type": "Query",
										"text": {
											"value": "@concat('call DB_AC_',pipeline().globalParameters.ENV,'_DWH.TOOLS.SP_CONV_DATAVAULT_LOADSATELLITE_MULTIIMAGE(?,?,?,?,?)')\n",
											"type": "Expression"
										}
									}
								]
							}
						},
						{
							"name": "dt_LoadRDV_STG_PRODUCT_To_LINK_PRODUCT_CATALOG_ORG",
							"type": "Script",
							"dependsOn": [
								{
									"activity": "Set Dummy 2",
									"dependencyConditions": [
										"Succeeded"
									]
								}
							],
							"policy": {
								"timeout": "7.00:00:00",
								"retry": 0,
								"retryIntervalInSeconds": 30,
								"secureOutput": false,
								"secureInput": false
							},
							"userProperties": [],
							"linkedServiceName": {
								"referenceName": "CNX_AC_DEV_SNOWFLAKE_DWH_SHOPPING_RDV",
								"type": "LinkedServiceReference"
							},
							"typeProperties": {
								"scripts": [
									{
										"parameters": [
											{
												"name": "INS_COLS",
												"type": "String",
												"value": "HK_LINK,MD_SOURCE,MD_CREATION_DT,MD_CREATION_AUDIT_ID,HK_HUB_PRODUCT_CATALOG,HK_HUB_ORGANIZATION,PRODUCT_CATALOG_ID,ORGANIZATION_ID\n",
												"direction": "Input"
											},
											{
												"name": "SEL_COLS",
												"type": "String",
												"value": "src.HK_LINK,src.MD_SOURCE,CURRENT_TIMESTAMP,'-1',src.HK_HUB_PRODUCT_CATALOG,src.HK_HUB_ORGANIZATION,src.PRODUCT_CATALOG_ID,src.ORGANIZATION_ID",
												"direction": "Input"
											},
											{
												"name": "SRC_TBL",
												"type": "String",
												"value": {
													"value": "@concat('DB_AC_',pipeline().globalParameters.ENV,'_STG.PLT_MODEL_PRODUCT.PRODUCT_CATALOG\n')",
													"type": "Expression"
												},
												"direction": "Input"
											},
											{
												"name": "TGT_TBL",
												"type": "String",
												"value": {
													"value": "@concat('DB_AC_',pipeline().globalParameters.ENV,'_DWH.PRODUCT_RDV.LINK_PRODUCT_CATALOG_ORGANIZATION')",
													"type": "Expression"
												},
												"direction": "Input"
											},
											{
												"name": "TRUNC_TBL",
												"type": "String",
												"value": "N",
												"direction": "Input"
											}
										],
										"type": "Query",
										"text": {
											"value": "@concat('call DB_AC_',pipeline().globalParameters.ENV,'_DWH.TOOLS.SP_CONV_DATAVAULT_LOADLINK_MULTIIMAGE(?,?,?,?,?)')\n",
											"type": "Expression"
										}
									}
								]
							}
						},
						{
							"name": "dt_LoadRDV_STG_PRODUCT_To_LINK_PRODUCT_CATALOG_PRODUCT",
							"type": "Script",
							"dependsOn": [
								{
									"activity": "Set Dummy 3",
									"dependencyConditions": [
										"Succeeded"
									]
								}
							],
							"policy": {
								"timeout": "7.00:00:00",
								"retry": 0,
								"retryIntervalInSeconds": 30,
								"secureOutput": false,
								"secureInput": false
							},
							"userProperties": [],
							"linkedServiceName": {
								"referenceName": "CNX_AC_DEV_SNOWFLAKE_DWH_SHOPPING_RDV",
								"type": "LinkedServiceReference"
							},
							"typeProperties": {
								"scripts": [
									{
										"parameters": [
											{
												"name": "INS_COLS",
												"type": "String",
												"value": "HK_LINK,MD_SOURCE,MD_CREATION_DT,MD_CREATION_AUDIT_ID,HK_HUB_PRODUCT_CATALOG,HK_HUB_PRODUCT,PRODUCT_CATALOG_ID,PRODUCT_ID",
												"direction": "Input"
											},
											{
												"name": "SEL_COLS",
												"type": "String",
												"value": "src.HK_LINK,src.MD_SOURCE,CURRENT_TIMESTAMP,'-1',src.HK_HUB_PRODUCT_CATALOG,src.HK_HUB_PRODUCT,src.PRODUCT_CATALOG_ID,src.PRODUCT_ID",
												"direction": "Input"
											},
											{
												"name": "SRC_TBL",
												"type": "String",
												"value": {
													"value": "@concat('DB_AC_',pipeline().globalParameters.ENV,'_STG.PLT_MODEL_PRODUCT.CATALOG_PRODUCT_LIST')",
													"type": "Expression"
												},
												"direction": "Input"
											},
											{
												"name": "TGT_TBL",
												"type": "String",
												"value": {
													"value": "@concat('DB_AC_',pipeline().globalParameters.ENV,'_DWH.PRODUCT_RDV.LINK_PRODUCT_CATALOG_PRODUCT')",
													"type": "Expression"
												},
												"direction": "Input"
											},
											{
												"name": "TRUNC_TBL",
												"type": "String",
												"value": "N",
												"direction": "Input"
											}
										],
										"type": "Query",
										"text": {
											"value": "@concat('call DB_AC_',pipeline().globalParameters.ENV,'_DWH.TOOLS.SP_CONV_DATAVAULT_LOADLINK_MULTIIMAGE(?,?,?,?,?)')",
											"type": "Expression"
										}
									}
								]
							}
						},
						{
							"name": "dt_LoadRDV_STG_PRODUCT_To_SAT_LINK_PRODUCT_CATALOG_PROD",
							"type": "Script",
							"dependsOn": [
								{
									"activity": "Set Dummy 3",
									"dependencyConditions": [
										"Succeeded"
									]
								}
							],
							"policy": {
								"timeout": "7.00:00:00",
								"retry": 0,
								"retryIntervalInSeconds": 30,
								"secureOutput": false,
								"secureInput": false
							},
							"userProperties": [],
							"linkedServiceName": {
								"referenceName": "CNX_AC_DEV_SNOWFLAKE_DWH_SHOPPING_RDV",
								"type": "LinkedServiceReference"
							},
							"typeProperties": {
								"scripts": [
									{
										"parameters": [
											{
												"name": "INS_COLS",
												"type": "String",
												"value": "HK_LINK,MD_START_DT,MD_HASHDIFF,MD_CREATION_DT,MD_SOURCE,MD_CREATION_AUDIT_ID",
												"direction": "Input"
											},
											{
												"name": "SEL_COLS",
												"type": "String",
												"value": "stg.HK_LINK,stg.MD_START_DT,stg.MD_HASHDIFF,CURRENT_TIMESTAMP,stg.MD_SOURCE,'-1'",
												"direction": "Input"
											},
											{
												"name": "SRC_TBL",
												"type": "String",
												"value": {
													"value": "@concat('DB_AC_',pipeline().globalParameters.ENV,'_DWH.PRODUCT_RDV.VW_SAT_LINK_LOAD_PRODUCT_CATALOG_PRODUCT_PLT')",
													"type": "Expression"
												},
												"direction": "Input"
											},
											{
												"name": "TGT_TBL",
												"type": "String",
												"value": {
													"value": "@concat('DB_AC_',pipeline().globalParameters.ENV,'_DWH.PRODUCT_RDV.SAT_LINK_PRODUCT_CATALOG_PRODUCT_PLT')",
													"type": "Expression"
												},
												"direction": "Input"
											},
											{
												"name": "TRUNC_TBL",
												"type": "String",
												"value": "N",
												"direction": "Input"
											}
										],
										"type": "Query",
										"text": {
											"value": "@concat('call DB_AC_',pipeline().globalParameters.ENV,'_DWH.TOOLS.SP_CONV_DATAVAULT_LOADSATLINK_MULTIIMAGE(?,?,?,?,?)')",
											"type": "Expression"
										}
									}
								]
							}
						},
						{
							"name": "Set Dummy 3",
							"description": "",
							"type": "SetVariable",
							"dependsOn": [
								{
									"activity": "Set Dummy1",
									"dependencyConditions": [
										"Succeeded"
									]
								}
							],
							"userProperties": [],
							"typeProperties": {
								"variableName": "Dummy",
								"value": "1"
							}
						},
						{
							"name": "Set Dummy 6",
							"description": "",
							"type": "SetVariable",
							"dependsOn": [
								{
									"activity": "Set Dummy 4",
									"dependencyConditions": [
										"Succeeded"
									]
								},
								{
									"activity": "Set Dummy 5",
									"dependencyConditions": [
										"Succeeded"
									]
								}
							],
							"userProperties": [],
							"typeProperties": {
								"variableName": "Dummy",
								"value": "1"
							}
						}
					]
				}
			},
			{
				"name": "dt_Audit_EndJob_ForDate",
				"type": "Script",
				"dependsOn": [
					{
						"activity": "dcn_StartJob_Result",
						"dependencyConditions": [
							"Succeeded"
						]
					}
				],
				"policy": {
					"timeout": "0.12:00:00",
					"retry": 0,
					"retryIntervalInSeconds": 30,
					"secureOutput": false,
					"secureInput": false
				},
				"userProperties": [],
				"linkedServiceName": {
					"referenceName": "CNX_AC_DEV_SNOWFLAKE_DWH_TOOLS",
					"type": "LinkedServiceReference"
				},
				"typeProperties": {
					"scripts": [
						{
							"parameters": [
								{
									"name": "ENV",
									"type": "String",
									"value": {
										"value": "@pipeline().globalParameters.ENV",
										"type": "Expression"
									},
									"direction": "Input"
								},
								{
									"name": "JOB_END_STATUS",
									"type": "String",
									"value": "SUCCESS",
									"direction": "Input"
								},
								{
									"name": "JOB_START_DT",
									"type": "String",
									"value": "2021-09-14",
									"direction": "Input"
								},
								{
									"name": "AUDIT_ID",
									"type": "String",
									"value": "-1",
									"direction": "Input"
								},
								{
									"name": "JOB_END_DESC",
									"type": "String",
									"value": "job_description_dummy",
									"direction": "Input"
								},
								{
									"name": "JOB_NAME",
									"type": "String",
									"value": "tf_LoadRDV_STG_MODEL_PRODUCT_To_RDV_PRODUCT_CATALOG",
									"direction": "Input"
								},
								{
									"name": "IO_RESULT",
									"type": "String",
									"value": "SUCCESS",
									"direction": "Input"
								}
							],
							"type": "Query",
							"text": {
								"value": "CALL DB_AC_@{pipeline().globalParameters.ENV}_DWH.TOOLS.SP_CONV_AUDIT_ENDJOB_FORDATE_DATETIME(?,?,?,?,?,?,?)",
								"type": "Expression"
							}
						}
					]
				}
			}
		],
		"parameters": {
			"io_jobName": {
				"type": "string",
				"defaultValue": "'tf_LoadRDV_STG_MODEL_PRODUCT_To_RDV_PRODUCT_CATALOG'"
			},
			"io_auditID": {
				"type": "string",
				"defaultValue": "-1"
			},
			"s_AUDIT_JOB_EXECUTIONS_Current": {
				"type": "string",
				"defaultValue": "AUDIT_JOBS_EXECUTIONS"
			},
			"t_AUDIT_JOB_EXECUTIONS_Update": {
				"type": "string",
				"defaultValue": "AUDIT_JOBS_EXECUTIONS"
			},
			"io_JOB_START_DT": {
				"type": "string",
				"defaultValue": "2021-09-14"
			},
			"I_MD_SOUCRE": {
				"type": "string"
			}
		},
		"variables": {
			"temp_dataStartDate": {
				"type": "String"
			},
			"temp_JobName": {
				"type": "String"
			},
			"temp_tf_Audit_ID": {
				"type": "String",
				"defaultValue": "-1"
			},
			"Dummy": {
				"type": "String"
			}
		},
		"folder": {
			"name": "AC/30_RDV_PLT_PRODUCT/PRODUCT_CATALOG"
		},
		"annotations": [],
		"lastPublishTime": "2022-10-10T14:19:40Z"
	},
	"type": "Microsoft.DataFactory/factories/pipelines"
}