{
	"name": "tf_LoadDM_61_DM_STRATEGIC_Assest_Summary_ByProduct_RVP",
	"properties": {
		"activities": [
			{
				"name": "dcn_StartJob_Result",
				"type": "IfCondition",
				"dependsOn": [
					{
						"activity": "mt_audit_startJob_NextDate",
						"dependencyConditions": [
							"Succeeded"
						]
					}
				],
				"userProperties": [],
				"typeProperties": {
					"expression": {
						"value": "@contains(activity('mt_audit_startJob_NextDate').output.resultSets[0]['rows'][0].USP_AUDIT_START_JOB_VARIABLE_SET,'SUCCESS')",
						"type": "Expression"
					},
					"ifFalseActivities": [
						{
							"name": "Throw_Error_Start_Job",
							"type": "Fail",
							"dependsOn": [],
							"userProperties": [],
							"typeProperties": {
								"message": "AUDIT_JOB_FAILED",
								"errorCode": {
									"value": "@activity('mt_audit_startJob_NextDate_Pre').output.resultSets[0]['rows'][0].USP_AUDIT_START_JOB_NEXT_DATE",
									"type": "Expression"
								}
							}
						}
					],
					"ifTrueActivities": [
						{
							"name": "m_LoadDM_Assest_Summary_ByProduct_RVP",
							"type": "Script",
							"dependsOn": [],
							"policy": {
								"timeout": "7.00:00:00",
								"retry": 0,
								"retryIntervalInSeconds": 30,
								"secureOutput": false,
								"secureInput": false
							},
							"userProperties": [],
							"linkedServiceName": {
								"referenceName": "IAF_SF",
								"type": "LinkedServiceReference"
							},
							"typeProperties": {
								"scripts": [
									{
										"type": "Query",
										"text": {
											"value": "@concat('call DB_IAW_',pipeline().globalParameters.ENV,'_DM.STRATEGIC.SP_CONV_LOADDM_ASSEST_SUMMARY_BYPRODUCT_RVP(''',pipeline().globalParameters.ENV,''',',variables('temp_dataStartDate'),',',variables('temp_JobName'),',',variables('temp_tf_Audit_ID'),',''',pipeline().RunId,''')')",
											"type": "Expression"
										}
									}
								]
							}
						},
						{
							"name": "dt_Audit_EndJob",
							"type": "Script",
							"dependsOn": [
								{
									"activity": "m_LoadDM_Assest_Summary_ByProduct_RVP",
									"dependencyConditions": [
										"Succeeded"
									]
								}
							],
							"policy": {
								"timeout": "7.00:00:00",
								"retry": 0,
								"retryIntervalInSeconds": 30,
								"secureOutput": false,
								"secureInput": false
							},
							"userProperties": [],
							"linkedServiceName": {
								"referenceName": "IAF_SF",
								"type": "LinkedServiceReference"
							},
							"typeProperties": {
								"scripts": [
									{
										"type": "Query",
										"text": {
											"value": "@concat('call DB_IAW_',pipeline().globalParameters.ENV,'_DWH.TOOLS.USP_AUDIT_END_JOB(',variables('temp_JobName'),',',variables('temp_dataStartDate'),',',variables('temp_tf_Audit_ID'),',','''SUCCESS''',',','''Successful execution''',')')",
											"type": "Expression"
										}
									}
								]
							}
						}
					]
				}
			},
			{
				"name": "temp_JobName",
				"type": "SetVariable",
				"dependsOn": [],
				"userProperties": [],
				"typeProperties": {
					"variableName": "temp_JobName",
					"value": {
						"value": "@concat('''',pipeline().Pipeline,'''')",
						"type": "Expression"
					}
				}
			},
			{
				"name": "temp_tf_Audit_ID",
				"type": "SetVariable",
				"dependsOn": [],
				"userProperties": [],
				"typeProperties": {
					"variableName": "temp_tf_Audit_ID",
					"value": {
						"value": "@concat('''',pipeline().Pipeline,'-',pipeline().RunId,'''')",
						"type": "Expression"
					}
				}
			},
			{
				"name": "temp_JobStartDate",
				"type": "SetVariable",
				"dependsOn": [
					{
						"activity": "mt_audit_startJob_NextDate_Pre",
						"dependencyConditions": [
							"Succeeded"
						]
					}
				],
				"userProperties": [],
				"typeProperties": {
					"variableName": "temp_dataStartDate",
					"value": {
						"value": "@concat('''',activity('mt_audit_startJob_NextDate_Pre').output.resultSets[0]['rows'][0].USP_AUDIT_START_JOB_NEXT_DATE,'''')",
						"type": "Expression"
					}
				}
			},
			{
				"name": "mt_audit_startJob_NextDate_Pre",
				"type": "Script",
				"dependsOn": [
					{
						"activity": "temp_JobName",
						"dependencyConditions": [
							"Succeeded"
						]
					},
					{
						"activity": "temp_tf_Audit_ID",
						"dependencyConditions": [
							"Succeeded"
						]
					}
				],
				"policy": {
					"timeout": "7.00:00:00",
					"retry": 0,
					"retryIntervalInSeconds": 30,
					"secureOutput": false,
					"secureInput": false
				},
				"userProperties": [],
				"linkedServiceName": {
					"referenceName": "IAF_SF",
					"type": "LinkedServiceReference"
				},
				"typeProperties": {
					"scripts": [
						{
							"type": "Query",
							"text": {
								"value": "@concat('call DB_IAW_',pipeline().globalParameters.ENV,'_DWH.TOOLS.USP_AUDIT_START_JOB_NEXT_DATE(',variables('temp_JobName'),',',variables('temp_tf_Audit_ID'),')')",
								"type": "Expression"
							}
						}
					]
				}
			},
			{
				"name": "mt_audit_startJob_NextDate",
				"type": "Script",
				"dependsOn": [
					{
						"activity": "temp_JobStartDate",
						"dependencyConditions": [
							"Succeeded"
						]
					}
				],
				"policy": {
					"timeout": "7.00:00:00",
					"retry": 0,
					"retryIntervalInSeconds": 30,
					"secureOutput": false,
					"secureInput": false
				},
				"userProperties": [],
				"linkedServiceName": {
					"referenceName": "IAF_SF",
					"type": "LinkedServiceReference"
				},
				"typeProperties": {
					"scripts": [
						{
							"type": "Query",
							"text": {
								"value": "@concat('call DB_IAW_',pipeline().globalParameters.ENV,'_DWH.TOOLS.USP_AUDIT_START_JOB_Variable_Set(',variables('temp_JobName'),',',variables('temp_dataStartDate'),')')",
								"type": "Expression"
							}
						}
					]
				}
			}
		],
		"variables": {
			"temp_dataStartDate": {
				"type": "String"
			},
			"temp_JobName": {
				"type": "String"
			},
			"temp_tf_Audit_ID": {
				"type": "String"
			}
		},
		"folder": {
			"name": "IAW/61_DM_STRATEGIC/ASSETS_SUMMARY_BYPRODUCT_RVP"
		},
		"annotations": [],
		"lastPublishTime": "2022-07-29T05:10:04Z"
	},
	"type": "Microsoft.DataFactory/factories/pipelines"
}