{
	"name": "tf_LoadBDV_40_IAS_NBIN_to_BDV_CLIENT_ADVISOR_SEG",
	"properties": {
		"activities": [
			{
				"name": "tf_LoadBDV_45_Shared_PartyRoleAccountHolder_AUASeg",
				"type": "ExecutePipeline",
				"dependsOn": [],
				"userProperties": [],
				"typeProperties": {
					"pipeline": {
						"referenceName": "tf_LoadBDV_45_Shared_PartyRoleAccountHolder_AUASeg",
						"type": "PipelineReference"
					},
					"waitOnCompletion": true
				}
			},
			{
				"name": "tf_LoadBDV_45_Shared_PartyRoleAdvisor_AUASeg",
				"type": "ExecutePipeline",
				"dependsOn": [],
				"userProperties": [],
				"typeProperties": {
					"pipeline": {
						"referenceName": "tf_LoadBDV_45_Shared_PartyRoleAdvisor_AUASeg",
						"type": "PipelineReference"
					},
					"waitOnCompletion": true
				}
			}
		],
		"folder": {
			"name": "IAW/INITIAL_LOADING_IAPW/INITIAL_LOADING_40_60_DIMENSIONS"
		},
		"annotations": [],
		"lastPublishTime": "2022-08-22T11:43:12Z"
	},
	"type": "Microsoft.DataFactory/factories/pipelines"
}