{
	"name": "tf_LoadRDV_STG_MODEL_SHOPPING_To_RDV_SHOPPING",
	"properties": {
		"activities": [
			{
				"name": "dcn_StartJob_Result",
				"type": "IfCondition",
				"dependsOn": [
					{
						"activity": "mt_audit_startJob_NextDate",
						"dependencyConditions": [
							"Succeeded"
						]
					}
				],
				"userProperties": [],
				"typeProperties": {
					"expression": {
						"value": "@contains(activity('mt_audit_startJob_NextDate').output.resultSets[0]['rows'][0].USP_AUDIT_START_JOB_VARIABLE_SET,'SUCCESS')",
						"type": "Expression"
					},
					"ifFalseActivities": [
						{
							"name": "Throw_Error_Start_Job",
							"type": "Fail",
							"dependsOn": [],
							"userProperties": [],
							"typeProperties": {
								"message": "AUDIT_JOB_FAILED",
								"errorCode": {
									"value": "@activity('mt_audit_startJob_NextDate_Pre').output.resultSets[0]['rows'][0].USP_AUDIT_START_JOB_NEXT_DATE",
									"type": "Expression"
								}
							}
						}
					],
					"ifTrueActivities": [
						{
							"name": "mt_LoadRDV_STG_SHOPPING_To_SAT_SHOPPING_REQUEST_PLT",
							"type": "Script",
							"dependsOn": [
								{
									"activity": "Set Dummy 2",
									"dependencyConditions": [
										"Succeeded"
									]
								}
							],
							"policy": {
								"timeout": "7.00:00:00",
								"retry": 0,
								"retryIntervalInSeconds": 30,
								"secureOutput": false,
								"secureInput": false
							},
							"userProperties": [],
							"linkedServiceName": {
								"referenceName": "CNX_AC_DEV_SNOWFLAKE_DWH_SHOPPING_RDV",
								"type": "LinkedServiceReference"
							},
							"typeProperties": {
								"scripts": [
									{
										"parameters": [
											{
												"name": "INS1",
												"type": "String",
												"value": {
													"value": "@variables('INS1')",
													"type": "Expression"
												},
												"direction": "Input"
											},
											{
												"name": "SEL1",
												"type": "String",
												"value": {
													"value": "@variables('SEL1')",
													"type": "Expression"
												},
												"direction": "Input"
											},
											{
												"name": "SRC_TBL",
												"type": "String",
												"value": {
													"value": "@concat('DB_AC_',pipeline().globalParameters.ENV,'_DWH.SHOPPING_RDV.VW_SAT_LOAD_SHOPPING_REQUEST_PLT')",
													"type": "Expression"
												},
												"direction": "Input"
											},
											{
												"name": "TGT_TBL",
												"type": "String",
												"value": {
													"value": "@concat('DB_AC_',pipeline().globalParameters.ENV,'_DWH.SHOPPING_RDV.SAT_SHOPPING_REQUEST_PLT')",
													"type": "Expression"
												},
												"direction": "Input"
											},
											{
												"name": "TRUNC_TBL",
												"type": "String",
												"value": {
													"value": "@variables('TRUNC_TBL')",
													"type": "Expression"
												},
												"direction": "Input"
											}
										],
										"type": "Query",
										"text": {
											"value": "@concat('call DB_AC_',pipeline().globalParameters.ENV,'_DWH.TOOLS.SP_CONV_DATAVAULT_LOADSATELLITE_MULTIIMAGE(?,?,?,?,?)')\n\n",
											"type": "Expression"
										}
									}
								]
							}
						},
						{
							"name": "mt_LoadRDV_STG_SHOPPING_To_HUB_SHOPPING_REQUEST",
							"type": "Script",
							"dependsOn": [
								{
									"activity": "Set Dummy 2",
									"dependencyConditions": [
										"Succeeded"
									]
								}
							],
							"policy": {
								"timeout": "7.00:00:00",
								"retry": 0,
								"retryIntervalInSeconds": 30,
								"secureOutput": false,
								"secureInput": false
							},
							"userProperties": [],
							"linkedServiceName": {
								"referenceName": "CNX_AC_DEV_SNOWFLAKE_DWH_SHOPPING_RDV",
								"type": "LinkedServiceReference"
							},
							"typeProperties": {
								"scripts": [
									{
										"parameters": [
											{
												"name": "INS2",
												"type": "String",
												"value": {
													"value": "@variables('INS2')",
													"type": "Expression"
												},
												"direction": "Input"
											},
											{
												"name": "SEL2",
												"type": "String",
												"value": {
													"value": "@variables('SEL2')",
													"type": "Expression"
												},
												"direction": "Input"
											},
											{
												"name": "SRC_TBL",
												"type": "String",
												"value": {
													"value": "@concat('DB_AC_',pipeline().globalParameters.ENV,'_STG.PLT_MODEL_SHOPPING.VW_SHOPPING_REQUEST')",
													"type": "Expression"
												},
												"direction": "Input"
											},
											{
												"name": "TGT_TBL",
												"type": "String",
												"value": {
													"value": "@concat('DB_AC_',pipeline().globalParameters.ENV,'_DWH.SHOPPING_RDV.HUB_SHOPPING_REQUEST')",
													"type": "Expression"
												},
												"direction": "Input"
											},
											{
												"name": "TRUNC_TBL",
												"type": "String",
												"value": {
													"value": "@variables('TRUNC_TBL')",
													"type": "Expression"
												},
												"direction": "Input"
											}
										],
										"type": "Query",
										"text": {
											"value": "@concat('call DB_AC_',pipeline().globalParameters.ENV,'_DWH.TOOLS.SP_CONV_DATAVAULT_LOADHUB_MULTIIMAGE(?,?,?,?,?)')\n\n\n",
											"type": "Expression"
										}
									}
								]
							}
						},
						{
							"name": "mt_LoadRDV_STG_SHOPPING_To_LINK_SHOPPING_REQUEST",
							"type": "Script",
							"dependsOn": [
								{
									"activity": "Set Dummy 2",
									"dependencyConditions": [
										"Succeeded"
									]
								}
							],
							"policy": {
								"timeout": "7.00:00:00",
								"retry": 0,
								"retryIntervalInSeconds": 30,
								"secureOutput": false,
								"secureInput": false
							},
							"userProperties": [],
							"linkedServiceName": {
								"referenceName": "CNX_AC_DEV_SNOWFLAKE_DWH_SHOPPING_RDV",
								"type": "LinkedServiceReference"
							},
							"typeProperties": {
								"scripts": [
									{
										"parameters": [
											{
												"name": "INS3",
												"type": "String",
												"value": {
													"value": "@variables('INS3')",
													"type": "Expression"
												},
												"direction": "Input"
											},
											{
												"name": "SEL3",
												"type": "String",
												"value": {
													"value": "@variables('SEL3')",
													"type": "Expression"
												},
												"direction": "Input"
											},
											{
												"name": "SRC_TBL",
												"type": "String",
												"value": {
													"value": "@concat('DB_AC_',pipeline().globalParameters.ENV,'_STG.PLT_MODEL_SHOPPING.SHOPPING_REQUEST')",
													"type": "Expression"
												},
												"direction": "Input"
											},
											{
												"name": "TGT_TBL",
												"type": "String",
												"value": {
													"value": "@concat('DB_AC_',pipeline().globalParameters.ENV,'_DWH.SHOPPING_RDV.LINK_SHOPPING_REQUESTS')",
													"type": "Expression"
												},
												"direction": "Input"
											},
											{
												"name": "TRUNC_TBL",
												"type": "String",
												"value": {
													"value": "@variables('TRUNC_TBL')",
													"type": "Expression"
												},
												"direction": "Input"
											}
										],
										"type": "Query",
										"text": {
											"value": "@concat('call DB_AC_',pipeline().globalParameters.ENV,'_DWH.TOOLS.SP_CONV_DATAVAULT_LOADLINK_MULTIIMAGE(?,?,?,?,?)')",
											"type": "Expression"
										}
									}
								]
							}
						},
						{
							"name": "Set Dummy 2",
							"description": "",
							"type": "SetVariable",
							"dependsOn": [
								{
									"activity": "Set Dummy1",
									"dependencyConditions": [
										"Succeeded"
									]
								}
							],
							"userProperties": [],
							"typeProperties": {
								"variableName": "Dummy",
								"value": "1"
							}
						},
						{
							"name": "mt_LoadRDV_STG_SHOPPING_To_LINK_SHOPPING_ITEM",
							"type": "Script",
							"dependsOn": [
								{
									"activity": "Set Dummy 3",
									"dependencyConditions": [
										"Succeeded"
									]
								}
							],
							"policy": {
								"timeout": "7.00:00:00",
								"retry": 0,
								"retryIntervalInSeconds": 30,
								"secureOutput": false,
								"secureInput": false
							},
							"userProperties": [],
							"linkedServiceName": {
								"referenceName": "CNX_AC_DEV_SNOWFLAKE_DWH_SHOPPING_RDV",
								"type": "LinkedServiceReference"
							},
							"typeProperties": {
								"scripts": [
									{
										"parameters": [
											{
												"name": "INS4",
												"type": "String",
												"value": {
													"value": "@variables('INS4')",
													"type": "Expression"
												},
												"direction": "Input"
											},
											{
												"name": "SEL4",
												"type": "String",
												"value": {
													"value": "@variables('SEL4')",
													"type": "Expression"
												},
												"direction": "Input"
											},
											{
												"name": "SRC_TBL",
												"type": "String",
												"value": {
													"value": "@concat('DB_AC_',pipeline().globalParameters.ENV,'_STG.PLT_MODEL_SHOPPING.SHOPPING_REQUEST_ITEM')",
													"type": "Expression"
												},
												"direction": "Input"
											},
											{
												"name": "TGT_TBL",
												"type": "String",
												"value": {
													"value": "@concat('DB_AC_',pipeline().globalParameters.ENV,'_DWH.SHOPPING_RDV.LINK_SHOPPING_ITEM')",
													"type": "Expression"
												},
												"direction": "Input"
											},
											{
												"name": "TRUNC_TBL",
												"type": "String",
												"value": {
													"value": "@variables('TRUNC_TBL')",
													"type": "Expression"
												},
												"direction": "Input"
											}
										],
										"type": "Query",
										"text": {
											"value": "@concat('call DB_AC_',pipeline().globalParameters.ENV,'_DWH.TOOLS.SP_CONV_DATAVAULT_LOADLINK_MULTIIMAGE(?,?,?,?,?)')",
											"type": "Expression"
										}
									}
								]
							}
						},
						{
							"name": "mt_LoadRDV_STG_SHOPPING_To_SAT_LINK_SHOPPING_ITEM_PLT",
							"type": "Script",
							"dependsOn": [
								{
									"activity": "Set Dummy 3",
									"dependencyConditions": [
										"Succeeded"
									]
								}
							],
							"policy": {
								"timeout": "7.00:00:00",
								"retry": 0,
								"retryIntervalInSeconds": 30,
								"secureOutput": false,
								"secureInput": false
							},
							"userProperties": [],
							"linkedServiceName": {
								"referenceName": "CNX_AC_DEV_SNOWFLAKE_DWH_SHOPPING_RDV",
								"type": "LinkedServiceReference"
							},
							"typeProperties": {
								"scripts": [
									{
										"parameters": [
											{
												"name": "INS5",
												"type": "String",
												"value": {
													"value": "@variables('INS5')",
													"type": "Expression"
												},
												"direction": "Input"
											},
											{
												"name": "SEL5",
												"type": "String",
												"value": {
													"value": "@variables('SEL5')",
													"type": "Expression"
												},
												"direction": "Input"
											},
											{
												"name": "SRC_TBL",
												"type": "String",
												"value": {
													"value": "@concat('DB_AC_',pipeline().globalParameters.ENV,'_STG.PLT_MODEL_SHOPPING.SHOPPING_REQUEST_ITEM')",
													"type": "Expression"
												},
												"direction": "Input"
											},
											{
												"name": "TGT_TBL",
												"type": "String",
												"value": {
													"value": "@concat('DB_AC_',pipeline().globalParameters.ENV,'_DWH.SHOPPING_RDV.SAT_LINK_SHOPPING_ITEM_PLT')",
													"type": "Expression"
												},
												"direction": "Input"
											},
											{
												"name": "TRUNC_TBL",
												"type": "String",
												"value": {
													"value": "@variables('TRUNC_TBL')",
													"type": "Expression"
												},
												"direction": "Input"
											}
										],
										"type": "Query",
										"text": {
											"value": "@concat('call DB_AC_',pipeline().globalParameters.ENV,'_DWH.TOOLS.SP_CONV_DATAVAULT_LOADSATLINK_INSERT(?,?,?,?,?)')",
											"type": "Expression"
										}
									}
								]
							}
						},
						{
							"name": "Set Dummy 3",
							"description": "",
							"type": "SetVariable",
							"dependsOn": [
								{
									"activity": "Set Dummy1",
									"dependencyConditions": [
										"Succeeded"
									]
								}
							],
							"userProperties": [],
							"typeProperties": {
								"variableName": "Dummy_2",
								"value": "1"
							}
						},
						{
							"name": "Set Dummy1",
							"description": "",
							"type": "SetVariable",
							"dependsOn": [],
							"userProperties": [],
							"typeProperties": {
								"variableName": "Dummy",
								"value": "1"
							}
						},
						{
							"name": "Set Dummy 7",
							"description": "",
							"type": "SetVariable",
							"dependsOn": [
								{
									"activity": "mt_LoadRDV_STG_SHOPPING_To_LINK_SHOPPING_ITEM",
									"dependencyConditions": [
										"Succeeded"
									]
								},
								{
									"activity": "mt_LoadRDV_STG_SHOPPING_To_SAT_LINK_SHOPPING_ITEM_PLT",
									"dependencyConditions": [
										"Succeeded"
									]
								}
							],
							"userProperties": [],
							"typeProperties": {
								"variableName": "Dummy",
								"value": "1"
							}
						},
						{
							"name": "Set Dummy 6",
							"description": "",
							"type": "SetVariable",
							"dependsOn": [
								{
									"activity": "mt_LoadRDV_STG_SHOPPING_To_HUB_SHOPPING_REQUEST",
									"dependencyConditions": [
										"Succeeded"
									]
								},
								{
									"activity": "mt_LoadRDV_STG_SHOPPING_To_SAT_SHOPPING_REQUEST_PLT",
									"dependencyConditions": [
										"Succeeded"
									]
								},
								{
									"activity": "mt_LoadRDV_STG_SHOPPING_To_LINK_SHOPPING_REQUEST",
									"dependencyConditions": [
										"Succeeded"
									]
								}
							],
							"userProperties": [],
							"typeProperties": {
								"variableName": "Dummy",
								"value": "1"
							}
						},
						{
							"name": "mt_LoadRDV_STG_SHOPPING_To_SAT_OPEN_SHOPPING_PERIOD",
							"type": "Script",
							"dependsOn": [
								{
									"activity": "Set Dummy 4",
									"dependencyConditions": [
										"Succeeded"
									]
								}
							],
							"policy": {
								"timeout": "7.00:00:00",
								"retry": 0,
								"retryIntervalInSeconds": 30,
								"secureOutput": false,
								"secureInput": false
							},
							"userProperties": [],
							"linkedServiceName": {
								"referenceName": "CNX_AC_DEV_SNOWFLAKE_DWH_SHOPPING_RDV",
								"type": "LinkedServiceReference"
							},
							"typeProperties": {
								"scripts": [
									{
										"parameters": [
											{
												"name": "INS6",
												"type": "String",
												"value": {
													"value": "@variables('INS6')",
													"type": "Expression"
												},
												"direction": "Input"
											},
											{
												"name": "SEL6",
												"type": "String",
												"value": {
													"value": "@variables('SEL6')",
													"type": "Expression"
												},
												"direction": "Input"
											},
											{
												"name": "SRC_TBL",
												"type": "String",
												"value": {
													"value": "@concat('DB_AC_',pipeline().globalParameters.ENV,'_DWH.SHOPPING_RDV.VW_SAT_LOAD_OPEN_SHOPPING_PERIOD')",
													"type": "Expression"
												},
												"direction": "Input"
											},
											{
												"name": "TGT_TBL",
												"type": "String",
												"value": {
													"value": "@concat('DB_AC_',pipeline().globalParameters.ENV,'_DWH.SHOPPING_RDV.SAT_OPEN_SHOPPING_PERIOD')",
													"type": "Expression"
												},
												"direction": "Input"
											},
											{
												"name": "TRUNC_TBL",
												"type": "String",
												"value": {
													"value": "@variables('TRUNC_TBL')",
													"type": "Expression"
												},
												"direction": "Input"
											}
										],
										"type": "Query",
										"text": {
											"value": "@concat('call DB_AC_',pipeline().globalParameters.ENV,'_DWH.TOOLS.SP_CONV_DATAVAULT_LOADSATELLITE_MULTIIMAGE(?,?,?,?,?)')",
											"type": "Expression"
										}
									}
								]
							}
						},
						{
							"name": "mt_LoadRDV_STG_SHOPPING_To_HUB_OPEN_SHOPPING_PERIOD",
							"type": "Script",
							"dependsOn": [
								{
									"activity": "Set Dummy 4",
									"dependencyConditions": [
										"Succeeded"
									]
								}
							],
							"policy": {
								"timeout": "7.00:00:00",
								"retry": 0,
								"retryIntervalInSeconds": 30,
								"secureOutput": false,
								"secureInput": false
							},
							"userProperties": [],
							"linkedServiceName": {
								"referenceName": "CNX_AC_DEV_SNOWFLAKE_DWH_SHOPPING_RDV",
								"type": "LinkedServiceReference"
							},
							"typeProperties": {
								"scripts": [
									{
										"parameters": [
											{
												"name": "INS7",
												"type": "String",
												"value": {
													"value": "@variables('INS7')",
													"type": "Expression"
												},
												"direction": "Input"
											},
											{
												"name": "SEL7",
												"type": "String",
												"value": {
													"value": "@variables('SEL7')",
													"type": "Expression"
												},
												"direction": "Input"
											},
											{
												"name": "SRC_TBL",
												"type": "String",
												"value": {
													"value": "@concat('DB_AC_',pipeline().globalParameters.ENV,'_STG.PLT_MODEL_SHOPPING.OPEN_SHOPPING_PERIOD')",
													"type": "Expression"
												},
												"direction": "Input"
											},
											{
												"name": "TGT_TBL",
												"type": "String",
												"value": {
													"value": "@concat('DB_AC_',pipeline().globalParameters.ENV,'_DWH.SHOPPING_RDV.HUB_OPEN_SHOPPING_PERIOD')",
													"type": "Expression"
												},
												"direction": "Input"
											},
											{
												"name": "TRUNC_TBL",
												"type": "String",
												"value": {
													"value": "@variables('TRUNC_TBL')",
													"type": "Expression"
												},
												"direction": "Input"
											}
										],
										"type": "Query",
										"text": {
											"value": "@concat('call DB_AC_',pipeline().globalParameters.ENV,'_DWH.TOOLS.SP_CONV_DATAVAULT_LOADHUB_MULTIIMAGE(?,?,?,?,?)')",
											"type": "Expression"
										}
									}
								]
							}
						},
						{
							"name": "mt_LoadRDV_STG_SHOPPING_To_HUB_CAMPAIGN",
							"type": "Script",
							"dependsOn": [
								{
									"activity": "Set Dummy 5",
									"dependencyConditions": [
										"Succeeded"
									]
								}
							],
							"policy": {
								"timeout": "7.00:00:00",
								"retry": 0,
								"retryIntervalInSeconds": 30,
								"secureOutput": false,
								"secureInput": false
							},
							"userProperties": [],
							"linkedServiceName": {
								"referenceName": "CNX_AC_DEV_SNOWFLAKE_DWH_SHOPPING_RDV",
								"type": "LinkedServiceReference"
							},
							"typeProperties": {
								"scripts": [
									{
										"parameters": [
											{
												"name": "INS8",
												"type": "String",
												"value": {
													"value": "@variables('INS8')",
													"type": "Expression"
												},
												"direction": "Input"
											},
											{
												"name": "SEL8",
												"type": "String",
												"value": {
													"value": "@variables('SEL8')",
													"type": "Expression"
												},
												"direction": "Input"
											},
											{
												"name": "SRC_TBL",
												"type": "String",
												"value": {
													"value": "@concat('DB_AC_',pipeline().globalParameters.ENV,'_STG.PLT_MODEL_SHOPPING.CAMPAIGN')",
													"type": "Expression"
												},
												"direction": "Input"
											},
											{
												"name": "TGT_TBL",
												"type": "String",
												"value": {
													"value": "@concat('DB_AC_',pipeline().globalParameters.ENV,'_DWH.SHOPPING_RDV.HUB_CAMPAIGN')",
													"type": "Expression"
												},
												"direction": "Input"
											},
											{
												"name": "TRUNC_TBL",
												"type": "String",
												"value": {
													"value": "@variables('TRUNC_TBL')",
													"type": "Expression"
												},
												"direction": "Input"
											}
										],
										"type": "Query",
										"text": {
											"value": "@concat('call DB_AC_',pipeline().globalParameters.ENV,'_DWH.TOOLS.SP_CONV_DATAVAULT_LOADHUB_MULTIIMAGE(?,?,?,?,?)')",
											"type": "Expression"
										}
									}
								]
							}
						},
						{
							"name": "mt_LoadRDV_STG_SHOPPING_To_SAT_CAMPAIGN",
							"type": "Script",
							"dependsOn": [
								{
									"activity": "Set Dummy 5",
									"dependencyConditions": [
										"Succeeded"
									]
								}
							],
							"policy": {
								"timeout": "7.00:00:00",
								"retry": 0,
								"retryIntervalInSeconds": 30,
								"secureOutput": false,
								"secureInput": false
							},
							"userProperties": [],
							"linkedServiceName": {
								"referenceName": "CNX_AC_DEV_SNOWFLAKE_DWH_SHOPPING_RDV",
								"type": "LinkedServiceReference"
							},
							"typeProperties": {
								"scripts": [
									{
										"parameters": [
											{
												"name": "INS9",
												"type": "String",
												"value": {
													"value": "@variables('INS9')",
													"type": "Expression"
												},
												"direction": "Input"
											},
											{
												"name": "SEL9",
												"type": "String",
												"value": {
													"value": "@variables('SEL9')",
													"type": "Expression"
												},
												"direction": "Input"
											},
											{
												"name": "SRC_TBL",
												"type": "String",
												"value": {
													"value": "@concat('DB_AC_',pipeline().globalParameters.ENV,'_STG.PLT_MODEL_SHOPPING.CAMPAIGN')",
													"type": "Expression"
												},
												"direction": "Input"
											},
											{
												"name": "TGT_TBL",
												"type": "String",
												"value": {
													"value": "@concat('DB_AC_',pipeline().globalParameters.ENV,'_DWH.SHOPPING_RDV.SAT_CAMPAIGN')",
													"type": "Expression"
												},
												"direction": "Input"
											},
											{
												"name": "TRUNC_TBL",
												"type": "String",
												"value": {
													"value": "@variables('TRUNC_TBL')",
													"type": "Expression"
												},
												"direction": "Input"
											}
										],
										"type": "Query",
										"text": {
											"value": "@concat('call DB_AC_',pipeline().globalParameters.ENV,'_DWH.TOOLS.SP_CONV_DATAVAULT_LOADSATELLITE_MULTIIMAGE(?,?,?,?,?)')",
											"type": "Expression"
										}
									}
								]
							}
						},
						{
							"name": "Set Dummy 9",
							"description": "",
							"type": "SetVariable",
							"dependsOn": [
								{
									"activity": "mt_LoadRDV_STG_SHOPPING_To_HUB_CAMPAIGN",
									"dependencyConditions": [
										"Succeeded"
									]
								},
								{
									"activity": "mt_LoadRDV_STG_SHOPPING_To_SAT_CAMPAIGN",
									"dependencyConditions": [
										"Succeeded"
									]
								}
							],
							"userProperties": [],
							"typeProperties": {
								"variableName": "Dummy_2",
								"value": "1"
							}
						},
						{
							"name": "Set Dummy 5",
							"description": "",
							"type": "SetVariable",
							"dependsOn": [
								{
									"activity": "Set Dummy1",
									"dependencyConditions": [
										"Succeeded"
									]
								}
							],
							"userProperties": [],
							"typeProperties": {
								"variableName": "Dummy_2",
								"value": "1"
							}
						},
						{
							"name": "Set Dummy 4",
							"description": "",
							"type": "SetVariable",
							"dependsOn": [
								{
									"activity": "Set Dummy1",
									"dependencyConditions": [
										"Succeeded"
									]
								}
							],
							"userProperties": [],
							"typeProperties": {
								"variableName": "Dummy_2",
								"value": "1"
							}
						},
						{
							"name": "Set Dummy 8",
							"description": "",
							"type": "SetVariable",
							"dependsOn": [
								{
									"activity": "mt_LoadRDV_STG_SHOPPING_To_SAT_OPEN_SHOPPING_PERIOD",
									"dependencyConditions": [
										"Succeeded"
									]
								},
								{
									"activity": "mt_LoadRDV_STG_SHOPPING_To_HUB_OPEN_SHOPPING_PERIOD",
									"dependencyConditions": [
										"Succeeded"
									]
								}
							],
							"userProperties": [],
							"typeProperties": {
								"variableName": "Dummy_2",
								"value": "1"
							}
						},
						{
							"name": "Set Dummy 10",
							"description": "",
							"type": "SetVariable",
							"dependsOn": [
								{
									"activity": "Set Dummy 6",
									"dependencyConditions": [
										"Succeeded"
									]
								},
								{
									"activity": "Set Dummy 7",
									"dependencyConditions": [
										"Succeeded"
									]
								},
								{
									"activity": "Set Dummy 8",
									"dependencyConditions": [
										"Succeeded"
									]
								},
								{
									"activity": "Set Dummy 9",
									"dependencyConditions": [
										"Succeeded"
									]
								}
							],
							"userProperties": [],
							"typeProperties": {
								"variableName": "Dummy",
								"value": "1"
							}
						}
					]
				}
			},
			{
				"name": "temp_JobName",
				"type": "SetVariable",
				"dependsOn": [],
				"userProperties": [],
				"typeProperties": {
					"variableName": "temp_JobName",
					"value": {
						"value": "@concat('''',pipeline().Pipeline,'''')",
						"type": "Expression"
					}
				}
			},
			{
				"name": "temp_tf_Audit_ID",
				"type": "SetVariable",
				"dependsOn": [],
				"userProperties": [],
				"typeProperties": {
					"variableName": "temp_tf_Audit_ID",
					"value": "-1"
				}
			},
			{
				"name": "mt_audit_startJob_NextDate_Pre",
				"type": "Script",
				"dependsOn": [
					{
						"activity": "temp_JobName",
						"dependencyConditions": [
							"Succeeded"
						]
					},
					{
						"activity": "temp_tf_Audit_ID",
						"dependencyConditions": [
							"Succeeded"
						]
					}
				],
				"policy": {
					"timeout": "7.00:00:00",
					"retry": 0,
					"retryIntervalInSeconds": 30,
					"secureOutput": false,
					"secureInput": false
				},
				"userProperties": [],
				"linkedServiceName": {
					"referenceName": "CNX_AC_DEV_SNOWFLAKE_DWH_TOOLS",
					"type": "LinkedServiceReference"
				},
				"typeProperties": {
					"scripts": [
						{
							"parameters": [
								{
									"name": "temp_JobName",
									"type": "String",
									"value": {
										"value": "@variables('temp_JobName')",
										"type": "Expression"
									},
									"direction": "Input"
								},
								{
									"name": "temp_tf_Audit_ID",
									"type": "String",
									"value": {
										"value": "@variables('temp_tf_Audit_ID')",
										"type": "Expression"
									},
									"direction": "Input"
								}
							],
							"type": "Query",
							"text": {
								"value": "@concat('call DB_AC_',pipeline().globalParameters.ENV,'_DWH.TOOLS.USP_AUDIT_START_JOB_NEXT_DATE_A(',variables('temp_JobName'),',',variables('temp_tf_Audit_ID'),')')\n",
								"type": "Expression"
							}
						}
					]
				}
			},
			{
				"name": "mt_audit_startJob_NextDate",
				"type": "Script",
				"dependsOn": [
					{
						"activity": "temp_JobStartDate",
						"dependencyConditions": [
							"Succeeded"
						]
					}
				],
				"policy": {
					"timeout": "7.00:00:00",
					"retry": 0,
					"retryIntervalInSeconds": 30,
					"secureOutput": false,
					"secureInput": false
				},
				"userProperties": [],
				"linkedServiceName": {
					"referenceName": "CNX_AC_DEV_SNOWFLAKE_DWH_TOOLS",
					"type": "LinkedServiceReference"
				},
				"typeProperties": {
					"scripts": [
						{
							"parameters": [
								{
									"name": "temp_JobName",
									"type": "String",
									"value": {
										"value": "@variables('temp_JobName')",
										"type": "Expression"
									},
									"direction": "Input"
								},
								{
									"name": "temp_dataStartDate",
									"type": "String",
									"value": {
										"value": "@variables('temp_dataStartDate')",
										"type": "Expression"
									},
									"direction": "Input"
								}
							],
							"type": "Query",
							"text": {
								"value": "@concat('call DB_AC_',pipeline().globalParameters.ENV,'_DWH.TOOLS.USP_AUDIT_START_JOB_Variable_Set(',variables('temp_JobName'),',',variables('temp_dataStartDate'),')')",
								"type": "Expression"
							}
						}
					]
				}
			},
			{
				"name": "temp_JobStartDate",
				"type": "SetVariable",
				"dependsOn": [
					{
						"activity": "mt_audit_startJob_NextDate_Pre",
						"dependencyConditions": [
							"Succeeded"
						]
					}
				],
				"userProperties": [],
				"typeProperties": {
					"variableName": "temp_dataStartDate",
					"value": {
						"value": "@concat('''',activity('mt_audit_startJob_NextDate_Pre').output.resultSets[0]['rows'][0].USP_AUDIT_START_JOB_NEXT_DATE_A,'''')",
						"type": "Expression"
					}
				}
			},
			{
				"name": "dt_Audit_EndJob_ForDate",
				"type": "Script",
				"dependsOn": [
					{
						"activity": "dcn_StartJob_Result",
						"dependencyConditions": [
							"Succeeded"
						]
					}
				],
				"policy": {
					"timeout": "0.12:00:00",
					"retry": 0,
					"retryIntervalInSeconds": 30,
					"secureOutput": false,
					"secureInput": false
				},
				"userProperties": [],
				"linkedServiceName": {
					"referenceName": "CNX_AC_DEV_SNOWFLAKE_DWH_TOOLS",
					"type": "LinkedServiceReference"
				},
				"typeProperties": {
					"scripts": [
						{
							"parameters": [
								{
									"name": "ENV",
									"type": "String",
									"value": {
										"value": "@pipeline().globalParameters.ENV",
										"type": "Expression"
									},
									"direction": "Input"
								},
								{
									"name": "JOB_END_STATUS",
									"type": "String",
									"value": "SUCCESS",
									"direction": "Input"
								},
								{
									"name": "JOB_START_DT",
									"type": "String",
									"value": "2019-05-05",
									"direction": "Input"
								},
								{
									"name": "AUDIT_ID",
									"type": "String",
									"value": "-1",
									"direction": "Input"
								},
								{
									"name": "JOB_END_DESC",
									"type": "String",
									"value": "job_dummy_description",
									"direction": "Input"
								},
								{
									"name": "JOB_NAME",
									"type": "String",
									"value": "tf_LoadRDV_STG_MODEL_SHOPPING_To_RDV_SHOPPING",
									"direction": "Input"
								},
								{
									"name": "IO_RESULT",
									"type": "String",
									"value": "SUCCESS",
									"direction": "Input"
								}
							],
							"type": "Query",
							"text": {
								"value": "CALL DB_AC_@{pipeline().globalParameters.ENV}_DWH.TOOLS.SP_CONV_AUDIT_ENDJOB_FORDATE_DATETIME(?,?,?,?,?,?,?)",
								"type": "Expression"
							}
						}
					]
				}
			}
		],
		"parameters": {
			"io_jobName": {
				"type": "string",
				"defaultValue": "'tf_LoadRDV_STG_MODEL_SHOPPING_To_RDV_ORDER'"
			},
			"io_auditID": {
				"type": "string",
				"defaultValue": "-1"
			},
			"I_SECURITY_TYPE": {
				"type": "string",
				"defaultValue": "'N\\A'"
			},
			"I_MD_SOURCE": {
				"type": "string"
			}
		},
		"variables": {
			"temp_dataStartDate": {
				"type": "String"
			},
			"temp_JobName": {
				"type": "String"
			},
			"temp_tf_Audit_ID": {
				"type": "String",
				"defaultValue": "-1"
			},
			"TRUNC_TBL": {
				"type": "String",
				"defaultValue": "N"
			},
			"SEL1": {
				"type": "String",
				"defaultValue": "stg.HK_HUB,stg.MD_START_DT,stg.MD_HASHDIFF,stg.MD_SOURCE,stg.STATUS,stg.SUBMITTEDON,stg.CONTEXT,CURRENT_TIMESTAMP,'-1'"
			},
			"INS1": {
				"type": "String",
				"defaultValue": "HK_HUB,MD_START_DT,MD_HASHDIFF,MD_SOURCE,STATUS,SUBMITTEDON,CONTEXT,MD_CREATION_DT,MD_CREATION_AUDIT_ID"
			},
			"SEL2": {
				"type": "String",
				"defaultValue": "stg.HK_HUB,stg.MD_START_DT,stg.MD_SOURCE,stg.SHOPPING_REQUEST_ID,CURRENT_TIMESTAMP,'-1'"
			},
			"INS2": {
				"type": "String",
				"defaultValue": "HK_HUB,MD_START_DT,MD_SOURCE,SHOPPING_REQUEST_ID,MD_CREATION_DT,MD_CREATION_AUDIT_ID"
			},
			"SEL3": {
				"type": "String",
				"defaultValue": "Src.HK_LINK,Src.MD_START_DT,Src.MD_SOURCE,Src.HK_HUB_PRODUCT_CATALOG,Src.HK_HUB_OPEN_SHOPPING_PERIOD,Src.HK_HUB_CUSTOMER,Src.HK_HUB_WORKER,Src.HK_HUB_SHOPPING_REQUEST,Src.SHOPPING_REQUEST_ID,Src.CUSTOMER_ID,Src.WORKER_ID,Src.OPEN_SHOPPING_PERIOD_ID,Src.PRODUCT_CATALOG_ID,CURRENT_TIMESTAMP,'-1'"
			},
			"INS3": {
				"type": "String",
				"defaultValue": "HK_LINK,MD_START_DT,MD_SOURCE,HK_HUB_PRODUCT_CATALOG,HK_HUB_OPEN_SHOPPING_PERIOD,HK_HUB_CUSTOMER,HK_HUB_WORKER,HK_HUB_SHOPPING_REQUEST,SHOPPING_REQUEST_ID,CUSTOMER_ID,WORKER_ID,OPEN_SHOPPING_PERIOD_ID,PRODUCT_CATALOG_ID,MD_CREATION_DT,MD_CREATION_AUDIT_ID"
			},
			"Dummy": {
				"type": "String"
			},
			"SEL4": {
				"type": "String",
				"defaultValue": "Src.HK_LINK,Src.MD_START_DT,Src.MD_SOURCE,Src.HK_HUB_SHOPPING_REQUEST,Src.HK_HUB_PRODUCT,Src.SHOPPING_REQUEST_ID,Src.PRODUCT_ID,CURRENT_TIMESTAMP,'-1'"
			},
			"INS4": {
				"type": "String",
				"defaultValue": "HK_LINK,MD_START_DT,MD_SOURCE,HK_HUB_SHOPPING_REQUEST,HK_HUB_PRODUCT,SHOPPING_REQUEST_ID,PRODUCT_ID,MD_CREATION_DT,MD_CREATION_AUDIT_ID"
			},
			"SEL5": {
				"type": "String",
				"defaultValue": "Src.HK_LINK,Src.MD_START_DT,Src.MD_HASHDIFF,Src.MD_SOURCE,Src.QUANTITY,CURRENT_TIMESTAMP,'-1'"
			},
			"INS5": {
				"type": "String",
				"defaultValue": "HK_LINK,MD_START_DT,MD_HASHDIFF,MD_SOURCE,QUANTITY,MD_CREATION_DT,MD_CREATION_AUDIT_ID"
			},
			"Dummy_2": {
				"type": "String"
			},
			"SEL6": {
				"type": "String",
				"defaultValue": "stg.HK_HUB,stg.MD_START_DT,stg.MD_HASHDIFF,stg.MD_SOURCE,stg.REASON,stg.BEGINSON,stg.ENDSON,stg.EFFECTIVE_DATE,stg.EXPIRATION_DATE,stg.STATUS,CURRENT_TIMESTAMP,'-1'"
			},
			"INS6": {
				"type": "String",
				"defaultValue": "HK_HUB,MD_START_DT,MD_HASHDIFF,MD_SOURCE,REASON,BEGINSON,ENDSON,EFFECTIVE_DATE,EXPIRATION_DATE,STATUS,MD_CREATION_DT,MD_CREATION_AUDIT_ID"
			},
			"SEL7": {
				"type": "String",
				"defaultValue": "stg.HK_HUB,stg.MD_START_DT,stg.MD_SOURCE,stg.OPEN_SHOPPING_PERIOD_ID,CURRENT_TIMESTAMP,'-1'"
			},
			"INS7": {
				"type": "String",
				"defaultValue": "HK_HUB,MD_START_DT,MD_SOURCE,OPEN_SHOPPING_PERIOD_ID,MD_CREATION_DT,MD_CREATION_AUDIT_ID"
			},
			"SEL8": {
				"type": "String",
				"defaultValue": "stg.HK_HUB,stg.MD_START_DT,stg.MD_CREATION_DT,stg.MD_SOURCE,stg.CAMPAIGN_ID,'-1'"
			},
			"INS8": {
				"type": "String",
				"defaultValue": "HK_HUB,MD_START_DT,MD_CREATION_DT,MD_SOURCE,CAMPAIGN_ID,MD_CREATION_AUDIT_ID"
			},
			"SEL9": {
				"type": "String",
				"defaultValue": "stg.HK_HUB,stg.MD_START_DT,stg.MD_HASHDIFF,stg.MD_CREATION_DT,stg.MD_SOURCE,stg.TYPE,stg.ORGANIZATION_ID,stg.WORKER_GROUP,stg.JOB_CATEGORY,stg.GROUP_TYPE_CODE,stg.GROUP_REFERENCES,stg.SCHEDULED_TIME,stg.BEGINS_ON,stg.ENDS_ON,stg.BENEFITS_EFFECTIVE_DATE,stg.ELIGIBILITY_RULE_SET,stg.IS_STARTED,'-1'"
			},
			"INS9": {
				"type": "String",
				"defaultValue": "HK_HUB,MD_START_DT,MD_HASHDIFF,MD_CREATION_DT,MD_SOURCE,TYPE,ORGANIZATION_ID,WORKER_GROUP,JOB_CATEGORY,GROUP_TYPE_CODE,GROUP_REFERENCES,SCHEDULED_TIME,BEGINS_ON,ENDS_ON,BENEFITS_EFFECTIVE_DATE,ELIGIBILITY_RULE_SET,IS_STARTED,MD_CREATION_AUDIT_ID"
			}
		},
		"folder": {
			"name": "AC/30_RDV_PLT_SHOPPING/RDV_SHOPPING"
		},
		"annotations": [],
		"lastPublishTime": "2022-10-04T08:14:48Z"
	},
	"type": "Microsoft.DataFactory/factories/pipelines"
}