{
	"name": "tf_LoadRDV_20-30_PSA_IAS_UNIVERIS_to_RDV_REF_COM_PROD",
	"properties": {
		"activities": [
			{
				"name": "dcn_Com_Prod_File",
				"type": "IfCondition",
				"dependsOn": [
					{
						"activity": "temp_filename",
						"dependencyConditions": [
							"Succeeded"
						]
					}
				],
				"userProperties": [],
				"typeProperties": {
					"expression": {
						"value": "@contains(variables('temp_filename'),'S_COM_PROD__')",
						"type": "Expression"
					},
					"ifTrueActivities": [
						{
							"name": "temp_dataStartDate",
							"type": "SetVariable",
							"dependsOn": [],
							"userProperties": [],
							"typeProperties": {
								"variableName": "temp_dataStartDate",
								"value": {
									"value": "@concat('''',split(split(pipeline().parameters.input_filename,'__')[1],'.')[0],'''')",
									"type": "Expression"
								}
							}
						},
						{
							"name": "temp_JobName",
							"type": "SetVariable",
							"dependsOn": [],
							"userProperties": [],
							"typeProperties": {
								"variableName": "temp_JobName",
								"value": {
									"value": "@concat('''',pipeline().Pipeline,'''')",
									"type": "Expression"
								}
							}
						},
						{
							"name": "temp_tf_Audit_ID",
							"type": "SetVariable",
							"dependsOn": [],
							"userProperties": [],
							"typeProperties": {
								"variableName": "temp_tf_Audit_ID",
								"value": {
									"value": "@concat('''',pipeline().Pipeline,'-',pipeline().RunId,'''')",
									"type": "Expression"
								}
							}
						},
						{
							"name": "Execute SUCCESS Pipeline",
							"type": "ExecutePipeline",
							"dependsOn": [
								{
									"activity": "dt_Audit_StartJob",
									"dependencyConditions": [
										"Succeeded"
									]
								}
							],
							"userProperties": [],
							"typeProperties": {
								"pipeline": {
									"referenceName": "tf_LoadRDV_20-30_PSA_IAS_UNIVERIS_to_RDV_REF_COM_PROD_SUCCESS",
									"type": "PipelineReference"
								},
								"waitOnCompletion": true,
								"parameters": {
									"input_filename": {
										"value": "@pipeline().parameters.input_filename",
										"type": "Expression"
									},
									"input_filepath": {
										"value": "@pipeline().parameters.input_filepath",
										"type": "Expression"
									},
									"temp_JobName": {
										"value": "@variables('temp_JobName')",
										"type": "Expression"
									},
									"temp_dataStartDate": {
										"value": "@variables('temp_dataStartDate')",
										"type": "Expression"
									},
									"temp_tf_Audit_ID": {
										"value": "@variables('temp_tf_Audit_ID')",
										"type": "Expression"
									},
									"Audit_Run_ID": {
										"value": "@pipeline().RunId",
										"type": "Expression"
									},
									"START_AUDIT_OUTPUT": {
										"value": "@activity('dt_Audit_StartJob').output.resultSets[0]['rows'][0].USP_AUDIT_START_JOB_VARIABLE_SET",
										"type": "Expression"
									},
									"Pipeline_Name": {
										"value": "@pipeline().Pipeline",
										"type": "Expression"
									},
									"ErrorCode": {
										"value": "@activity('dt_Audit_StartJob_Pre').output.resultSets[0]['rows'][0].USP_AUDIT_START_JOB",
										"type": "Expression"
									}
								}
							}
						},
						{
							"name": "dt_Audit_StartJob_Pre",
							"type": "Script",
							"dependsOn": [
								{
									"activity": "temp_dataStartDate",
									"dependencyConditions": [
										"Succeeded"
									]
								},
								{
									"activity": "temp_JobName",
									"dependencyConditions": [
										"Succeeded"
									]
								},
								{
									"activity": "temp_tf_Audit_ID",
									"dependencyConditions": [
										"Succeeded"
									]
								}
							],
							"policy": {
								"timeout": "7.00:00:00",
								"retry": 0,
								"retryIntervalInSeconds": 30,
								"secureOutput": false,
								"secureInput": false
							},
							"userProperties": [],
							"linkedServiceName": {
								"referenceName": "Snowflake1",
								"type": "LinkedServiceReference"
							},
							"typeProperties": {
								"scripts": [
									{
										"type": "Query",
										"text": {
											"value": "@concat('call DB_IAW_',pipeline().globalParameters.ENV,'_DWH.TOOLS.USP_AUDIT_START_JOB(',variables('temp_JobName'),',',variables('temp_dataStartDate'),',',variables('temp_tf_Audit_ID'),')')",
											"type": "Expression"
										}
									}
								]
							}
						},
						{
							"name": "dt_Audit_StartJob",
							"type": "Script",
							"dependsOn": [
								{
									"activity": "dt_Audit_StartJob_Pre",
									"dependencyConditions": [
										"Succeeded"
									]
								}
							],
							"policy": {
								"timeout": "7.00:00:00",
								"retry": 0,
								"retryIntervalInSeconds": 30,
								"secureOutput": false,
								"secureInput": false
							},
							"userProperties": [],
							"linkedServiceName": {
								"referenceName": "Snowflake1",
								"type": "LinkedServiceReference"
							},
							"typeProperties": {
								"scripts": [
									{
										"type": "Query",
										"text": {
											"value": "@concat('call DB_IAW_',pipeline().globalParameters.ENV,'_DWH.TOOLS.USP_AUDIT_START_JOB_Variable_Set(',variables('temp_JobName'),',',variables('temp_dataStartDate'),')')",
											"type": "Expression"
										}
									}
								]
							}
						}
					]
				}
			},
			{
				"name": "temp_filename",
				"type": "SetVariable",
				"dependsOn": [],
				"userProperties": [],
				"typeProperties": {
					"variableName": "temp_filename",
					"value": {
						"value": "@replace(concat(pipeline().parameters.input_filepath,'/',pipeline().parameters.input_filename),concat(split(pipeline().parameters.input_filepath,'/')[0],'/'),'')",
						"type": "Expression"
					}
				}
			}
		],
		"parameters": {
			"input_filename": {
				"type": "string",
				"defaultValue": "S_COM_PROD__2022-08-29"
			},
			"input_filepath": {
				"type": "string",
				"defaultValue": "raw/IAS/UNIVERIS/2021/10/13"
			}
		},
		"variables": {
			"temp_dataStartDate": {
				"type": "String"
			},
			"temp_JobName": {
				"type": "String"
			},
			"temp_tf_Audit_ID": {
				"type": "String"
			},
			"temp_filename": {
				"type": "String"
			}
		},
		"folder": {
			"name": "IAW/20-30_RDV_IAS_UNIVERIS/COM_PROD"
		},
		"annotations": [],
		"lastPublishTime": "2022-08-26T08:56:50Z"
	},
	"type": "Microsoft.DataFactory/factories/pipelines"
}