{
	"name": "tf_LoadBDV_40_Shared_PartyRoleAccountHolder",
	"properties": {
		"activities": [
			{
				"name": "dcn_StartJob_Result",
				"type": "IfCondition",
				"dependsOn": [
					{
						"activity": "mt_audit_startJob_NextDate",
						"dependencyConditions": [
							"Succeeded"
						]
					}
				],
				"userProperties": [],
				"typeProperties": {
					"expression": {
						"value": "@contains(activity('mt_audit_startJob_NextDate').output.resultSets[0]['rows'][0].USP_AUDIT_START_JOB_VARIABLE_SET,'SUCCESS')",
						"type": "Expression"
					},
					"ifFalseActivities": [
						{
							"name": "Fail1",
							"type": "Fail",
							"dependsOn": [],
							"userProperties": [],
							"typeProperties": {
								"message": "AUDIT_JOB_FAILED",
								"errorCode": "FAILED"
							}
						}
					],
					"ifTrueActivities": [
						{
							"name": "Set variable SEL_DATA_22",
							"type": "SetVariable",
							"dependsOn": [
								{
									"activity": "Set Dummy Variable",
									"dependencyConditions": [
										"Succeeded"
									]
								}
							],
							"userProperties": [],
							"typeProperties": {
								"variableName": "SEL_DATA_22",
								"value": {
									"value": "@concat(variables('SEL_DATA_2'),'''',variables('temp_dataStartDate'),'''',variables('comma'),'''''', replace(variables('temp_tf_Audit_ID'),'''',''),'#',pipeline().Pipeline,'-',pipeline().RunId,'''''''')",
									"type": "Expression"
								}
							}
						},
						{
							"name": "Set variable_SEL_DATA_11",
							"type": "SetVariable",
							"dependsOn": [
								{
									"activity": "Set Dummy Variable",
									"dependencyConditions": [
										"Succeeded"
									]
								}
							],
							"userProperties": [],
							"typeProperties": {
								"variableName": "SEL_DATA_11",
								"value": {
									"value": "@concat(variables('SEL_DATA_1'),'''''', replace(variables('temp_tf_Audit_ID'),'''',''),'#',pipeline().Pipeline,'-',pipeline().RunId,'''''''')",
									"type": "Expression"
								}
							}
						},
						{
							"name": "Set Dummy Variable",
							"description": "Step Added to streamline Flow",
							"type": "SetVariable",
							"dependsOn": [
								{
									"activity": "mt_LoadBDV_RDV_Shared_To_Wt_SatAccountHolder_Compute",
									"dependencyConditions": [
										"Succeeded"
									]
								},
								{
									"activity": "mt_LoadBDV_RDV_UNIVERIS_Shared_To_Wt_SatAccHLDR_Comp",
									"dependencyConditions": [
										"Succeeded"
									]
								},
								{
									"activity": "mt_LdBDV_RDV_INVESTIA_UNIVERIS_Sh_To_Wt_SatAccHldr_Comp",
									"dependencyConditions": [
										"Succeeded"
									]
								}
							],
							"userProperties": [],
							"typeProperties": {
								"variableName": "Dummy",
								"value": {
									"value": "@variables('temp_tf_Audit_ID')",
									"type": "Expression"
								}
							}
						},
						{
							"name": "mt_LoadBDV_BDV_Wt_To_Shared_SatAccountHolder_Comp_Del",
							"type": "Script",
							"dependsOn": [
								{
									"activity": "Set variable SEL_DATA_22",
									"dependencyConditions": [
										"Succeeded"
									]
								}
							],
							"policy": {
								"timeout": "7.00:00:00",
								"retry": 0,
								"retryIntervalInSeconds": 30,
								"secureOutput": false,
								"secureInput": false
							},
							"userProperties": [],
							"linkedServiceName": {
								"referenceName": "Snowflake1",
								"type": "LinkedServiceReference"
							},
							"typeProperties": {
								"scripts": [
									{
										"type": "Query",
										"text": {
											"value": "@concat('call DB_IAW_',pipeline().globalParameters.ENV,'_DWH.TOOLS.SP_CONV_DATAVAULT_LOADSATELLITE_DELETE_AUDIT_ID(',variables('INS_DATA_2'), ',' , variables('SEL_DATA_22'), ',' ,'''DB_IAW_',pipeline().globalParameters.ENV,'_DWH.SHARED_BDV.WT_SAT_PARTY_ROLE_ACCOUNT_HOLDER_COMPUTE'',''DB_IAW_',pipeline().globalParameters.ENV,'_DWH.SHARED_BDV.SAT_PARTY_ROLE_ACCOUNT_HOLDER_COMPUTE''',',',variables('TRUNC_TBL'),')')",
											"type": "Expression"
										}
									}
								]
							}
						},
						{
							"name": "mt_LoadBDV_BDV_Wt_To_Shared_SatAccountHolder_Comp_ins",
							"type": "Script",
							"dependsOn": [
								{
									"activity": "Set variable_SEL_DATA_11",
									"dependencyConditions": [
										"Succeeded"
									]
								}
							],
							"policy": {
								"timeout": "7.00:00:00",
								"retry": 0,
								"retryIntervalInSeconds": 30,
								"secureOutput": false,
								"secureInput": false
							},
							"userProperties": [],
							"linkedServiceName": {
								"referenceName": "Snowflake1",
								"type": "LinkedServiceReference"
							},
							"typeProperties": {
								"scripts": [
									{
										"type": "Query",
										"text": {
											"value": "@concat('call DB_IAW_',pipeline().globalParameters.ENV,'_DWH.TOOLS.SP_CONV_DATAVAULT_LOADSATELLITE_INSERT_AUDIT_ID(',variables('INS_DATA_1'), ',' , variables('SEL_DATA_11'), ',' ,'''DB_IAW_',pipeline().globalParameters.ENV,'_DWH.SHARED_BDV.WT_SAT_PARTY_ROLE_ACCOUNT_HOLDER_COMPUTE'',''DB_IAW_',pipeline().globalParameters.ENV,'_DWH.SHARED_BDV.SAT_PARTY_ROLE_ACCOUNT_HOLDER_COMPUTE''',',',variables('TRUNC_TBL'),')')",
											"type": "Expression"
										}
									}
								]
							}
						},
						{
							"name": "mt_LoadBDV_RDV_Shared_To_Wt_SatAccountHolder_Compute",
							"type": "Script",
							"dependsOn": [],
							"policy": {
								"timeout": "7.00:00:00",
								"retry": 0,
								"retryIntervalInSeconds": 30,
								"secureOutput": false,
								"secureInput": false
							},
							"userProperties": [],
							"linkedServiceName": {
								"referenceName": "Snowflake1",
								"type": "LinkedServiceReference"
							},
							"typeProperties": {
								"scripts": [
									{
										"type": "Query",
										"text": {
											"value": "@concat('call DB_IAW_',pipeline().globalParameters.ENV,'_DWH.SHARED_BDV.SP_CONV_LoadBDV_RDV_Shared_To_Wt_SatAccountHolder_Compute(''',pipeline().globalParameters.ENV,''',',variables('temp_dataStartDate'),')')",
											"type": "Expression"
										}
									}
								]
							}
						},
						{
							"name": "mt_LoadBDV_RDV_UNIVERIS_Shared_To_Wt_SatAccHLDR_Comp",
							"type": "Script",
							"dependsOn": [],
							"policy": {
								"timeout": "7.00:00:00",
								"retry": 0,
								"retryIntervalInSeconds": 30,
								"secureOutput": false,
								"secureInput": false
							},
							"userProperties": [],
							"linkedServiceName": {
								"referenceName": "Snowflake1",
								"type": "LinkedServiceReference"
							},
							"typeProperties": {
								"scripts": [
									{
										"type": "Query",
										"text": {
											"value": "@concat('call DB_IAW_',pipeline().globalParameters.ENV,'_DWH.SHARED_BDV.SP_CONV_LoadBDV_RDV_UNIVERIS_Shared_To_Wt_SatAccountHolder_Compute(''',pipeline().globalParameters.ENV,''',',variables('temp_dataStartDate'),')')",
											"type": "Expression"
										}
									}
								]
							}
						},
						{
							"name": "mt_LdBDV_RDV_INVESTIA_UNIVERIS_Sh_To_Wt_SatAccHldr_Comp",
							"type": "Script",
							"dependsOn": [],
							"policy": {
								"timeout": "7.00:00:00",
								"retry": 0,
								"retryIntervalInSeconds": 30,
								"secureOutput": false,
								"secureInput": false
							},
							"userProperties": [],
							"linkedServiceName": {
								"referenceName": "Snowflake1",
								"type": "LinkedServiceReference"
							},
							"typeProperties": {
								"scripts": [
									{
										"type": "Query",
										"text": {
											"value": "@concat('call DB_IAW_',pipeline().globalParameters.ENV,'_DWH.SHARED_BDV.SP_CONV_LoadBDV_RDV_INVESTIA_UNIVERIS_Shared_To_Wt_SatAccountHolder_Compute(''',pipeline().globalParameters.ENV,''',',variables('temp_dataStartDate'),')')",
											"type": "Expression"
										}
									}
								]
							}
						}
					]
				}
			},
			{
				"name": "temp_JobName",
				"type": "SetVariable",
				"dependsOn": [],
				"userProperties": [],
				"typeProperties": {
					"variableName": "temp_JobName",
					"value": {
						"value": "@concat('''',pipeline().Pipeline,'''')",
						"type": "Expression"
					}
				}
			},
			{
				"name": "temp_tf_Audit_ID",
				"type": "SetVariable",
				"dependsOn": [],
				"userProperties": [],
				"typeProperties": {
					"variableName": "temp_tf_Audit_ID",
					"value": {
						"value": "@concat('''',pipeline().Pipeline,'-',pipeline().RunId,'''')",
						"type": "Expression"
					}
				}
			},
			{
				"name": "temp_JobStartDate",
				"type": "SetVariable",
				"dependsOn": [
					{
						"activity": "mt_audit_startJob_NextDate_Pre",
						"dependencyConditions": [
							"Succeeded"
						]
					}
				],
				"userProperties": [],
				"typeProperties": {
					"variableName": "temp_dataStartDate",
					"value": {
						"value": "@concat('''',activity('mt_audit_startJob_NextDate_Pre').output.resultSets[0]['rows'][0].USP_AUDIT_START_JOB_NEXT_DATE,'''')",
						"type": "Expression"
					}
				}
			},
			{
				"name": "Fail2",
				"type": "Fail",
				"dependsOn": [
					{
						"activity": "dcn_StartJob_Result",
						"dependencyConditions": [
							"Failed"
						]
					}
				],
				"userProperties": [],
				"typeProperties": {
					"message": "Audit_Job_Failed",
					"errorCode": "FAILED"
				}
			},
			{
				"name": "mt_audit_startJob_NextDate_Pre",
				"type": "Script",
				"dependsOn": [
					{
						"activity": "temp_tf_Audit_ID",
						"dependencyConditions": [
							"Succeeded"
						]
					},
					{
						"activity": "temp_JobName",
						"dependencyConditions": [
							"Succeeded"
						]
					}
				],
				"policy": {
					"timeout": "7.00:00:00",
					"retry": 0,
					"retryIntervalInSeconds": 30,
					"secureOutput": false,
					"secureInput": false
				},
				"userProperties": [],
				"linkedServiceName": {
					"referenceName": "Snowflake1",
					"type": "LinkedServiceReference"
				},
				"typeProperties": {
					"scripts": [
						{
							"type": "Query",
							"text": {
								"value": "@concat('call DB_IAW_',pipeline().globalParameters.ENV,'_DWH.TOOLS.USP_AUDIT_START_JOB_NEXT_DATE(',variables('temp_JobName'),',',variables('temp_tf_Audit_ID'),')')",
								"type": "Expression"
							}
						}
					]
				}
			},
			{
				"name": "mt_audit_startJob_NextDate",
				"type": "Script",
				"dependsOn": [
					{
						"activity": "temp_JobStartDate",
						"dependencyConditions": [
							"Succeeded"
						]
					}
				],
				"policy": {
					"timeout": "7.00:00:00",
					"retry": 0,
					"retryIntervalInSeconds": 30,
					"secureOutput": false,
					"secureInput": false
				},
				"userProperties": [],
				"linkedServiceName": {
					"referenceName": "Snowflake1",
					"type": "LinkedServiceReference"
				},
				"typeProperties": {
					"scripts": [
						{
							"type": "Query",
							"text": {
								"value": "@concat('call DB_IAW_',pipeline().globalParameters.ENV,'_DWH.TOOLS.USP_AUDIT_START_JOB_Variable_Set(',variables('temp_JobName'),',',variables('temp_dataStartDate'),')')",
								"type": "Expression"
							}
						}
					]
				}
			},
			{
				"name": "dt_Audit_EndJob",
				"type": "Script",
				"dependsOn": [
					{
						"activity": "dcn_StartJob_Result",
						"dependencyConditions": [
							"Succeeded"
						]
					}
				],
				"policy": {
					"timeout": "7.00:00:00",
					"retry": 0,
					"retryIntervalInSeconds": 30,
					"secureOutput": false,
					"secureInput": false
				},
				"userProperties": [],
				"linkedServiceName": {
					"referenceName": "Snowflake1",
					"type": "LinkedServiceReference"
				},
				"typeProperties": {
					"scripts": [
						{
							"type": "Query",
							"text": {
								"value": "@concat('call DB_IAW_',pipeline().globalParameters.ENV,'_DWH.TOOLS.USP_AUDIT_END_JOB(',variables('temp_JobName'),',',variables('temp_dataStartDate'),',',variables('temp_tf_Audit_ID'),',','''SUCCESS''',',','''Successful execution''',')')",
								"type": "Expression"
							}
						}
					]
				}
			}
		],
		"parameters": {
			"input_filename": {
				"type": "string",
				"defaultValue": "Shared_Clients"
			},
			"input_filepath": {
				"type": "string",
				"defaultValue": "/tmp"
			}
		},
		"variables": {
			"temp_dataStartDate": {
				"type": "String"
			},
			"temp_JobName": {
				"type": "String"
			},
			"temp_tf_Audit_ID": {
				"type": "String"
			},
			"TRUNC_TBL": {
				"type": "String",
				"defaultValue": "'N'"
			},
			"Dummy": {
				"type": "String"
			},
			"INS_DATA_2": {
				"type": "String",
				"defaultValue": "'HK_HUB,MD_HASHDIFF,MD_SOURCE,MD_SRC_SYSTEM,MD_EXTRACT_DT,INCOME_AMT,INCOME_LEVEL_1_SEGMENT,INCOME_LEVEL_1_SEGMENT_ORD,INCOME_LEVEL_2_SEGMENT,INCOME_LEVEL_2_SEGMENT_ORD,AGE_SEGMENT,AGE_SEGMENT_ORD,NEW_CLIENT_IND,CLIENT_START_DT,MD_ACTIVE,MD_CREATION_DT,MD_START_DT,MD_CREATION_AUDIT_ID'"
			},
			"SEL_DATA_2": {
				"type": "String",
				"defaultValue": "'SAT.HK_HUB,SAT.MD_HASHDIFF,SAT.MD_SOURCE,SAT.MD_SRC_SYSTEM,SAT.MD_EXTRACT_DT,SAT.INCOME_AMT,SAT.INCOME_LEVEL_1_SEGMENT,SAT.INCOME_LEVEL_1_SEGMENT_ORD,SAT.INCOME_LEVEL_2_SEGMENT,SAT.INCOME_LEVEL_2_SEGMENT_ORD,SAT.AGE_SEGMENT,SAT.AGE_SEGMENT_ORD,SAT.NEW_CLIENT_IND,SAT.CLIENT_START_DT,''A'',CURRENT_TIMESTAMP,"
			},
			"SEL_DATA_22": {
				"type": "String"
			},
			"INS_DATA_1": {
				"type": "String",
				"defaultValue": "'HK_HUB,MD_START_DT,MD_HASHDIFF,MD_SOURCE,MD_SRC_SYSTEM,MD_EXTRACT_DT,INCOME_AMT,INCOME_LEVEL_1_SEGMENT,INCOME_LEVEL_1_SEGMENT_ORD,INCOME_LEVEL_2_SEGMENT,INCOME_LEVEL_2_SEGMENT_ORD,AGE_SEGMENT,AGE_SEGMENT_ORD,NEW_CLIENT_IND,CLIENT_START_DT,MD_ACTIVE,MD_CREATION_DT,MD_CREATION_AUDIT_ID'"
			},
			"SEL_DATA_1": {
				"type": "String",
				"defaultValue": "'STG.HK_HUB,STG.MD_START_DT,STG.MD_HASHDIFF,STG.MD_SOURCE,STG.MD_SRC_SYSTEM,STG.MD_EXTRACT_DT,STG.INCOME_AMT,STG.INCOME_LEVEL_1_SEGMENT,STG.INCOME_LEVEL_1_SEGMENT_ORD,STG.INCOME_LEVEL_2_SEGMENT,STG.INCOME_LEVEL_2_SEGMENT_ORD,STG.AGE_SEGMENT,STG.AGE_SEGMENT_ORD,STG.NEW_CLIENT_IND,STG.CLIENT_START_DT,''A'',CURRENT_TIMESTAMP,"
			},
			"SEL_DATA_11": {
				"type": "String"
			},
			"comma": {
				"type": "String",
				"defaultValue": ","
			}
		},
		"folder": {
			"name": "IAW/40_BDV_IAWEALTH/SHARED_CLIENTS"
		},
		"annotations": [],
		"lastPublishTime": "2022-07-28T08:07:05Z"
	},
	"type": "Microsoft.DataFactory/factories/pipelines"
}