{
	"name": "tf_LoadRDV_STG_MODEL_SHARED_To_RDV_CUSTOMER",
	"properties": {
		"activities": [
			{
				"name": "dcn_StartJob_Result",
				"type": "IfCondition",
				"dependsOn": [
					{
						"activity": "mt_audit_startJob_NextDate",
						"dependencyConditions": [
							"Succeeded"
						]
					}
				],
				"userProperties": [],
				"typeProperties": {
					"expression": {
						"value": "@contains(activity('mt_audit_startJob_NextDate').output.resultSets[0]['rows'][0].USP_AUDIT_START_JOB_VARIABLE_SET,'SUCCESS')",
						"type": "Expression"
					},
					"ifFalseActivities": [
						{
							"name": "Throw_Error_Start_Job",
							"type": "Fail",
							"dependsOn": [],
							"userProperties": [],
							"typeProperties": {
								"message": "AUDIT_JOB_FAILED",
								"errorCode": {
									"value": "@activity('mt_audit_startJob_NextDate_Pre').output.resultSets[0]['rows'][0].USP_AUDIT_START_JOB_NEXT_DATE",
									"type": "Expression"
								}
							}
						}
					],
					"ifTrueActivities": [
						{
							"name": "dt_LoadRDV_STG_SHARED_To_HUB_CUSTOMER",
							"type": "Script",
							"dependsOn": [
								{
									"activity": "Set Dummy 2",
									"dependencyConditions": [
										"Succeeded"
									]
								}
							],
							"policy": {
								"timeout": "7.00:00:00",
								"retry": 0,
								"retryIntervalInSeconds": 30,
								"secureOutput": false,
								"secureInput": false
							},
							"userProperties": [],
							"linkedServiceName": {
								"referenceName": "CNX_AC_DEV_SNOWFLAKE_DWH_SHOPPING_RDV",
								"type": "LinkedServiceReference"
							},
							"typeProperties": {
								"scripts": [
									{
										"parameters": [
											{
												"name": "INS_COLS",
												"type": "String",
												"value": "HK_HUB,MD_CREATION_DT,MD_SOURCE,MD_CREATION_AUDIT_ID,CUSTOMER_ID\n",
												"direction": "Input"
											},
											{
												"name": "SEL_COLS",
												"type": "String",
												"value": "stg.HK_HUB,CURRENT_TIMESTAMP,stg.MD_SOURCE,'-1',stg.CUSTOMER_ID\n",
												"direction": "Input"
											},
											{
												"name": "SRC_TBL",
												"type": "String",
												"value": {
													"value": "@concat('DB_AC_',pipeline().globalParameters.ENV,'_STG.PLT_MODEL_SHARED.INDIVIDUAL')",
													"type": "Expression"
												},
												"direction": "Input"
											},
											{
												"name": "TGT_TBL",
												"type": "String",
												"value": {
													"value": "@concat('DB_AC_',pipeline().globalParameters.ENV,'_DWH.SHARED_RDV.HUB_CUSTOMER')",
													"type": "Expression"
												},
												"direction": "Input"
											},
											{
												"name": "TRUNC_TBL",
												"type": "String",
												"value": "N",
												"direction": "Input"
											}
										],
										"type": "Query",
										"text": {
											"value": "@concat('call DB_AC_',pipeline().globalParameters.ENV,'_DWH.TOOLS.SP_CONV_DATAVAULT_LOADHUB_MULTIIMAGE(?,?,?,?,?)')",
											"type": "Expression"
										}
									}
								]
							}
						},
						{
							"name": "dt_LoadRDV_STG_SHARED_To_SAT_IINDIVIDUAL",
							"type": "Script",
							"dependsOn": [
								{
									"activity": "Set Dummy 2",
									"dependencyConditions": [
										"Succeeded"
									]
								}
							],
							"policy": {
								"timeout": "7.00:00:00",
								"retry": 0,
								"retryIntervalInSeconds": 30,
								"secureOutput": false,
								"secureInput": false
							},
							"userProperties": [],
							"linkedServiceName": {
								"referenceName": "CNX_AC_DEV_SNOWFLAKE_DWH_SHOPPING_RDV",
								"type": "LinkedServiceReference"
							},
							"typeProperties": {
								"scripts": [
									{
										"parameters": [
											{
												"name": "INS_COLS",
												"type": "String",
												"value": "HK_HUB,MD_START_DT,MD_HASHDIFF,MD_CREATION_DT,MD_SOURCE,MD_CREATION_AUDIT_ID,MONTH_OF_BIRTH,GENDER\n",
												"direction": "Input"
											},
											{
												"name": "SEL_COLS",
												"type": "String",
												"value": "stg.HK_HUB,stg.MD_START_DT,stg.MD_HASHDIFF,CURRENT_TIMESTAMP,stg.MD_SOURCE,'-1',stg.MONTH_OF_BIRTH,stg.GENDER",
												"direction": "Input"
											},
											{
												"name": "SRC_TBL",
												"type": "String",
												"value": {
													"value": "@concat('DB_AC_',pipeline().globalParameters.ENV,'_DWH.SHARED_RDV.VW_SAT_LOAD_INDIVIDUAL_PLT\n')",
													"type": "Expression"
												},
												"direction": "Input"
											},
											{
												"name": "TGT_TBL",
												"type": "String",
												"value": {
													"value": "@concat('DB_AC_',pipeline().globalParameters.ENV,'_DWH.SHARED_RDV.SAT_INDIVIDUAL_PLT')",
													"type": "Expression"
												},
												"direction": "Input"
											},
											{
												"name": "TRUNC_TBL",
												"type": "String",
												"value": "N",
												"direction": "Input"
											}
										],
										"type": "Query",
										"text": {
											"value": "@concat('call DB_AC_',pipeline().globalParameters.ENV,'_DWH.TOOLS.SP_CONV_DATAVAULT_LOADSATELLITE_MULTIIMAGE(?,?,?,?,?)')\n",
											"type": "Expression"
										}
									}
								]
							}
						},
						{
							"name": "Set Dummy 2",
							"description": "",
							"type": "SetVariable",
							"dependsOn": [
								{
									"activity": "Set Dummy1",
									"dependencyConditions": [
										"Succeeded"
									]
								}
							],
							"userProperties": [],
							"typeProperties": {
								"variableName": "Dummy",
								"value": "1"
							}
						},
						{
							"name": "Set Dummy1",
							"description": "",
							"type": "SetVariable",
							"dependsOn": [],
							"userProperties": [],
							"typeProperties": {
								"variableName": "Dummy",
								"value": "1"
							}
						},
						{
							"name": "dt_LoadRDV_STG_SHARED_To_SAT_PERSONAL_ADDRESS",
							"type": "Script",
							"dependsOn": [
								{
									"activity": "Set Dummy1",
									"dependencyConditions": [
										"Succeeded"
									]
								}
							],
							"policy": {
								"timeout": "7.00:00:00",
								"retry": 0,
								"retryIntervalInSeconds": 30,
								"secureOutput": false,
								"secureInput": false
							},
							"userProperties": [],
							"linkedServiceName": {
								"referenceName": "CNX_AC_DEV_SNOWFLAKE_DWH_SHOPPING_RDV",
								"type": "LinkedServiceReference"
							},
							"typeProperties": {
								"scripts": [
									{
										"parameters": [
											{
												"name": "INS_COLS",
												"type": "String",
												"value": "HK_HUB,MD_START_DT,MD_HASHDIFF,MD_CREATION_DT,MD_SOURCE,MD_CREATION_AUDIT_ID,POSTAL_CODE_PARTIAL,PROVINCE,COUNTRY\n",
												"direction": "Input"
											},
											{
												"name": "SEL_COLS",
												"type": "String",
												"value": "stg.HK_HUB,stg.MD_START_DT,stg.MD_HASHDIFF,CURRENT_TIMESTAMP,stg.MD_SOURCE,'-1',stg.POSTAL_CODE_PARTIAL,stg.PROVINCE,stg.COUNTRY\n",
												"direction": "Input"
											},
											{
												"name": "SRC_TBL",
												"type": "String",
												"value": {
													"value": "@concat('DB_AC_',pipeline().globalParameters.ENV,'_DWH.SHARED_RDV.VW_SAT_LOAD_PERSONAL_ADDRESS_PLT')",
													"type": "Expression"
												},
												"direction": "Input"
											},
											{
												"name": "TGT_TBL",
												"type": "String",
												"value": {
													"value": "@concat('DB_AC_',pipeline().globalParameters.ENV,'_DWH.SHARED_RDV.SAT_PERSONAL_ADDRESS_PLT')",
													"type": "Expression"
												},
												"direction": "Input"
											},
											{
												"name": "TRUNC_TBL",
												"type": "String",
												"value": "N",
												"direction": "Input"
											}
										],
										"type": "Query",
										"text": {
											"value": "@concat('call DB_AC_',pipeline().globalParameters.ENV,'_DWH.TOOLS.SP_CONV_DATAVAULT_LOADSATELLITE_MULTIIMAGE(?,?,?,?,?)')",
											"type": "Expression"
										}
									}
								]
							}
						},
						{
							"name": "Set Dummy 3",
							"description": "",
							"type": "SetVariable",
							"dependsOn": [
								{
									"activity": "dt_LoadRDV_STG_SHARED_To_HUB_CUSTOMER",
									"dependencyConditions": [
										"Succeeded"
									]
								},
								{
									"activity": "dt_LoadRDV_STG_SHARED_To_SAT_IINDIVIDUAL",
									"dependencyConditions": [
										"Succeeded"
									]
								}
							],
							"userProperties": [],
							"typeProperties": {
								"variableName": "Dummy",
								"value": "1"
							}
						},
						{
							"name": "Set Dummy 4",
							"description": "",
							"type": "SetVariable",
							"dependsOn": [
								{
									"activity": "Set Dummy 3",
									"dependencyConditions": [
										"Succeeded"
									]
								},
								{
									"activity": "dt_LoadRDV_STG_SHARED_To_SAT_PERSONAL_ADDRESS",
									"dependencyConditions": [
										"Succeeded"
									]
								}
							],
							"userProperties": [],
							"typeProperties": {
								"variableName": "Dummy",
								"value": "1"
							}
						}
					]
				}
			},
			{
				"name": "temp_JobName",
				"type": "SetVariable",
				"dependsOn": [],
				"userProperties": [],
				"typeProperties": {
					"variableName": "temp_JobName",
					"value": {
						"value": "@concat('''',pipeline().Pipeline,'''')",
						"type": "Expression"
					}
				}
			},
			{
				"name": "temp_tf_Audit_ID",
				"type": "SetVariable",
				"dependsOn": [],
				"userProperties": [],
				"typeProperties": {
					"variableName": "temp_tf_Audit_ID",
					"value": "-1"
				}
			},
			{
				"name": "mt_audit_startJob_NextDate_Pre",
				"type": "Script",
				"dependsOn": [
					{
						"activity": "temp_JobName",
						"dependencyConditions": [
							"Succeeded"
						]
					},
					{
						"activity": "temp_tf_Audit_ID",
						"dependencyConditions": [
							"Succeeded"
						]
					}
				],
				"policy": {
					"timeout": "7.00:00:00",
					"retry": 0,
					"retryIntervalInSeconds": 30,
					"secureOutput": false,
					"secureInput": false
				},
				"userProperties": [],
				"linkedServiceName": {
					"referenceName": "CNX_AC_DEV_SNOWFLAKE_DWH_TOOLS",
					"type": "LinkedServiceReference"
				},
				"typeProperties": {
					"scripts": [
						{
							"parameters": [
								{
									"name": "temp_JobName",
									"type": "String",
									"value": {
										"value": "@variables('temp_JobName')",
										"type": "Expression"
									},
									"direction": "Input"
								},
								{
									"name": "temp_tf_Audit_ID",
									"type": "String",
									"value": {
										"value": "@variables('temp_tf_Audit_ID')",
										"type": "Expression"
									},
									"direction": "Input"
								}
							],
							"type": "Query",
							"text": {
								"value": "@concat('call DB_AC_',pipeline().globalParameters.ENV,'_DWH.TOOLS.USP_AUDIT_START_JOB_NEXT_DATE_A(',variables('temp_JobName'),',',variables('temp_tf_Audit_ID'),')')",
								"type": "Expression"
							}
						}
					]
				}
			},
			{
				"name": "mt_audit_startJob_NextDate",
				"type": "Script",
				"dependsOn": [
					{
						"activity": "asgn_TempstartDate",
						"dependencyConditions": [
							"Succeeded"
						]
					}
				],
				"policy": {
					"timeout": "7.00:00:00",
					"retry": 0,
					"retryIntervalInSeconds": 30,
					"secureOutput": false,
					"secureInput": false
				},
				"userProperties": [],
				"linkedServiceName": {
					"referenceName": "CNX_AC_DEV_SNOWFLAKE_DWH_TOOLS",
					"type": "LinkedServiceReference"
				},
				"typeProperties": {
					"scripts": [
						{
							"parameters": [
								{
									"name": "temp_JobName",
									"type": "String",
									"value": {
										"value": "@variables('temp_JobName')",
										"type": "Expression"
									},
									"direction": "Input"
								},
								{
									"name": "temp_dataStartDate",
									"type": "String",
									"value": {
										"value": "@variables('temp_dataStartDate')",
										"type": "Expression"
									},
									"direction": "Input"
								}
							],
							"type": "Query",
							"text": {
								"value": "@concat('call DB_AC_',pipeline().globalParameters.ENV,'_DWH.TOOLS.USP_AUDIT_START_JOB_Variable_Set(',variables('temp_JobName'),',',variables('temp_dataStartDate'),')')",
								"type": "Expression"
							}
						}
					]
				}
			},
			{
				"name": "asgn_TempstartDate",
				"type": "SetVariable",
				"dependsOn": [
					{
						"activity": "mt_audit_startJob_NextDate_Pre",
						"dependencyConditions": [
							"Succeeded"
						]
					}
				],
				"userProperties": [],
				"typeProperties": {
					"variableName": "temp_dataStartDate",
					"value": {
						"value": "@concat('''',activity('mt_audit_startJob_NextDate_Pre').output.resultSets[0]['rows'][0].USP_AUDIT_START_JOB_NEXT_DATE_A,'''')",
						"type": "Expression"
					}
				}
			},
			{
				"name": "dt_Audit_EndJob_ForDate",
				"type": "Script",
				"dependsOn": [
					{
						"activity": "dcn_StartJob_Result",
						"dependencyConditions": [
							"Succeeded"
						]
					}
				],
				"policy": {
					"timeout": "0.12:00:00",
					"retry": 0,
					"retryIntervalInSeconds": 30,
					"secureOutput": false,
					"secureInput": false
				},
				"userProperties": [],
				"linkedServiceName": {
					"referenceName": "CNX_AC_DEV_SNOWFLAKE_DWH_TOOLS",
					"type": "LinkedServiceReference"
				},
				"typeProperties": {
					"scripts": [
						{
							"parameters": [
								{
									"name": "ENV",
									"type": "String",
									"value": {
										"value": "@pipeline().globalParameters.ENV",
										"type": "Expression"
									},
									"direction": "Input"
								},
								{
									"name": "JOB_END_STATUS",
									"type": "String",
									"value": "SUCCESS",
									"direction": "Input"
								},
								{
									"name": "JOB_START_DT",
									"type": "String",
									"value": "2021-09-14",
									"direction": "Input"
								},
								{
									"name": "AUDIT_ID",
									"type": "String",
									"value": "-1",
									"direction": "Input"
								},
								{
									"name": "JOB_END_DESC",
									"type": "String",
									"value": "job_description_dummy",
									"direction": "Input"
								},
								{
									"name": "JOB_NAME",
									"type": "String",
									"value": "tf_LoadRDV_STG_MODEL_SHARED_To_RDV_CUSTOMER",
									"direction": "Input"
								},
								{
									"name": "IO_RESULT",
									"type": "String",
									"value": "SUCCESS",
									"direction": "Input"
								}
							],
							"type": "Query",
							"text": {
								"value": "CALL DB_AC_@{pipeline().globalParameters.ENV}_DWH.TOOLS.SP_CONV_AUDIT_ENDJOB_FORDATE_DATETIME(?,?,?,?,?,?,?)",
								"type": "Expression"
							}
						}
					]
				}
			}
		],
		"parameters": {
			"I_JOB_NAME": {
				"type": "string",
				"defaultValue": "'tf_LoadRDV_STG_MODEL_SHARED_To_RDV_CUSTOMER'"
			},
			"i_JOB_AUDIT_ID": {
				"type": "string",
				"defaultValue": "-1"
			},
			"s_AUDIT_JOB_EXECUTIONS_Current": {
				"type": "string",
				"defaultValue": "AUDIT_JOBS_EXECUTIONS"
			},
			"t_AUDIT_JOB_EXECUTIONS_Update": {
				"type": "string",
				"defaultValue": "AUDIT_JOBS_EXECUTIONS"
			},
			"i_JOB_START_DT": {
				"type": "string",
				"defaultValue": "2021-09-14"
			},
			"I_MD_SOUCRE": {
				"type": "string",
				"defaultValue": "PLATEFORME"
			}
		},
		"variables": {
			"temp_dataStartDate": {
				"type": "String"
			},
			"temp_JobName": {
				"type": "String"
			},
			"temp_tf_Audit_ID": {
				"type": "String",
				"defaultValue": "-1"
			},
			"Dummy": {
				"type": "String"
			}
		},
		"folder": {
			"name": "AC/30_RDV_PLT_SHARED/RDV_CUSTOMER"
		},
		"annotations": [],
		"lastPublishTime": "2022-10-10T14:15:15Z"
	},
	"type": "Microsoft.DataFactory/factories/pipelines"
}