{"$schema":"http://schema.management.azure.com/schemas/2015-01-01/deploymentTemplate.json#","contentVersion":"1.0.0.0","parameters":{"factoryName":{"type":"string","metadata":"Data Factory name"},"Snowflake1":{"type":"string"}},"variables":{"factoryId":"[concat('Microsoft.DataFactory/factories/', parameters('factoryName'))]"},"resources":[{"name":"[concat(parameters('factoryName'), '/tf_LoadSTG_10-20_PSA_IAPW_PORTAL_API_to_ASSETS_SUMMARY_LAST_13_MONTHS_BYCOMMISSIONTYPE')]","type":"Microsoft.DataFactory/factories/pipelines","apiVersion":"2018-06-01","properties":{"activities":[{"name":"Dcn_AdvisorCERTSFILE","type":"IfCondition","dependsOn":[{"activity":"assign_Filename","dependencyConditions":["Succeeded"]}],"userProperties":[],"typeProperties":{"expression":{"value":"@contains(variables('temp_filename'),'ByCommissionType__')","type":"Expression"},"ifTrueActivities":[{"name":"temp_dataStartDate","type":"SetVariable","dependsOn":[],"userProperties":[],"typeProperties":{"variableName":"temp_dataStartDate","value":{"value":"@concat('''',split(split(pipeline().parameters.input_filename,'__')[1],'.')[0],'''')","type":"Expression"}}},{"name":"temp_JobName","type":"SetVariable","dependsOn":[],"userProperties":[],"typeProperties":{"variableName":"temp_JobName","value":{"value":"@concat('''',pipeline().Pipeline,'''')","type":"Expression"}}},{"name":"temp_tf_Audit_ID","type":"SetVariable","dependsOn":[],"userProperties":[],"typeProperties":{"variableName":"temp_tf_Audit_ID","value":{"value":"@concat('''',pipeline().Pipeline,'-',pipeline().RunId,'''')","type":"Expression"}}},{"name":"tf_LoadSTG_10-20_PSA_IAPW_PORTAL_API_to_ASSETS_SUMMARY","type":"ExecutePipeline","dependsOn":[{"activity":"temp_JobName","dependencyConditions":["Succeeded"]},{"activity":"temp_tf_Audit_ID","dependencyConditions":["Succeeded"]},{"activity":"temp_dataStartDate","dependencyConditions":["Succeeded"]}],"userProperties":[],"typeProperties":{"pipeline":{"referenceName":"tf_LoadSTG_10-20_PSA_IAPW_PORTAL_API_to_ASSETS_SUMMARY_LAST_13_MONTHS_BYCOMMISSIONTYPE_sub1","type":"PipelineReference"},"waitOnCompletion":true,"parameters":{"input_filename":{"value":"@pipeline().parameters.input_filename","type":"Expression"},"input_filepath":{"value":"@pipeline().parameters.input_filepath","type":"Expression"},"temp_dataStartDate":{"value":"@variables('temp_dataStartDate')","type":"Expression"},"temp_JobName":{"value":"@variables('temp_JobName')","type":"Expression"},"temp_tf_Audit_ID":{"value":"@variables('temp_tf_Audit_ID')","type":"Expression"},"io_PATH":{"value":"@pipeline().parameters.input_filepath","type":"Expression"}}}}]}},{"name":"assign_Filename","type":"SetVariable","dependsOn":[],"userProperties":[],"typeProperties":{"variableName":"temp_filename","value":{"value":"@pipeline().parameters.input_filename","type":"Expression"}}}],"policy":{"elapsedTimeMetric":{},"cancelAfter":{}},"parameters":{"input_filename":{"type":"string","defaultValue":"'ByCommissionType__2022-04-15.dat'"},"input_filepath":{"type":"string","defaultValue":"RAW/IAS/IAPW/2022/05/10"}},"variables":{"temp_dataStartDate":{"type":"String"},"temp_JobName":{"type":"String"},"temp_tf_Audit_ID":{"type":"String"},"temp_filename":{"type":"String"}},"folder":{"name":"IAW/20-30-RDV_IAPW_PORTAL_API/ASSETS_SUMMARY_LAST_13_MONTHS_BYCOMMISSIONTYPE"},"annotations":[],"lastPublishTime":"2022-07-28T12:28:15Z"},"dependsOn":["[concat(variables('factoryId'), '/pipelines/tf_LoadSTG_10-20_PSA_IAPW_PORTAL_API_to_ASSETS_SUMMARY_LAST_13_MONTHS_BYCOMMISSIONTYPE_sub1')]"]},{"name":"[concat(parameters('factoryName'), '/tf_LoadSTG_10-20_PSA_IAPW_PORTAL_API_to_ASSETS_SUMMARY_LAST_13_MONTHS_BYCOMMISSIONTYPE_sub1')]","type":"Microsoft.DataFactory/factories/pipelines","apiVersion":"2018-06-01","properties":{"activities":[{"name":"dcn_StartJob_Result","type":"IfCondition","dependsOn":[{"activity":"dt_Audit_StartJob","dependencyConditions":["Succeeded"]}],"userProperties":[],"typeProperties":{"expression":{"value":"@contains(activity('dt_Audit_StartJob').output.resultSets[0]['rows'][0].USP_AUDIT_START_JOB_VARIABLE_SET,'SUCCESS')","type":"Expression"},"ifFalseActivities":[{"name":"Throw_Error_Start_Job","type":"Fail","dependsOn":[],"userProperties":[],"typeProperties":{"message":{"value":"@activity('dt_Audit_StartJob_Pre').output.resultSets[0]['rows'][0].USP_AUDIT_START_JOB","type":"Expression"},"errorCode":"100"}}],"ifTrueActivities":[{"name":"LoadSTG_PSA_IAS_CERT_To_ASSETS_SUMMARY_BYCOMMISSIONTYPE","type":"Script","dependsOn":[],"policy":{"timeout":"7.00:00:00","retry":0,"retryIntervalInSeconds":30,"secureOutput":false,"secureInput":false},"userProperties":[],"linkedServiceName":{"referenceName":"[parameters('Snowflake1')]","type":"LinkedServiceReference"},"typeProperties":{"scripts":[{"type":"Query","text":{"value":"@concat('call DB_IAW_',pipeline().globalParameters.ENV,'_STG.IAPW_PORTAL_API.SP_CONV_LOADSTG_PSA_IAS_CERT_TO_ASSETS_SUMMARY_BYCOMMISSIONTYPE(''',pipeline().globalParameters.ENV,''',''',pipeline().parameters.io_PATH,''')')\n","type":"Expression"}}]}}]}},{"name":"dt_Audit_StartJob_Pre","type":"Script","dependsOn":[],"policy":{"timeout":"7.00:00:00","retry":0,"retryIntervalInSeconds":30,"secureOutput":false,"secureInput":false},"userProperties":[],"linkedServiceName":{"referenceName":"[parameters('Snowflake1')]","type":"LinkedServiceReference"},"typeProperties":{"scripts":[{"type":"Query","text":{"value":"@concat('call DB_IAW_',pipeline().globalParameters.ENV,'_DWH.TOOLS.USP_AUDIT_START_JOB(',pipeline().parameters.temp_JobName,',',pipeline().parameters.temp_dataStartDate,',',pipeline().parameters.temp_tf_Audit_ID,')')","type":"Expression"}}]}},{"name":"dt_Audit_StartJob","type":"Script","dependsOn":[{"activity":"dt_Audit_StartJob_Pre","dependencyConditions":["Succeeded"]}],"policy":{"timeout":"7.00:00:00","retry":0,"retryIntervalInSeconds":30,"secureOutput":false,"secureInput":false},"userProperties":[],"linkedServiceName":{"referenceName":"[parameters('Snowflake1')]","type":"LinkedServiceReference"},"typeProperties":{"scripts":[{"type":"Query","text":{"value":"@concat('call DB_IAW_',pipeline().globalParameters.ENV,'_DWH.TOOLS.USP_AUDIT_START_JOB_Variable_Set(',pipeline().parameters.temp_JobName,',',pipeline().parameters.temp_dataStartDate,')')","type":"Expression"}}]}},{"name":"dt_Audit_EndJob","type":"Script","dependsOn":[{"activity":"dcn_StartJob_Result","dependencyConditions":["Succeeded"]}],"policy":{"timeout":"7.00:00:00","retry":0,"retryIntervalInSeconds":30,"secureOutput":false,"secureInput":false},"userProperties":[],"linkedServiceName":{"referenceName":"[parameters('Snowflake1')]","type":"LinkedServiceReference"},"typeProperties":{"scripts":[{"type":"Query","text":{"value":"@concat('call DB_IAW_',pipeline().globalParameters.ENV,'_DWH.TOOLS.USP_AUDIT_END_JOB(',pipeline().parameters.temp_JobName,',',pipeline().parameters.temp_dataStartDate,',',pipeline().parameters.temp_tf_Audit_ID,',','''SUCCESS''',',','''Successful execution''',')')","type":"Expression"}}]}}],"policy":{"elapsedTimeMetric":{},"cancelAfter":{}},"parameters":{"input_filename":{"type":"string","defaultValue":"'ByCommissionType__2022-04-15.dat'"},"input_filepath":{"type":"string","defaultValue":"/tmp"},"temp_dataStartDate":{"type":"string","defaultValue":"'2022-04-15'"},"temp_JobName":{"type":"string","defaultValue":"'tf_LoadRDV_20-30_PSA_IAPW_PORTAL_API_to_ASSETS_SUMMARY_BYACCOUNTTYPE_RVP'"},"temp_tf_Audit_ID":{"type":"string","defaultValue":"'tf_LoadRDV_20-30_PSA_IAPW_PORTAL_API_to_ASSETS_SUMMARY_BYACCOUNTTYPE_RVP-704002671113510912'"},"io_PATH":{"type":"string"}},"variables":{"io_PATH1":{"type":"String","defaultValue":"RAW/IAS/COMMISSION/2022/03/23"},"temp_dataStartDate":{"type":"String"},"temp_JobName":{"type":"String"},"temp_tf_Audit_ID":{"type":"String"}},"folder":{"name":"IAW/20-30-RDV_IAPW_PORTAL_API/ASSETS_SUMMARY_LAST_13_MONTHS_BYCOMMISSIONTYPE"},"annotations":[],"lastPublishTime":"2022-07-28T16:03:35Z"},"dependsOn":[]}]}