{
	"name": "tf_LoadRDV_STG_MODEL_SHARED_To_RDV_WORKER",
	"properties": {
		"activities": [
			{
				"name": "dcn_StartJob_Result",
				"type": "IfCondition",
				"dependsOn": [
					{
						"activity": "mt_audit_startJob_NextDate",
						"dependencyConditions": [
							"Succeeded"
						]
					}
				],
				"userProperties": [],
				"typeProperties": {
					"expression": {
						"value": "@contains(activity('mt_audit_startJob_NextDate').output.resultSets[0]['rows'][0].USP_AUDIT_START_JOB_VARIABLE_SET,'SUCCESS')",
						"type": "Expression"
					},
					"ifFalseActivities": [
						{
							"name": "Throw_Error_Start_Job",
							"type": "Fail",
							"dependsOn": [],
							"userProperties": [],
							"typeProperties": {
								"message": "AUDIT_JOB_FAILED",
								"errorCode": {
									"value": "@activity('mt_audit_startJob_NextDate_Pre').output.resultSets[0]['rows'][0].USP_AUDIT_START_JOB_NEXT_DATE",
									"type": "Expression"
								}
							}
						}
					],
					"ifTrueActivities": [
						{
							"name": "mt_LoadRDV_STG_SHARED_To_HUB_WORKER",
							"type": "Script",
							"dependsOn": [
								{
									"activity": "Set Dummy 2",
									"dependencyConditions": [
										"Succeeded"
									]
								}
							],
							"policy": {
								"timeout": "7.00:00:00",
								"retry": 0,
								"retryIntervalInSeconds": 30,
								"secureOutput": false,
								"secureInput": false
							},
							"userProperties": [],
							"linkedServiceName": {
								"referenceName": "CNX_AC_DEV_SNOWFLAKE_DWH_RDV_SHARED",
								"type": "LinkedServiceReference"
							},
							"typeProperties": {
								"scripts": [
									{
										"parameters": [
											{
												"name": "INS_COLS",
												"type": "String",
												"value": {
													"value": "@variables('INS1')",
													"type": "Expression"
												},
												"direction": "Input"
											},
											{
												"name": "SEL_COLS",
												"type": "String",
												"value": {
													"value": "@variables('SEL1')",
													"type": "Expression"
												},
												"direction": "Input"
											},
											{
												"name": "SRC_TBL",
												"type": "String",
												"value": {
													"value": "@concat('DB_AC_',pipeline().globalParameters.ENV,'_STG.PLT_MODEL_SHARED.EMPLOYMENT_INFORMATION')",
													"type": "Expression"
												},
												"direction": "Input"
											},
											{
												"name": "TGT_TBL",
												"type": "String",
												"value": {
													"value": "@concat('DB_AC_',pipeline().globalParameters.ENV,'_DWH.SHARED_RDV.HUB_WORKER')",
													"type": "Expression"
												},
												"direction": "Input"
											},
											{
												"name": "TRUNC_TBL",
												"type": "String",
												"value": {
													"value": "@variables('TRUNC_TBL')",
													"type": "Expression"
												},
												"direction": "Input"
											}
										],
										"type": "Query",
										"text": {
											"value": "@concat('call DB_AC_',pipeline().globalParameters.ENV,'_DWH.TOOLS.SP_CONV_DATAVAULT_LOADHUB_MULTIIMAGE(?,?,?,?,?)')\n\n",
											"type": "Expression"
										}
									}
								]
							}
						},
						{
							"name": "mt_LoadRDV_STG_SHARED_To_SAT_EMPLOYMENT_INFO_PLT",
							"description": "mt_LoadRDV_STG_SHARED_To_SAT_EMPLOYMENT_INFO_PLT",
							"type": "Script",
							"dependsOn": [
								{
									"activity": "Set Dummy 2",
									"dependencyConditions": [
										"Succeeded"
									]
								}
							],
							"policy": {
								"timeout": "7.00:00:00",
								"retry": 0,
								"retryIntervalInSeconds": 30,
								"secureOutput": false,
								"secureInput": false
							},
							"userProperties": [],
							"linkedServiceName": {
								"referenceName": "CNX_AC_DEV_SNOWFLAKE_DWH_RDV_SHARED",
								"type": "LinkedServiceReference"
							},
							"typeProperties": {
								"scripts": [
									{
										"parameters": [
											{
												"name": "INS_COLS",
												"type": "String",
												"value": {
													"value": "@variables('INS2')",
													"type": "Expression"
												},
												"direction": "Input"
											},
											{
												"name": "SEL_COLS",
												"type": "String",
												"value": {
													"value": "@variables('SEL2')",
													"type": "Expression"
												},
												"direction": "Input"
											},
											{
												"name": "SRC_TBL",
												"type": "String",
												"value": {
													"value": "@concat('DB_AC_',pipeline().globalParameters.ENV,'_DWH.SHARED_RDV.VW_SAT_LOAD_EMPLOYMENT_INFO_PLT')",
													"type": "Expression"
												},
												"direction": "Input"
											},
											{
												"name": "TGT_TBL",
												"type": "String",
												"value": {
													"value": "@concat('DB_AC_',pipeline().globalParameters.ENV,'_DWH.SHARED_RDV.SAT_EMPLOYMENT_INFO_PLT')",
													"type": "Expression"
												},
												"direction": "Input"
											},
											{
												"name": "TRUNC_TBL",
												"type": "String",
												"value": {
													"value": "@variables('TRUNC_TBL')",
													"type": "Expression"
												},
												"direction": "Input"
											}
										],
										"type": "Query",
										"text": {
											"value": "@concat('call DB_AC_',pipeline().globalParameters.ENV,'_DWH.TOOLS.SP_CONV_DATAVAULT_LOADSATELLITE_MULTIIMAGE(?,?,?,?,?)')\n\n\n",
											"type": "Expression"
										}
									}
								]
							}
						},
						{
							"name": "Set Dummy 2",
							"description": "",
							"type": "SetVariable",
							"dependsOn": [
								{
									"activity": "Set Dummy1",
									"dependencyConditions": [
										"Succeeded"
									]
								}
							],
							"userProperties": [],
							"typeProperties": {
								"variableName": "Dummy",
								"value": "1"
							}
						},
						{
							"name": "mt_LoadRDV_STG_SHARED_To_HUB_ORGANIZATION",
							"description": "mt_LoadRDV_STG_SHARED_To_HUB_ORGANIZATION",
							"type": "Script",
							"dependsOn": [
								{
									"activity": "Set Dummy 3",
									"dependencyConditions": [
										"Succeeded"
									]
								}
							],
							"policy": {
								"timeout": "7.00:00:00",
								"retry": 0,
								"retryIntervalInSeconds": 30,
								"secureOutput": false,
								"secureInput": false
							},
							"userProperties": [],
							"linkedServiceName": {
								"referenceName": "CNX_AC_DEV_SNOWFLAKE_DWH_RDV_SHARED",
								"type": "LinkedServiceReference"
							},
							"typeProperties": {
								"scripts": [
									{
										"parameters": [
											{
												"name": "INS_COLS",
												"type": "String",
												"value": {
													"value": "@variables('INS3')",
													"type": "Expression"
												},
												"direction": "Input"
											},
											{
												"name": "SEL_COLS",
												"type": "String",
												"value": {
													"value": "@variables('SEL3')",
													"type": "Expression"
												},
												"direction": "Input"
											},
											{
												"name": "SRC_TBL",
												"type": "String",
												"value": {
													"value": "@concat('DB_AC_',pipeline().globalParameters.ENV,'_STG.PLT_MODEL_SHARED.VW_ORGANIZATION')",
													"type": "Expression"
												},
												"direction": "Input"
											},
											{
												"name": "TGT_TBL",
												"type": "String",
												"value": {
													"value": "@concat('DB_AC_',pipeline().globalParameters.ENV,'_DWH.SHARED_RDV.HUB_ORGANIZATION')",
													"type": "Expression"
												},
												"direction": "Input"
											},
											{
												"name": "TRUNC_TBL",
												"type": "String",
												"value": {
													"value": "@variables('TRUNC_TBL')",
													"type": "Expression"
												},
												"direction": "Input"
											}
										],
										"type": "Query",
										"text": {
											"value": "@concat('call DB_AC_',pipeline().globalParameters.ENV,'_DWH.TOOLS.SP_CONV_DATAVAULT_LOADHUB_MULTIIMAGE(?,?,?,?,?)')",
											"type": "Expression"
										}
									}
								]
							}
						},
						{
							"name": "mt_LoadRDV_STG_SHARED_WORKER_To_LINK_SUBSCRIPTION",
							"description": "mt_LoadRDV_STG_SHARED_WORKER_To_LINK_SUBSCRIPTION",
							"type": "Script",
							"dependsOn": [
								{
									"activity": "Set Dummy 3",
									"dependencyConditions": [
										"Succeeded"
									]
								}
							],
							"policy": {
								"timeout": "7.00:00:00",
								"retry": 0,
								"retryIntervalInSeconds": 30,
								"secureOutput": false,
								"secureInput": false
							},
							"userProperties": [],
							"linkedServiceName": {
								"referenceName": "CNX_AC_DEV_SNOWFLAKE_DWH_SUBSCRIPTION_RDV",
								"type": "LinkedServiceReference"
							},
							"typeProperties": {
								"scripts": [
									{
										"parameters": [
											{
												"name": "INS_COLS",
												"type": "String",
												"value": {
													"value": "@variables('INS4')",
													"type": "Expression"
												},
												"direction": "Input"
											},
											{
												"name": "SEL_COLS",
												"type": "String",
												"value": {
													"value": "@variables('SEL4')",
													"type": "Expression"
												},
												"direction": "Input"
											},
											{
												"name": "SRC_TBL",
												"type": "String",
												"value": {
													"value": "@concat('DB_AC_',pipeline().globalParameters.ENV,'_STG.PLT_MODEL_SHARED.WORKER')",
													"type": "Expression"
												},
												"direction": "Input"
											},
											{
												"name": "TGT_TBL",
												"type": "String",
												"value": {
													"value": "@concat('DB_AC_',pipeline().globalParameters.ENV,'_DWH.SUBSCRIPTION_RDV.LINK_SUBSCRIPTION')",
													"type": "Expression"
												},
												"direction": "Input"
											},
											{
												"name": "TRUNC_TBL",
												"type": "String",
												"value": {
													"value": "@variables('TRUNC_TBL')",
													"type": "Expression"
												},
												"direction": "Input"
											}
										],
										"type": "Query",
										"text": {
											"value": "@concat('call DB_AC_',pipeline().globalParameters.ENV,'_DWH.TOOLS.SP_CONV_DATAVAULT_LOADLINK_MULTIIMAGE(?,?,?,?,?)')",
											"type": "Expression"
										}
									}
								]
							}
						},
						{
							"name": "Set Dummy 3",
							"description": "",
							"type": "SetVariable",
							"dependsOn": [
								{
									"activity": "Set Dummy1",
									"dependencyConditions": [
										"Succeeded"
									]
								}
							],
							"userProperties": [],
							"typeProperties": {
								"variableName": "Dummy_2",
								"value": "1"
							}
						},
						{
							"name": "Set Dummy1",
							"description": "",
							"type": "SetVariable",
							"dependsOn": [],
							"userProperties": [],
							"typeProperties": {
								"variableName": "Dummy",
								"value": "1"
							}
						},
						{
							"name": "Set Dummy 7",
							"description": "",
							"type": "SetVariable",
							"dependsOn": [
								{
									"activity": "mt_LoadRDV_STG_SHARED_To_HUB_ORGANIZATION",
									"dependencyConditions": [
										"Succeeded"
									]
								},
								{
									"activity": "mt_LoadRDV_STG_SHARED_WORKER_To_LINK_SUBSCRIPTION",
									"dependencyConditions": [
										"Succeeded"
									]
								}
							],
							"userProperties": [],
							"typeProperties": {
								"variableName": "Dummy",
								"value": "1"
							}
						},
						{
							"name": "Set Dummy 6",
							"description": "",
							"type": "SetVariable",
							"dependsOn": [
								{
									"activity": "mt_LoadRDV_STG_SHARED_To_SAT_EMPLOYMENT_INFO_PLT",
									"dependencyConditions": [
										"Succeeded"
									]
								},
								{
									"activity": "mt_LoadRDV_STG_SHARED_To_HUB_WORKER",
									"dependencyConditions": [
										"Succeeded"
									]
								}
							],
							"userProperties": [],
							"typeProperties": {
								"variableName": "Dummy",
								"value": "1"
							}
						},
						{
							"name": "mt_LoadRDV_STG_SHARED_To_SAT_WORKER_PERMIT_PLT",
							"description": "mt_LoadRDV_STG_SHARED_To_SAT_WORKER_PERMIT_PLT",
							"type": "Script",
							"dependsOn": [
								{
									"activity": "Set Dummy 5",
									"dependencyConditions": [
										"Succeeded"
									]
								}
							],
							"policy": {
								"timeout": "7.00:00:00",
								"retry": 0,
								"retryIntervalInSeconds": 30,
								"secureOutput": false,
								"secureInput": false
							},
							"userProperties": [],
							"linkedServiceName": {
								"referenceName": "CNX_AC_DEV_SNOWFLAKE_DWH_SHOPPING_RDV",
								"type": "LinkedServiceReference"
							},
							"typeProperties": {
								"scripts": [
									{
										"parameters": [
											{
												"name": "INS6",
												"type": "String",
												"value": {
													"value": "@variables('INS5')",
													"type": "Expression"
												},
												"direction": "Input"
											},
											{
												"name": "SEL6",
												"type": "String",
												"value": {
													"value": "@variables('SEL5')",
													"type": "Expression"
												},
												"direction": "Input"
											},
											{
												"name": "SRC_TBL",
												"type": "String",
												"value": {
													"value": "@concat('DB_AC_',pipeline().globalParameters.ENV,'_DWH.SHARED_RDV.VW_SAT_LOAD_WORKER_PERMIT_PLT')",
													"type": "Expression"
												},
												"direction": "Input"
											},
											{
												"name": "TGT_TBL",
												"type": "String",
												"value": {
													"value": "@concat('DB_AC_',pipeline().globalParameters.ENV,'_DWH.SHARED_RDV.SAT_WORKER_PERMIT_PLT')",
													"type": "Expression"
												},
												"direction": "Input"
											},
											{
												"name": "TRUNC_TBL",
												"type": "String",
												"value": {
													"value": "@variables('TRUNC_TBL')",
													"type": "Expression"
												},
												"direction": "Input"
											}
										],
										"type": "Query",
										"text": {
											"value": "@concat('call DB_AC_',pipeline().globalParameters.ENV,'_DWH.TOOLS.SP_CONV_DATAVAULT_LOADSATELLITE_MULTIIMAGE(?,?,?,?,?)')",
											"type": "Expression"
										}
									}
								]
							}
						},
						{
							"name": "mt_LoadRDV_STG_SHARED_To_SAT_SALARY_PLT",
							"description": "mt_LoadRDV_STG_SHARED_To_SAT_SALARY_PLT",
							"type": "Script",
							"dependsOn": [
								{
									"activity": "Set Dummy 5",
									"dependencyConditions": [
										"Succeeded"
									]
								}
							],
							"policy": {
								"timeout": "7.00:00:00",
								"retry": 0,
								"retryIntervalInSeconds": 30,
								"secureOutput": false,
								"secureInput": false
							},
							"userProperties": [],
							"linkedServiceName": {
								"referenceName": "CNX_AC_DEV_SNOWFLAKE_DWH_RDV_SHARED",
								"type": "LinkedServiceReference"
							},
							"typeProperties": {
								"scripts": [
									{
										"parameters": [
											{
												"name": "INS_COLS",
												"type": "String",
												"value": {
													"value": "@variables('INS6')",
													"type": "Expression"
												},
												"direction": "Input"
											},
											{
												"name": "SEL_COLS",
												"type": "String",
												"value": {
													"value": "@variables('SEL6')",
													"type": "Expression"
												},
												"direction": "Input"
											},
											{
												"name": "SRC_TBL",
												"type": "String",
												"value": {
													"value": "@concat('DB_AC_',pipeline().globalParameters.ENV,'_DWH.SHARED_RDV.VW_SAT_LOAD_SALARY_PLT')",
													"type": "Expression"
												},
												"direction": "Input"
											},
											{
												"name": "TGT_TBL",
												"type": "String",
												"value": {
													"value": "@concat('DB_AC_',pipeline().globalParameters.ENV,'_DWH.SHARED_RDV.SAT_SALARY_PLT')",
													"type": "Expression"
												},
												"direction": "Input"
											},
											{
												"name": "TRUNC_TBL",
												"type": "String",
												"value": {
													"value": "@variables('TRUNC_TBL')",
													"type": "Expression"
												},
												"direction": "Input"
											}
										],
										"type": "Query",
										"text": {
											"value": "@concat('call DB_AC_',pipeline().globalParameters.ENV,'_DWH.TOOLS.SP_CONV_DATAVAULT_LOADSATELLITE_MULTIIMAGE(?,?,?,?,?)')",
											"type": "Expression"
										}
									}
								]
							}
						},
						{
							"name": "mt_LoadRDV_STG_SHARED_To_SAT_LEAVE_STATUS_PLT",
							"description": "mt_LoadRDV_STG_SHARED_To_SAT_LEAVE_STATUS_PLT",
							"type": "Script",
							"dependsOn": [
								{
									"activity": "Set Dummy 5",
									"dependencyConditions": [
										"Succeeded"
									]
								}
							],
							"policy": {
								"timeout": "7.00:00:00",
								"retry": 0,
								"retryIntervalInSeconds": 30,
								"secureOutput": false,
								"secureInput": false
							},
							"userProperties": [],
							"linkedServiceName": {
								"referenceName": "CNX_AC_DEV_SNOWFLAKE_DWH_RDV_SHARED",
								"type": "LinkedServiceReference"
							},
							"typeProperties": {
								"scripts": [
									{
										"parameters": [
											{
												"name": "INS_COLS",
												"type": "String",
												"value": {
													"value": "@variables('INS7')",
													"type": "Expression"
												},
												"direction": "Input"
											},
											{
												"name": "SEL_COLS",
												"type": "String",
												"value": {
													"value": "@variables('SEL7')",
													"type": "Expression"
												},
												"direction": "Input"
											},
											{
												"name": "SRC_TBL",
												"type": "String",
												"value": {
													"value": "@concat('DB_AC_',pipeline().globalParameters.ENV,'_DWH.SHARED_RDV.VW_SAT_LOAD_LEAVE_STATUS_PLT')",
													"type": "Expression"
												},
												"direction": "Input"
											},
											{
												"name": "TGT_TBL",
												"type": "String",
												"value": {
													"value": "@concat('DB_AC_',pipeline().globalParameters.ENV,'_DWH.SHARED_RDV.SAT_LEAVE_STATUS_PLT')",
													"type": "Expression"
												},
												"direction": "Input"
											},
											{
												"name": "TRUNC_TBL",
												"type": "String",
												"value": {
													"value": "@variables('TRUNC_TBL')",
													"type": "Expression"
												},
												"direction": "Input"
											}
										],
										"type": "Query",
										"text": {
											"value": "@concat('call DB_AC_',pipeline().globalParameters.ENV,'_DWH.TOOLS.SP_CONV_DATAVAULT_LOADSATELLITE_MULTIIMAGE(?,?,?,?,?)')",
											"type": "Expression"
										}
									}
								]
							}
						},
						{
							"name": "mt_LoadRDV_STG_SHARED_To_SAT_TERMINATION_STATUS_PLT",
							"description": "mt_LoadRDV_STG_SHARED_To_SAT_TERMINATION_STATUS_PLT",
							"type": "Script",
							"dependsOn": [
								{
									"activity": "Set Dummy 5",
									"dependencyConditions": [
										"Succeeded"
									]
								}
							],
							"policy": {
								"timeout": "7.00:00:00",
								"retry": 0,
								"retryIntervalInSeconds": 30,
								"secureOutput": false,
								"secureInput": false
							},
							"userProperties": [],
							"linkedServiceName": {
								"referenceName": "CNX_AC_DEV_SNOWFLAKE_DWH_RDV_SHARED",
								"type": "LinkedServiceReference"
							},
							"typeProperties": {
								"scripts": [
									{
										"parameters": [
											{
												"name": "INS_COLS",
												"type": "String",
												"value": {
													"value": "@variables('INS8')",
													"type": "Expression"
												},
												"direction": "Input"
											},
											{
												"name": "SEL_COLS",
												"type": "String",
												"value": {
													"value": "@variables('SEL8')",
													"type": "Expression"
												},
												"direction": "Input"
											},
											{
												"name": "SRC_TBL",
												"type": "String",
												"value": {
													"value": "@concat('DB_AC_',pipeline().globalParameters.ENV,'_DWH.SHARED_RDV.VW_SAT_LOAD_TERMINATION_STATUS_PLT')",
													"type": "Expression"
												},
												"direction": "Input"
											},
											{
												"name": "TGT_TBL",
												"type": "String",
												"value": {
													"value": "@concat('DB_AC_',pipeline().globalParameters.ENV,'_DWH.SHARED_RDV.SAT_TERMINATION_STATUS_PLT')",
													"type": "Expression"
												},
												"direction": "Input"
											},
											{
												"name": "TRUNC_TBL",
												"type": "String",
												"value": {
													"value": "@variables('TRUNC_TBL')",
													"type": "Expression"
												},
												"direction": "Input"
											}
										],
										"type": "Query",
										"text": {
											"value": "@concat('call DB_AC_',pipeline().globalParameters.ENV,'_DWH.TOOLS.SP_CONV_DATAVAULT_LOADSATELLITE_MULTIIMAGE(?,?,?,?,?)')",
											"type": "Expression"
										}
									}
								]
							}
						},
						{
							"name": "Set Dummy 9",
							"description": "",
							"type": "SetVariable",
							"dependsOn": [
								{
									"activity": "mt_LoadRDV_STG_SHARED_To_SAT_LEAVE_STATUS_PLT",
									"dependencyConditions": [
										"Succeeded"
									]
								},
								{
									"activity": "mt_LoadRDV_STG_SHARED_To_SAT_TERMINATION_STATUS_PLT",
									"dependencyConditions": [
										"Succeeded"
									]
								},
								{
									"activity": "mt_LoadRDV_STG_SHARED_To_SAT_SALARY_PLT",
									"dependencyConditions": [
										"Succeeded"
									]
								},
								{
									"activity": "mt_LoadRDV_STG_SHARED_To_SAT_WORKER_PERMIT_PLT",
									"dependencyConditions": [
										"Succeeded"
									]
								},
								{
									"activity": "mt_LoadRDV_STG_SHARED_To_SAT_RETIREMENT_STATUS_PLT",
									"dependencyConditions": [
										"Succeeded"
									]
								}
							],
							"userProperties": [],
							"typeProperties": {
								"variableName": "Dummy_2",
								"value": "1"
							}
						},
						{
							"name": "Set Dummy 5",
							"description": "",
							"type": "SetVariable",
							"dependsOn": [
								{
									"activity": "Set Dummy1",
									"dependencyConditions": [
										"Succeeded"
									]
								}
							],
							"userProperties": [],
							"typeProperties": {
								"variableName": "Dummy_2",
								"value": "1"
							}
						},
						{
							"name": "Set Dummy 10",
							"description": "",
							"type": "SetVariable",
							"dependsOn": [
								{
									"activity": "Set Dummy 6",
									"dependencyConditions": [
										"Succeeded"
									]
								},
								{
									"activity": "Set Dummy 7",
									"dependencyConditions": [
										"Succeeded"
									]
								},
								{
									"activity": "Set Dummy 9",
									"dependencyConditions": [
										"Succeeded"
									]
								}
							],
							"userProperties": [],
							"typeProperties": {
								"variableName": "Dummy",
								"value": "1"
							}
						},
						{
							"name": "mt_LoadRDV_STG_SHARED_To_SAT_RETIREMENT_STATUS_PLT",
							"description": "mt_LoadRDV_STG_SHARED_To_SAT_RETIREMENT_STATUS_PLT",
							"type": "Script",
							"dependsOn": [
								{
									"activity": "Set Dummy 5",
									"dependencyConditions": [
										"Succeeded"
									]
								}
							],
							"policy": {
								"timeout": "7.00:00:00",
								"retry": 0,
								"retryIntervalInSeconds": 30,
								"secureOutput": false,
								"secureInput": false
							},
							"userProperties": [],
							"linkedServiceName": {
								"referenceName": "CNX_AC_DEV_SNOWFLAKE_DWH_RDV_SHARED",
								"type": "LinkedServiceReference"
							},
							"typeProperties": {
								"scripts": [
									{
										"parameters": [
											{
												"name": "INS_COLS",
												"type": "String",
												"value": {
													"value": "@variables('INS9')",
													"type": "Expression"
												},
												"direction": "Input"
											},
											{
												"name": "SEL_COLS",
												"type": "String",
												"value": {
													"value": "@variables('SEL9')",
													"type": "Expression"
												},
												"direction": "Input"
											},
											{
												"name": "SRC_TBL",
												"type": "String",
												"value": {
													"value": "@concat('DB_AC_',pipeline().globalParameters.ENV,'_DWH.SHARED_RDV.VW_SAT_LOAD_RETIREMENT_STATUS_PLT')",
													"type": "Expression"
												},
												"direction": "Input"
											},
											{
												"name": "TGT_TBL",
												"type": "String",
												"value": {
													"value": "@concat('DB_AC_',pipeline().globalParameters.ENV,'_DWH.SHARED_RDV.SAT_RETIREMENT_STATUS_PLT')",
													"type": "Expression"
												},
												"direction": "Input"
											},
											{
												"name": "TRUNC_TBL",
												"type": "String",
												"value": {
													"value": "@variables('TRUNC_TBL')",
													"type": "Expression"
												},
												"direction": "Input"
											}
										],
										"type": "Query",
										"text": {
											"value": "@concat('call DB_AC_',pipeline().globalParameters.ENV,'_DWH.TOOLS.SP_CONV_DATAVAULT_LOADSATELLITE_MULTIIMAGE(?,?,?,?,?)')",
											"type": "Expression"
										}
									}
								]
							}
						}
					]
				}
			},
			{
				"name": "temp_JobName",
				"type": "SetVariable",
				"dependsOn": [],
				"userProperties": [],
				"typeProperties": {
					"variableName": "temp_JobName",
					"value": {
						"value": "@concat('''',pipeline().Pipeline,'''')",
						"type": "Expression"
					}
				}
			},
			{
				"name": "temp_tf_Audit_ID",
				"type": "SetVariable",
				"dependsOn": [],
				"userProperties": [],
				"typeProperties": {
					"variableName": "temp_tf_Audit_ID",
					"value": "-1"
				}
			},
			{
				"name": "mt_audit_startJob_NextDate_Pre",
				"type": "Script",
				"dependsOn": [
					{
						"activity": "temp_JobName",
						"dependencyConditions": [
							"Succeeded"
						]
					},
					{
						"activity": "temp_tf_Audit_ID",
						"dependencyConditions": [
							"Succeeded"
						]
					}
				],
				"policy": {
					"timeout": "7.00:00:00",
					"retry": 0,
					"retryIntervalInSeconds": 30,
					"secureOutput": false,
					"secureInput": false
				},
				"userProperties": [],
				"linkedServiceName": {
					"referenceName": "CNX_AC_DEV_SNOWFLAKE_DWH_TOOLS",
					"type": "LinkedServiceReference"
				},
				"typeProperties": {
					"scripts": [
						{
							"parameters": [
								{
									"name": "temp_JobName",
									"type": "String",
									"value": {
										"value": "@variables('temp_JobName')",
										"type": "Expression"
									},
									"direction": "Input"
								},
								{
									"name": "temp_tf_Audit_ID",
									"type": "String",
									"value": {
										"value": "@variables('temp_tf_Audit_ID')",
										"type": "Expression"
									},
									"direction": "Input"
								}
							],
							"type": "Query",
							"text": {
								"value": "@concat('call DB_AC_',pipeline().globalParameters.ENV,'_DWH.TOOLS.USP_AUDIT_START_JOB_NEXT_DATE_A(',variables('temp_JobName'),',',variables('temp_tf_Audit_ID'),')')\n",
								"type": "Expression"
							}
						}
					]
				}
			},
			{
				"name": "mt_audit_startJob_NextDate",
				"type": "Script",
				"dependsOn": [
					{
						"activity": "temp_JobStartDate",
						"dependencyConditions": [
							"Succeeded"
						]
					}
				],
				"policy": {
					"timeout": "7.00:00:00",
					"retry": 0,
					"retryIntervalInSeconds": 30,
					"secureOutput": false,
					"secureInput": false
				},
				"userProperties": [],
				"linkedServiceName": {
					"referenceName": "CNX_AC_DEV_SNOWFLAKE_DWH_TOOLS",
					"type": "LinkedServiceReference"
				},
				"typeProperties": {
					"scripts": [
						{
							"parameters": [
								{
									"name": "temp_JobName",
									"type": "String",
									"value": {
										"value": "@variables('temp_JobName')",
										"type": "Expression"
									},
									"direction": "Input"
								},
								{
									"name": "temp_dataStartDate",
									"type": "String",
									"value": {
										"value": "@variables('temp_dataStartDate')",
										"type": "Expression"
									},
									"direction": "Input"
								}
							],
							"type": "Query",
							"text": {
								"value": "@concat('call DB_AC_',pipeline().globalParameters.ENV,'_DWH.TOOLS.USP_AUDIT_START_JOB_Variable_Set(',variables('temp_JobName'),',',variables('temp_dataStartDate'),')')",
								"type": "Expression"
							}
						}
					]
				}
			},
			{
				"name": "temp_JobStartDate",
				"type": "SetVariable",
				"dependsOn": [
					{
						"activity": "mt_audit_startJob_NextDate_Pre",
						"dependencyConditions": [
							"Succeeded"
						]
					}
				],
				"userProperties": [],
				"typeProperties": {
					"variableName": "temp_dataStartDate",
					"value": {
						"value": "@concat('''',activity('mt_audit_startJob_NextDate_Pre').output.resultSets[0]['rows'][0].USP_AUDIT_START_JOB_NEXT_DATE_A,'''')",
						"type": "Expression"
					}
				}
			},
			{
				"name": "dt_Audit_EndJob_ForDate",
				"type": "Script",
				"dependsOn": [
					{
						"activity": "dcn_StartJob_Result",
						"dependencyConditions": [
							"Succeeded"
						]
					}
				],
				"policy": {
					"timeout": "0.12:00:00",
					"retry": 0,
					"retryIntervalInSeconds": 30,
					"secureOutput": false,
					"secureInput": false
				},
				"userProperties": [],
				"linkedServiceName": {
					"referenceName": "CNX_AC_DEV_SNOWFLAKE_DWH_TOOLS",
					"type": "LinkedServiceReference"
				},
				"typeProperties": {
					"scripts": [
						{
							"parameters": [
								{
									"name": "ENV",
									"type": "String",
									"value": {
										"value": "@pipeline().globalParameters.ENV",
										"type": "Expression"
									},
									"direction": "Input"
								},
								{
									"name": "JOB_END_STATUS",
									"type": "String",
									"value": "SUCCESS",
									"direction": "Input"
								},
								{
									"name": "JOB_START_DT",
									"type": "String",
									"value": "2021-09-15",
									"direction": "Input"
								},
								{
									"name": "AUDIT_ID",
									"type": "String",
									"value": "-1",
									"direction": "Input"
								},
								{
									"name": "JOB_END_DESC",
									"type": "String",
									"value": "job_dummy_description",
									"direction": "Input"
								},
								{
									"name": "JOB_NAME",
									"type": "String",
									"value": "tf_LoadRDV_STG_MODEL_SHARED_To_RDV_WORKER",
									"direction": "Input"
								},
								{
									"name": "IO_RESULT",
									"type": "String",
									"value": "SUCCESS",
									"direction": "Input"
								}
							],
							"type": "Query",
							"text": {
								"value": "CALL DB_AC_@{pipeline().globalParameters.ENV}_DWH.TOOLS.SP_CONV_AUDIT_ENDJOB_FORDATE_DATETIME(?,?,?,?,?,?,?)",
								"type": "Expression"
							}
						}
					]
				}
			}
		],
		"parameters": {
			"io_jobName": {
				"type": "string",
				"defaultValue": "tf_LoadRDV_STG_MODEL_SHARED_To_RDV_WORKER"
			},
			"io_auditID": {
				"type": "string",
				"defaultValue": "-1"
			},
			"I_SECURITY_TYPE": {
				"type": "string",
				"defaultValue": "'N\\A'"
			},
			"I_MD_SOURCE": {
				"type": "string",
				"defaultValue": "'PLATEFORME'"
			}
		},
		"variables": {
			"temp_dataStartDate": {
				"type": "String"
			},
			"temp_JobName": {
				"type": "String"
			},
			"temp_tf_Audit_ID": {
				"type": "String",
				"defaultValue": "-1"
			},
			"TRUNC_TBL": {
				"type": "String",
				"defaultValue": "N"
			},
			"SEL1": {
				"type": "String",
				"defaultValue": "stg.HK_HUB,stg.MD_SOURCE,stg.WORKER_ID,CURRENT_TIMESTAMP,'-1'"
			},
			"INS1": {
				"type": "String",
				"defaultValue": "HK_HUB,MD_SOURCE,WORKER_ID,MD_CREATION_DT,MD_CREATION_AUDIT_ID"
			},
			"SEL2": {
				"type": "String",
				"defaultValue": "stg.HK_HUB,stg.MD_START_DT,stg.MD_HASHDIFF,stg.MD_SOURCE,stg.HIRE_DATE,stg.ORIGINAL_HIRED_DATE,stg.PROVINCE_OF_EMPLOYMENT,stg.REMUNERATION_TYPE,stg.HOURS_PER_WEEK,stg.PAY_PERIOD,stg.WORK_PATTERN,stg.JOB_PERMANENCY,stg.JOB_CATEGORY,stg.LOCATION,stg.IS_MANAGER,CURRENT_TIMESTAMP,'-1'"
			},
			"INS2": {
				"type": "String",
				"defaultValue": "HK_HUB,MD_START_DT,MD_HASHDIFF,MD_SOURCE,HIRE_DATE,ORIGINAL_HIRED_DATE,PROVINCE_OF_EMPLOYMENT,REMUNERATION_TYPE,HOURS_PER_WEEK,PAY_PERIOD,WORK_PATTERN,JOB_PERMANENCY,JOB_CATEGORY,LOCATION,IS_MANAGER,MD_CREATION_DT,MD_CREATION_AUDIT_ID"
			},
			"SEL3": {
				"type": "String",
				"defaultValue": "stg.HK_HUB,stg.MD_SOURCE,stg.ORGANIZATION_ID,CURRENT_TIMESTAMP, '-1'"
			},
			"INS3": {
				"type": "String",
				"defaultValue": "HK_HUB,MD_SOURCE,ORGANIZATION_ID,MD_CREATION_DT,MD_CREATION_AUDIT_ID"
			},
			"Dummy": {
				"type": "String"
			},
			"SEL4": {
				"type": "String",
				"defaultValue": "Src.HK_LINK,Src.MD_START_DT,Src.MD_SOURCE,Src.HK_HUB_WORKER,Src.HK_HUB_CUSTOMER,Src.HK_HUB_ORGANIZATION,Src.WORKER_ID,Src.CUSTOMER_ID,Src.ORGANIZATION_ID,CURRENT_TIMESTAMP, '-1'"
			},
			"INS4": {
				"type": "String",
				"defaultValue": "HK_LINK,MD_START_DT,MD_SOURCE,HK_HUB_WORKER,HK_HUB_CUSTOMER,HK_HUB_ORGANIZATION,WORKER_ID,CUSTOMER_ID,ORGANIZATION_ID,MD_CREATION_DT,MD_CREATION_AUDIT_ID"
			},
			"SEL5": {
				"type": "String",
				"defaultValue": "stg.HK_HUB,stg.MD_START_DT,stg.MD_HASHDIFF,stg.MD_SOURCE,stg.TYPE,stg.START_DATE,stg.END_DATE,CURRENT_TIMESTAMP, '-1'"
			},
			"INS5": {
				"type": "String",
				"defaultValue": "HK_HUB,MD_START_DT,MD_HASHDIFF,MD_SOURCE,TYPE,START_DATE,END_DATE,MD_CREATION_DT,MD_CREATION_AUDIT_ID"
			},
			"Dummy_2": {
				"type": "String"
			},
			"SEL6": {
				"type": "String",
				"defaultValue": "stg.HK_HUB,stg.MD_START_DT,stg.MD_HASHDIFF,stg.MD_SOURCE,stg.SALARY,stg.SALARY_EFFECTIVE_DATE,CURRENT_TIMESTAMP, '-1'"
			},
			"INS6": {
				"type": "String",
				"defaultValue": "HK_HUB,MD_START_DT,MD_HASHDIFF,MD_SOURCE,SALARY,SALARY_EFFECTIVE_DATE,MD_CREATION_DT,MD_CREATION_AUDIT_ID"
			},
			"SEL7": {
				"type": "String",
				"defaultValue": "stg.HK_HUB,stg.MD_START_DT,stg.MD_HASHDIFF,stg.MD_SOURCE,stg.ON_LEAVE,stg.LEAVE_START_DATE,stg.LEAVE_END_DATE,stg.REASON_CODE,CURRENT_TIMESTAMP, '-1'"
			},
			"INS7": {
				"type": "String",
				"defaultValue": "HK_HUB,MD_START_DT,MD_HASHDIFF,MD_SOURCE,ON_LEAVE,LEAVE_START_DATE,LEAVE_END_DATE,REASON_CODE,MD_CREATION_DT,MD_CREATION_AUDIT_ID"
			},
			"SEL8": {
				"type": "String",
				"defaultValue": "stg.HK_HUB,stg.MD_START_DT,stg.MD_HASHDIFF,stg.MD_SOURCE,stg.TERMINATED,stg.TERMINATION_DATE,stg.REASON_CODE,CURRENT_TIMESTAMP, '-1'"
			},
			"INS8": {
				"type": "String",
				"defaultValue": "HK_HUB,MD_START_DT,MD_HASHDIFF,MD_SOURCE,TERMINATED,TERMINATION_DATE,REASON_CODE,MD_CREATION_DT,MD_CREATION_AUDIT_ID"
			},
			"SEL9": {
				"type": "String",
				"defaultValue": "stg.HK_HUB,stg.MD_START_DT,stg.MD_HASHDIFF,stg.MD_SOURCE,stg.RETIRED,stg.RETIREMENT_DATE,stg.EXPECTED,stg.EXPECTED_RETIREMENT_DATE,CURRENT_TIMESTAMP, '-1'"
			},
			"INS9": {
				"type": "String",
				"defaultValue": "HK_HUB,MD_START_DT,MD_HASHDIFF,MD_SOURCE,RETIRED,RETIREMENT_DATE,EXPECTED,EXPECTED_RETIREMENT_DATE,MD_CREATION_DT,MD_CREATION_AUDIT_ID"
			},
			"SEL10": {
				"type": "String"
			},
			"INS10": {
				"type": "String"
			}
		},
		"folder": {
			"name": "AC/30_RDV_PLT_SHARED/RDV_WORKER"
		},
		"annotations": [],
		"lastPublishTime": "2022-10-04T08:54:16Z"
	},
	"type": "Microsoft.DataFactory/factories/pipelines"
}