{
	"name": "tf_LoadRDV_10-30_PSA_IAS_IAVM_to_RDV_Synchronization",
	"properties": {
		"activities": [
			{
				"name": "Holidays",
				"type": "IfCondition",
				"dependsOn": [],
				"userProperties": [],
				"typeProperties": {
					"expression": {
						"value": "@contains(pipeline().parameters.temp_filename,'REF_HOLIDAYS__')\n",
						"type": "Expression"
					},
					"ifTrueActivities": [
						{
							"name": "tf_LoadRDV_20-30_PSA_IAS_IAVM_to_RDV_REF_HOLIDAYS",
							"type": "ExecutePipeline",
							"dependsOn": [],
							"userProperties": [],
							"typeProperties": {
								"pipeline": {
									"referenceName": "tf_LoadRDV_20-30_PSA_IAS_IAVM_to_RDV_REF_HOLIDAYS",
									"type": "PipelineReference"
								},
								"waitOnCompletion": true,
								"parameters": {
									"input_filename": {
										"value": "@pipeline().parameters.temp_filename",
										"type": "Expression"
									},
									"input_filepath": {
										"value": "@pipeline().parameters.temp_filepath",
										"type": "Expression"
									}
								}
							}
						}
					]
				}
			},
			{
				"name": "Position_price",
				"type": "IfCondition",
				"dependsOn": [],
				"userProperties": [],
				"typeProperties": {
					"expression": {
						"value": "@contains(pipeline().parameters.temp_filename,'POSITION_PRICE__')\n",
						"type": "Expression"
					},
					"ifTrueActivities": [
						{
							"name": "tf_LoadRDV_20-30_PSA_IAS_IAVM_to_RDV_TRANS_POSITION_P",
							"description": " ",
							"type": "ExecutePipeline",
							"dependsOn": [],
							"userProperties": [],
							"typeProperties": {
								"pipeline": {
									"referenceName": "tf_LoadRDV_20-30_PSA_IAS_IAVM_to_RDV_TRANSLINK_POSITION_PRICE",
									"type": "PipelineReference"
								},
								"waitOnCompletion": true,
								"parameters": {
									"input_filename": {
										"value": "@pipeline().parameters.temp_filename",
										"type": "Expression"
									},
									"input_filepath": {
										"value": "@pipeline().parameters.temp_filepath",
										"type": "Expression"
									}
								}
							}
						}
					]
				}
			},
			{
				"name": "Exchange_rate",
				"type": "IfCondition",
				"dependsOn": [],
				"userProperties": [],
				"typeProperties": {
					"expression": {
						"value": "@contains(pipeline().parameters.temp_filename,'EXCHANGE_RATE__')\n\n",
						"type": "Expression"
					},
					"ifTrueActivities": [
						{
							"name": "tf_Load_20-30_PSA_IAS_IAVM_to_RDV_TRANS_EXCHANGE_RATE",
							"type": "ExecutePipeline",
							"dependsOn": [],
							"userProperties": [],
							"typeProperties": {
								"pipeline": {
									"referenceName": "tf_LoadRDV_20-30_PSA_IAS_IAVM_to_RDV_TRANSLINK_EXCHANGE_RATE",
									"type": "PipelineReference"
								},
								"waitOnCompletion": true,
								"parameters": {
									"input_filename": {
										"value": "@pipeline().parameters.temp_filename",
										"type": "Expression"
									},
									"input_filepath": {
										"value": "@pipeline().parameters.temp_filepath",
										"type": "Expression"
									}
								}
							}
						}
					]
				}
			},
			{
				"name": "Registered_Representatives",
				"type": "IfCondition",
				"dependsOn": [],
				"userProperties": [],
				"typeProperties": {
					"expression": {
						"value": "@contains(pipeline().parameters.temp_filename,'REGISTERED_REPRESENTATIVES__')\n\n",
						"type": "Expression"
					},
					"ifTrueActivities": [
						{
							"name": "tf_LoadRDV_20-30_PSA_IAS_IAVM_to_RDV_REGISTERED_REPS",
							"type": "ExecutePipeline",
							"dependsOn": [],
							"userProperties": [],
							"typeProperties": {
								"pipeline": {
									"referenceName": "tf_LoadRDV_20-30_PSA_IAS_IAVM_to_RDV_REGISTERED_REPRESENTATIVES",
									"type": "PipelineReference"
								},
								"waitOnCompletion": true,
								"parameters": {
									"input_filename": {
										"value": "@pipeline().parameters.temp_filename",
										"type": "Expression"
									},
									"input_filepath": {
										"value": "@pipeline().parameters.temp_filepath",
										"type": "Expression"
									}
								}
							}
						}
					]
				}
			}
		],
		"parameters": {
			"temp_filename": {
				"type": "string",
				"defaultValue": "REF_HOLIDAYS__2022-04-15.dat"
			},
			"temp_filepath": {
				"type": "string",
				"defaultValue": "RAW/IAS/IAVM/2022"
			}
		},
		"variables": {
			"temp_dataStartDate": {
				"type": "String"
			},
			"temp_JobName": {
				"type": "String"
			},
			"temp_tf_Audit_ID": {
				"type": "String"
			},
			"temp_filename": {
				"type": "String"
			}
		},
		"folder": {
			"name": "IAW/20-30_RDV_IAS_IAVM/00_SYNCHRONIZATION_TASKFLOW"
		},
		"annotations": [],
		"lastPublishTime": "2022-08-01T09:37:45Z"
	},
	"type": "Microsoft.DataFactory/factories/pipelines"
}