{
	"name": "tf_LoadBDV_40_Shared_ExchangeRate",
	"properties": {
		"activities": [
			{
				"name": "Set JOB_NAME",
				"type": "SetVariable",
				"dependsOn": [],
				"userProperties": [],
				"typeProperties": {
					"variableName": "JOB_NAME",
					"value": {
						"value": "@concat(variables('SINGLE_QUOTE'),pipeline().Pipeline,variables('SINGLE_QUOTE'))",
						"type": "Expression"
					}
				}
			},
			{
				"name": "DCN_STARTJOB_RESULT",
				"type": "IfCondition",
				"dependsOn": [
					{
						"activity": "Set IO_DATA_START_DATE",
						"dependencyConditions": [
							"Succeeded"
						]
					}
				],
				"userProperties": [],
				"typeProperties": {
					"expression": {
						"value": "@contains(activity('tf_LoadBDV_40_Shared_ExchangeRate').output.resultSets[0]['rows'][0].SP_CONV_AUDIT_STARTJOB_NEXTDATE,'SUCCESS')",
						"type": "Expression"
					},
					"ifFalseActivities": [
						{
							"name": "Throw_Error_StartJob",
							"type": "Fail",
							"dependsOn": [],
							"userProperties": [],
							"typeProperties": {
								"message": {
									"value": "@concat('incorrect io_result ',variables('IO_RESULT'))",
									"type": "Expression"
								},
								"errorCode": "0000"
							}
						}
					],
					"ifTrueActivities": [
						{
							"name": "Add Audit-ID",
							"type": "SetVariable",
							"dependsOn": [],
							"userProperties": [],
							"typeProperties": {
								"variableName": "SEL",
								"value": {
									"value": "@concat(variables('SEL_TEMP'),'''',variables('Audit_id'),'''''')",
									"type": "Expression"
								}
							}
						},
						{
							"name": "mt_LoadBDV_RDV_IAS_IAVM_TRAN_LINK_EXCHANGE_RATES",
							"type": "Script",
							"dependsOn": [
								{
									"activity": "Add Audit-ID",
									"dependencyConditions": [
										"Succeeded"
									]
								}
							],
							"policy": {
								"timeout": "7.00:00:00",
								"retry": 0,
								"retryIntervalInSeconds": 30,
								"secureOutput": false,
								"secureInput": false
							},
							"userProperties": [],
							"linkedServiceName": {
								"referenceName": "Snowflake1",
								"type": "LinkedServiceReference"
							},
							"typeProperties": {
								"scripts": [
									{
										"type": "Query",
										"text": {
											"value": "@concat('call DB_IAW_',pipeline().globalParameters.ENV,'_DWH.TOOLS.SP_CONV_DATAVAULT_LOADLINK_AUDIT_ID_RK(',variables('INS'), ',' , variables('SEL'), ',' ,'''DB_IAW_',pipeline().globalParameters.ENV,'_DWH.SHARED_BDV.VW_EXCHANGE_RATE'',''DB_IAW_',pipeline().globalParameters.ENV,'_DWH.SHARED_BDV.TRANSLINK_EXCHANGE_RATE''',',',variables('TRUNC_TBL'),')')",
											"type": "Expression"
										}
									}
								]
							}
						}
					]
				}
			},
			{
				"name": "set Audit-Id",
				"type": "SetVariable",
				"dependsOn": [],
				"userProperties": [],
				"typeProperties": {
					"variableName": "Audit_id",
					"value": {
						"value": "@concat(variables('SINGLE_QUOTE'),pipeline().Pipeline,'-',pipeline().RunId,variables('SINGLE_QUOTE'))",
						"type": "Expression"
					}
				}
			},
			{
				"name": "tf_LoadBDV_40_Shared_ExchangeRate",
				"type": "Script",
				"dependsOn": [
					{
						"activity": "Set JOB_NAME",
						"dependencyConditions": [
							"Succeeded"
						]
					},
					{
						"activity": "set Audit-Id",
						"dependencyConditions": [
							"Succeeded"
						]
					}
				],
				"policy": {
					"timeout": "7.00:00:00",
					"retry": 0,
					"retryIntervalInSeconds": 30,
					"secureOutput": false,
					"secureInput": false
				},
				"userProperties": [],
				"linkedServiceName": {
					"referenceName": "Snowflake1",
					"type": "LinkedServiceReference"
				},
				"typeProperties": {
					"scripts": [
						{
							"type": "Query",
							"text": {
								"value": "@concat('call DB_IAW_',pipeline().globalParameters.ENV,'_DWH.TOOLS.SP_CONV_AUDIT_STARTJOB_NEXTDATE(',\nvariables('SINGLE_QUOTE'),pipeline().globalParameters.ENV,variables('SINGLE_QUOTE'),',',\nvariables('JOB_NAME'),',',\nvariables('Audit_id'),',',\nvariables('IO_RESULT'),',',\nvariables('IO_DATA_START_DATE'),')')",
								"type": "Expression"
							}
						}
					]
				}
			},
			{
				"name": "dt_Audit_EndJob",
				"type": "Script",
				"dependsOn": [
					{
						"activity": "DCN_STARTJOB_RESULT",
						"dependencyConditions": [
							"Succeeded"
						]
					}
				],
				"policy": {
					"timeout": "7.00:00:00",
					"retry": 0,
					"retryIntervalInSeconds": 30,
					"secureOutput": false,
					"secureInput": false
				},
				"userProperties": [],
				"linkedServiceName": {
					"referenceName": "Snowflake1",
					"type": "LinkedServiceReference"
				},
				"typeProperties": {
					"scripts": [
						{
							"type": "Query",
							"text": {
								"value": "@concat('call DB_IAW_',pipeline().globalParameters.ENV,'_DWH.TOOLS.USP_AUDIT_END_JOB(',variables('JOB_NAME'),',',variables('IO_DATA_START_DATE'),',',variables('Audit_id'),',','''SUCCESS''',',','''Successful execution''',')')",
								"type": "Expression"
							}
						}
					]
				}
			},
			{
				"name": "Set IO_DATA_START_DATE",
				"type": "SetVariable",
				"dependsOn": [
					{
						"activity": "tf_LoadBDV_40_Shared_ExchangeRate",
						"dependencyConditions": [
							"Succeeded"
						]
					}
				],
				"userProperties": [],
				"typeProperties": {
					"variableName": "IO_DATA_START_DATE",
					"value": {
						"value": "@split(activity('tf_LoadBDV_40_Shared_ExchangeRate').output.resultSets[0]['rows'][0].SP_CONV_AUDIT_STARTJOB_NEXTDATE,',' )[1]",
						"type": "Expression"
					}
				}
			}
		],
		"variables": {
			"CALLED_SP": {
				"type": "String"
			},
			"SINGLE_QUOTE": {
				"type": "String",
				"defaultValue": "'"
			},
			"IO_RESULT": {
				"type": "String",
				"defaultValue": "'ERROR'"
			},
			"IO_DATA_START_DATE": {
				"type": "String",
				"defaultValue": "'01/01/2000'"
			},
			"Audit_id": {
				"type": "String"
			},
			"JOB_NAME": {
				"type": "String"
			},
			"SEL_TEMP": {
				"type": "String",
				"defaultValue": "'STG.HK_LINK,STG.MD_START_DT,STG.MD_SOURCE,STG.MD_SRC_SYSTEM,STG.MD_EXTRACT_DT,STG.EXCHANGE_DATE,STG.EXCHANGERATE,STG.REVNO,CURRENT_TIMESTAMP,"
			},
			"INS": {
				"type": "String",
				"defaultValue": "'HK_LINK,MD_START_DT,MD_SOURCE,MD_SRC_SYSTEM,MD_EXTRACT_DT,EXCHANGE_DATE,EXCHANGERATE,REVNO,MD_CREATION_DT,MD_CREATION_AUDIT_ID'"
			},
			"SEL": {
				"type": "String"
			},
			"TRUNC_TBL": {
				"type": "String",
				"defaultValue": "'N'"
			}
		},
		"folder": {
			"name": "IAW/40_BDV_IAWEALTH/TRANSLINK_EXCHANGE_RATE"
		},
		"annotations": [],
		"lastPublishTime": "2022-08-16T18:43:02Z"
	},
	"type": "Microsoft.DataFactory/factories/pipelines"
}