{
	"name": "tf_LoadRDV_20-30_PSA_IAS_NBIN_to_RDV_SHARED_CONTRACTS_sub1",
	"properties": {
		"activities": [
			{
				"name": "dcn_StartJob_Result",
				"type": "IfCondition",
				"dependsOn": [
					{
						"activity": "dt_Audit_StartJob",
						"dependencyConditions": [
							"Succeeded"
						]
					}
				],
				"userProperties": [],
				"typeProperties": {
					"expression": {
						"value": "@contains(activity('dt_Audit_StartJob').output.resultSets[0]['rows'][0].USP_AUDIT_START_JOB_VARIABLE_SET,'SUCCESS')",
						"type": "Expression"
					},
					"ifFalseActivities": [
						{
							"name": "Throw error",
							"type": "Fail",
							"dependsOn": [],
							"userProperties": [],
							"typeProperties": {
								"message": {
									"value": "@activity('dt_Audit_StartJob_Pre').output.resultSets[0]['rows'][0].USP_AUDIT_START_JOB",
									"type": "Expression"
								},
								"errorCode": "100"
							}
						}
					],
					"ifTrueActivities": [
						{
							"name": "m_LoadSTG_PSA_IAS_NBIN_To_STG_Contract",
							"type": "Script",
							"dependsOn": [],
							"policy": {
								"timeout": "7.00:00:00",
								"retry": 0,
								"retryIntervalInSeconds": 30,
								"secureOutput": false,
								"secureInput": false
							},
							"userProperties": [],
							"linkedServiceName": {
								"referenceName": "Snowflake1",
								"type": "LinkedServiceReference"
							},
							"typeProperties": {
								"scripts": [
									{
										"type": "Query",
										"text": {
											"value": "@concat('call DB_IAW_',pipeline().globalParameters.ENV,'_STG.IAS.SP_CONV_LOADSTG_PSA_IAS_NBIN_TO_STG_CONTRACT(''',pipeline().globalParameters.ENV,''',''',pipeline().parameters.io_PATH,''')')\n",
											"type": "Expression"
										}
									}
								]
							}
						},
						{
							"name": "mt_STG_count",
							"type": "Script",
							"dependsOn": [
								{
									"activity": "m_LoadSTG_PSA_IAS_NBIN_To_STG_Contract",
									"dependencyConditions": [
										"Succeeded"
									]
								}
							],
							"policy": {
								"timeout": "7.00:00:00",
								"retry": 0,
								"retryIntervalInSeconds": 30,
								"secureOutput": false,
								"secureInput": false
							},
							"userProperties": [],
							"linkedServiceName": {
								"referenceName": "Snowflake1",
								"type": "LinkedServiceReference"
							},
							"typeProperties": {
								"scripts": [
									{
										"type": "Query",
										"text": {
											"value": "@concat('call DB_IAW_',pipeline().globalParameters.ENV,'_DWH.TOOLS.SP_CONV_STG_COUNT(''',pipeline().globalParameters.ENV,''',''IAS'', ''CONTRACT''',')')",
											"type": "Expression"
										}
									}
								]
							}
						}
					]
				}
			},
			{
				"name": "dcn_row_count",
				"type": "IfCondition",
				"dependsOn": [
					{
						"activity": "dcn_StartJob_Result",
						"dependencyConditions": [
							"Succeeded"
						]
					}
				],
				"userProperties": [],
				"typeProperties": {
					"expression": {
						"value": "@greater(int(activity('mt_STG_count').output.resultSets[0]['rows'][0].SP_CONV_STG_COUNT),0)",
						"type": "Expression"
					},
					"ifTrueActivities": [
						{
							"name": "Assign SEL Variable for mt_LoadRDV_STG_IAS",
							"type": "SetVariable",
							"dependsOn": [],
							"userProperties": [],
							"typeProperties": {
								"variableName": "SEL",
								"value": {
									"value": "@concat(variables('SEL_TEMP'),',''''',pipeline().Pipeline,'-',pipeline().RunId,'''''''')\n",
									"type": "Expression"
								}
							}
						},
						{
							"name": "Assign SEL Variable for mt_LoadRDV_STG_IAS_SAT",
							"type": "SetVariable",
							"dependsOn": [],
							"userProperties": [],
							"typeProperties": {
								"variableName": "SEL_SAT",
								"value": {
									"value": "@concat(variables('SEL_TEMP_SAT'),'''''', replace(variables('temp_tf_Audit_ID'),'''',''),'#',pipeline().Pipeline,'-',pipeline().RunId,'''''''')",
									"type": "Expression"
								}
							}
						},
						{
							"name": "Variable for SAT_CONTRACT_DELETE",
							"type": "SetVariable",
							"dependsOn": [],
							"userProperties": [],
							"typeProperties": {
								"variableName": "SEL_SAT_DEL",
								"value": {
									"value": "@concat(variables('SEL_TEMP_SAT_DEL'),'''',variables('ADD_DATE'),'''',',','''',pipeline().parameters.temp_tf_Audit_ID,'''''')",
									"type": "Expression"
								}
							}
						},
						{
							"name": "Variable for LoadRDV_STG_IAS_CONTRACT_RR_copy1",
							"type": "SetVariable",
							"dependsOn": [],
							"userProperties": [],
							"typeProperties": {
								"variableName": "SEL_RR",
								"value": {
									"value": "@concat(variables('SEL_TEMP_RR'),'''',pipeline().parameters.temp_tf_Audit_ID,'''''')",
									"type": "Expression"
								}
							}
						},
						{
							"name": "Variable for INVESTMENT_CONTRACT_IAS_INSERT",
							"type": "SetVariable",
							"dependsOn": [],
							"userProperties": [],
							"typeProperties": {
								"variableName": "SEL_SAT_RR",
								"value": {
									"value": "@concat(variables('SEL_SAT_TEMP_RR'),'''''', replace(variables('temp_tf_Audit_ID'),'''',''),'#',pipeline().Pipeline,'-',pipeline().RunId,'''''''')",
									"type": "Expression"
								}
							}
						},
						{
							"name": "Variable_IAS_C_SAT_LINK_INVESTMENT_CONTRACT_DELETE",
							"type": "SetVariable",
							"dependsOn": [],
							"userProperties": [],
							"typeProperties": {
								"variableName": "SEL_SAT_LINK_DEL",
								"value": {
									"value": "@concat(variables('SEL_TEMP_LINK_DEL'),'''',variables('ADD_DATE_LINK'),'''',',','''',pipeline().parameters.temp_tf_Audit_ID,'''''')",
									"type": "Expression"
								}
							}
						},
						{
							"name": "RDV_STG_IAS_NBIN_TO_SHARED_HUBCONTRACT",
							"type": "Script",
							"dependsOn": [
								{
									"activity": "Assign SEL Variable for mt_LoadRDV_STG_IAS",
									"dependencyConditions": [
										"Succeeded"
									]
								}
							],
							"policy": {
								"timeout": "7.00:00:00",
								"retry": 0,
								"retryIntervalInSeconds": 30,
								"secureOutput": false,
								"secureInput": false
							},
							"userProperties": [],
							"linkedServiceName": {
								"referenceName": "Snowflake1",
								"type": "LinkedServiceReference"
							},
							"typeProperties": {
								"scripts": [
									{
										"type": "Query",
										"text": {
											"value": "@concat('call DB_IAW_',pipeline().globalParameters.ENV,'_DWH.TOOLS.SP_CONV_DATAVAULT_LOADHUB_AUDIT_ID(',variables('INS'), ',' , variables('SEL'), ',' ,'''DB_IAW_',pipeline().globalParameters.ENV,'_STG.IAS.CONTRACT'',''DB_IAW_',pipeline().globalParameters.ENV,'_DWH.SHARED_RDV.HUB_CONTRACT''',',',variables('TRUNC_TBL'),')')",
											"type": "Expression"
										}
									}
								]
							}
						},
						{
							"name": "RDV_STG_IAS_NBIN_To_Shared_SatContract_Insert",
							"type": "Script",
							"dependsOn": [
								{
									"activity": "Assign SEL Variable for mt_LoadRDV_STG_IAS_SAT",
									"dependencyConditions": [
										"Succeeded"
									]
								}
							],
							"policy": {
								"timeout": "7.00:00:00",
								"retry": 0,
								"retryIntervalInSeconds": 30,
								"secureOutput": false,
								"secureInput": false
							},
							"userProperties": [],
							"linkedServiceName": {
								"referenceName": "Snowflake1",
								"type": "LinkedServiceReference"
							},
							"typeProperties": {
								"scripts": [
									{
										"type": "Query",
										"text": {
											"value": "@concat('call DB_IAW_',pipeline().globalParameters.ENV,'_DWH.TOOLS.SP_CONV_DATAVAULT_LOADSATELLITE_DELETE_AUDIT_ID(',variables('INS_SAT_DEL'), ',' , variables('SEL_SAT_DEL'), ',' ,'''DB_IAW_',pipeline().globalParameters.ENV,'_STG.IAS.CONTRACT'',''DB_IAW_',pipeline().globalParameters.ENV,'_DWH.SHARED_RDV.SAT_CONTRACT_IAS_NBIN''',',',variables('TRUNC_TBL'),')')\n",
											"type": "Expression"
										}
									}
								]
							}
						},
						{
							"name": "LOAD_TO_SHARED_SAT_CONTRACT_DELETE",
							"type": "Script",
							"dependsOn": [
								{
									"activity": "Variable for SAT_CONTRACT_DELETE",
									"dependencyConditions": [
										"Succeeded"
									]
								}
							],
							"policy": {
								"timeout": "7.00:00:00",
								"retry": 0,
								"retryIntervalInSeconds": 30,
								"secureOutput": false,
								"secureInput": false
							},
							"userProperties": [],
							"linkedServiceName": {
								"referenceName": "Snowflake1",
								"type": "LinkedServiceReference"
							},
							"typeProperties": {
								"scripts": [
									{
										"type": "Query",
										"text": {
											"value": "@concat('call DB_IAW_',pipeline().globalParameters.ENV,'_DWH.TOOLS.SP_CONV_DATAVAULT_LOADSATELLITE_DELETE_AUDIT_ID(',variables('INS_SAT_DEL'), ',' , variables('SEL_SAT_DEL'), ',' ,'''DB_IAW_',pipeline().globalParameters.ENV,'_STG.IAS.CONTRACT'',''DB_IAW_',pipeline().globalParameters.ENV,'_DWH.SHARED_RDV.SAT_CONTRACT_IAS_NBIN''',',',variables('TRUNC_TBL'),')')\n",
											"type": "Expression"
										}
									}
								]
							}
						},
						{
							"name": "LOAD IAS_CONTRACT_To_LINK_INVESTMENT_CONTRACT_RR",
							"type": "Script",
							"dependsOn": [
								{
									"activity": "Variable for LoadRDV_STG_IAS_CONTRACT_RR_copy1",
									"dependencyConditions": [
										"Succeeded"
									]
								}
							],
							"policy": {
								"timeout": "7.00:00:00",
								"retry": 0,
								"retryIntervalInSeconds": 30,
								"secureOutput": false,
								"secureInput": false
							},
							"userProperties": [],
							"linkedServiceName": {
								"referenceName": "Snowflake1",
								"type": "LinkedServiceReference"
							},
							"typeProperties": {
								"scripts": [
									{
										"type": "Query",
										"text": {
											"value": "@concat('call DB_IAW_',pipeline().globalParameters.ENV,'_DWH.TOOLS.SP_CONV_DATAVAULT_LOADLINK_AUDIT_ID_SC(',variables('INS_RR'), ',' , variables('SEL_RR'), ',' ,'''DB_IAW_',pipeline().globalParameters.ENV,'_STG.IAS.VW_CONTRACT'',''DB_IAW_',pipeline().globalParameters.ENV,'_DWH.SHARED_RDV.LINK_INVESTMENT_CONTRACT_RR''',',',variables('TRUNC_TBL'),')')",
											"type": "Expression"
										}
									}
								]
							}
						},
						{
							"name": "LOAD_IAS_CONTRACT_TO_INVESTMENT_CONTRACT_INSERT",
							"type": "Script",
							"dependsOn": [
								{
									"activity": "Variable for INVESTMENT_CONTRACT_IAS_INSERT",
									"dependencyConditions": [
										"Succeeded"
									]
								}
							],
							"policy": {
								"timeout": "7.00:00:00",
								"retry": 0,
								"retryIntervalInSeconds": 30,
								"secureOutput": false,
								"secureInput": false
							},
							"userProperties": [],
							"linkedServiceName": {
								"referenceName": "Snowflake1",
								"type": "LinkedServiceReference"
							},
							"typeProperties": {
								"scripts": [
									{
										"type": "Query",
										"text": {
											"value": "@concat('call DB_IAW_',pipeline().globalParameters.ENV,'_DWH.TOOLS.SP_CONV_DATAVAULT_LOADSATLINK_INSERT_AUDIT_ID(',variables('INS_SAT_RR'), ',' , variables('SEL_SAT_RR'), ',' ,'''DB_IAW_',pipeline().globalParameters.ENV,'_STG.IAS.VW_CONTRACT'',''DB_IAW_',pipeline().globalParameters.ENV,'_DWH.SHARED_RDV.SAT_LINK_INVESTMENT_CONTRACT_IAS_NBIN''',',',variables('TRUNC_TBL'),')')\n",
											"type": "Expression"
										}
									}
								]
							}
						},
						{
							"name": "IAS_CONTRACT_SAT_LINK_INVESTMENT_CONTRACT_NBIN_DELETE",
							"type": "Script",
							"dependsOn": [
								{
									"activity": "Variable_IAS_C_SAT_LINK_INVESTMENT_CONTRACT_DELETE",
									"dependencyConditions": [
										"Succeeded"
									]
								}
							],
							"policy": {
								"timeout": "7.00:00:00",
								"retry": 0,
								"retryIntervalInSeconds": 30,
								"secureOutput": false,
								"secureInput": false
							},
							"userProperties": [],
							"linkedServiceName": {
								"referenceName": "Snowflake1",
								"type": "LinkedServiceReference"
							},
							"typeProperties": {
								"scripts": [
									{
										"type": "Query",
										"text": {
											"value": "@concat('call DB_IAW_',pipeline().globalParameters.ENV,'_DWH.TOOLS.SP_CONV_DATAVAULT_LOADSATLINK_DELETE_AUDIT_ID(',variables('INS_SAT_LINK_DEL'), ',' , variables('SEL_SAT_LINK_DEL'), ',' ,'''DB_IAW_',pipeline().globalParameters.ENV,'_STG.IAS.VW_CONTRACT'',''DB_IAW_',pipeline().globalParameters.ENV,'_DWH.SHARED_RDV.SAT_LINK_INVESTMENT_CONTRACT_IAS_NBIN''',',',variables('TRUNC_TBL'),')')\n",
											"type": "Expression"
										}
									}
								]
							}
						}
					]
				}
			},
			{
				"name": "pre_Audit_StartJob",
				"type": "Script",
				"dependsOn": [],
				"policy": {
					"timeout": "7.00:00:00",
					"retry": 0,
					"retryIntervalInSeconds": 30,
					"secureOutput": false,
					"secureInput": false
				},
				"userProperties": [],
				"linkedServiceName": {
					"referenceName": "Snowflake1",
					"type": "LinkedServiceReference"
				},
				"typeProperties": {
					"scripts": [
						{
							"type": "Query",
							"text": {
								"value": "@concat('call DB_IAW_',pipeline().globalParameters.ENV,'_DWH.TOOLS.USP_AUDIT_START_JOB(',pipeline().parameters.temp_JobName,',',pipeline().parameters.temp_dataStartDate,',',pipeline().parameters.temp_tf_Audit_ID,')')",
								"type": "Expression"
							}
						}
					]
				}
			},
			{
				"name": "dt_Audit_StartJob",
				"type": "Script",
				"dependsOn": [
					{
						"activity": "pre_Audit_StartJob",
						"dependencyConditions": [
							"Succeeded"
						]
					}
				],
				"policy": {
					"timeout": "7.00:00:00",
					"retry": 0,
					"retryIntervalInSeconds": 30,
					"secureOutput": false,
					"secureInput": false
				},
				"userProperties": [],
				"linkedServiceName": {
					"referenceName": "Snowflake1",
					"type": "LinkedServiceReference"
				},
				"typeProperties": {
					"scripts": [
						{
							"type": "Query",
							"text": {
								"value": "@concat('call DB_IAW_',pipeline().globalParameters.ENV,'_DWH.TOOLS.USP_AUDIT_START_JOB_VARIABLE_SET(',pipeline().parameters.temp_JobName,',',pipeline().parameters.temp_dataStartDate,')')",
								"type": "Expression"
							}
						}
					]
				}
			},
			{
				"name": "dt_Audit_EndJob",
				"type": "Script",
				"dependsOn": [
					{
						"activity": "dcn_row_count",
						"dependencyConditions": [
							"Succeeded"
						]
					}
				],
				"policy": {
					"timeout": "7.00:00:00",
					"retry": 0,
					"retryIntervalInSeconds": 30,
					"secureOutput": false,
					"secureInput": false
				},
				"userProperties": [],
				"linkedServiceName": {
					"referenceName": "Snowflake1",
					"type": "LinkedServiceReference"
				},
				"typeProperties": {
					"scripts": [
						{
							"type": "Query",
							"text": {
								"value": "@concat('call DB_IAW_',pipeline().globalParameters.ENV,'_DWH.TOOLS.USP_AUDIT_END_JOB(',variables('temp_JobName'),',',variables('temp_dataStartDate'),',',variables('temp_tf_Audit_ID'),',','''SUCCESS''',',','''Successful execution''',')')",
								"type": "Expression"
							}
						}
					]
				}
			}
		],
		"parameters": {
			"input_filename": {
				"type": "string",
				"defaultValue": "SHARED_CONTRACT__2022-04-15.dat"
			},
			"input_filepath": {
				"type": "string",
				"defaultValue": "/tmp"
			},
			"temp_dataStartDate": {
				"type": "string",
				"defaultValue": "'2022-04-15'"
			},
			"temp_JobName": {
				"type": "string",
				"defaultValue": "'tf_LoadRDV_20-30_PSA_IAS_NBIN_to_RDV_SHARED_CONTRACTS'"
			},
			"temp_tf_Audit_ID": {
				"type": "string",
				"defaultValue": "'tf_LoadRDV_20-30_PSA_IAS_NBIN_to_RDV_SHARED_CONTRACTS-708692281949265920'"
			},
			"io_PATH": {
				"type": "string"
			}
		},
		"variables": {
			"test": {
				"type": "String"
			},
			"temp_dataStartDate": {
				"type": "String",
				"defaultValue": "'2022-04-15'"
			},
			"temp_JobName": {
				"type": "String",
				"defaultValue": "'tf_LoadRDV_20-30_PSA_IAS_NBIN_to_RDV_SHARED_CONTRACTS'"
			},
			"temp_tf_Audit_ID": {
				"type": "String",
				"defaultValue": "'tf_LoadRDV_20-30_PSA_IAS_NBIN_to_RDV_SHARED_CONTRACTS-708692281949265920'"
			},
			"SEL_TEMP": {
				"type": "String",
				"defaultValue": "'STG.HK_HUB, STG.MD_SOURCE, STG.MD_SRC_SYSTEM, STG.MD_EXTRACT_DT, STG.A_C_ID, CURRENT_TIMESTAMP"
			},
			"INS": {
				"type": "String",
				"defaultValue": "'HK_HUB,MD_SOURCE,MD_SRC_SYSTEM,MD_EXTRACT_DT,CONTRACT_ID,MD_CREATION_DT,MD_CREATION_AUDIT_ID'"
			},
			"SEL": {
				"type": "String"
			},
			"TRUNC_TBL": {
				"type": "String",
				"defaultValue": "'N'"
			},
			"SEL_TEMP_SAT": {
				"type": "String",
				"defaultValue": "'Stg.HK_HUB,Stg.MD_START_DT,Stg.MD_HASHDIFF,Stg.MD_SOURCE,Stg.MD_SRC_SYSTEM,Stg.MD_EXTRACT_DT,Stg.A_C_CLIENT,Stg.A_C_REPRESENTATIVE,Stg.ADMINISTRATOR_TYPE,Stg.A_C_OPEN_DATE,Stg.A_C_CLOSING_DATE,Stg.A_C_ACCOUNT_CLASS,Stg.RETAIL_PLAN,Stg.RETAIL_PLAN_RESP,Stg.ACCOUNT_RAP_CODE,Stg.ASC_3_MANAGED_TYPE,Stg.A_C_SPECIAL_TAG,Stg.ASC_1_RESP_PLAN_TYPES,Stg.A_C_CURRENCY,CURRENT_TIMESTAMP,''A'',"
			},
			"SEL_SAT": {
				"type": "String"
			},
			"INS_SAT": {
				"type": "String",
				"defaultValue": "'HK_HUB,MD_START_DT,MD_HASHDIFF,MD_SOURCE,MD_SRC_SYSTEM,MD_EXTRACT_DT,A_C_CLIENT,A_C_REPRESENTATIVE,ADMINISTRATOR_TYPE,A_C_OPEN_DATE,A_C_CLOSING_DATE,A_C_ACCOUNT_CLASS,RETAIL_PLAN,RETAIL_PLAN_RESP,ACCOUNT_RAP_CODE,ASC_3_MANAGED_TYPE,A_C_SPECIAL_TAG,ASC_1_RESP_PLAN_TYPES,A_C_CURRENCY,MD_CREATION_DT,MD_ACTIVE,MD_CREATION_AUDIT_ID'"
			},
			"SEL_RR": {
				"type": "String"
			},
			"INS_RR": {
				"type": "String",
				"defaultValue": "'HK_LINK,HK_HUB_CONTRACT,HK_HUB_PARTY_ROLE_ACCOUNT_HOLDER,HK_HUB_REGISTERED_REPRESENTATIVE,MD_SOURCE,MD_SRC_SYSTEM,MD_EXTRACT_DT,CONTRACT_ID,CLIENT_ID,RR_CD,MD_CREATION_DT,MD_CREATION_AUDIT_ID'"
			},
			"SEL_TEMP_RR": {
				"type": "String",
				"defaultValue": "'SRC.HK_LINK,SRC.HK_HUB_CONTRACT,SRC.HK_HUB_PARTY_ROLE_ACCOUNT_HOLDER,SRC.HK_HUB_REGISTERED_REPRESENTATIVE,SRC.MD_SOURCE,SRC.MD_SRC_SYSTEM,SRC.MD_EXTRACT_DT,SRC.CONTRACT_ID,SRC.CLIENT_ID,SRC.RR_CD,CURRENT_TIMESTAMP,"
			},
			"INS_SAT_RR": {
				"type": "String",
				"defaultValue": "'HK_LINK,MD_START_DT,MD_HASHDIFF,MD_SOURCE,MD_SRC_SYSTEM,MD_EXTRACT_DT,MD_CREATION_DT,MD_ACTIVE,MD_CREATION_AUDIT_ID'"
			},
			"SEL_SAT_RR": {
				"type": "String"
			},
			"SEL_SAT_TEMP_RR": {
				"type": "String",
				"defaultValue": "'Src.HK_LINK,Src.MD_START_DT,Src.MD_HASHDIFF,Src.MD_SOURCE,Src.MD_SRC_SYSTEM,Src.MD_EXTRACT_DT,CURRENT_TIMESTAMP,''A'',"
			},
			"INS_SAT_DEL": {
				"type": "String",
				"defaultValue": "'HK_HUB,MD_HASHDIFF,MD_SOURCE,MD_SRC_SYSTEM,MD_EXTRACT_DT,A_C_CLIENT,A_C_REPRESENTATIVE,ADMINISTRATOR_TYPE,A_C_OPEN_DATE,A_C_CLOSING_DATE,A_C_ACCOUNT_CLASS,RETAIL_PLAN,RETAIL_PLAN_RESP,ACCOUNT_RAP_CODE,ASC_3_MANAGED_TYPE,A_C_SPECIAL_TAG,ASC_1_RESP_PLAN_TYPES,A_C_CURRENCY,MD_CREATION_DT,MD_ACTIVE,MD_START_DT,MD_CREATION_AUDIT_ID'"
			},
			"SEL_SAT_DEL": {
				"type": "String"
			},
			"SEL_TEMP_SAT_DEL": {
				"type": "String",
				"defaultValue": "'SAT.HK_HUB,SAT.MD_HASHDIFF,SAT.MD_SOURCE,SAT.MD_SRC_SYSTEM,SAT.MD_EXTRACT_DT,SAT.A_C_CLIENT,SAT.A_C_REPRESENTATIVE,SAT.ADMINISTRATOR_TYPE,SAT.A_C_OPEN_DATE,SAT.A_C_CLOSING_DATE,SAT.A_C_ACCOUNT_CLASS,SAT.RETAIL_PLAN,SAT.RETAIL_PLAN_RESP,SAT.ACCOUNT_RAP_CODE,SAT.ASC_3_MANAGED_TYPE,SAT.A_C_SPECIAL_TAG,SAT.ASC_1_RESP_PLAN_TYPES,SAT.A_C_CURRENCY,CURRENT_TIMESTAMP,''D'',"
			},
			"INS_SAT_LINK_DEL": {
				"type": "String",
				"defaultValue": "'HK_LINK,MD_HASHDIFF,MD_SOURCE,MD_SRC_SYSTEM,MD_EXTRACT_DT,MD_CREATION_DT,MD_ACTIVE,MD_START_DT,MD_CREATION_AUDIT_ID'"
			},
			"SEL_SAT_LINK_DEL": {
				"type": "String"
			},
			"SEL_TEMP_LINK_DEL": {
				"type": "String",
				"defaultValue": "'SAT.HK_LINK,SAT.MD_HASHDIFF,SAT.MD_SOURCE,SAT.MD_SRC_SYSTEM,SAT.MD_EXTRACT_DT,CURRENT_TIMESTAMP,''D'',"
			},
			"io_PATH1": {
				"type": "String",
				"defaultValue": "RAW/IAS/NBIN/2022"
			},
			"ADD_DATE": {
				"type": "String",
				"defaultValue": "'2020-10-01'"
			},
			"ADD_DATE_LINK": {
				"type": "String",
				"defaultValue": "'2021-01-20'"
			}
		},
		"folder": {
			"name": "IAW/20-30_RDV_IAS_NBIN/SHARED_CONTRACT"
		},
		"annotations": [],
		"lastPublishTime": "2022-07-29T04:53:01Z"
	},
	"type": "Microsoft.DataFactory/factories/pipelines"
}