{
	"name": "tf_LoadSTG_10-20_PSA_IAPW_PORTAL_API_to_LKP_ASSETS_SUMMARY_BY_COMMISSIONTYPE_RVP_sub1",
	"properties": {
		"activities": [
			{
				"name": "dt_Audit_StartJob_Pre",
				"type": "Lookup",
				"dependsOn": [],
				"policy": {
					"timeout": "7.00:00:00",
					"retry": 0,
					"retryIntervalInSeconds": 30,
					"secureOutput": false,
					"secureInput": false
				},
				"userProperties": [],
				"typeProperties": {
					"source": {
						"type": "SnowflakeSource",
						"query": {
							"value": "@concat('call DB_IAW_',pipeline().globalParameters.ENV,'_DWH.TOOLS.USP_AUDIT_START_JOB(',pipeline().parameters.temp_JobName,',',pipeline().parameters.temp_dataStartDate,',',pipeline().parameters.temp_tf_Audit_ID,')')",
							"type": "Expression"
						},
						"exportSettings": {
							"type": "SnowflakeExportCopyCommand"
						}
					},
					"dataset": {
						"referenceName": "SnowflakeTable1",
						"type": "DatasetReference"
					}
				}
			},
			{
				"name": "dt_Audit_StartJob",
				"type": "Lookup",
				"dependsOn": [
					{
						"activity": "dt_Audit_StartJob_Pre",
						"dependencyConditions": [
							"Succeeded"
						]
					}
				],
				"policy": {
					"timeout": "7.00:00:00",
					"retry": 0,
					"retryIntervalInSeconds": 30,
					"secureOutput": false,
					"secureInput": false
				},
				"userProperties": [],
				"typeProperties": {
					"source": {
						"type": "SnowflakeSource",
						"query": {
							"value": "@concat('call DB_IAW_',pipeline().globalParameters.ENV,'_DWH.TOOLS.USP_AUDIT_START_JOB_Variable_Set(',pipeline().parameters.temp_JobName,',',pipeline().parameters.temp_dataStartDate,')')",
							"type": "Expression"
						},
						"exportSettings": {
							"type": "SnowflakeExportCopyCommand"
						}
					},
					"dataset": {
						"referenceName": "SnowflakeTable1",
						"type": "DatasetReference"
					}
				}
			},
			{
				"name": "dcn_StartJob_Result",
				"type": "IfCondition",
				"dependsOn": [
					{
						"activity": "dt_Audit_StartJob",
						"dependencyConditions": [
							"Succeeded"
						]
					}
				],
				"userProperties": [],
				"typeProperties": {
					"expression": {
						"value": "@contains(activity('dt_Audit_StartJob').output.firstRow.USP_AUDIT_START_JOB_VARIABLE_SET,'SUCCESS')",
						"type": "Expression"
					},
					"ifFalseActivities": [
						{
							"name": "Throw Error",
							"type": "Fail",
							"dependsOn": [],
							"userProperties": [],
							"typeProperties": {
								"message": "doesnot have success",
								"errorCode": "100"
							}
						}
					],
					"ifTrueActivities": [
						{
							"name": "dt_LoadSTG_PSA_IAPW_PROTAL_API_To_Ass_Sum_By_ComTye_RVP",
							"type": "Lookup",
							"dependsOn": [],
							"policy": {
								"timeout": "7.00:00:00",
								"retry": 0,
								"retryIntervalInSeconds": 30,
								"secureOutput": false,
								"secureInput": false
							},
							"userProperties": [],
							"typeProperties": {
								"source": {
									"type": "SnowflakeSource",
									"query": {
										"value": "@concat('call DB_IAW_',pipeline().globalParameters.ENV,'_STG.IAPW_PORTAL_API.SP_CONV_LOADSTG_PSA_IAPW_PORTAL_API_TO_ASSETS_SUMMARY_BYCOMMISSIONTYPE_RVP(''',pipeline().globalParameters.ENV,''',''',pipeline().parameters.io_PATH,''')')",
										"type": "Expression"
									},
									"exportSettings": {
										"type": "SnowflakeExportCopyCommand"
									}
								},
								"dataset": {
									"referenceName": "SnowflakeTable1",
									"type": "DatasetReference"
								}
							}
						}
					]
				}
			},
			{
				"name": "dt_Audit_EndJob",
				"type": "Lookup",
				"dependsOn": [
					{
						"activity": "dcn_StartJob_Result",
						"dependencyConditions": [
							"Succeeded"
						]
					}
				],
				"policy": {
					"timeout": "7.00:00:00",
					"retry": 0,
					"retryIntervalInSeconds": 30,
					"secureOutput": false,
					"secureInput": false
				},
				"userProperties": [],
				"typeProperties": {
					"source": {
						"type": "SnowflakeSource",
						"query": {
							"value": "@concat('call DB_IAW_',pipeline().globalParameters.ENV,'_DWH.TOOLS.USP_AUDIT_END_JOB(',pipeline().parameters.temp_JobName,',',pipeline().parameters.temp_dataStartDate,',',pipeline().parameters.temp_tf_Audit_ID,',','''SUCCESS''',',','''Successful execution''',')')",
							"type": "Expression"
						},
						"exportSettings": {
							"type": "SnowflakeExportCopyCommand"
						}
					},
					"dataset": {
						"referenceName": "SnowflakeTable1",
						"type": "DatasetReference"
					}
				}
			}
		],
		"parameters": {
			"input_filename": {
				"type": "string",
				"defaultValue": "'assetsSummaryByCommType_RVP__2022-04-15.dat'"
			},
			"input_filepath": {
				"type": "string"
			},
			"temp_dataStartDate": {
				"type": "string",
				"defaultValue": "'2022-04-15'"
			},
			"temp_JobName": {
				"type": "string",
				"defaultValue": "'tf_LoadSTG_10-20_PSA_IAPW_PORTAL_API_to_ASSETS_SUMMARY_BY_COMMISSIONTYPE_RVP'"
			},
			"temp_tf_Audit_ID": {
				"type": "string",
				"defaultValue": "'tf_LoadSTG_10-20_PSA_IAPW_PORTAL_API_to_ASSETS_SUMMARY_BY_COMMISSIONTYPE_RVP-f8b782db-854d-4024-a088-a996f5aea66e'"
			},
			"io_PATH": {
				"type": "string",
				"defaultValue": "raw/IAS/IAPW/2022/05/10"
			}
		},
		"variables": {
			"io_PATH1": {
				"type": "String",
				"defaultValue": "raw/IAS/IAPW/2022/05/10"
			},
			"temp_dataStartDate": {
				"type": "String"
			},
			"temp_JobName": {
				"type": "String"
			},
			"temp_tf_Audit_ID": {
				"type": "String"
			}
		},
		"folder": {
			"name": "old"
		},
		"annotations": [],
		"lastPublishTime": "2022-07-28T10:57:11Z"
	},
	"type": "Microsoft.DataFactory/factories/pipelines"
}