{
	"name": "tf_LoadSTG_10-20_PSA_IAPW_API_to_RDV_Synchronization",
	"properties": {
		"activities": [
			{
				"name": "assetsSummaryByProduct",
				"type": "IfCondition",
				"dependsOn": [],
				"userProperties": [],
				"typeProperties": {
					"expression": {
						"value": "@contains(pipeline().parameters.temp_filename,'assetsSummaryByProduct__')",
						"type": "Expression"
					},
					"ifTrueActivities": [
						{
							"name": "tf_LoadSTG_10-20_PSA_IAPW_PORTAL_API_to_ASET_SUMARY_BCT",
							"type": "ExecutePipeline",
							"dependsOn": [],
							"userProperties": [],
							"typeProperties": {
								"pipeline": {
									"referenceName": "tf_LoadSTG_10-20_PSA_IAPW_PORTAL_API_to_ASSETS_SUMMARY_BYPRODUCT",
									"type": "PipelineReference"
								},
								"waitOnCompletion": true,
								"parameters": {
									"input_filename": {
										"value": "@pipeline().parameters.temp_filename",
										"type": "Expression"
									},
									"input_filepath": {
										"value": "@pipeline().parameters.temp_filepath",
										"type": "Expression"
									}
								}
							}
						}
					]
				}
			},
			{
				"name": "assetsSummaryByProduct_RVP",
				"type": "IfCondition",
				"dependsOn": [],
				"userProperties": [],
				"typeProperties": {
					"expression": {
						"value": "@contains(pipeline().parameters.temp_filename,'assetsSummaryByProduct_RVP')\n",
						"type": "Expression"
					},
					"ifTrueActivities": [
						{
							"name": "tf_LoadSTG_10-20_PSA_IAPW_PORAL_API_to_AST_SRY_BPRT_RVP",
							"type": "ExecutePipeline",
							"dependsOn": [],
							"userProperties": [],
							"typeProperties": {
								"pipeline": {
									"referenceName": "tf_LoadSTG_10-20_PSA_IAPW_PORTAL_API_to_ASSETS_SUMMARY_BYPRODUCT_RVP",
									"type": "PipelineReference"
								},
								"waitOnCompletion": true,
								"parameters": {
									"input_filename": {
										"value": "@pipeline().parameters.temp_filename",
										"type": "Expression"
									},
									"input_filepath": {
										"value": "@pipeline().parameters.temp_filepath",
										"type": "Expression"
									}
								}
							}
						}
					]
				}
			},
			{
				"name": "assetsSummaryByProvince",
				"type": "IfCondition",
				"dependsOn": [],
				"userProperties": [],
				"typeProperties": {
					"expression": {
						"value": "@contains(pipeline().parameters.temp_filename,'assetsSummaryByProvince')\n",
						"type": "Expression"
					},
					"ifTrueActivities": [
						{
							"name": "tf_LoadSTG_10-20_PSA_IAPW_PORTAL_API_to_ASET_SRY_BPRVCE",
							"type": "ExecutePipeline",
							"dependsOn": [],
							"userProperties": [],
							"typeProperties": {
								"pipeline": {
									"referenceName": "LKP_tf_LoadSTG_10-20_PSA_IAPW_PORTAL_API_to_ASSETS_SUMMARY_BYPROVINCE",
									"type": "PipelineReference"
								},
								"waitOnCompletion": true,
								"parameters": {
									"input_filename": {
										"value": "@pipeline().parameters.temp_filename",
										"type": "Expression"
									},
									"input_filepath": {
										"value": "@pipeline().parameters.temp_filepath",
										"type": "Expression"
									}
								}
							}
						}
					]
				}
			},
			{
				"name": "assetsSummaryByProvince_RVP",
				"type": "IfCondition",
				"dependsOn": [],
				"userProperties": [],
				"typeProperties": {
					"expression": {
						"value": "@contains(pipeline().parameters.temp_filename,'assetsSummaryByProvince_RVP')\n",
						"type": "Expression"
					},
					"ifTrueActivities": [
						{
							"name": "tf_LoadSTG_10-20_PSA_IAPW_PORTAL_API_t_AST_SUY_BPRE_RVP",
							"type": "ExecutePipeline",
							"dependsOn": [],
							"userProperties": [],
							"typeProperties": {
								"pipeline": {
									"referenceName": "LKP_tf_LoadSTG_10-20_PSA_IAPW_PORTAL_API_to_ASSETS_SUMMARY_BYPROVINCE_RVP",
									"type": "PipelineReference"
								},
								"waitOnCompletion": true,
								"parameters": {
									"input_filename": {
										"value": "@pipeline().parameters.temp_filename",
										"type": "Expression"
									},
									"input_filepath": {
										"value": "@pipeline().parameters.temp_filepath",
										"type": "Expression"
									}
								}
							}
						}
					]
				}
			},
			{
				"name": "assetsSummary_ByAccountType",
				"type": "IfCondition",
				"dependsOn": [],
				"userProperties": [],
				"typeProperties": {
					"expression": {
						"value": "@contains(pipeline().parameters.temp_filename,'assetsSummary_ByAccountType')\n",
						"type": "Expression"
					},
					"ifTrueActivities": [
						{
							"name": "tf_LoadSTG_10-20_PSA_IAPW_PORTAL_API_to_AST_SRY_BYACTYE",
							"type": "ExecutePipeline",
							"dependsOn": [],
							"userProperties": [],
							"typeProperties": {
								"pipeline": {
									"referenceName": "LKP_tf_LoadSTG_10-20_PSA_IAPW_PORTAL_API_to_ASSETS_SUMMARY_BYACCOUNTTYPE",
									"type": "PipelineReference"
								},
								"waitOnCompletion": true,
								"parameters": {
									"input_filename": {
										"value": "@pipeline().parameters.temp_filename",
										"type": "Expression"
									},
									"input_filepath": {
										"value": "@pipeline().parameters.temp_filepath",
										"type": "Expression"
									}
								}
							}
						}
					]
				}
			},
			{
				"name": "assetsSummary_ByAccountType_RVP",
				"type": "IfCondition",
				"dependsOn": [],
				"userProperties": [],
				"typeProperties": {
					"expression": {
						"value": "@contains(pipeline().parameters.temp_filename,'assetsSummary_ByAccountType_RVP')\n",
						"type": "Expression"
					},
					"ifTrueActivities": [
						{
							"name": "tf_LoadSTG_10-20_PSA_IAPW_PORTAL_API_t_AST_SRY_BACT_RVP",
							"type": "ExecutePipeline",
							"dependsOn": [],
							"userProperties": [],
							"typeProperties": {
								"pipeline": {
									"referenceName": "LKP_tf_LoadSTG_10-20_PSA_IAPW_PORTAL_API_to_ASSETS_SUMMARY_BYACCOUNTTYPE_RVP",
									"type": "PipelineReference"
								},
								"waitOnCompletion": true,
								"parameters": {
									"input_filename": {
										"value": "@pipeline().parameters.temp_filename",
										"type": "Expression"
									},
									"input_filepath": {
										"value": "@pipeline().parameters.temp_filepath",
										"type": "Expression"
									}
								}
							}
						}
					]
				}
			},
			{
				"name": "assetsSummary_ByCommType_And_Product_RVP",
				"type": "IfCondition",
				"dependsOn": [],
				"userProperties": [],
				"typeProperties": {
					"expression": {
						"value": "@contains(pipeline().parameters.temp_filename,'assetsSummary_ByCommType_And_Product_RVP')\n",
						"type": "Expression"
					},
					"ifTrueActivities": [
						{
							"name": "tf_LoadSTG_10-20_PSA_IAPW_PORTAL_API_t_A_S_B_C_A_PT_RVP",
							"type": "ExecutePipeline",
							"dependsOn": [],
							"userProperties": [],
							"typeProperties": {
								"pipeline": {
									"referenceName": "tf_LoadSTG_10-20_PSA_IAPW_PORTAL_API_to_ASSETS_SUMMARY_BY_COMMISSIONTYPE_AND_PRODUCT_RVP",
									"type": "PipelineReference"
								},
								"waitOnCompletion": true,
								"parameters": {
									"input_filename": {
										"value": "@pipeline().parameters.temp_filename",
										"type": "Expression"
									},
									"input_filepath": {
										"value": "@pipeline().parameters.temp_filepath",
										"type": "Expression"
									}
								}
							}
						}
					]
				}
			},
			{
				"name": "assetsSummary_ByCommType_And_Product",
				"type": "IfCondition",
				"dependsOn": [],
				"userProperties": [],
				"typeProperties": {
					"expression": {
						"value": "@contains(pipeline().parameters.temp_filename,'assetsSummary_ByCommType_And_Product')\n",
						"type": "Expression"
					},
					"ifTrueActivities": [
						{
							"name": "tf_LoadSTG_10-20_PSA_IAPW_PORTAL_API_to_A_SY_B_CT_A_PRT",
							"type": "ExecutePipeline",
							"dependsOn": [],
							"userProperties": [],
							"typeProperties": {
								"pipeline": {
									"referenceName": "tf_LoadSTG_10-20_PSA_IAPW_PORTAL_API_to_ASSETS_SUMMARY_BY_COMMISSIONTYPE_AND_PRODUCT",
									"type": "PipelineReference"
								},
								"waitOnCompletion": true,
								"parameters": {
									"input_filename": {
										"value": "@pipeline().parameters.temp_filename",
										"type": "Expression"
									},
									"input_filepath": {
										"value": "@pipeline().parameters.temp_filepath",
										"type": "Expression"
									}
								}
							}
						}
					]
				}
			},
			{
				"name": "assetsSummary_ByCommType",
				"type": "IfCondition",
				"dependsOn": [],
				"userProperties": [],
				"typeProperties": {
					"expression": {
						"value": "@contains(pipeline().parameters.temp_filename,'assetsSummary_ByCommType')\n",
						"type": "Expression"
					},
					"ifTrueActivities": [
						{
							"name": "tf_LoadSTG_10-20_PSA_IAPW_PORTAL_API_t_AT_SY_B_COMMTYPE",
							"type": "ExecutePipeline",
							"dependsOn": [],
							"userProperties": [],
							"typeProperties": {
								"pipeline": {
									"referenceName": "tf_LoadSTG_10-20_PSA_IAPW_PORTAL_API_to_ASSETS_SUMMARY_BY_COMMISSIONTYPE",
									"type": "PipelineReference"
								},
								"waitOnCompletion": true,
								"parameters": {
									"input_filename": {
										"value": "@pipeline().parameters.temp_filename",
										"type": "Expression"
									},
									"input_filepath": {
										"value": "@pipeline().parameters.temp_filepath",
										"type": "Expression"
									}
								}
							}
						}
					]
				}
			},
			{
				"name": "assetsSummary_ByCommTypeRVP",
				"type": "IfCondition",
				"dependsOn": [],
				"userProperties": [],
				"typeProperties": {
					"expression": {
						"value": "@contains(pipeline().parameters.temp_filename,'assetsSummary_ByCommTypeRVP')\n",
						"type": "Expression"
					},
					"ifTrueActivities": [
						{
							"name": "tf_LoadSTG_10-20_PSA_IAPW_PORTAL_API_t_AT_SY_B_COMT_RVP",
							"type": "ExecutePipeline",
							"dependsOn": [],
							"userProperties": [],
							"typeProperties": {
								"pipeline": {
									"referenceName": "tf_LoadSTG_10-20_PSA_IAPW_PORTAL_API_to_ASSETS_SUMMARY_BY_COMMISSIONTYPE_RVP",
									"type": "PipelineReference"
								},
								"waitOnCompletion": true,
								"parameters": {
									"input_filename": {
										"value": "@pipeline().parameters.temp_filename",
										"type": "Expression"
									},
									"input_filepath": {
										"value": "@pipeline().parameters.temp_filepath",
										"type": "Expression"
									}
								}
							}
						}
					]
				}
			},
			{
				"name": "accountsAndClientsSummary",
				"type": "IfCondition",
				"dependsOn": [],
				"userProperties": [],
				"typeProperties": {
					"expression": {
						"value": "@contains(pipeline().parameters.temp_filename,'accountsAndClientsSummary')\n",
						"type": "Expression"
					},
					"ifTrueActivities": [
						{
							"name": "tf_LoadSTG_10-20_PSA_IAPW_PORTAL_API_t_ACOTS_CLIT_SUMRY",
							"type": "ExecutePipeline",
							"dependsOn": [],
							"userProperties": [],
							"typeProperties": {
								"pipeline": {
									"referenceName": "tf_LoadSTG_10-20_PSA_IAPW_PORTAL_API_to_ACCOUNTS_CLIENTS_SUMMARY",
									"type": "PipelineReference"
								},
								"waitOnCompletion": true,
								"parameters": {
									"input_filename": {
										"value": "@pipeline().parameters.temp_filename",
										"type": "Expression"
									},
									"input_filepath": {
										"value": "@pipeline().parameters.temp_filepath",
										"type": "Expression"
									}
								}
							}
						}
					]
				}
			},
			{
				"name": "accountsAndClientsSummaryRVP",
				"type": "IfCondition",
				"dependsOn": [],
				"userProperties": [],
				"typeProperties": {
					"expression": {
						"value": "@contains(pipeline().parameters.temp_filename,'accountsAndClientsSummaryRVP')\n",
						"type": "Expression"
					},
					"ifTrueActivities": [
						{
							"name": "tf_LoadSTG_10-20_PSA_IAPW_PORTAL_API_t_ACT_CLT_SUMY_RVP",
							"type": "ExecutePipeline",
							"dependsOn": [],
							"userProperties": [],
							"typeProperties": {
								"pipeline": {
									"referenceName": "tf_LoadSTG_10-20_PSA_IAPW_PORTAL_API_to_ACCOUNTS_CLIENTS_SUMMARY_RVP",
									"type": "PipelineReference"
								},
								"waitOnCompletion": true,
								"parameters": {
									"input_filename": {
										"value": "@pipeline().parameters.temp_filename",
										"type": "Expression"
									},
									"input_filepath": {
										"value": "@pipeline().parameters.temp_filepath",
										"type": "Expression"
									}
								}
							}
						}
					]
				}
			}
		],
		"parameters": {
			"temp_filename": {
				"type": "string",
				"defaultValue": "assetsSummaryByProduct__2022-04-15.dat"
			},
			"temp_filepath": {
				"type": "string",
				"defaultValue": "raw/IAS/IAPW/2022/05/10"
			}
		},
		"variables": {
			"temp_dataStartDate": {
				"type": "String"
			},
			"temp_JobName": {
				"type": "String"
			},
			"temp_tf_Audit_ID": {
				"type": "String"
			},
			"temp_filename": {
				"type": "String"
			}
		},
		"folder": {
			"name": "IAW/20-30-RDV_IAPW_PORTAL_API/00_SYNCHRONIZATION_TASKFLOW"
		},
		"annotations": [],
		"lastPublishTime": "2022-08-01T07:53:30Z"
	},
	"type": "Microsoft.DataFactory/factories/pipelines"
}