{
	"name": "tf_LoadRDV_20-30_PSA_IAS_IAVM_to_RDV_TRANSLINK_EXCHANGE_RATE_sub1_lkp",
	"properties": {
		"activities": [
			{
				"name": "dcn_row_count",
				"type": "IfCondition",
				"dependsOn": [
					{
						"activity": "dcn_StartJob_Result",
						"dependencyConditions": [
							"Succeeded"
						]
					}
				],
				"userProperties": [],
				"typeProperties": {
					"expression": {
						"value": "@greater(int(activity('mt_STG_count').output.firstRow.SP_CONV_STG_COUNT),0)",
						"type": "Expression"
					},
					"ifTrueActivities": [
						{
							"name": "mt_LoadRDV_STG_IAS_IAVM_EXCN_RATE_To_TRAN_LNK_EXCN_RATE",
							"type": "Lookup",
							"dependsOn": [
								{
									"activity": "ASSIGN AUDIT TO SEL",
									"dependencyConditions": [
										"Succeeded"
									]
								}
							],
							"policy": {
								"timeout": "7.00:00:00",
								"retry": 0,
								"retryIntervalInSeconds": 30,
								"secureOutput": false,
								"secureInput": false
							},
							"userProperties": [],
							"typeProperties": {
								"source": {
									"type": "SnowflakeSource",
									"query": {
										"value": "@concat('call DB_IAW_',pipeline().globalParameters.ENV,'_DWH.TOOLS.SP_CONV_DATAVAULT_LOADLINK_AUDIT_ID_RK(',variables('INS'), ',' , variables('SEL'), ',' ,'''DB_IAW_',pipeline().globalParameters.ENV,'_STG.IAS_IAVM.REF_EXCHANGE_RATE'',''DB_IAW_',pipeline().globalParameters.ENV,'_DWH.SHARED_RDV.TRANSLINK_EXCHANGE_RATE''',',',variables('TRUNC_TBL'),')')",
										"type": "Expression"
									},
									"exportSettings": {
										"type": "SnowflakeExportCopyCommand"
									}
								},
								"dataset": {
									"referenceName": "SnowflakeTable1",
									"type": "DatasetReference"
								}
							}
						},
						{
							"name": "ASSIGN AUDIT TO SEL",
							"type": "SetVariable",
							"dependsOn": [],
							"userProperties": [],
							"typeProperties": {
								"variableName": "SEL",
								"value": {
									"value": "@concat(variables('SEL_TEMP'),'''',pipeline().parameters.temp_tf_Audit_ID,'''''')",
									"type": "Expression"
								}
							}
						}
					]
				}
			},
			{
				"name": "dcn_StartJob_Result",
				"type": "IfCondition",
				"dependsOn": [
					{
						"activity": "dt_Audit_StartJob",
						"dependencyConditions": [
							"Succeeded"
						]
					}
				],
				"userProperties": [],
				"typeProperties": {
					"expression": {
						"value": "@contains(activity('dt_Audit_StartJob').output.firstRow.USP_AUDIT_START_JOB_VARIABLE_SET,'SUCCESS')",
						"type": "Expression"
					},
					"ifFalseActivities": [
						{
							"name": "Throw_Error_Start_Job",
							"type": "Fail",
							"dependsOn": [],
							"userProperties": [],
							"typeProperties": {
								"message": "condition not matched",
								"errorCode": "100"
							}
						}
					],
					"ifTrueActivities": [
						{
							"name": "mt_LoadSTG_PSA_IAS_IAVM_To_STG_REF_EXCHANGE_RATE",
							"type": "Lookup",
							"dependsOn": [],
							"policy": {
								"timeout": "7.00:00:00",
								"retry": 0,
								"retryIntervalInSeconds": 30,
								"secureOutput": false,
								"secureInput": false
							},
							"userProperties": [],
							"typeProperties": {
								"source": {
									"type": "SnowflakeSource",
									"query": {
										"value": "@concat('call DB_IAW_',pipeline().globalParameters.ENV,'_STG.ias_iavm.SP_CONV_LoadSTG_PSA_IAS_IAVM_To_STG_REF_EXCHANGE_RATE(''',pipeline().globalParameters.ENV,''',''',variables('io_PATH'),''')')",
										"type": "Expression"
									},
									"exportSettings": {
										"type": "SnowflakeExportCopyCommand"
									}
								},
								"dataset": {
									"referenceName": "SnowflakeTable1",
									"type": "DatasetReference"
								}
							}
						},
						{
							"name": "mt_STG_count",
							"type": "Lookup",
							"dependsOn": [
								{
									"activity": "mt_LoadSTG_PSA_IAS_IAVM_To_STG_REF_EXCHANGE_RATE",
									"dependencyConditions": [
										"Succeeded"
									]
								}
							],
							"policy": {
								"timeout": "7.00:00:00",
								"retry": 0,
								"retryIntervalInSeconds": 30,
								"secureOutput": false,
								"secureInput": false
							},
							"userProperties": [],
							"typeProperties": {
								"source": {
									"type": "SnowflakeSource",
									"query": {
										"value": "@concat('call DB_IAW_',pipeline().globalParameters.ENV,'_DWH.TOOLS.SP_CONV_STG_COUNT(''',pipeline().globalParameters.ENV,''',''ias_iavm'', ''REF_EXCHANGE_RATE''',')')",
										"type": "Expression"
									},
									"exportSettings": {
										"type": "SnowflakeExportCopyCommand"
									}
								},
								"dataset": {
									"referenceName": "SnowflakeTable1",
									"type": "DatasetReference"
								}
							}
						}
					]
				}
			},
			{
				"name": "dt_Audit_StartJob_Pre",
				"type": "Lookup",
				"dependsOn": [],
				"policy": {
					"timeout": "7.00:00:00",
					"retry": 0,
					"retryIntervalInSeconds": 30,
					"secureOutput": false,
					"secureInput": false
				},
				"userProperties": [],
				"typeProperties": {
					"source": {
						"type": "SnowflakeSource",
						"query": {
							"value": "@concat('call DB_IAW_',pipeline().globalParameters.ENV,'_DWH.TOOLS.USP_AUDIT_START_JOB(',pipeline().parameters.temp_JobName,',',pipeline().parameters.temp_dataStartDate,',',pipeline().parameters.temp_tf_Audit_ID,')')",
							"type": "Expression"
						},
						"exportSettings": {
							"type": "SnowflakeExportCopyCommand"
						}
					},
					"dataset": {
						"referenceName": "SnowflakeTable1",
						"type": "DatasetReference"
					}
				}
			},
			{
				"name": "dt_Audit_StartJob",
				"type": "Lookup",
				"dependsOn": [
					{
						"activity": "dt_Audit_StartJob_Pre",
						"dependencyConditions": [
							"Succeeded"
						]
					}
				],
				"policy": {
					"timeout": "7.00:00:00",
					"retry": 0,
					"retryIntervalInSeconds": 30,
					"secureOutput": false,
					"secureInput": false
				},
				"userProperties": [],
				"typeProperties": {
					"source": {
						"type": "SnowflakeSource",
						"query": {
							"value": "@concat('call DB_IAW_',pipeline().globalParameters.ENV,'_DWH.TOOLS.USP_AUDIT_START_JOB_Variable_Set(',pipeline().parameters.temp_JobName,',',pipeline().parameters.temp_dataStartDate,')')",
							"type": "Expression"
						},
						"exportSettings": {
							"type": "SnowflakeExportCopyCommand"
						}
					},
					"dataset": {
						"referenceName": "SnowflakeTable1",
						"type": "DatasetReference"
					}
				}
			},
			{
				"name": "dt_Audit_EndJob",
				"type": "Lookup",
				"dependsOn": [
					{
						"activity": "dcn_row_count",
						"dependencyConditions": [
							"Succeeded"
						]
					}
				],
				"policy": {
					"timeout": "7.00:00:00",
					"retry": 0,
					"retryIntervalInSeconds": 30,
					"secureOutput": false,
					"secureInput": false
				},
				"userProperties": [],
				"typeProperties": {
					"source": {
						"type": "SnowflakeSource",
						"query": {
							"value": "@concat('call DB_IAW_',pipeline().globalParameters.ENV,'_DWH.TOOLS.USP_AUDIT_END_JOB(',pipeline().parameters.temp_JobName,',',pipeline().parameters.temp_dataStartDate,',',pipeline().parameters.temp_tf_Audit_ID,',','''SUCCESS''',',','''Successful execution''',')')",
							"type": "Expression"
						},
						"exportSettings": {
							"type": "SnowflakeExportCopyCommand"
						}
					},
					"dataset": {
						"referenceName": "SnowflakeTable1",
						"type": "DatasetReference"
					}
				}
			}
		],
		"parameters": {
			"input_filename": {
				"type": "string",
				"defaultValue": "EXCHANGE_RATE__2022-06-29.csv"
			},
			"input_filepath": {
				"type": "string",
				"defaultValue": "RAW/IAS/IAVM/2022"
			},
			"temp_dataStartDate": {
				"type": "string",
				"defaultValue": "'2021-01-01'"
			},
			"temp_JobName": {
				"type": "string",
				"defaultValue": "'tf_LoadRDV_20-30_PSA_IAS_IAVM_to_RDV_TRANSLINK_EXCHANGE_RATE'"
			},
			"temp_tf_Audit_ID": {
				"type": "string",
				"defaultValue": "'tf_LoadRDV_20-30_PSA_IAS_NBIN_to_RDV_CASH_HOLDINGS-3156b031-8532-41e4-bfef-5a8ed903699e'"
			}
		},
		"variables": {
			"SEL_TEMP": {
				"type": "String",
				"defaultValue": "'STG.HK_LINK,STG.MD_START_DT,STG.MD_SOURCE,STG.MD_SRC_SYSTEM,STG.MD_EXTRACT_DT,STG.EXCHANGEDATE,STG.EXCHANGERATE,STG.REVNO,CURRENT_TIMESTAMP,"
			},
			"INS": {
				"type": "String",
				"defaultValue": "'HK_LINK,MD_START_DT,MD_SOURCE,MD_SRC_SYSTEM,MD_EXTRACT_DT,EXCHANGE_DATE,EXCHANGERATE,REVNO,MD_CREATION_DT,MD_CREATION_AUDIT_ID'"
			},
			"SEL": {
				"type": "String"
			},
			"TRUNC_TBL": {
				"type": "String",
				"defaultValue": "'N'"
			},
			"io_PATH": {
				"type": "String",
				"defaultValue": "RAW/IAS/IAVM/2022"
			}
		},
		"folder": {
			"name": "old"
		},
		"annotations": [],
		"lastPublishTime": "2022-08-16T20:00:33Z"
	},
	"type": "Microsoft.DataFactory/factories/pipelines"
}