{
	"name": "tf_LoadBDV_40_Shared_InvestmentProductType",
	"properties": {
		"activities": [
			{
				"name": "temp_JobName",
				"type": "SetVariable",
				"dependsOn": [],
				"userProperties": [],
				"typeProperties": {
					"variableName": "temp_JobName",
					"value": {
						"value": "@concat('''',pipeline().Pipeline,'''')",
						"type": "Expression"
					}
				}
			},
			{
				"name": "temp_tf_Audit_ID",
				"type": "SetVariable",
				"dependsOn": [],
				"userProperties": [],
				"typeProperties": {
					"variableName": "temp_tf_Audit_ID",
					"value": {
						"value": "@concat('''',pipeline().Pipeline,'-',pipeline().RunId,'''')",
						"type": "Expression"
					}
				}
			},
			{
				"name": "mt_audit_startJob_NextDate_Pre",
				"type": "Script",
				"dependsOn": [
					{
						"activity": "temp_JobName",
						"dependencyConditions": [
							"Succeeded"
						]
					},
					{
						"activity": "temp_tf_Audit_ID",
						"dependencyConditions": [
							"Succeeded"
						]
					}
				],
				"policy": {
					"timeout": "7.00:00:00",
					"retry": 0,
					"retryIntervalInSeconds": 30,
					"secureOutput": false,
					"secureInput": false
				},
				"userProperties": [],
				"linkedServiceName": {
					"referenceName": "IAF_SF",
					"type": "LinkedServiceReference"
				},
				"typeProperties": {
					"scripts": [
						{
							"type": "Query",
							"text": {
								"value": "@concat('call DB_IAW_',pipeline().globalParameters.ENV,'_DWH.TOOLS.USP_AUDIT_START_JOB_NEXT_DATE(',variables('temp_JobName'),',',variables('temp_tf_Audit_ID'),')')",
								"type": "Expression"
							}
						}
					]
				}
			},
			{
				"name": "temp_JobStartDate",
				"type": "SetVariable",
				"dependsOn": [
					{
						"activity": "mt_audit_startJob_NextDate_Pre",
						"dependencyConditions": [
							"Succeeded"
						]
					}
				],
				"userProperties": [],
				"typeProperties": {
					"variableName": "temp_dataStartDate",
					"value": {
						"value": "@concat('''',activity('mt_audit_startJob_NextDate_Pre').output.resultSets[0]['rows'][0].USP_AUDIT_START_JOB_NEXT_DATE,'''')",
						"type": "Expression"
					}
				}
			},
			{
				"name": "mt_audit_startJob_NextDate",
				"type": "Script",
				"dependsOn": [
					{
						"activity": "temp_JobStartDate",
						"dependencyConditions": [
							"Succeeded"
						]
					}
				],
				"policy": {
					"timeout": "7.00:00:00",
					"retry": 0,
					"retryIntervalInSeconds": 30,
					"secureOutput": false,
					"secureInput": false
				},
				"userProperties": [],
				"linkedServiceName": {
					"referenceName": "IAF_SF",
					"type": "LinkedServiceReference"
				},
				"typeProperties": {
					"scripts": [
						{
							"type": "Query",
							"text": {
								"value": "@concat('call DB_IAW_',pipeline().globalParameters.ENV,'_DWH.TOOLS.USP_AUDIT_START_JOB_Variable_Set(',variables('temp_JobName'),',',variables('temp_dataStartDate'),')')",
								"type": "Expression"
							}
						}
					]
				}
			},
			{
				"name": "dcn_StartJob_Result",
				"type": "IfCondition",
				"dependsOn": [
					{
						"activity": "mt_audit_startJob_NextDate",
						"dependencyConditions": [
							"Succeeded"
						]
					}
				],
				"userProperties": [],
				"typeProperties": {
					"expression": {
						"value": "@contains(activity('mt_audit_startJob_NextDate').output.resultSets[0]['rows'][0].USP_AUDIT_START_JOB_VARIABLE_SET,'SUCCESS')",
						"type": "Expression"
					},
					"ifFalseActivities": [
						{
							"name": "Throw_Error_Start_Job",
							"type": "Fail",
							"dependsOn": [],
							"userProperties": [],
							"typeProperties": {
								"message": {
									"value": "@activity('mt_audit_startJob_NextDate_Pre').output.resultSets[0]['rows'][0].USP_AUDIT_START_JOB_NEXT_DATE",
									"type": "Expression"
								},
								"errorCode": "100"
							}
						}
					],
					"ifTrueActivities": [
						{
							"name": "dt_LoadBDV_RDV_Shared_To_Wt_Sat_InvestmentProductType",
							"description": "dt_LoadBDV_RDV_Shared_To_Wt_Sat_InvestmentProductType",
							"type": "Script",
							"dependsOn": [],
							"policy": {
								"timeout": "7.00:00:00",
								"retry": 0,
								"retryIntervalInSeconds": 30,
								"secureOutput": false,
								"secureInput": false
							},
							"userProperties": [],
							"linkedServiceName": {
								"referenceName": "IAF_SF",
								"type": "LinkedServiceReference"
							},
							"typeProperties": {
								"scripts": [
									{
										"type": "Query",
										"text": {
											"value": "@concat('call DB_IAW_',pipeline().globalParameters.ENV,'_DWH.SHARED_BDV.SP_CONV_LOADBDV_RDV_SHARED_TO_WT_SAT_INVESTMENTPRODUCTTYPE(''',pipeline().globalParameters.ENV,''',',variables('temp_dataStartDate'),')')",
											"type": "Expression"
										}
									}
								]
							}
						},
						{
							"name": "dt_LoadBDV_RDV_Shared_To_Wt_Sat_InvProductType_MERGE",
							"description": "dt_LoadBDV_RDV_Shared_To_Wt_Sat_InvestmentProductType_MERGE",
							"type": "Script",
							"dependsOn": [
								{
									"activity": "dt_LoadBDV_RDV_Shared_To_Wt_Sat_InvestmentProductType",
									"dependencyConditions": [
										"Succeeded"
									]
								}
							],
							"policy": {
								"timeout": "7.00:00:00",
								"retry": 0,
								"retryIntervalInSeconds": 30,
								"secureOutput": false,
								"secureInput": false
							},
							"userProperties": [],
							"linkedServiceName": {
								"referenceName": "IAF_SF",
								"type": "LinkedServiceReference"
							},
							"typeProperties": {
								"scripts": [
									{
										"type": "Query",
										"text": {
											"value": "@concat('call DB_IAW_',pipeline().globalParameters.ENV,'_DWH.SHARED_BDV.SP_CONV_LOADBDV_RDV_SHARED_TO_WT_SAT_INVESTMENTPRODUCTTYPE_MERGE(''',pipeline().globalParameters.ENV,''',',variables('temp_dataStartDate'),')')",
											"type": "Expression"
										}
									}
								]
							}
						},
						{
							"name": "dt_LoadBDV_RDV_Shared_To_Wt_Sat_Inv_Prod_Type_Compute",
							"description": "dt_LoadBDV_RDV_Shared_To_Wt_Sat_Investment_Product_Type_Compute",
							"type": "Script",
							"dependsOn": [
								{
									"activity": "dt_LoadBDV_RDV_Shared_To_Wt_Sat_InvProductType_MERGE",
									"dependencyConditions": [
										"Succeeded"
									]
								}
							],
							"policy": {
								"timeout": "7.00:00:00",
								"retry": 0,
								"retryIntervalInSeconds": 30,
								"secureOutput": false,
								"secureInput": false
							},
							"userProperties": [],
							"linkedServiceName": {
								"referenceName": "IAF_SF",
								"type": "LinkedServiceReference"
							},
							"typeProperties": {
								"scripts": [
									{
										"type": "Query",
										"text": {
											"value": "@concat('call DB_IAW_',pipeline().globalParameters.ENV,'_DWH.SHARED_BDV.SP_CONV_LOADBDV_RDV_SHARED_TO_WT_SAT_INVESTMENTPRODUCTTYPE_COMPUTE(''',pipeline().globalParameters.ENV,''')')",
											"type": "Expression"
										}
									}
								]
							}
						},
						{
							"name": "Set AUDIT FOR SEL_SAT",
							"type": "SetVariable",
							"dependsOn": [
								{
									"activity": "dt_LoadBDV_RDV_Shared_To_Wt_Sat_Inv_Prod_Type_Compute",
									"dependencyConditions": [
										"Succeeded"
									]
								}
							],
							"userProperties": [],
							"typeProperties": {
								"variableName": "SEL_SAT",
								"value": {
									"value": "@concat(variables('SEL_TEMP_SAT'),'''',variables('temp_tf_Audit_ID'),'''''')",
									"type": "Expression"
								}
							}
						},
						{
							"name": "Set AUDIT FOR SEL_DEL",
							"type": "SetVariable",
							"dependsOn": [
								{
									"activity": "dt_LoadBDV_RDV_Shared_To_Wt_Sat_Inv_Prod_Type_Compute",
									"dependencyConditions": [
										"Succeeded"
									]
								}
							],
							"userProperties": [],
							"typeProperties": {
								"variableName": "SEL_DEL",
								"value": {
									"value": "@concat(variables('SEL_TEMP_DEL'),'''',variables('temp_dataStartDate'),'''',',','''',variables('temp_tf_Audit_ID'),'''''')",
									"type": "Expression"
								}
							}
						},
						{
							"name": "dt_LoadBDV_BDV_Shared_To_Sat_Inv_Prod_Type_Com_Ins",
							"description": "dt_LoadBDV_BDV_Shared_To_Sat_Investment_Product_Type_Compute_Insert",
							"type": "Script",
							"dependsOn": [
								{
									"activity": "Set AUDIT FOR SEL_SAT",
									"dependencyConditions": [
										"Succeeded"
									]
								}
							],
							"policy": {
								"timeout": "7.00:00:00",
								"retry": 0,
								"retryIntervalInSeconds": 30,
								"secureOutput": false,
								"secureInput": false
							},
							"userProperties": [],
							"linkedServiceName": {
								"referenceName": "IAF_SF",
								"type": "LinkedServiceReference"
							},
							"typeProperties": {
								"scripts": [
									{
										"type": "Query",
										"text": {
											"value": "@concat('call DB_IAW_',pipeline().globalParameters.ENV,'_DWH.TOOLS.SP_CONV_DATAVAULT_LOADSATELLITE_INSERT_AUDIT_ID(',variables('INS_SAT'), ',' , variables('SEL_SAT'), ',' ,'''DB_IAW_',pipeline().globalParameters.ENV,'_DWH.SHARED_BDV.WT_SAT_INVESTMENT_PRODUCT_TYPE_COMPUTE'',''DB_IAW_',pipeline().globalParameters.ENV,'_DWH.SHARED_BDV.SAT_INVESTMENT_PRODUCT_TYPE_COMPUTE''',',',variables('TRUNC_TBL'),')')",
											"type": "Expression"
										}
									}
								]
							}
						},
						{
							"name": "dt_LoadBDV_BDV_Shared_To_Sat_Inv_Prod_Type_Com_Del",
							"description": "dt_LoadBDV_BDV_Shared_To_Sat_Investment_Product_Type_Compute_Delete",
							"type": "Script",
							"dependsOn": [
								{
									"activity": "Set AUDIT FOR SEL_DEL",
									"dependencyConditions": [
										"Succeeded"
									]
								}
							],
							"policy": {
								"timeout": "7.00:00:00",
								"retry": 0,
								"retryIntervalInSeconds": 30,
								"secureOutput": false,
								"secureInput": false
							},
							"userProperties": [],
							"linkedServiceName": {
								"referenceName": "IAF_SF",
								"type": "LinkedServiceReference"
							},
							"typeProperties": {
								"scripts": [
									{
										"type": "Query",
										"text": {
											"value": "@concat('call DB_IAW_',pipeline().globalParameters.ENV,'_DWH.TOOLS.SP_CONV_DATAVAULT_LOADSATELLITE_DELETE_AUDIT_ID(',variables('INS_DEL'), ',' , variables('SEL_DEL'), ',' ,'''DB_IAW_',pipeline().globalParameters.ENV,'_DWH.SHARED_BDV.WT_SAT_INVESTMENT_PRODUCT_TYPE_COMPUTE'',''DB_IAW_',pipeline().globalParameters.ENV,'_DWH.SHARED_BDV.SAT_INVESTMENT_PRODUCT_TYPE_COMPUTE''',',',variables('TRUNC_TBL'),')')",
											"type": "Expression"
										}
									}
								]
							}
						}
					]
				}
			},
			{
				"name": "dt_Audit_EndJob",
				"type": "Script",
				"dependsOn": [
					{
						"activity": "dcn_StartJob_Result",
						"dependencyConditions": [
							"Succeeded"
						]
					}
				],
				"policy": {
					"timeout": "7.00:00:00",
					"retry": 0,
					"retryIntervalInSeconds": 30,
					"secureOutput": false,
					"secureInput": false
				},
				"userProperties": [],
				"linkedServiceName": {
					"referenceName": "IAF_SF",
					"type": "LinkedServiceReference"
				},
				"typeProperties": {
					"scripts": [
						{
							"type": "Query",
							"text": {
								"value": "@concat('call DB_IAW_',pipeline().globalParameters.ENV,'_DWH.TOOLS.USP_AUDIT_END_JOB(',variables('temp_JobName'),',',variables('temp_dataStartDate'),',',variables('temp_tf_Audit_ID'),',','''SUCCESS''',',','''Successful execution''',')')",
								"type": "Expression"
							}
						}
					]
				}
			}
		],
		"variables": {
			"temp_dataStartDate": {
				"type": "String"
			},
			"temp_JobName": {
				"type": "String"
			},
			"temp_tf_Audit_ID": {
				"type": "String"
			},
			"SEL_DEL": {
				"type": "String"
			},
			"INS_DEL": {
				"type": "String",
				"defaultValue": "'HK_HUB,MD_HASHDIFF,MD_SOURCE,MD_SRC_SYSTEM,MD_EXTRACT_DT,SYMBOL,NAME,ASSET_CATEGORY,CATEGORY,PRODUCT_GROUP,ISSUER_COMPANY_CODE,ISSUER_COMPANY_NAME,MD_CREATION_DT,MD_ACTIVE,MD_START_DT,MD_CREATION_AUDIT_ID'"
			},
			"SEL_TEMP_DEL": {
				"type": "String",
				"defaultValue": "'SAT.HK_HUB,SAT.MD_HASHDIFF,SAT.MD_SOURCE,SAT.MD_SRC_SYSTEM,SAT.MD_EXTRACT_DT,SAT.SYMBOL,SAT.NAME,SAT.ASSET_CATEGORY,SAT.CATEGORY,SAT.PRODUCT_GROUP,SAT.ISSUER_COMPANY_CODE,SAT.ISSUER_COMPANY_NAME,CURRENT_TIMESTAMP,''A'',"
			},
			"TRUNC_TBL": {
				"type": "String",
				"defaultValue": "'N'"
			},
			"SEL_SAT": {
				"type": "String"
			},
			"INS_SAT": {
				"type": "String",
				"defaultValue": "'HK_HUB,MD_START_DT,MD_HASHDIFF,MD_SOURCE,MD_SRC_SYSTEM,MD_EXTRACT_DT,SYMBOL,NAME,ASSET_CATEGORY,CATEGORY,PRODUCT_GROUP,ISSUER_COMPANY_CODE,ISSUER_COMPANY_NAME,MD_CREATION_DT,MD_ACTIVE,MD_CREATION_AUDIT_ID'"
			},
			"SEL_TEMP_SAT": {
				"type": "String",
				"defaultValue": "'STG.HK_HUB,STG.MD_START_DT,STG.MD_HASHDIFF,STG.MD_SOURCE,STG.MD_SRC_SYSTEM,STG.MD_EXTRACT_DT,STG.SYMBOL,STG.NAME,STG.ASSET_CATEGORY,STG.CATEGORY,STG.PRODUCT_GROUP,STG.ISSUER_COMPANY_CODE,STG.ISSUER_COMPANY_NAME,CURRENT_TIMESTAMP,''A'',"
			}
		},
		"folder": {
			"name": "IAW/40_BDV_IAWEALTH/SHARED_INVESTMENT_PRODUCT_TYPE"
		},
		"annotations": [],
		"lastPublishTime": "2022-08-05T12:50:25Z"
	},
	"type": "Microsoft.DataFactory/factories/pipelines"
}