{
	"name": "tf_LoadRDV_20-30_PSA_IAS_IAVM_to_RDV_TRANSLINK_POSITION_PRICE_sub1",
	"properties": {
		"activities": [
			{
				"name": "dcn_row_count",
				"type": "IfCondition",
				"dependsOn": [
					{
						"activity": "dcn_StartJob_Result",
						"dependencyConditions": [
							"Succeeded"
						]
					}
				],
				"userProperties": [],
				"typeProperties": {
					"expression": {
						"value": "@greater(int(activity('mt_STG_count').output.resultSets[0]['rows'][0].SP_CONV_STG_COUNT),0)",
						"type": "Expression"
					},
					"ifTrueActivities": [
						{
							"name": "Set AUDIT FOR SEL",
							"type": "SetVariable",
							"dependsOn": [],
							"userProperties": [],
							"typeProperties": {
								"variableName": "SEL",
								"value": {
									"value": "@concat(variables('SEL_TEMP'),'''',pipeline().parameters.temp_tf_Audit_ID,'''''')",
									"type": "Expression"
								}
							}
						},
						{
							"name": "LoadRDV_To_TRAN_LINK_POSITION_PRICE_IAS_IAVM",
							"type": "Script",
							"dependsOn": [
								{
									"activity": "Set AUDIT FOR SEL",
									"dependencyConditions": [
										"Succeeded"
									]
								}
							],
							"policy": {
								"timeout": "7.00:00:00",
								"retry": 0,
								"retryIntervalInSeconds": 30,
								"secureOutput": false,
								"secureInput": false
							},
							"userProperties": [],
							"linkedServiceName": {
								"referenceName": "Snowflake1",
								"type": "LinkedServiceReference"
							},
							"typeProperties": {
								"scripts": [
									{
										"type": "Query",
										"text": {
											"value": "@concat('call DB_IAW_',pipeline().globalParameters.ENV,'_DWH.TOOLS.SP_CONV_DATAVAULT_LOADLINK_AUDIT_ID_SC(',variables('INS'), ',' , variables('SEL'), ',' ,'''DB_IAW_',pipeline().globalParameters.ENV,'_STG.IAS_IAVM.POSITION_PRICE'',''DB_IAW_',pipeline().globalParameters.ENV,'_DWH.TRANSACTIONS_RDV.TRANSLINK_POSITION_PRICE_IAS_IAVM''',',',variables('TRUNC_TBL'),')')",
											"type": "Expression"
										}
									}
								]
							}
						}
					]
				}
			},
			{
				"name": "dcn_StartJob_Result",
				"type": "IfCondition",
				"dependsOn": [
					{
						"activity": "dt_Audit_StartJob",
						"dependencyConditions": [
							"Succeeded"
						]
					}
				],
				"userProperties": [],
				"typeProperties": {
					"expression": {
						"value": "@contains(activity('dt_Audit_StartJob').output.resultSets[0]['rows'][0].USP_AUDIT_START_JOB_VARIABLE_SET,'SUCCESS')",
						"type": "Expression"
					},
					"ifFalseActivities": [
						{
							"name": "Throw_Error_Start_Job",
							"type": "Fail",
							"dependsOn": [],
							"userProperties": [],
							"typeProperties": {
								"message": {
									"value": "@activity('dt_Audit_StartJob_Pre').output.resultSets[0]['rows'][0].USP_AUDIT_START_JOB",
									"type": "Expression"
								},
								"errorCode": "100"
							}
						}
					],
					"ifTrueActivities": [
						{
							"name": "mt_LoadSTG_PSA_IAS_IAVM_To_STG_POSITION_PRICE_IAS_IAVM",
							"type": "Script",
							"dependsOn": [],
							"policy": {
								"timeout": "7.00:00:00",
								"retry": 0,
								"retryIntervalInSeconds": 30,
								"secureOutput": false,
								"secureInput": false
							},
							"userProperties": [],
							"linkedServiceName": {
								"referenceName": "Snowflake1",
								"type": "LinkedServiceReference"
							},
							"typeProperties": {
								"scripts": [
									{
										"type": "Query",
										"text": {
											"value": "@concat('call DB_IAW_',pipeline().globalParameters.ENV,'_STG.IAS_IAVM.SP_CONV_LOADSTG_PSA_IAS_IAVM_TO_STG_POSITION_PRICE_IAS_IAVM(''',pipeline().globalParameters.ENV,''',''',pipeline().parameters.io_PATH,''')')\n",
											"type": "Expression"
										}
									}
								]
							}
						},
						{
							"name": "mt_STG_count",
							"type": "Script",
							"dependsOn": [
								{
									"activity": "mt_LoadSTG_PSA_IAS_IAVM_To_STG_POSITION_PRICE_IAS_IAVM",
									"dependencyConditions": [
										"Succeeded"
									]
								}
							],
							"policy": {
								"timeout": "7.00:00:00",
								"retry": 0,
								"retryIntervalInSeconds": 30,
								"secureOutput": false,
								"secureInput": false
							},
							"userProperties": [],
							"linkedServiceName": {
								"referenceName": "Snowflake1",
								"type": "LinkedServiceReference"
							},
							"typeProperties": {
								"scripts": [
									{
										"type": "Query",
										"text": {
											"value": "@concat('call DB_IAW_',pipeline().globalParameters.ENV,'_DWH.TOOLS.SP_CONV_STG_COUNT(''',pipeline().globalParameters.ENV,''',''IAS_IAVM'', ''POSITION_PRICE''',')')\n",
											"type": "Expression"
										}
									}
								]
							}
						}
					]
				}
			},
			{
				"name": "dt_Audit_StartJob_Pre",
				"type": "Script",
				"dependsOn": [],
				"policy": {
					"timeout": "7.00:00:00",
					"retry": 0,
					"retryIntervalInSeconds": 30,
					"secureOutput": false,
					"secureInput": false
				},
				"userProperties": [],
				"linkedServiceName": {
					"referenceName": "Snowflake1",
					"type": "LinkedServiceReference"
				},
				"typeProperties": {
					"scripts": [
						{
							"type": "Query",
							"text": {
								"value": "@concat('call DB_IAW_',pipeline().globalParameters.ENV,'_DWH.TOOLS.USP_AUDIT_START_JOB(',pipeline().parameters.temp_JobName,',',pipeline().parameters.temp_dataStartDate,',',pipeline().parameters.temp_tf_Audit_ID,')')",
								"type": "Expression"
							}
						}
					]
				}
			},
			{
				"name": "dt_Audit_StartJob",
				"type": "Script",
				"dependsOn": [
					{
						"activity": "dt_Audit_StartJob_Pre",
						"dependencyConditions": [
							"Succeeded"
						]
					}
				],
				"policy": {
					"timeout": "7.00:00:00",
					"retry": 0,
					"retryIntervalInSeconds": 30,
					"secureOutput": false,
					"secureInput": false
				},
				"userProperties": [],
				"linkedServiceName": {
					"referenceName": "Snowflake1",
					"type": "LinkedServiceReference"
				},
				"typeProperties": {
					"scripts": [
						{
							"type": "Query",
							"text": {
								"value": "@concat('call DB_IAW_',pipeline().globalParameters.ENV,'_DWH.TOOLS.USP_AUDIT_START_JOB_Variable_Set(',pipeline().parameters.temp_JobName,',',pipeline().parameters.temp_dataStartDate,')')",
								"type": "Expression"
							}
						}
					]
				}
			},
			{
				"name": "Script1",
				"type": "Script",
				"dependsOn": [
					{
						"activity": "dcn_row_count",
						"dependencyConditions": [
							"Succeeded"
						]
					}
				],
				"policy": {
					"timeout": "7.00:00:00",
					"retry": 0,
					"retryIntervalInSeconds": 30,
					"secureOutput": false,
					"secureInput": false
				},
				"userProperties": [],
				"linkedServiceName": {
					"referenceName": "Snowflake1",
					"type": "LinkedServiceReference"
				},
				"typeProperties": {
					"scripts": [
						{
							"type": "Query",
							"text": {
								"value": "@concat('call DB_IAW_',pipeline().globalParameters.ENV,'_DWH.TOOLS.USP_AUDIT_END_JOB(',pipeline().parameters.temp_JobName,',',pipeline().parameters.temp_dataStartDate,',',pipeline().parameters.temp_tf_Audit_ID,',','''SUCCESS''',',','''Successful execution''',')')",
								"type": "Expression"
							}
						}
					]
				}
			}
		],
		"parameters": {
			"input_filename": {
				"type": "string",
				"defaultValue": "POSITION_PRICE__2022-05-09.dat"
			},
			"input_filepath": {
				"type": "string",
				"defaultValue": "/tmp"
			},
			"temp_dataStartDate": {
				"type": "string",
				"defaultValue": "'2022-05-09'"
			},
			"temp_JobName": {
				"type": "string",
				"defaultValue": "'tf_LoadRDV_20-30_PSA_IAS_IAVM_to_RDV_TRANSLINK_POSITION_PRICE'"
			},
			"temp_tf_Audit_ID": {
				"type": "string",
				"defaultValue": "'tf_LoadRDV_20-30_PSA_IAS_IAVM_to_RDV_TRANSLINK_POSITION_PRICE-708687393005604864'"
			},
			"io_PATH": {
				"type": "string"
			}
		},
		"variables": {
			"SEL_TEMP": {
				"type": "String",
				"defaultValue": "'SRC.HK_LINK,SRC.MD_START_DT,SRC.MD_SOURCE,SRC.MD_SRC_SYSTEM,SRC.MD_EXTRACT_DT,SRC.PROCESSDATE,SRC.UNITOFMEASURE,SRC.PRICE,SRC.SYMBOL,SRC.MARKET,SRC.ACCOUNTID,SRC.CLOSEPRICE,SRC.PRICECURRENCY,SRC.BIDPRICE,SRC.ASKPRICE,CURRENT_TIMESTAMP,"
			},
			"INS": {
				"type": "String",
				"defaultValue": "'HK_LINK,MD_START_DT,MD_SOURCE,MD_SRC_SYSTEM,MD_EXTRACT_DT,PROCESSDATE,UNITOFMEASURE,PRICE,SYMBOL,MARKET,ACCOUNTID,CLOSEPRICE,PRICECURRENCY,BIDPRICE,ASKPRICE,MD_CREATION_DT,MD_CREATION_AUDIT_ID'"
			},
			"SEL": {
				"type": "String"
			},
			"TRUNC_TBL": {
				"type": "String",
				"defaultValue": "'N'"
			},
			"io_PATH1": {
				"type": "String",
				"defaultValue": "RAW/IAS/IAVM/2022"
			}
		},
		"folder": {
			"name": "IAW/20-30_RDV_IAS_IAVM/TRANSLINK_POSITION_PRICE"
		},
		"annotations": [],
		"lastPublishTime": "2022-07-29T04:55:54Z"
	},
	"type": "Microsoft.DataFactory/factories/pipelines"
}