{
	"name": "tf_OnDemand_LoadRDV_20-30_PSA_IAS_STEWARDSHIP_to_RDV_REF_MONTHLY_MILESTONES",
	"properties": {
		"activities": [
			{
				"name": "dcn_MONTHLY_MILESTONES_File",
				"type": "IfCondition",
				"dependsOn": [
					{
						"activity": "asgn_Filename",
						"dependencyConditions": [
							"Succeeded"
						]
					}
				],
				"userProperties": [],
				"typeProperties": {
					"expression": {
						"value": "@contains(variables('temp_filename'),'MONTHLY_MILESTONES__')",
						"type": "Expression"
					},
					"ifTrueActivities": [
						{
							"name": "temp_dataStartDate",
							"type": "SetVariable",
							"dependsOn": [],
							"userProperties": [],
							"typeProperties": {
								"variableName": "temp_dataStartDate",
								"value": {
									"value": "@concat('''',split(split(pipeline().parameters.input_filename,'__')[1],'.')[0],'''')",
									"type": "Expression"
								}
							}
						},
						{
							"name": "temp_JobName",
							"type": "SetVariable",
							"dependsOn": [],
							"userProperties": [],
							"typeProperties": {
								"variableName": "temp_JobName",
								"value": {
									"value": "@concat('''',pipeline().Pipeline,'''')",
									"type": "Expression"
								}
							}
						},
						{
							"name": "temp_tf_Audit_ID",
							"type": "SetVariable",
							"dependsOn": [],
							"userProperties": [],
							"typeProperties": {
								"variableName": "temp_tf_Audit_ID",
								"value": {
									"value": "@concat('''',pipeline().Pipeline,'-',pipeline().RunId,'''')",
									"type": "Expression"
								}
							}
						},
						{
							"name": "tf_OnDem_LoadRDV_20-30_PSA_IAS_STE_to_RDV_REF_MON_MILE",
							"type": "ExecutePipeline",
							"dependsOn": [
								{
									"activity": "temp_dataStartDate",
									"dependencyConditions": [
										"Succeeded"
									]
								},
								{
									"activity": "temp_JobName",
									"dependencyConditions": [
										"Succeeded"
									]
								},
								{
									"activity": "temp_tf_Audit_ID",
									"dependencyConditions": [
										"Succeeded"
									]
								}
							],
							"userProperties": [],
							"typeProperties": {
								"pipeline": {
									"referenceName": "tf_OnDemand_LoadRDV_20-30_PSA_IAS_STEWARDSHIP_to_RDV_REF_MONTHLY_MILESTONES_sub1",
									"type": "PipelineReference"
								},
								"waitOnCompletion": true,
								"parameters": {
									"input_filename": {
										"value": "@pipeline().parameters.input_filename",
										"type": "Expression"
									},
									"input_filepath": {
										"value": "@pipeline().parameters.input_filepath",
										"type": "Expression"
									},
									"temp_dataStartDate": {
										"value": "@variables('temp_dataStartDate')",
										"type": "Expression"
									},
									"temp_JobName": {
										"value": "@variables('temp_JobName')",
										"type": "Expression"
									},
									"temp_tf_Audit_ID": {
										"value": "@variables('temp_tf_Audit_ID')",
										"type": "Expression"
									},
									"io_PATH": {
										"value": "@pipeline().parameters.input_filepath",
										"type": "Expression"
									}
								}
							}
						}
					]
				}
			},
			{
				"name": "asgn_Filename",
				"type": "SetVariable",
				"dependsOn": [],
				"userProperties": [],
				"typeProperties": {
					"variableName": "temp_filename",
					"value": {
						"value": "@pipeline().parameters.input_filename",
						"type": "Expression"
					}
				}
			}
		],
		"parameters": {
			"input_filename": {
				"type": "string",
				"defaultValue": "MONTHLY_MILESTONES__2022-04-15.dat"
			},
			"input_filepath": {
				"type": "string",
				"defaultValue": "RAW/IAS/STEWARDSHIP/2021/04/26"
			}
		},
		"variables": {
			"temp_dataStartDate": {
				"type": "String"
			},
			"temp_JobName": {
				"type": "String"
			},
			"temp_tf_Audit_ID": {
				"type": "String"
			},
			"temp_filename": {
				"type": "String"
			}
		},
		"folder": {
			"name": "IAW/20-30_RDV_STEWARDSHIP/MONTHLY_MILESTONES"
		},
		"annotations": [],
		"lastPublishTime": "2022-07-26T13:17:57Z"
	},
	"type": "Microsoft.DataFactory/factories/pipelines"
}