{
	"name": "tf_OnDemand_LoadSTG_20-30_PSA_IAPW_EXTERNAL_KPI_to_REF_MASTER_KPI_DATA_IAPW_sub1",
	"properties": {
		"activities": [
			{
				"name": "dcn_StartJob_Result",
				"type": "IfCondition",
				"dependsOn": [],
				"userProperties": [],
				"typeProperties": {
					"expression": {
						"value": "@contains(pipeline().parameters.Start_Audit_Output,'SUCCESS')",
						"type": "Expression"
					},
					"ifFalseActivities": [
						{
							"name": "Fail_2",
							"type": "Fail",
							"dependsOn": [],
							"userProperties": [],
							"typeProperties": {
								"message": "AUDIT_JOB_FAILED",
								"errorCode": "FAILED"
							}
						}
					],
					"ifTrueActivities": [
						{
							"name": "dt_LoadSTG_PSA_IAPW_To_STG_REF_MASTER_KPI_DATA_IAPW",
							"type": "Script",
							"dependsOn": [],
							"policy": {
								"timeout": "7.00:00:00",
								"retry": 0,
								"retryIntervalInSeconds": 30,
								"secureOutput": false,
								"secureInput": false
							},
							"userProperties": [],
							"linkedServiceName": {
								"referenceName": "Snowflake1",
								"type": "LinkedServiceReference"
							},
							"typeProperties": {
								"scripts": [
									{
										"type": "Query",
										"text": {
											"value": "@concat('call DB_IAW_',pipeline().globalParameters.ENV,'_STG.EXTERNAL_KPI.SP_CONV_LOADSTG_PSA_IAPW_TO_STG_MASTER_KPI_DATA_IAPW(''',pipeline().globalParameters.ENV,''',''',pipeline().parameters.io_PATH,''')')",
											"type": "Expression"
										}
									}
								]
							}
						},
						{
							"name": "mt_STG_count",
							"type": "Script",
							"dependsOn": [
								{
									"activity": "dt_LoadSTG_PSA_IAPW_To_STG_REF_MASTER_KPI_DATA_IAPW",
									"dependencyConditions": [
										"Succeeded"
									]
								}
							],
							"policy": {
								"timeout": "7.00:00:00",
								"retry": 0,
								"retryIntervalInSeconds": 30,
								"secureOutput": false,
								"secureInput": false
							},
							"userProperties": [],
							"linkedServiceName": {
								"referenceName": "Snowflake1",
								"type": "LinkedServiceReference"
							},
							"typeProperties": {
								"scripts": [
									{
										"type": "Query",
										"text": {
											"value": "@concat('call DB_IAW_',pipeline().globalParameters.ENV,'_DWH.TOOLS.SP_CONV_STG_COUNT(''',pipeline().globalParameters.ENV,''',''EXTERNAL_KPI'', ''REF_MASTER_KPI_DATA_CLARINGTON''',')')",
											"type": "Expression"
										}
									}
								]
							}
						},
						{
							"name": "dt_Audit_EndJob",
							"type": "Script",
							"dependsOn": [
								{
									"activity": "mt_STG_count",
									"dependencyConditions": [
										"Succeeded"
									]
								}
							],
							"policy": {
								"timeout": "7.00:00:00",
								"retry": 0,
								"retryIntervalInSeconds": 30,
								"secureOutput": false,
								"secureInput": false
							},
							"userProperties": [],
							"linkedServiceName": {
								"referenceName": "Snowflake1",
								"type": "LinkedServiceReference"
							},
							"typeProperties": {
								"scripts": [
									{
										"type": "Query",
										"text": {
											"value": "@concat('call DB_IAW_',pipeline().globalParameters.ENV,'_DWH.TOOLS.USP_AUDIT_END_JOB(',pipeline().parameters.temp_JobName,',',pipeline().parameters.temp_dataStartDate,',',pipeline().parameters.temp_tf_Audit_ID,',','''SUCCESS''',',','''Successful execution''',')')",
											"type": "Expression"
										}
									}
								]
							}
						}
					]
				}
			}
		],
		"parameters": {
			"input_filename": {
				"type": "string",
				"defaultValue": "MASTER_KPI_DATA_IAPW__2022-11-11"
			},
			"input_filepath": {
				"type": "string",
				"defaultValue": "RAW/EXTERNAL_KPI"
			},
			"Start_Audit_Output": {
				"type": "string"
			},
			"temp_dataStartDate": {
				"type": "string"
			},
			"temp_tf_Audit_ID": {
				"type": "string"
			},
			"Pipeline_Name": {
				"type": "string"
			},
			"Audit_Run_ID": {
				"type": "string"
			},
			"temp_JobName": {
				"type": "string"
			},
			"io_PATH": {
				"type": "string",
				"defaultValue": "RAW/EXTERNAL_KPI"
			}
		},
		"folder": {
			"name": "IAW/20-30_STG_EXTERNAL_KPI/MASTER_KPI_DATA_IAPW"
		},
		"annotations": [],
		"lastPublishTime": "2022-07-26T17:08:47Z"
	},
	"type": "Microsoft.DataFactory/factories/pipelines"
}