{
	"name": "tf_Ondemand_LoadDM_20-60_STG_MASTER_KPI_DATA_to_DM_Synchronization",
	"properties": {
		"activities": [
			{
				"name": "temp_JobName",
				"type": "SetVariable",
				"dependsOn": [],
				"userProperties": [],
				"typeProperties": {
					"variableName": "temp_JobName",
					"value": {
						"value": "@concat('''',pipeline().Pipeline,'''')",
						"type": "Expression"
					}
				}
			},
			{
				"name": "temp_tf_Audit_ID",
				"type": "SetVariable",
				"dependsOn": [],
				"userProperties": [],
				"typeProperties": {
					"variableName": "temp_tf_Audit_ID",
					"value": {
						"value": "@concat('''',pipeline().Pipeline,'-',pipeline().RunId,'''')",
						"type": "Expression"
					}
				}
			},
			{
				"name": "mt_audit_startJob_NextDate_Pre",
				"type": "Script",
				"dependsOn": [
					{
						"activity": "temp_JobName",
						"dependencyConditions": [
							"Succeeded"
						]
					},
					{
						"activity": "temp_tf_Audit_ID",
						"dependencyConditions": [
							"Succeeded"
						]
					}
				],
				"policy": {
					"timeout": "7.00:00:00",
					"retry": 0,
					"retryIntervalInSeconds": 30,
					"secureOutput": false,
					"secureInput": false
				},
				"userProperties": [],
				"linkedServiceName": {
					"referenceName": "IAF_SF",
					"type": "LinkedServiceReference"
				},
				"typeProperties": {
					"scripts": [
						{
							"type": "Query",
							"text": {
								"value": "@concat('call DB_IAW_',pipeline().globalParameters.ENV,'_DWH.TOOLS.USP_AUDIT_START_JOB_NEXT_DATE(',variables('temp_JobName'),',',variables('temp_tf_Audit_ID'),')')",
								"type": "Expression"
							}
						}
					]
				}
			},
			{
				"name": "temp_JobStartDate",
				"type": "SetVariable",
				"dependsOn": [
					{
						"activity": "mt_audit_startJob_NextDate_Pre",
						"dependencyConditions": [
							"Succeeded"
						]
					}
				],
				"userProperties": [],
				"typeProperties": {
					"variableName": "temp_dataStartDate",
					"value": {
						"value": "@concat('''',activity('mt_audit_startJob_NextDate_Pre').output.resultSets[0]['rows'][0].USP_AUDIT_START_JOB_NEXT_DATE,'''')",
						"type": "Expression"
					}
				}
			},
			{
				"name": "mt_audit_startJob_NextDate",
				"type": "Script",
				"dependsOn": [
					{
						"activity": "temp_JobStartDate",
						"dependencyConditions": [
							"Succeeded"
						]
					}
				],
				"policy": {
					"timeout": "7.00:00:00",
					"retry": 0,
					"retryIntervalInSeconds": 30,
					"secureOutput": false,
					"secureInput": false
				},
				"userProperties": [],
				"linkedServiceName": {
					"referenceName": "IAF_SF",
					"type": "LinkedServiceReference"
				},
				"typeProperties": {
					"scripts": [
						{
							"type": "Query",
							"text": {
								"value": "@concat('call DB_IAW_',pipeline().globalParameters.ENV,'_DWH.TOOLS.USP_AUDIT_START_JOB_Variable_Set(',variables('temp_JobName'),',',variables('temp_dataStartDate'),')')",
								"type": "Expression"
							}
						}
					]
				}
			},
			{
				"name": "dcn_StartJob_Result",
				"type": "IfCondition",
				"dependsOn": [
					{
						"activity": "mt_audit_startJob_NextDate",
						"dependencyConditions": [
							"Succeeded"
						]
					}
				],
				"userProperties": [],
				"typeProperties": {
					"expression": {
						"value": "@contains(activity('mt_audit_startJob_NextDate').output.resultSets[0]['rows'][0].USP_AUDIT_START_JOB_VARIABLE_SET,'SUCCESS')",
						"type": "Expression"
					},
					"ifTrueActivities": [
						{
							"name": "DM_MASTER_KPI_DATA_CLARINGTON",
							"type": "ExecutePipeline",
							"dependsOn": [
								{
									"activity": "REF_MASTER_KPI_CLARINGTON",
									"dependencyConditions": [
										"Succeeded"
									]
								}
							],
							"userProperties": [],
							"typeProperties": {
								"pipeline": {
									"referenceName": "tf_OnDemand_LoadDM_60_STG_To_DM_MASTER_KPI_DATA_CLARINGTON",
									"type": "PipelineReference"
								},
								"waitOnCompletion": true
							}
						},
						{
							"name": "STG_To_DM_MASTER_KPI_DATA_IAPW",
							"type": "ExecutePipeline",
							"dependsOn": [
								{
									"activity": "REF_MASTER_KPI_DATA_IAPW",
									"dependencyConditions": [
										"Succeeded"
									]
								}
							],
							"userProperties": [],
							"typeProperties": {
								"pipeline": {
									"referenceName": "tf_OnDemand_LoadDM_60_STG_To_DM_MASTER_KPI_DATA_IAPW",
									"type": "PipelineReference"
								},
								"waitOnCompletion": true
							}
						},
						{
							"name": "dt_Audit_EndJob",
							"type": "Script",
							"dependsOn": [
								{
									"activity": "DM_MASTER_KPI_DATA_CLARINGTON",
									"dependencyConditions": [
										"Succeeded"
									]
								},
								{
									"activity": "KPI_DATA_INVESTIA",
									"dependencyConditions": [
										"Succeeded"
									]
								},
								{
									"activity": "STG_To_DM_MASTER_KPI_DATA_IAPW",
									"dependencyConditions": [
										"Succeeded"
									]
								}
							],
							"policy": {
								"timeout": "7.00:00:00",
								"retry": 0,
								"retryIntervalInSeconds": 30,
								"secureOutput": false,
								"secureInput": false
							},
							"userProperties": [],
							"linkedServiceName": {
								"referenceName": "IAF_SF",
								"type": "LinkedServiceReference"
							},
							"typeProperties": {
								"scripts": [
									{
										"type": "Query",
										"text": {
											"value": "@concat('call DB_IAW_',pipeline().globalParameters.ENV,'_DWH.TOOLS.USP_AUDIT_END_JOB(',variables('temp_JobName'),',',variables('temp_dataStartDate'),',',variables('temp_tf_Audit_ID'),',','''SUCCESS''',',','''Successful execution''',')')",
											"type": "Expression"
										}
									}
								]
							}
						},
						{
							"name": "KPI_DATA_INVESTIA",
							"type": "ExecutePipeline",
							"dependsOn": [
								{
									"activity": "REF_MASTER_INVESTIA",
									"dependencyConditions": [
										"Succeeded"
									]
								}
							],
							"userProperties": [],
							"typeProperties": {
								"pipeline": {
									"referenceName": "tf_OnDemand_LoadDM_60_STG_To_DM_MASTER_KPI_DATA_INVESTIA",
									"type": "PipelineReference"
								},
								"waitOnCompletion": true
							}
						},
						{
							"name": "REF_MASTER_INVESTIA",
							"type": "ExecutePipeline",
							"dependsOn": [],
							"userProperties": [],
							"typeProperties": {
								"pipeline": {
									"referenceName": "tf_OnDemand_LoadSTG_20-30_PSA_EXTERNAL_KPI_to_REF_MASTER_KPI_DATA_INVESTIA",
									"type": "PipelineReference"
								},
								"waitOnCompletion": true
							}
						},
						{
							"name": "REF_MASTER_KPI_CLARINGTON",
							"type": "ExecutePipeline",
							"dependsOn": [],
							"userProperties": [],
							"typeProperties": {
								"pipeline": {
									"referenceName": "tf_OnDemand_LoadRDV_20-30_PSA_IAPW_EXTERNAL_KPI_to_REFMASTER_KPI_DATA_CLARINGTON",
									"type": "PipelineReference"
								},
								"waitOnCompletion": true
							}
						},
						{
							"name": "REF_MASTER_KPI_DATA_IAPW",
							"type": "ExecutePipeline",
							"dependsOn": [],
							"userProperties": [],
							"typeProperties": {
								"pipeline": {
									"referenceName": "tf_OnDemand_LoadSTG_20-30_PSA_IAPW_EXTERNAL_KPI_to_REF_MASTER_KPI_DATA_IAPW",
									"type": "PipelineReference"
								},
								"waitOnCompletion": true
							}
						}
					]
				}
			}
		],
		"parameters": {
			"input_filename": {
				"type": "string",
				"defaultValue": "Synchronisation"
			}
		},
		"variables": {
			"temp_dataStartDate": {
				"type": "String"
			},
			"temp_JobName": {
				"type": "String"
			},
			"temp_tf_Audit_ID": {
				"type": "String"
			},
			"Dummy": {
				"type": "String"
			}
		},
		"folder": {
			"name": "IAW/60_DM_IAWEALTH/EXTERNAL_KPI"
		},
		"annotations": [],
		"lastPublishTime": "2022-08-09T05:39:10Z"
	},
	"type": "Microsoft.DataFactory/factories/pipelines"
}