<aetgt:getResponse xmlns:aetgt="http://schemas.active-endpoints.com/appmodules/repository/2010/10/avrepository.xsd"
                   xmlns:types1="http://schemas.active-endpoints.com/appmodules/repository/2010/10/avrepository.xsd">
   <types1:Item>
      <types1:EntryId>Sicjumf6S3wOLIF-gt-3206417-2022-09-20T15:13:45.722Z::tf.xml</types1:EntryId>
      <types1:Name>tf_LoadSTG_DM_10-61_IAPW_PORTAL_API_to_DM_STRATEGIC_FIRM</types1:Name>
      <types1:MimeType>application/xml+taskflow</types1:MimeType>
      <types1:Description/>
      <types1:AppliesTo/>
      <types1:Tags/>
      <types1:VersionLabel>1.0</types1:VersionLabel>
      <types1:State>CURRENT</types1:State>
      <types1:ProcessGroup/>
      <types1:CreatedBy>iheb.benghali.adm@ia.ca</types1:CreatedBy>
      <types1:CreationDate>2022-09-20T15:13:46Z</types1:CreationDate>
      <types1:ModifiedBy/>
      <types1:PublicationStatus>published</types1:PublicationStatus>
      <types1:PublishedBy>iheb.benghali.adm@ia.ca</types1:PublishedBy>
      <types1:PublicationDate>2022-09-20T15:16:40Z</types1:PublicationDate>
      <types1:PublishedContributionId>project:/tf.tf_LoadSTG_DM_10-61_IAPW_PORTAL_API_to_DM_STRATEGIC_FIRM/tf_LoadSTG_DM_10-61_IAPW_PORTAL_API_to_DM_STRATEGIC_FIRM.tf.xml</types1:PublishedContributionId>
      <types1:AutosaveExists>false</types1:AutosaveExists>
      <types1:Entry>
         <taskflow xmlns="http://schemas.active-endpoints.com/appmodules/screenflow/2010/10/avosScreenflow.xsd"
                   xmlns:tfm="http://schemas.active-endpoints.com/appmodules/screenflow/2021/04/taskflowModel.xsd"
                   xmlns:list="urn:activevos:spi:list:functions"
                   displayName="tf_LoadSTG_DM_10-61_IAPW_PORTAL_API_to_DM_STRATEGIC_FIRM"
                   name="tf_LoadSTG_DM_10-61_IAPW_PORTAL_API_to_DM_STRATEGIC_FIRM"
                   overrideAPIName="false">
            <parameterSet xmlns="http://schemas.active-endpoints.com/appmodules/screenflow/2021/04/taskflowModel.xsd"/>
            <appliesTo/>
            <description/>
            <tags/>
            <generator>Informatica Process Designer 11</generator>
            <tempFields>
               <field description="Number of the remaining iterations"
                      name="temp_remainingIterations"
                      type="int">
                  <options>
                     <option name="required">false</option>
                  </options>
               </field>
               <field description=""
                      name="mt_LoadSTG_PSA_IAPW_PORTAL_API_To_ACCOUNTS_CLIENTS_SUMMARY"
                      type="reference">
                  <options>
                     <option name="failOnNotRun">false</option>
                     <option name="failOnFault">false</option>
                     <option name="referenceTo">$po:mt-LoadSTG-PSA-IAPW-PORTAL-API-To-ACCOUNTS-CLIENTS-SUMMARY</option>
                  </options>
               </field>
               <field description=""
                      name="mt_LoadSTG_PSA_IAW_PORTAL_API_To_ASSETS_SUMMARY_BYPROVINCE"
                      type="reference">
                  <options>
                     <option name="failOnNotRun">false</option>
                     <option name="failOnFault">false</option>
                     <option name="referenceTo">$po:mt-LoadSTG-PSA-IAW-PORTAL-API-To-ASSETS-SUMMARY-BYPROVINCE</option>
                  </options>
               </field>
               <field description=""
                      name="mt_LoadSTG_PSA_IAW_PORTAL_API_To_ASSETS_SUMMARY_BYACCOUNTTYPE"
                      type="reference">
                  <options>
                     <option name="failOnNotRun">false</option>
                     <option name="failOnFault">false</option>
                     <option name="referenceTo">$po:mt-LoadSTG-PSA-IAW-PORTAL-API-To-ASSETS-SUMMARY-BYACCOUNTTYPE</option>
                  </options>
               </field>
               <field description=""
                      name="mt_LoadSTG_PSA_IAW_PORTAL_API_To_ASSETS_SUMMARY_BYPRODUCT"
                      type="reference">
                  <options>
                     <option name="failOnNotRun">false</option>
                     <option name="failOnFault">false</option>
                     <option name="referenceTo">$po:mt-LoadSTG-PSA-IAW-PORTAL-API-To-ASSETS-SUMMARY-BYPRODUCT</option>
                  </options>
               </field>
               <field description=""
                      name="mt_LoadSTG_PSA_IAS_CERT_To_ASSETS_SUMMARY_BY_COMMISSIONTYPE_AND_PRODUCT"
                      type="reference">
                  <options>
                     <option name="failOnNotRun">false</option>
                     <option name="failOnFault">false</option>
                     <option name="referenceTo">$po:mt-LoadSTG-PSA-IAS-CERT-To-ASSETS-SUMMARY-BY-COMMISSIONTYPE-AND-PRODUCT</option>
                  </options>
               </field>
               <field description=""
                      name="mt_LoadSTG_PSA_IAPW_PORTAL_API_To_ASSETS_SUMMARY_BY_COMMISSIONTYPE"
                      type="reference">
                  <options>
                     <option name="failOnNotRun">false</option>
                     <option name="failOnFault">false</option>
                     <option name="referenceTo">$po:mt-LoadSTG-PSA-IAPW-PORTAL-API-To-ASSETS-SUMMARY-BY-COMMISSIONTYPE</option>
                  </options>
               </field>
               <field description=""
                      name="tf_LoadDM_61_DM_STRATEGIC_Assest_Summary_ByProvince"
                      type="reference">
                  <options>
                     <option name="referenceTo">$po:InternalInfaSubTaskflowField</option>
                  </options>
               </field>
               <field description=""
                      name="tf_LoadDM_61_DM_STRATEGIC_Assest_Summary_ByProduct"
                      type="reference">
                  <options>
                     <option name="referenceTo">$po:InternalInfaSubTaskflowField</option>
                  </options>
               </field>
               <field description=""
                      name="tf_LoadDM_61_STRATEGIC_Assest_Summary_ByCommissionType_And_Product"
                      type="reference">
                  <options>
                     <option name="referenceTo">$po:InternalInfaSubTaskflowField</option>
                  </options>
               </field>
               <field description=""
                      name="tf_LoadDM_61_STRATEGIC_Assests_Summary_ByCommissionType_Daily"
                      type="reference">
                  <options>
                     <option name="referenceTo">$po:InternalInfaSubTaskflowField</option>
                  </options>
               </field>
               <field description=""
                      name="tf_LoadDM_61_DM_STRATEGIC_Assest_Summary_ByAccountType"
                      type="reference">
                  <options>
                     <option name="referenceTo">$po:InternalInfaSubTaskflowField</option>
                  </options>
               </field>
               <field description=""
                      name="tf_LoadDM_61_STRATEGIC_Accounts_Clients_Summary_Daily"
                      type="reference">
                  <options>
                     <option name="referenceTo">$po:InternalInfaSubTaskflowField</option>
                  </options>
               </field>
            </tempFields>
            <notes/>
            <deployment suspendOnFault="false" tracingLevel="verbose">
               <rest/>
            </deployment>
            <flow id="a">
               <start id="b">
                  <link id="l84q4wry" targetId="l84q4wrx"/>
               </start>
               <container id="l84q4wrx" type="parallel">
                  <title>load_API_files</title>
                  <flow id="l84q4ws1">
                     <eventContainer id="l8ab58eb">
                        <service id="l8ab58b4">
                           <title>mt_LoadSTG_PSA_IAPW_PORTAL_API_To_ACCOUNTS_CLIENTS_SUMMARY</title>
                           <serviceName>ICSExecuteDataTask</serviceName>
                           <serviceGUID/>
                           <serviceInput>
                              <parameter name="Wait for Task to Complete" source="constant" updatable="true">true</parameter>
                              <parameter name="Max Wait" source="constant" updatable="true">604800</parameter>
                              <parameter name="Task Name" source="constant" updatable="true">mt_LoadSTG_PSA_IAPW_PORTAL_API_To_ACCOUNTS_CLIENTS_SUMMARY</parameter>
                              <parameter name="GUID" source="constant" updatable="true">6YoKlZB9LQ6j9QiKfxuLOZ</parameter>
                              <parameter name="Task Type" source="constant" updatable="true">MCT</parameter>
                              <parameter name="Has Inout Parameters" source="constant" updatable="true">true</parameter>
                              <parameter name="taskField" source="nested">
                                 <operation source="field"
                                            to="mt-LoadSTG-PSA-IAPW-PORTAL-API-To-ACCOUNTS-CLIENTS-SUMMARY">temp.mt_LoadSTG_PSA_IAPW_PORTAL_API_To_ACCOUNTS_CLIENTS_SUMMARY</operation>
                              </parameter>
                           </serviceInput>
                           <serviceOutput>
                              <operation source="field"
                                         to="temp.mt_LoadSTG_PSA_IAPW_PORTAL_API_To_ACCOUNTS_CLIENTS_SUMMARY/output/Object_Name">Object Name</operation>
                              <operation source="field"
                                         to="temp.mt_LoadSTG_PSA_IAPW_PORTAL_API_To_ACCOUNTS_CLIENTS_SUMMARY/output/Run_Id">Run Id</operation>
                              <operation source="field"
                                         to="temp.mt_LoadSTG_PSA_IAPW_PORTAL_API_To_ACCOUNTS_CLIENTS_SUMMARY/output/Log_Id">Log Id</operation>
                              <operation source="field"
                                         to="temp.mt_LoadSTG_PSA_IAPW_PORTAL_API_To_ACCOUNTS_CLIENTS_SUMMARY/output/Task_Id">Task Id</operation>
                              <operation source="field"
                                         to="temp.mt_LoadSTG_PSA_IAPW_PORTAL_API_To_ACCOUNTS_CLIENTS_SUMMARY/output/Task_Status">Task Status</operation>
                              <operation source="field"
                                         to="temp.mt_LoadSTG_PSA_IAPW_PORTAL_API_To_ACCOUNTS_CLIENTS_SUMMARY/output/Success_Source_Rows">Success Source Rows</operation>
                              <operation source="field"
                                         to="temp.mt_LoadSTG_PSA_IAPW_PORTAL_API_To_ACCOUNTS_CLIENTS_SUMMARY/output/Failed_Source_Rows">Failed Source Rows</operation>
                              <operation source="field"
                                         to="temp.mt_LoadSTG_PSA_IAPW_PORTAL_API_To_ACCOUNTS_CLIENTS_SUMMARY/output/Success_Target_Rows">Success Target Rows</operation>
                              <operation source="field"
                                         to="temp.mt_LoadSTG_PSA_IAPW_PORTAL_API_To_ACCOUNTS_CLIENTS_SUMMARY/output/Failed_Target_Rows">Failed Target Rows</operation>
                              <operation source="field"
                                         to="temp.mt_LoadSTG_PSA_IAPW_PORTAL_API_To_ACCOUNTS_CLIENTS_SUMMARY/output/Start_Time">Start Time</operation>
                              <operation source="field"
                                         to="temp.mt_LoadSTG_PSA_IAPW_PORTAL_API_To_ACCOUNTS_CLIENTS_SUMMARY/output/End_Time">End Time</operation>
                              <operation source="field"
                                         to="temp.mt_LoadSTG_PSA_IAPW_PORTAL_API_To_ACCOUNTS_CLIENTS_SUMMARY/output/Error_Message">Error Message</operation>
                              <operation source="field"
                                         to="temp.mt_LoadSTG_PSA_IAPW_PORTAL_API_To_ACCOUNTS_CLIENTS_SUMMARY/output/TotalTransErrors">Total Transformation Errors</operation>
                              <operation source="field"
                                         to="temp.mt_LoadSTG_PSA_IAPW_PORTAL_API_To_ACCOUNTS_CLIENTS_SUMMARY/output/FirstErrorCode">First Error Code</operation>
                              <operation source="field"
                                         to="temp.mt_LoadSTG_PSA_IAPW_PORTAL_API_To_ACCOUNTS_CLIENTS_SUMMARY/inout/io_PATH">io_PATH</operation>
                           </serviceOutput>
                        </service>
                        <events>
                           <catch faultField="temp.mt_LoadSTG_PSA_IAPW_PORTAL_API_To_ACCOUNTS_CLIENTS_SUMMARY/fault"
                                  id="l8ab58e9"
                                  interrupting="true"
                                  name="error">
                              <suspend/>
                           </catch>
                           <catch faultField="temp.mt_LoadSTG_PSA_IAPW_PORTAL_API_To_ACCOUNTS_CLIENTS_SUMMARY/fault"
                                  id="l8ab58ea"
                                  interrupting="true"
                                  name="warning"/>
                        </events>
                     </eventContainer>
                     <link id="l84q4ws2" targetId="l84q4wrx" type="containerLink"/>
                  </flow>
                  <flow id="l84q4ws4">
                     <eventContainer id="l8ab58hb">
                        <service id="l8ab58bk">
                           <title>mt_LoadSTG_PSA_IAW_PORTAL_API_To_ASSETS_SUMMARY_BYPROVINCE</title>
                           <serviceName>ICSExecuteDataTask</serviceName>
                           <serviceGUID/>
                           <serviceInput>
                              <parameter name="Wait for Task to Complete" source="constant" updatable="true">true</parameter>
                              <parameter name="Max Wait" source="constant" updatable="true">604800</parameter>
                              <parameter name="Task Name" source="constant" updatable="true">mt_LoadSTG_PSA_IAW_PORTAL_API_To_ASSETS_SUMMARY_BYPROVINCE</parameter>
                              <parameter name="GUID" source="constant" updatable="true">eB9M89sZSAskyqIRN8JzMP</parameter>
                              <parameter name="Task Type" source="constant" updatable="true">MCT</parameter>
                              <parameter name="Has Inout Parameters" source="constant" updatable="true">true</parameter>
                              <parameter name="taskField" source="nested">
                                 <operation source="field"
                                            to="mt-LoadSTG-PSA-IAW-PORTAL-API-To-ASSETS-SUMMARY-BYPROVINCE">temp.mt_LoadSTG_PSA_IAW_PORTAL_API_To_ASSETS_SUMMARY_BYPROVINCE</operation>
                              </parameter>
                           </serviceInput>
                           <serviceOutput>
                              <operation source="field"
                                         to="temp.mt_LoadSTG_PSA_IAW_PORTAL_API_To_ASSETS_SUMMARY_BYPROVINCE/output/Object_Name">Object Name</operation>
                              <operation source="field"
                                         to="temp.mt_LoadSTG_PSA_IAW_PORTAL_API_To_ASSETS_SUMMARY_BYPROVINCE/output/Run_Id">Run Id</operation>
                              <operation source="field"
                                         to="temp.mt_LoadSTG_PSA_IAW_PORTAL_API_To_ASSETS_SUMMARY_BYPROVINCE/output/Log_Id">Log Id</operation>
                              <operation source="field"
                                         to="temp.mt_LoadSTG_PSA_IAW_PORTAL_API_To_ASSETS_SUMMARY_BYPROVINCE/output/Task_Id">Task Id</operation>
                              <operation source="field"
                                         to="temp.mt_LoadSTG_PSA_IAW_PORTAL_API_To_ASSETS_SUMMARY_BYPROVINCE/output/Task_Status">Task Status</operation>
                              <operation source="field"
                                         to="temp.mt_LoadSTG_PSA_IAW_PORTAL_API_To_ASSETS_SUMMARY_BYPROVINCE/output/Success_Source_Rows">Success Source Rows</operation>
                              <operation source="field"
                                         to="temp.mt_LoadSTG_PSA_IAW_PORTAL_API_To_ASSETS_SUMMARY_BYPROVINCE/output/Failed_Source_Rows">Failed Source Rows</operation>
                              <operation source="field"
                                         to="temp.mt_LoadSTG_PSA_IAW_PORTAL_API_To_ASSETS_SUMMARY_BYPROVINCE/output/Success_Target_Rows">Success Target Rows</operation>
                              <operation source="field"
                                         to="temp.mt_LoadSTG_PSA_IAW_PORTAL_API_To_ASSETS_SUMMARY_BYPROVINCE/output/Failed_Target_Rows">Failed Target Rows</operation>
                              <operation source="field"
                                         to="temp.mt_LoadSTG_PSA_IAW_PORTAL_API_To_ASSETS_SUMMARY_BYPROVINCE/output/Start_Time">Start Time</operation>
                              <operation source="field"
                                         to="temp.mt_LoadSTG_PSA_IAW_PORTAL_API_To_ASSETS_SUMMARY_BYPROVINCE/output/End_Time">End Time</operation>
                              <operation source="field"
                                         to="temp.mt_LoadSTG_PSA_IAW_PORTAL_API_To_ASSETS_SUMMARY_BYPROVINCE/output/Error_Message">Error Message</operation>
                              <operation source="field"
                                         to="temp.mt_LoadSTG_PSA_IAW_PORTAL_API_To_ASSETS_SUMMARY_BYPROVINCE/output/TotalTransErrors">Total Transformation Errors</operation>
                              <operation source="field"
                                         to="temp.mt_LoadSTG_PSA_IAW_PORTAL_API_To_ASSETS_SUMMARY_BYPROVINCE/output/FirstErrorCode">First Error Code</operation>
                              <operation source="field"
                                         to="temp.mt_LoadSTG_PSA_IAW_PORTAL_API_To_ASSETS_SUMMARY_BYPROVINCE/inout/io_PATH">io_PATH</operation>
                           </serviceOutput>
                        </service>
                        <events>
                           <catch faultField="temp.mt_LoadSTG_PSA_IAW_PORTAL_API_To_ASSETS_SUMMARY_BYPROVINCE/fault"
                                  id="l8ab58h9"
                                  interrupting="true"
                                  name="error">
                              <suspend/>
                           </catch>
                           <catch faultField="temp.mt_LoadSTG_PSA_IAW_PORTAL_API_To_ASSETS_SUMMARY_BYPROVINCE/fault"
                                  id="l8ab58ha"
                                  interrupting="true"
                                  name="warning"/>
                        </events>
                     </eventContainer>
                     <link id="l84q4ws5" targetId="l84q4wrx" type="containerLink"/>
                  </flow>
                  <flow id="l84q4wsg">
                     <eventContainer id="l8ab58ld">
                        <service id="l8ab58c0">
                           <title>mt_LoadSTG_PSA_IAW_PORTAL_API_To_ASSETS_SUMMARY_BYACCOUNTTYPE</title>
                           <serviceName>ICSExecuteDataTask</serviceName>
                           <serviceGUID/>
                           <serviceInput>
                              <parameter name="Wait for Task to Complete" source="constant" updatable="true">true</parameter>
                              <parameter name="Max Wait" source="constant" updatable="true">604800</parameter>
                              <parameter name="Task Name" source="constant" updatable="true">mt_LoadSTG_PSA_IAW_PORTAL_API_To_ASSETS_SUMMARY_BYACCOUNTTYPE</parameter>
                              <parameter name="GUID" source="constant" updatable="true">0wi0Jzd7qMFky2PF33IVYW</parameter>
                              <parameter name="Task Type" source="constant" updatable="true">MCT</parameter>
                              <parameter name="Has Inout Parameters" source="constant" updatable="true">true</parameter>
                              <parameter name="taskField" source="nested">
                                 <operation source="field"
                                            to="mt-LoadSTG-PSA-IAW-PORTAL-API-To-ASSETS-SUMMARY-BYACCOUNTTYPE">temp.mt_LoadSTG_PSA_IAW_PORTAL_API_To_ASSETS_SUMMARY_BYACCOUNTTYPE</operation>
                              </parameter>
                           </serviceInput>
                           <serviceOutput>
                              <operation source="field"
                                         to="temp.mt_LoadSTG_PSA_IAW_PORTAL_API_To_ASSETS_SUMMARY_BYACCOUNTTYPE/output/Object_Name">Object Name</operation>
                              <operation source="field"
                                         to="temp.mt_LoadSTG_PSA_IAW_PORTAL_API_To_ASSETS_SUMMARY_BYACCOUNTTYPE/output/Run_Id">Run Id</operation>
                              <operation source="field"
                                         to="temp.mt_LoadSTG_PSA_IAW_PORTAL_API_To_ASSETS_SUMMARY_BYACCOUNTTYPE/output/Log_Id">Log Id</operation>
                              <operation source="field"
                                         to="temp.mt_LoadSTG_PSA_IAW_PORTAL_API_To_ASSETS_SUMMARY_BYACCOUNTTYPE/output/Task_Id">Task Id</operation>
                              <operation source="field"
                                         to="temp.mt_LoadSTG_PSA_IAW_PORTAL_API_To_ASSETS_SUMMARY_BYACCOUNTTYPE/output/Task_Status">Task Status</operation>
                              <operation source="field"
                                         to="temp.mt_LoadSTG_PSA_IAW_PORTAL_API_To_ASSETS_SUMMARY_BYACCOUNTTYPE/output/Success_Source_Rows">Success Source Rows</operation>
                              <operation source="field"
                                         to="temp.mt_LoadSTG_PSA_IAW_PORTAL_API_To_ASSETS_SUMMARY_BYACCOUNTTYPE/output/Failed_Source_Rows">Failed Source Rows</operation>
                              <operation source="field"
                                         to="temp.mt_LoadSTG_PSA_IAW_PORTAL_API_To_ASSETS_SUMMARY_BYACCOUNTTYPE/output/Success_Target_Rows">Success Target Rows</operation>
                              <operation source="field"
                                         to="temp.mt_LoadSTG_PSA_IAW_PORTAL_API_To_ASSETS_SUMMARY_BYACCOUNTTYPE/output/Failed_Target_Rows">Failed Target Rows</operation>
                              <operation source="field"
                                         to="temp.mt_LoadSTG_PSA_IAW_PORTAL_API_To_ASSETS_SUMMARY_BYACCOUNTTYPE/output/Start_Time">Start Time</operation>
                              <operation source="field"
                                         to="temp.mt_LoadSTG_PSA_IAW_PORTAL_API_To_ASSETS_SUMMARY_BYACCOUNTTYPE/output/End_Time">End Time</operation>
                              <operation source="field"
                                         to="temp.mt_LoadSTG_PSA_IAW_PORTAL_API_To_ASSETS_SUMMARY_BYACCOUNTTYPE/output/Error_Message">Error Message</operation>
                              <operation source="field"
                                         to="temp.mt_LoadSTG_PSA_IAW_PORTAL_API_To_ASSETS_SUMMARY_BYACCOUNTTYPE/output/TotalTransErrors">Total Transformation Errors</operation>
                              <operation source="field"
                                         to="temp.mt_LoadSTG_PSA_IAW_PORTAL_API_To_ASSETS_SUMMARY_BYACCOUNTTYPE/output/FirstErrorCode">First Error Code</operation>
                              <operation source="field"
                                         to="temp.mt_LoadSTG_PSA_IAW_PORTAL_API_To_ASSETS_SUMMARY_BYACCOUNTTYPE/inout/io_PATH">io_PATH</operation>
                           </serviceOutput>
                        </service>
                        <events>
                           <catch faultField="temp.mt_LoadSTG_PSA_IAW_PORTAL_API_To_ASSETS_SUMMARY_BYACCOUNTTYPE/fault"
                                  id="l8ab58lb"
                                  interrupting="true"
                                  name="error">
                              <suspend/>
                           </catch>
                           <catch faultField="temp.mt_LoadSTG_PSA_IAW_PORTAL_API_To_ASSETS_SUMMARY_BYACCOUNTTYPE/fault"
                                  id="l8ab58lc"
                                  interrupting="true"
                                  name="warning"/>
                        </events>
                     </eventContainer>
                     <link id="l84q4wsh" targetId="l84q4wrx" type="containerLink"/>
                  </flow>
                  <flow id="l84q4wsn">
                     <eventContainer id="l8ab58ow">
                        <service id="l8ab58cg">
                           <title>mt_LoadSTG_PSA_IAW_PORTAL_API_To_ASSETS_SUMMARY_BYPRODUCT</title>
                           <serviceName>ICSExecuteDataTask</serviceName>
                           <serviceGUID/>
                           <serviceInput>
                              <parameter name="Wait for Task to Complete" source="constant" updatable="true">true</parameter>
                              <parameter name="Max Wait" source="constant" updatable="true">604800</parameter>
                              <parameter name="Task Name" source="constant" updatable="true">mt_LoadSTG_PSA_IAW_PORTAL_API_To_ASSETS_SUMMARY_BYPRODUCT</parameter>
                              <parameter name="GUID" source="constant" updatable="true">4P7J0mdjDCjkw6CTtVx54W</parameter>
                              <parameter name="Task Type" source="constant" updatable="true">MCT</parameter>
                              <parameter name="Has Inout Parameters" source="constant" updatable="true">true</parameter>
                              <parameter name="taskField" source="nested">
                                 <operation source="field"
                                            to="mt-LoadSTG-PSA-IAW-PORTAL-API-To-ASSETS-SUMMARY-BYPRODUCT">temp.mt_LoadSTG_PSA_IAW_PORTAL_API_To_ASSETS_SUMMARY_BYPRODUCT</operation>
                              </parameter>
                           </serviceInput>
                           <serviceOutput>
                              <operation source="field"
                                         to="temp.mt_LoadSTG_PSA_IAW_PORTAL_API_To_ASSETS_SUMMARY_BYPRODUCT/output/Object_Name">Object Name</operation>
                              <operation source="field"
                                         to="temp.mt_LoadSTG_PSA_IAW_PORTAL_API_To_ASSETS_SUMMARY_BYPRODUCT/output/Run_Id">Run Id</operation>
                              <operation source="field"
                                         to="temp.mt_LoadSTG_PSA_IAW_PORTAL_API_To_ASSETS_SUMMARY_BYPRODUCT/output/Log_Id">Log Id</operation>
                              <operation source="field"
                                         to="temp.mt_LoadSTG_PSA_IAW_PORTAL_API_To_ASSETS_SUMMARY_BYPRODUCT/output/Task_Id">Task Id</operation>
                              <operation source="field"
                                         to="temp.mt_LoadSTG_PSA_IAW_PORTAL_API_To_ASSETS_SUMMARY_BYPRODUCT/output/Task_Status">Task Status</operation>
                              <operation source="field"
                                         to="temp.mt_LoadSTG_PSA_IAW_PORTAL_API_To_ASSETS_SUMMARY_BYPRODUCT/output/Success_Source_Rows">Success Source Rows</operation>
                              <operation source="field"
                                         to="temp.mt_LoadSTG_PSA_IAW_PORTAL_API_To_ASSETS_SUMMARY_BYPRODUCT/output/Failed_Source_Rows">Failed Source Rows</operation>
                              <operation source="field"
                                         to="temp.mt_LoadSTG_PSA_IAW_PORTAL_API_To_ASSETS_SUMMARY_BYPRODUCT/output/Success_Target_Rows">Success Target Rows</operation>
                              <operation source="field"
                                         to="temp.mt_LoadSTG_PSA_IAW_PORTAL_API_To_ASSETS_SUMMARY_BYPRODUCT/output/Failed_Target_Rows">Failed Target Rows</operation>
                              <operation source="field"
                                         to="temp.mt_LoadSTG_PSA_IAW_PORTAL_API_To_ASSETS_SUMMARY_BYPRODUCT/output/Start_Time">Start Time</operation>
                              <operation source="field"
                                         to="temp.mt_LoadSTG_PSA_IAW_PORTAL_API_To_ASSETS_SUMMARY_BYPRODUCT/output/End_Time">End Time</operation>
                              <operation source="field"
                                         to="temp.mt_LoadSTG_PSA_IAW_PORTAL_API_To_ASSETS_SUMMARY_BYPRODUCT/output/Error_Message">Error Message</operation>
                              <operation source="field"
                                         to="temp.mt_LoadSTG_PSA_IAW_PORTAL_API_To_ASSETS_SUMMARY_BYPRODUCT/output/TotalTransErrors">Total Transformation Errors</operation>
                              <operation source="field"
                                         to="temp.mt_LoadSTG_PSA_IAW_PORTAL_API_To_ASSETS_SUMMARY_BYPRODUCT/output/FirstErrorCode">First Error Code</operation>
                              <operation source="field"
                                         to="temp.mt_LoadSTG_PSA_IAW_PORTAL_API_To_ASSETS_SUMMARY_BYPRODUCT/inout/io_PATH">io_PATH</operation>
                           </serviceOutput>
                        </service>
                        <events>
                           <catch faultField="temp.mt_LoadSTG_PSA_IAW_PORTAL_API_To_ASSETS_SUMMARY_BYPRODUCT/fault"
                                  id="l8ab58ou"
                                  interrupting="true"
                                  name="error">
                              <suspend/>
                           </catch>
                           <catch faultField="temp.mt_LoadSTG_PSA_IAW_PORTAL_API_To_ASSETS_SUMMARY_BYPRODUCT/fault"
                                  id="l8ab58ov"
                                  interrupting="true"
                                  name="warning"/>
                        </events>
                     </eventContainer>
                     <link id="l84q4wso" targetId="l84q4wrx" type="containerLink"/>
                  </flow>
                  <flow id="l84q4wsv">
                     <eventContainer id="l8ab58rw">
                        <service id="l8ab58cw">
                           <title>mt_LoadSTG_PSA_IAS_CERT_To_ASSETS_SUMMARY_BY_COMMISSIONTYPE_AND_PRODUCT</title>
                           <serviceName>ICSExecuteDataTask</serviceName>
                           <serviceGUID/>
                           <serviceInput>
                              <parameter name="Wait for Task to Complete" source="constant" updatable="true">true</parameter>
                              <parameter name="Max Wait" source="constant" updatable="true">604800</parameter>
                              <parameter name="Task Name" source="constant" updatable="true">mt_LoadSTG_PSA_IAS_CERT_To_ASSETS_SUMMARY_BY_COMMISSIONTYPE_AND_PRODUCT</parameter>
                              <parameter name="GUID" source="constant" updatable="true">k11FHLZcSail032dvPH4mb</parameter>
                              <parameter name="Task Type" source="constant" updatable="true">MCT</parameter>
                              <parameter name="Has Inout Parameters" source="constant" updatable="true">true</parameter>
                              <parameter name="taskField" source="nested">
                                 <operation source="field"
                                            to="mt-LoadSTG-PSA-IAS-CERT-To-ASSETS-SUMMARY-BY-COMMISSIONTYPE-AND-PRODUCT">temp.mt_LoadSTG_PSA_IAS_CERT_To_ASSETS_SUMMARY_BY_COMMISSIONTYPE_AND_PRODUCT</operation>
                              </parameter>
                           </serviceInput>
                           <serviceOutput>
                              <operation source="field"
                                         to="temp.mt_LoadSTG_PSA_IAS_CERT_To_ASSETS_SUMMARY_BY_COMMISSIONTYPE_AND_PRODUCT/output/Object_Name">Object Name</operation>
                              <operation source="field"
                                         to="temp.mt_LoadSTG_PSA_IAS_CERT_To_ASSETS_SUMMARY_BY_COMMISSIONTYPE_AND_PRODUCT/output/Run_Id">Run Id</operation>
                              <operation source="field"
                                         to="temp.mt_LoadSTG_PSA_IAS_CERT_To_ASSETS_SUMMARY_BY_COMMISSIONTYPE_AND_PRODUCT/output/Log_Id">Log Id</operation>
                              <operation source="field"
                                         to="temp.mt_LoadSTG_PSA_IAS_CERT_To_ASSETS_SUMMARY_BY_COMMISSIONTYPE_AND_PRODUCT/output/Task_Id">Task Id</operation>
                              <operation source="field"
                                         to="temp.mt_LoadSTG_PSA_IAS_CERT_To_ASSETS_SUMMARY_BY_COMMISSIONTYPE_AND_PRODUCT/output/Task_Status">Task Status</operation>
                              <operation source="field"
                                         to="temp.mt_LoadSTG_PSA_IAS_CERT_To_ASSETS_SUMMARY_BY_COMMISSIONTYPE_AND_PRODUCT/output/Success_Source_Rows">Success Source Rows</operation>
                              <operation source="field"
                                         to="temp.mt_LoadSTG_PSA_IAS_CERT_To_ASSETS_SUMMARY_BY_COMMISSIONTYPE_AND_PRODUCT/output/Failed_Source_Rows">Failed Source Rows</operation>
                              <operation source="field"
                                         to="temp.mt_LoadSTG_PSA_IAS_CERT_To_ASSETS_SUMMARY_BY_COMMISSIONTYPE_AND_PRODUCT/output/Success_Target_Rows">Success Target Rows</operation>
                              <operation source="field"
                                         to="temp.mt_LoadSTG_PSA_IAS_CERT_To_ASSETS_SUMMARY_BY_COMMISSIONTYPE_AND_PRODUCT/output/Failed_Target_Rows">Failed Target Rows</operation>
                              <operation source="field"
                                         to="temp.mt_LoadSTG_PSA_IAS_CERT_To_ASSETS_SUMMARY_BY_COMMISSIONTYPE_AND_PRODUCT/output/Start_Time">Start Time</operation>
                              <operation source="field"
                                         to="temp.mt_LoadSTG_PSA_IAS_CERT_To_ASSETS_SUMMARY_BY_COMMISSIONTYPE_AND_PRODUCT/output/End_Time">End Time</operation>
                              <operation source="field"
                                         to="temp.mt_LoadSTG_PSA_IAS_CERT_To_ASSETS_SUMMARY_BY_COMMISSIONTYPE_AND_PRODUCT/output/Error_Message">Error Message</operation>
                              <operation source="field"
                                         to="temp.mt_LoadSTG_PSA_IAS_CERT_To_ASSETS_SUMMARY_BY_COMMISSIONTYPE_AND_PRODUCT/output/TotalTransErrors">Total Transformation Errors</operation>
                              <operation source="field"
                                         to="temp.mt_LoadSTG_PSA_IAS_CERT_To_ASSETS_SUMMARY_BY_COMMISSIONTYPE_AND_PRODUCT/output/FirstErrorCode">First Error Code</operation>
                              <operation source="field"
                                         to="temp.mt_LoadSTG_PSA_IAS_CERT_To_ASSETS_SUMMARY_BY_COMMISSIONTYPE_AND_PRODUCT/inout/io_PATH">io_PATH</operation>
                           </serviceOutput>
                        </service>
                        <events>
                           <catch faultField="temp.mt_LoadSTG_PSA_IAS_CERT_To_ASSETS_SUMMARY_BY_COMMISSIONTYPE_AND_PRODUCT/fault"
                                  id="l8ab58ru"
                                  interrupting="true"
                                  name="error">
                              <suspend/>
                           </catch>
                           <catch faultField="temp.mt_LoadSTG_PSA_IAS_CERT_To_ASSETS_SUMMARY_BY_COMMISSIONTYPE_AND_PRODUCT/fault"
                                  id="l8ab58rv"
                                  interrupting="true"
                                  name="warning"/>
                        </events>
                     </eventContainer>
                     <link id="l84q4wsw" targetId="l84q4wrx" type="containerLink"/>
                  </flow>
                  <flow id="l84q4wt4">
                     <eventContainer id="l8ab58uw">
                        <service id="l8ab58dc">
                           <title>mt_LoadSTG_PSA_IAPW_PORTAL_API_To_ASSETS_SUMMARY_BY_COMMISSIONTYPE</title>
                           <serviceName>ICSExecuteDataTask</serviceName>
                           <serviceGUID/>
                           <serviceInput>
                              <parameter name="Wait for Task to Complete" source="constant" updatable="true">true</parameter>
                              <parameter name="Max Wait" source="constant" updatable="true">604800</parameter>
                              <parameter name="Task Name" source="constant" updatable="true">mt_LoadSTG_PSA_IAPW_PORTAL_API_To_ASSETS_SUMMARY_BY_COMMISSIONTYPE</parameter>
                              <parameter name="GUID" source="constant" updatable="true">3fsuW2FYaX3jSXVQT6nJyO</parameter>
                              <parameter name="Task Type" source="constant" updatable="true">MCT</parameter>
                              <parameter name="Has Inout Parameters" source="constant" updatable="true">true</parameter>
                              <parameter name="taskField" source="nested">
                                 <operation source="field"
                                            to="mt-LoadSTG-PSA-IAPW-PORTAL-API-To-ASSETS-SUMMARY-BY-COMMISSIONTYPE">temp.mt_LoadSTG_PSA_IAPW_PORTAL_API_To_ASSETS_SUMMARY_BY_COMMISSIONTYPE</operation>
                              </parameter>
                           </serviceInput>
                           <serviceOutput>
                              <operation source="field"
                                         to="temp.mt_LoadSTG_PSA_IAPW_PORTAL_API_To_ASSETS_SUMMARY_BY_COMMISSIONTYPE/output/Object_Name">Object Name</operation>
                              <operation source="field"
                                         to="temp.mt_LoadSTG_PSA_IAPW_PORTAL_API_To_ASSETS_SUMMARY_BY_COMMISSIONTYPE/output/Run_Id">Run Id</operation>
                              <operation source="field"
                                         to="temp.mt_LoadSTG_PSA_IAPW_PORTAL_API_To_ASSETS_SUMMARY_BY_COMMISSIONTYPE/output/Log_Id">Log Id</operation>
                              <operation source="field"
                                         to="temp.mt_LoadSTG_PSA_IAPW_PORTAL_API_To_ASSETS_SUMMARY_BY_COMMISSIONTYPE/output/Task_Id">Task Id</operation>
                              <operation source="field"
                                         to="temp.mt_LoadSTG_PSA_IAPW_PORTAL_API_To_ASSETS_SUMMARY_BY_COMMISSIONTYPE/output/Task_Status">Task Status</operation>
                              <operation source="field"
                                         to="temp.mt_LoadSTG_PSA_IAPW_PORTAL_API_To_ASSETS_SUMMARY_BY_COMMISSIONTYPE/output/Success_Source_Rows">Success Source Rows</operation>
                              <operation source="field"
                                         to="temp.mt_LoadSTG_PSA_IAPW_PORTAL_API_To_ASSETS_SUMMARY_BY_COMMISSIONTYPE/output/Failed_Source_Rows">Failed Source Rows</operation>
                              <operation source="field"
                                         to="temp.mt_LoadSTG_PSA_IAPW_PORTAL_API_To_ASSETS_SUMMARY_BY_COMMISSIONTYPE/output/Success_Target_Rows">Success Target Rows</operation>
                              <operation source="field"
                                         to="temp.mt_LoadSTG_PSA_IAPW_PORTAL_API_To_ASSETS_SUMMARY_BY_COMMISSIONTYPE/output/Failed_Target_Rows">Failed Target Rows</operation>
                              <operation source="field"
                                         to="temp.mt_LoadSTG_PSA_IAPW_PORTAL_API_To_ASSETS_SUMMARY_BY_COMMISSIONTYPE/output/Start_Time">Start Time</operation>
                              <operation source="field"
                                         to="temp.mt_LoadSTG_PSA_IAPW_PORTAL_API_To_ASSETS_SUMMARY_BY_COMMISSIONTYPE/output/End_Time">End Time</operation>
                              <operation source="field"
                                         to="temp.mt_LoadSTG_PSA_IAPW_PORTAL_API_To_ASSETS_SUMMARY_BY_COMMISSIONTYPE/output/Error_Message">Error Message</operation>
                              <operation source="field"
                                         to="temp.mt_LoadSTG_PSA_IAPW_PORTAL_API_To_ASSETS_SUMMARY_BY_COMMISSIONTYPE/output/TotalTransErrors">Total Transformation Errors</operation>
                              <operation source="field"
                                         to="temp.mt_LoadSTG_PSA_IAPW_PORTAL_API_To_ASSETS_SUMMARY_BY_COMMISSIONTYPE/output/FirstErrorCode">First Error Code</operation>
                              <operation source="field"
                                         to="temp.mt_LoadSTG_PSA_IAPW_PORTAL_API_To_ASSETS_SUMMARY_BY_COMMISSIONTYPE/inout/io_PATH">io_PATH</operation>
                           </serviceOutput>
                        </service>
                        <events>
                           <catch faultField="temp.mt_LoadSTG_PSA_IAPW_PORTAL_API_To_ASSETS_SUMMARY_BY_COMMISSIONTYPE/fault"
                                  id="l8ab58uu"
                                  interrupting="true"
                                  name="error">
                              <suspend/>
                           </catch>
                           <catch faultField="temp.mt_LoadSTG_PSA_IAPW_PORTAL_API_To_ASSETS_SUMMARY_BY_COMMISSIONTYPE/fault"
                                  id="l8ab58uv"
                                  interrupting="true"
                                  name="warning"/>
                        </events>
                     </eventContainer>
                     <link id="l84q4wt5" targetId="l84q4wrx" type="containerLink"/>
                  </flow>
                  <link id="l84q4ws0" targetId="l84q4ws1" type="containerLink"/>
                  <link id="l84q4ws3" targetId="l84q4ws4" type="containerLink"/>
                  <link id="l84q4wsf" targetId="l84q4wsg" type="containerLink"/>
                  <link id="l84q4wsm" targetId="l84q4wsn" type="containerLink"/>
                  <link id="l84q4wsu" targetId="l84q4wsv" type="containerLink"/>
                  <link id="l84q4wt3" targetId="l84q4wt4" type="containerLink"/>
                  <link id="l89amjgd" targetId="l89amjgc"/>
               </container>
               <container id="l89amjgc" type="parallel">
                  <title>Parallel Paths 1</title>
                  <flow id="l89amjgg">
                     <subflow id="l8ab592z">
                        <title>tf_LoadDM_61_DM_STRATEGIC_Assest_Summary_ByProvince</title>
                        <subflowGUID>0oGhidFcXeqiuDgcDgXe4l</subflowGUID>
                        <subflowPath>tf_LoadDM_61_DM_STRATEGIC_Assest_Summary_ByProvince</subflowPath>
                        <runForEach>false</runForEach>
                        <input/>
                        <outputDef/>
                     </subflow>
                     <link id="l89amjgh" targetId="l89amjgc" type="containerLink"/>
                  </flow>
                  <flow id="l89amjgj">
                     <subflow id="l8ab593g">
                        <title>tf_LoadDM_61_DM_STRATEGIC_Assest_Summary_ByProduct</title>
                        <subflowGUID>jPIucWTqOiZbdp2OrA3Tqv</subflowGUID>
                        <subflowPath>tf_LoadDM_61_DM_STRATEGIC_Assest_Summary_ByProduct</subflowPath>
                        <runForEach>false</runForEach>
                        <input/>
                        <outputDef/>
                     </subflow>
                     <link id="l89amjgk" targetId="l89amjgc" type="containerLink"/>
                  </flow>
                  <flow id="l89amjgu">
                     <subflow id="l8ab593x">
                        <title>tf_LoadDM_61_STRATEGIC_Assest_Summary_ByCommissionType_And_Product</title>
                        <subflowGUID>jRb8CXbtK0cfmjeLerrkou</subflowGUID>
                        <subflowPath>tf_LoadDM_61_STRATEGIC_Assest_Summary_ByCommissionType_And_Product</subflowPath>
                        <runForEach>false</runForEach>
                        <input/>
                        <outputDef/>
                     </subflow>
                     <link id="l89amjgv" targetId="l89amjgc" type="containerLink"/>
                  </flow>
                  <flow id="l89amjh6">
                     <subflow id="l8ab594e">
                        <title>tf_LoadDM_61_STRATEGIC_Assests_Summary_ByCommissionType_Daily</title>
                        <subflowGUID>2Oa11snnEoQlEu5Ch0ppET</subflowGUID>
                        <subflowPath>tf_LoadDM_61_STRATEGIC_Assests_Summary_ByCommissionType_Daily</subflowPath>
                        <runForEach>false</runForEach>
                        <input/>
                        <outputDef/>
                     </subflow>
                     <link id="l89amjh7" targetId="l89amjgc" type="containerLink"/>
                  </flow>
                  <flow id="l89amjhj">
                     <subflow id="l8ab594v">
                        <title>tf_LoadDM_61_DM_STRATEGIC_Assest_Summary_ByAccountType</title>
                        <subflowGUID>5DbRol2SUGXcKxP9sV7Xwe</subflowGUID>
                        <subflowPath>tf_LoadDM_61_DM_STRATEGIC_Assest_Summary_ByAccountType</subflowPath>
                        <runForEach>false</runForEach>
                        <input/>
                        <outputDef/>
                     </subflow>
                     <link id="l89amjhk" targetId="l89amjgc" type="containerLink"/>
                  </flow>
                  <flow id="l89amjhx">
                     <subflow id="l8ab595c">
                        <title>tf_LoadDM_61_STRATEGIC_Accounts_Clients_Summary_Daily</title>
                        <subflowGUID>i5Dr9c5vcAgd1iAveZLBIs</subflowGUID>
                        <subflowPath>tf_LoadDM_61_STRATEGIC_Accounts_Clients_Summary_Daily</subflowPath>
                        <runForEach>false</runForEach>
                        <input/>
                        <outputDef/>
                     </subflow>
                     <link id="l89amjhy" targetId="l89amjgc" type="containerLink"/>
                  </flow>
                  <link id="l89amjgf" targetId="l89amjgg" type="containerLink"/>
                  <link id="l89amjgi" targetId="l89amjgj" type="containerLink"/>
                  <link id="l89amjgt" targetId="l89amjgu" type="containerLink"/>
                  <link id="l89amjh5" targetId="l89amjh6" type="containerLink"/>
                  <link id="l89amjhi" targetId="l89amjhj" type="containerLink"/>
                  <link id="l89amjhw" targetId="l89amjhx" type="containerLink"/>
                  <link id="l89amjge" targetId="c"/>
               </container>
               <end id="c"/>
            </flow>
            <dependencies>
               <processObject xmlns="http://schemas.active-endpoints.com/appmodules/screenflow/2011/06/avosHostEnvironment.xsd"
                              displayName="mt-LoadSTG-PSA-IAPW-PORTAL-API-To-ACCOUNTS-CLIENTS-SUMMARY"
                              isByCopy="true"
                              name="mt-LoadSTG-PSA-IAPW-PORTAL-API-To-ACCOUNTS-CLIENTS-SUMMARY">
                  <description/>
                  <tags/>
                  <detail>
                     <field label="InOut Parameters"
                            name="inout"
                            nullable="true"
                            required="false"
                            type="reference"/>
                     <field label="TaskProperties Parameters"
                            name="taskProperties"
                            nullable="true"
                            required="false"
                            type="reference"/>
                     <field label="Output Parameters"
                            name="output"
                            nullable="true"
                            required="false"
                            type="reference"/>
                     <field label="Fault"
                            name="fault"
                            nullable="true"
                            required="false"
                            type="reference"/>
                  </detail>
               </processObject>
               <processObject xmlns="http://schemas.active-endpoints.com/appmodules/screenflow/2011/06/avosHostEnvironment.xsd"
                              displayName="mt-LoadSTG-PSA-IAW-PORTAL-API-To-ASSETS-SUMMARY-BYPROVINCE"
                              isByCopy="true"
                              name="mt-LoadSTG-PSA-IAW-PORTAL-API-To-ASSETS-SUMMARY-BYPROVINCE">
                  <description/>
                  <tags/>
                  <detail>
                     <field label="InOut Parameters"
                            name="inout"
                            nullable="true"
                            required="false"
                            type="reference"/>
                     <field label="TaskProperties Parameters"
                            name="taskProperties"
                            nullable="true"
                            required="false"
                            type="reference"/>
                     <field label="Output Parameters"
                            name="output"
                            nullable="true"
                            required="false"
                            type="reference"/>
                     <field label="Fault"
                            name="fault"
                            nullable="true"
                            required="false"
                            type="reference"/>
                  </detail>
               </processObject>
               <processObject xmlns="http://schemas.active-endpoints.com/appmodules/screenflow/2011/06/avosHostEnvironment.xsd"
                              displayName="mt-LoadSTG-PSA-IAW-PORTAL-API-To-ASSETS-SUMMARY-BYACCOUNTTYPE"
                              isByCopy="true"
                              name="mt-LoadSTG-PSA-IAW-PORTAL-API-To-ASSETS-SUMMARY-BYACCOUNTTYPE">
                  <description/>
                  <tags/>
                  <detail>
                     <field label="InOut Parameters"
                            name="inout"
                            nullable="true"
                            required="false"
                            type="reference"/>
                     <field label="TaskProperties Parameters"
                            name="taskProperties"
                            nullable="true"
                            required="false"
                            type="reference"/>
                     <field label="Output Parameters"
                            name="output"
                            nullable="true"
                            required="false"
                            type="reference"/>
                     <field label="Fault"
                            name="fault"
                            nullable="true"
                            required="false"
                            type="reference"/>
                  </detail>
               </processObject>
               <processObject xmlns="http://schemas.active-endpoints.com/appmodules/screenflow/2011/06/avosHostEnvironment.xsd"
                              displayName="mt-LoadSTG-PSA-IAW-PORTAL-API-To-ASSETS-SUMMARY-BYPRODUCT"
                              isByCopy="true"
                              name="mt-LoadSTG-PSA-IAW-PORTAL-API-To-ASSETS-SUMMARY-BYPRODUCT">
                  <description/>
                  <tags/>
                  <detail>
                     <field label="InOut Parameters"
                            name="inout"
                            nullable="true"
                            required="false"
                            type="reference"/>
                     <field label="TaskProperties Parameters"
                            name="taskProperties"
                            nullable="true"
                            required="false"
                            type="reference"/>
                     <field label="Output Parameters"
                            name="output"
                            nullable="true"
                            required="false"
                            type="reference"/>
                     <field label="Fault"
                            name="fault"
                            nullable="true"
                            required="false"
                            type="reference"/>
                  </detail>
               </processObject>
               <processObject xmlns="http://schemas.active-endpoints.com/appmodules/screenflow/2011/06/avosHostEnvironment.xsd"
                              displayName="mt-LoadSTG-PSA-IAS-CERT-To-ASSETS-SUMMARY-BY-COMMISSIONTYPE-AND-PRODUCT"
                              isByCopy="true"
                              name="mt-LoadSTG-PSA-IAS-CERT-To-ASSETS-SUMMARY-BY-COMMISSIONTYPE-AND-PRODUCT">
                  <description/>
                  <tags/>
                  <detail>
                     <field label="InOut Parameters"
                            name="inout"
                            nullable="true"
                            required="false"
                            type="reference"/>
                     <field label="TaskProperties Parameters"
                            name="taskProperties"
                            nullable="true"
                            required="false"
                            type="reference"/>
                     <field label="Output Parameters"
                            name="output"
                            nullable="true"
                            required="false"
                            type="reference"/>
                     <field label="Fault"
                            name="fault"
                            nullable="true"
                            required="false"
                            type="reference"/>
                  </detail>
               </processObject>
               <processObject xmlns="http://schemas.active-endpoints.com/appmodules/screenflow/2011/06/avosHostEnvironment.xsd"
                              displayName="mt-LoadSTG-PSA-IAPW-PORTAL-API-To-ASSETS-SUMMARY-BY-COMMISSIONTYPE"
                              isByCopy="true"
                              name="mt-LoadSTG-PSA-IAPW-PORTAL-API-To-ASSETS-SUMMARY-BY-COMMISSIONTYPE">
                  <description/>
                  <tags/>
                  <detail>
                     <field label="InOut Parameters"
                            name="inout"
                            nullable="true"
                            required="false"
                            type="reference"/>
                     <field label="TaskProperties Parameters"
                            name="taskProperties"
                            nullable="true"
                            required="false"
                            type="reference"/>
                     <field label="Output Parameters"
                            name="output"
                            nullable="true"
                            required="false"
                            type="reference"/>
                     <field label="Fault"
                            name="fault"
                            nullable="true"
                            required="false"
                            type="reference"/>
                  </detail>
               </processObject>
               <processObject xmlns="http://schemas.active-endpoints.com/appmodules/screenflow/2011/06/avosHostEnvironment.xsd"
                              displayName="InternalInfaSubTaskflowField"
                              isByCopy="true"
                              name="InternalInfaSubTaskflowField">
                  <description>This process object represents a subtaskflow type reference field.</description>
                  <tags/>
                  <detail/>
               </processObject>
            </dependencies>
         </taskflow>
      </types1:Entry>
      <types1:GUID>0Ty41gsIMOeezimofitVkP</types1:GUID>
      <types1:DisplayName>tf_LoadSTG_DM_10-61_IAPW_PORTAL_API_to_DM_STRATEGIC_FIRM</types1:DisplayName>
   </types1:Item>
   <types1:CurrentServerDateTime>2023-03-08T18:46:31.284Z</types1:CurrentServerDateTime>
</aetgt:getResponse>
