<aetgt:getResponse xmlns:aetgt="http://schemas.active-endpoints.com/appmodules/repository/2010/10/avrepository.xsd"
                   xmlns:types1="http://schemas.active-endpoints.com/appmodules/repository/2010/10/avrepository.xsd">
   <types1:Item>
      <types1:EntryId>gqsTSicjumf6S3w-gt-31386167-2021-07-28T19:27:04.111Z::tf.xml</types1:EntryId>
      <types1:Name>tf_LoadDM_60_Shared_DimAccounts</types1:Name>
      <types1:MimeType>application/xml+taskflow</types1:MimeType>
      <types1:Description/>
      <types1:AppliesTo/>
      <types1:Tags/>
      <types1:VersionLabel>1.0</types1:VersionLabel>
      <types1:State>CURRENT</types1:State>
      <types1:ProcessGroup/>
      <types1:CreatedBy>vinita.singh.adm@ia.ca.SAML</types1:CreatedBy>
      <types1:CreationDate>2021-07-28T19:27:04Z</types1:CreationDate>
      <types1:ModifiedBy>jihed.laamiri.adm@ia.ca.SAML</types1:ModifiedBy>
      <types1:ModificationDate>2022-06-15T15:52:40Z</types1:ModificationDate>
      <types1:PublicationStatus>published</types1:PublicationStatus>
      <types1:PublishedBy>jihed.laamiri.adm@ia.ca.SAML</types1:PublishedBy>
      <types1:PublicationDate>2022-07-04T13:48:03Z</types1:PublicationDate>
      <types1:PublishedContributionId>project:/tf.tf_LoadDM_60_Shared_DimAccounts/tf_LoadDM_60_Shared_DimAccounts.tf.xml</types1:PublishedContributionId>
      <types1:AutosaveExists>false</types1:AutosaveExists>
      <types1:Entry>
         <taskflow xmlns="http://schemas.active-endpoints.com/appmodules/screenflow/2010/10/avosScreenflow.xsd"
                   xmlns:tfm="http://schemas.active-endpoints.com/appmodules/screenflow/2021/04/taskflowModel.xsd"
                   xmlns:list="urn:activevos:spi:list:functions"
                   displayName="tf_LoadDM_60_Shared_DimAccounts"
                   name="tf_LoadDM_60_Shared_DimAccounts"
                   overrideAPIName="false">
            <parameterSet xmlns="http://schemas.active-endpoints.com/appmodules/screenflow/2021/04/taskflowModel.xsd"/>
            <appliesTo/>
            <description/>
            <tags/>
            <generator>Informatica Process Designer 11</generator>
            <tempFields>
               <field description="" name="mt_audit_startJob_NextDate" type="reference">
                  <options>
                     <option name="referenceTo">$po:mt-audit-startJob-NextDate</option>
                     <option name="failOnNotRun">false</option>
                     <option name="failOnFault">false</option>
                  </options>
               </field>
               <field description="" name="mt_audit_EndJob" type="reference">
                  <options>
                     <option name="referenceTo">$po:mt-audit-EndJob</option>
                     <option name="failOnNotRun">false</option>
                     <option name="failOnFault">false</option>
                  </options>
               </field>
               <field description=""
                      name="mt_LoadDM_DM_Wt_To_DM_DimAccounts_Close"
                      type="reference">
                  <options>
                     <option name="failOnNotRun">false</option>
                     <option name="failOnFault">false</option>
                     <option name="referenceTo">$po:mt-LoadDM-DM-Wt-To-DM-DimAccounts-Close</option>
                  </options>
               </field>
               <field description="" name="temp_JobName" type="string">
                  <options>
                     <option name="required">false</option>
                  </options>
               </field>
               <field description="" name="temp_tf_Audit_ID" type="string">
                  <options>
                     <option name="required">false</option>
                  </options>
               </field>
               <field description="" name="temp_dataStartDate" type="date">
                  <options>
                     <option name="required">false</option>
                  </options>
               </field>
               <field description=""
                      name="mt_LoadDM_RDV_BDV_NBIN_Shared_To_DM_Wt_DimAccount"
                      type="reference">
                  <options>
                     <option name="referenceTo">$po:mt-LoadDM-RDV-BDV-NBIN-Shared-To-DM-Wt-DimAccount</option>
                     <option name="failOnNotRun">false</option>
                     <option name="failOnFault">false</option>
                  </options>
               </field>
               <field description=""
                      name="mt_LoadDM_RDV_BDV_IAS_Shared_To_DM_Wt_DimAccount"
                      type="reference">
                  <options>
                     <option name="failOnNotRun">false</option>
                     <option name="failOnFault">false</option>
                     <option name="referenceTo">$po:mt-LoadDM-RDV-BDV-IAS-Shared-To-DM-Wt-DimAccount</option>
                  </options>
               </field>
               <field description=""
                      name="mt_LoadDM_RDV_BDV_INVESTIA_UNIVERIS_Shared_To_DM_Wt_DimClients"
                      type="reference">
                  <options>
                     <option name="failOnNotRun">false</option>
                     <option name="failOnFault">false</option>
                     <option name="referenceTo">$po:mt-LoadDM-RDV-BDV-INVESTIA-Shared-To-DM-Wt-DimAccount</option>
                  </options>
               </field>
               <field description=""
                      name="mt_LoadDM_DM_Wt_To_DM_DimAccounts_Insert"
                      type="reference">
                  <options>
                     <option name="failOnNotRun">false</option>
                     <option name="failOnFault">false</option>
                     <option name="referenceTo">$po:mt-LoadDM-DM-Wt-To-DM-DimAccounts-Insert</option>
                  </options>
               </field>
            </tempFields>
            <notes/>
            <deployment suspendOnFault="false" tracingLevel="verbose">
               <rest/>
            </deployment>
            <flow id="a">
               <start id="b">
                  <link id="kgblmv8d" targetId="kgblmv8c"/>
               </start>
               <assignment id="kgblmv8c">
                  <title>asgn_StartJob_Parameters</title>
                  <operation source="formula" to="temp.temp_JobName">
                     <expression language="XQuery">fn:concat("'",util:getAssetName(),"'")</expression>
                  </operation>
                  <operation source="formula" to="temp.temp_tf_Audit_ID">
                     <expression language="XQuery">fn:concat("'",util:getAssetName(),"-", util:getProcessId(),"'")</expression>
                  </operation>
                  <operation source="constant"
                             to="temp.mt_audit_startJob_NextDate[1]/inout[1]/io_DataStartDate">01/01/2000 00:00:00.000000000</operation>
                  <operation source="constant"
                             to="temp.mt_audit_startJob_NextDate[1]/inout[1]/io_Result">ERROR</operation>
                  <link id="kgblmv8e" targetId="kgblmv8y"/>
               </assignment>
               <assignment id="km5mmp8v">
                  <title>asgn_DataStartDate</title>
                  <operation source="formula" to="temp.temp_dataStartDate">
                     <expression language="XQuery">fn:concat("'",date:toChar(date:toDate($temp.mt_audit_startJob_NextDate[1]/inout[1]/io_DataStartDate , 'MM/DD/YYYY 00:00:00.000000000'),'YYYY-MM-DD'),"'")</expression>
                  </operation>
                  <link id="km5mmp8x" targetId="klwokcvj"/>
               </assignment>
               <eventContainer id="kgblmv8y">
                  <service id="kgblmv86">
                     <title>mt_audit_startJob_NextDate</title>
                     <serviceName>ICSExecuteDataTask</serviceName>
                     <serviceGUID/>
                     <serviceInput>
                        <parameter name="Wait for Task to Complete" source="constant" updatable="true">true</parameter>
                        <parameter name="Max Wait" source="constant" updatable="true">604800</parameter>
                        <parameter name="Task Name" source="constant" updatable="true">mt_audit_startJob_NextDate</parameter>
                        <parameter name="GUID" source="constant" updatable="true">7P3zrnhJjU3kiJStOFIWgB</parameter>
                        <parameter name="Task Type" source="constant" updatable="true">MCT</parameter>
                        <parameter name="Has Inout Parameters" source="constant" updatable="true">true</parameter>
                        <parameter name="taskField" source="nested">
                           <operation source="field" to="mt-audit-startJob-NextDate">temp.mt_audit_startJob_NextDate</operation>
                           <operation source="field" to="mt-audit-startJob-NextDate/inout[1]/io_auditID">temp.temp_tf_Audit_ID
                           
                           <expression language="XQuery">fn:concat("'",fn:replace($temp.mt_audit_startJob_NextDate[1]/inout[1]/io_jobName , "'", ""),"-", util:getProcessId(),"'")</expression>
                           </operation>
                           <operation source="field" to="mt-audit-startJob-NextDate/inout[1]/io_jobName">temp.temp_JobName</operation>
                        </parameter>
                     </serviceInput>
                     <serviceOutput>
                        <operation source="field" to="temp.mt_audit_startJob_NextDate/output/Object_Name">Object Name</operation>
                        <operation source="field" to="temp.mt_audit_startJob_NextDate/output/Run_Id">Run Id</operation>
                        <operation source="field" to="temp.mt_audit_startJob_NextDate/output/Log_Id">Log Id</operation>
                        <operation source="field" to="temp.mt_audit_startJob_NextDate/output/Task_Id">Task Id</operation>
                        <operation source="field" to="temp.mt_audit_startJob_NextDate/output/Task_Status">Task Status</operation>
                        <operation source="field"
                                   to="temp.mt_audit_startJob_NextDate/output/Success_Source_Rows">Success Source Rows</operation>
                        <operation source="field"
                                   to="temp.mt_audit_startJob_NextDate/output/Failed_Source_Rows">Failed Source Rows</operation>
                        <operation source="field"
                                   to="temp.mt_audit_startJob_NextDate/output/Success_Target_Rows">Success Target Rows</operation>
                        <operation source="field"
                                   to="temp.mt_audit_startJob_NextDate/output/Failed_Target_Rows">Failed Target Rows</operation>
                        <operation source="field" to="temp.mt_audit_startJob_NextDate/output/Start_Time">Start Time</operation>
                        <operation source="field" to="temp.mt_audit_startJob_NextDate/output/End_Time">End Time</operation>
                        <operation source="field"
                                   to="temp.mt_audit_startJob_NextDate/output/Error_Message">Error Message</operation>
                        <operation source="field" to="temp.mt_audit_startJob_NextDate/inout/io_jobName">io_jobName</operation>
                        <operation source="field" to="temp.mt_audit_startJob_NextDate/inout/io_auditID">io_auditID</operation>
                        <operation source="field" to="temp.mt_audit_startJob_NextDate/inout/io_Result">io_Result</operation>
                        <operation source="field"
                                   to="temp.mt_audit_startJob_NextDate/inout/io_DataStartDate">io_DataStartDate</operation>
                     </serviceOutput>
                  </service>
                  <link id="km5mmp8w" targetId="km5mmp8v"/>
                  <events>
                     <catch faultField="temp.mt_audit_startJob_NextDate/fault"
                            id="kgblmv8w"
                            interrupting="true"
                            name="error">
                        <suspend/>
                     </catch>
                     <catch faultField="temp.mt_audit_startJob_NextDate/fault"
                            id="kgblmv8x"
                            interrupting="true"
                            name="warning"/>
                  </events>
               </eventContainer>
               <eventContainer id="kgblmva4">
                  <service id="kgblmv9h">
                     <title>mt_audit_EndJob</title>
                     <serviceName>ICSExecuteDataTask</serviceName>
                     <serviceGUID/>
                     <serviceInput>
                        <parameter name="Wait for Task to Complete" source="constant" updatable="true">true</parameter>
                        <parameter name="Max Wait" source="constant" updatable="true">604800</parameter>
                        <parameter name="Task Name" source="constant" updatable="true">mt_audit_EndJob</parameter>
                        <parameter name="GUID" source="constant" updatable="true">9i0Sigr271Elvmr6JfVNo0</parameter>
                        <parameter name="Task Type" source="constant" updatable="true">MCT</parameter>
                        <parameter name="Has Inout Parameters" source="constant" updatable="true">true</parameter>
                        <parameter name="taskField" source="nested">
                           <operation source="field" to="mt-audit-EndJob">temp.mt_audit_EndJob</operation>
                           <operation source="field" to="mt-audit-EndJob/inout[1]/io_jobAuditID">temp.temp_tf_Audit_ID</operation>
                           <operation source="constant" to="mt-audit-EndJob/inout[1]/io_jobEndDesc">Successful execution</operation>
                           <operation source="constant" to="mt-audit-EndJob/inout[1]/io_jobEndStatus">SUCCESS</operation>
                           <operation source="field" to="mt-audit-EndJob/inout[1]/io_jobName">temp.temp_JobName</operation>
                           <operation source="field" to="mt-audit-EndJob/inout[1]/io_jobStartDate">temp.temp_dataStartDate</operation>
                        </parameter>
                     </serviceInput>
                     <serviceOutput>
                        <operation source="field" to="temp.mt_audit_EndJob/output/Object_Name">Object Name</operation>
                        <operation source="field" to="temp.mt_audit_EndJob/output/Run_Id">Run Id</operation>
                        <operation source="field" to="temp.mt_audit_EndJob/output/Log_Id">Log Id</operation>
                        <operation source="field" to="temp.mt_audit_EndJob/output/Task_Id">Task Id</operation>
                        <operation source="field" to="temp.mt_audit_EndJob/output/Task_Status">Task Status</operation>
                        <operation source="field" to="temp.mt_audit_EndJob/output/Success_Source_Rows">Success Source Rows</operation>
                        <operation source="field" to="temp.mt_audit_EndJob/output/Failed_Source_Rows">Failed Source Rows</operation>
                        <operation source="field" to="temp.mt_audit_EndJob/output/Success_Target_Rows">Success Target Rows</operation>
                        <operation source="field" to="temp.mt_audit_EndJob/output/Failed_Target_Rows">Failed Target Rows</operation>
                        <operation source="field" to="temp.mt_audit_EndJob/output/Start_Time">Start Time</operation>
                        <operation source="field" to="temp.mt_audit_EndJob/output/End_Time">End Time</operation>
                        <operation source="field" to="temp.mt_audit_EndJob/output/Error_Message">Error Message</operation>
                        <operation source="field" to="temp.mt_audit_EndJob/inout/io_Result">io_Result</operation>
                        <operation source="field" to="temp.mt_audit_EndJob/inout/io_jobName">io_jobName</operation>
                        <operation source="field" to="temp.mt_audit_EndJob/inout/io_jobAuditID">io_jobAuditID</operation>
                        <operation source="field" to="temp.mt_audit_EndJob/inout/io_jobStartDate">io_jobStartDate</operation>
                        <operation source="field" to="temp.mt_audit_EndJob/inout/io_jobEndStatus">io_jobEndStatus</operation>
                        <operation source="field" to="temp.mt_audit_EndJob/inout/io_jobEndDesc">io_jobEndDesc</operation>
                     </serviceOutput>
                  </service>
                  <link id="kgblmv9j" targetId="c"/>
                  <events>
                     <catch faultField="temp.mt_audit_EndJob/fault"
                            id="kgblmva2"
                            interrupting="true"
                            name="error">
                        <suspend/>
                     </catch>
                     <catch faultField="temp.mt_audit_EndJob/fault"
                            id="kgblmva3"
                            interrupting="true"
                            name="warning"/>
                  </events>
               </eventContainer>
               <container id="klwokcvj" type="exclusive">
                  <title>dcn_StartJob_Result</title>
                  <flow id="klwokcvn">
                     <container id="kon8yoon" type="parallel">
                        <title>Parallel WT loading</title>
                        <flow id="kon8yooq">
                           <eventContainer id="l074g43j">
                              <service id="kon8yop1">
                                 <title>mt_LoadDM_RDV_BDV_NBIN_Shared_To_DM_Wt_DimAccount</title>
                                 <serviceName>ICSExecuteDataTask</serviceName>
                                 <serviceGUID/>
                                 <serviceInput>
                                    <parameter name="Wait for Task to Complete" source="constant" updatable="true">true</parameter>
                                    <parameter name="Max Wait" source="constant" updatable="true">604800</parameter>
                                    <parameter name="Task Name" source="constant" updatable="true">mt_LoadDM_RDV_BDV_NBIN_Shared_To_DM_Wt_DimAccount</parameter>
                                    <parameter name="GUID" source="constant" updatable="true">eUoKk2kSUC4kAPCJ8Zjsu4</parameter>
                                    <parameter name="Task Type" source="constant" updatable="true">MCT</parameter>
                                    <parameter name="Has Inout Parameters" source="constant" updatable="true">false</parameter>
                                    <parameter name="taskField" source="nested">
                                       <operation source="field" to="mt-LoadDM-RDV-BDV-NBIN-Shared-To-DM-Wt-DimAccount">temp.mt_LoadDM_RDV_BDV_NBIN_Shared_To_DM_Wt_DimAccount</operation>
                                       <operation source="field"
                                                  to="mt-LoadDM-RDV-BDV-NBIN-Shared-To-DM-Wt-DimAccount/input[1]/i_DATA_START_DATE">temp.temp_dataStartDate</operation>
                                       <operation source="field"
                                                  to="mt-LoadDM-RDV-BDV-NBIN-Shared-To-DM-Wt-DimAccount/inout[1]/io_tf_Audit_ID">temp.temp_tf_Audit_ID</operation>
                                       <operation source="field"
                                                  to="temp.mt_LoadDM_RDV_BDV_NBIN_Shared_To_DM_Wt_DimAccount[1]/input[1]/i_DATA_START_DATE">temp.temp_dataStartDate</operation>
                                    </parameter>
                                 </serviceInput>
                                 <serviceOutput>
                                    <operation source="field"
                                               to="temp.mt_LoadDM_RDV_BDV_NBIN_Shared_To_DM_Wt_DimAccount/output/Object_Name">Object Name</operation>
                                    <operation source="field"
                                               to="temp.mt_LoadDM_RDV_BDV_NBIN_Shared_To_DM_Wt_DimAccount/output/Run_Id">Run Id</operation>
                                    <operation source="field"
                                               to="temp.mt_LoadDM_RDV_BDV_NBIN_Shared_To_DM_Wt_DimAccount/output/Log_Id">Log Id</operation>
                                    <operation source="field"
                                               to="temp.mt_LoadDM_RDV_BDV_NBIN_Shared_To_DM_Wt_DimAccount/output/Task_Id">Task Id</operation>
                                    <operation source="field"
                                               to="temp.mt_LoadDM_RDV_BDV_NBIN_Shared_To_DM_Wt_DimAccount/output/Task_Status">Task Status</operation>
                                    <operation source="field"
                                               to="temp.mt_LoadDM_RDV_BDV_NBIN_Shared_To_DM_Wt_DimAccount/output/Success_Source_Rows">Success Source Rows</operation>
                                    <operation source="field"
                                               to="temp.mt_LoadDM_RDV_BDV_NBIN_Shared_To_DM_Wt_DimAccount/output/Failed_Source_Rows">Failed Source Rows</operation>
                                    <operation source="field"
                                               to="temp.mt_LoadDM_RDV_BDV_NBIN_Shared_To_DM_Wt_DimAccount/output/Success_Target_Rows">Success Target Rows</operation>
                                    <operation source="field"
                                               to="temp.mt_LoadDM_RDV_BDV_NBIN_Shared_To_DM_Wt_DimAccount/output/Failed_Target_Rows">Failed Target Rows</operation>
                                    <operation source="field"
                                               to="temp.mt_LoadDM_RDV_BDV_NBIN_Shared_To_DM_Wt_DimAccount/output/Start_Time">Start Time</operation>
                                    <operation source="field"
                                               to="temp.mt_LoadDM_RDV_BDV_NBIN_Shared_To_DM_Wt_DimAccount/output/End_Time">End Time</operation>
                                    <operation source="field"
                                               to="temp.mt_LoadDM_RDV_BDV_NBIN_Shared_To_DM_Wt_DimAccount/output/Error_Message">Error Message</operation>
                                    <operation source="field"
                                               to="temp.mt_LoadDM_RDV_BDV_NBIN_Shared_To_DM_Wt_DimAccount/output/TotalTransErrors">Total Transformation Errors</operation>
                                    <operation source="field"
                                               to="temp.mt_LoadDM_RDV_BDV_NBIN_Shared_To_DM_Wt_DimAccount/output/FirstErrorCode">First Error Code</operation>
                                 </serviceOutput>
                              </service>
                              <events>
                                 <catch faultField="temp.mt_LoadDM_RDV_BDV_NBIN_Shared_To_DM_Wt_DimAccount/fault"
                                        id="l074g43h"
                                        interrupting="true"
                                        name="error">
                                    <suspend/>
                                 </catch>
                                 <catch faultField="temp.mt_LoadDM_RDV_BDV_NBIN_Shared_To_DM_Wt_DimAccount/fault"
                                        id="l074g43i"
                                        interrupting="true"
                                        name="warning"/>
                              </events>
                           </eventContainer>
                           <link id="kon8yoor" targetId="kon8yoon" type="containerLink"/>
                        </flow>
                        <flow id="kon8yoot">
                           <eventContainer id="kon8yoq9">
                              <service id="kon8yopf">
                                 <title>mt_LoadDM_RDV_BDV_IAS_Shared_To_DM_Wt_DimAccount</title>
                                 <serviceName>ICSExecuteDataTask</serviceName>
                                 <serviceGUID/>
                                 <serviceInput>
                                    <parameter name="Wait for Task to Complete" source="constant" updatable="true">true</parameter>
                                    <parameter name="Max Wait" source="constant" updatable="true">604800</parameter>
                                    <parameter name="Task Name" source="constant" updatable="true">mt_LoadDM_RDV_BDV_IAS_Shared_To_DM_Wt_DimAccount</parameter>
                                    <parameter name="GUID" source="constant" updatable="true">7jnZhaoQRmygtzZAiswOQi</parameter>
                                    <parameter name="Task Type" source="constant" updatable="true">MCT</parameter>
                                    <parameter name="Has Inout Parameters" source="constant" updatable="true">false</parameter>
                                    <parameter name="taskField" source="nested">
                                       <operation source="field" to="mt-LoadDM-RDV-BDV-IAS-Shared-To-DM-Wt-DimAccount">temp.mt_LoadDM_RDV_BDV_IAS_Shared_To_DM_Wt_DimAccount</operation>
                                       <operation source="field"
                                                  to="mt-LoadDM-RDV-BDV-IAS-Shared-To-DM-Wt-DimAccount/input[1]/i_DATA_START_DATE">temp.temp_dataStartDate</operation>
                                       <operation source="field"
                                                  to="mt-LoadDM-RDV-BDV-IAS-Shared-To-DM-Wt-DimAccount/inout[1]/io_tf_Audit_ID">temp.temp_tf_Audit_ID</operation>
                                       <operation source="field"
                                                  to="temp.mt_LoadDM_RDV_BDV_IAS_Shared_To_DM_Wt_DimAccount[1]/input[1]/i_DATA_START_DATE">temp.temp_dataStartDate</operation>
                                    </parameter>
                                 </serviceInput>
                                 <serviceOutput>
                                    <operation source="field"
                                               to="temp.mt_LoadDM_RDV_BDV_IAS_Shared_To_DM_Wt_DimAccount/output/Object_Name">Object Name</operation>
                                    <operation source="field"
                                               to="temp.mt_LoadDM_RDV_BDV_IAS_Shared_To_DM_Wt_DimAccount/output/Run_Id">Run Id</operation>
                                    <operation source="field"
                                               to="temp.mt_LoadDM_RDV_BDV_IAS_Shared_To_DM_Wt_DimAccount/output/Log_Id">Log Id</operation>
                                    <operation source="field"
                                               to="temp.mt_LoadDM_RDV_BDV_IAS_Shared_To_DM_Wt_DimAccount/output/Task_Id">Task Id</operation>
                                    <operation source="field"
                                               to="temp.mt_LoadDM_RDV_BDV_IAS_Shared_To_DM_Wt_DimAccount/output/Task_Status">Task Status</operation>
                                    <operation source="field"
                                               to="temp.mt_LoadDM_RDV_BDV_IAS_Shared_To_DM_Wt_DimAccount/output/Success_Source_Rows">Success Source Rows</operation>
                                    <operation source="field"
                                               to="temp.mt_LoadDM_RDV_BDV_IAS_Shared_To_DM_Wt_DimAccount/output/Failed_Source_Rows">Failed Source Rows</operation>
                                    <operation source="field"
                                               to="temp.mt_LoadDM_RDV_BDV_IAS_Shared_To_DM_Wt_DimAccount/output/Success_Target_Rows">Success Target Rows</operation>
                                    <operation source="field"
                                               to="temp.mt_LoadDM_RDV_BDV_IAS_Shared_To_DM_Wt_DimAccount/output/Failed_Target_Rows">Failed Target Rows</operation>
                                    <operation source="field"
                                               to="temp.mt_LoadDM_RDV_BDV_IAS_Shared_To_DM_Wt_DimAccount/output/Start_Time">Start Time</operation>
                                    <operation source="field"
                                               to="temp.mt_LoadDM_RDV_BDV_IAS_Shared_To_DM_Wt_DimAccount/output/End_Time">End Time</operation>
                                    <operation source="field"
                                               to="temp.mt_LoadDM_RDV_BDV_IAS_Shared_To_DM_Wt_DimAccount/output/Error_Message">Error Message</operation>
                                    <operation source="field"
                                               to="temp.mt_LoadDM_RDV_BDV_IAS_Shared_To_DM_Wt_DimAccount/output/TotalTransErrors">Total Transformation Errors</operation>
                                    <operation source="field"
                                               to="temp.mt_LoadDM_RDV_BDV_IAS_Shared_To_DM_Wt_DimAccount/output/FirstErrorCode">First Error Code</operation>
                                 </serviceOutput>
                              </service>
                              <events>
                                 <catch faultField="temp.mt_LoadDM_RDV_BDV_IAS_Shared_To_DM_Wt_DimAccount/fault"
                                        id="kon8yoq7"
                                        interrupting="true"
                                        name="error">
                                    <suspend/>
                                 </catch>
                                 <catch faultField="temp.mt_LoadDM_RDV_BDV_IAS_Shared_To_DM_Wt_DimAccount/fault"
                                        id="kon8yoq8"
                                        interrupting="true"
                                        name="warning"/>
                              </events>
                           </eventContainer>
                           <link id="kon8yoou" targetId="kon8yoon" type="containerLink"/>
                        </flow>
                        <flow id="ksgcrqvq">
                           <eventContainer id="ksgcrqww">
                              <service id="ksgcrqw6">
                                 <title>mt_LoadDM_RDV_BDV_INVESTIA_UNIVERIS_Shared_To_DM_Wt_DimClients</title>
                                 <serviceName>ICSExecuteDataTask</serviceName>
                                 <serviceGUID/>
                                 <serviceInput>
                                    <parameter name="Wait for Task to Complete" source="constant" updatable="true">true</parameter>
                                    <parameter name="Max Wait" source="constant" updatable="true">604800</parameter>
                                    <parameter name="Task Name" source="constant" updatable="true">mt_LoadDM_RDV_BDV_INVESTIA_Shared_To_DM_Wt_DimAccount</parameter>
                                    <parameter name="GUID" source="constant" updatable="true">ausYchKmOEclgVebbhD3EN</parameter>
                                    <parameter name="Task Type" source="constant" updatable="true">MCT</parameter>
                                    <parameter name="Has Inout Parameters" source="constant" updatable="true">false</parameter>
                                    <parameter name="taskField" source="nested">
                                       <operation source="field"
                                                  to="mt-LoadDM-RDV-BDV-INVESTIA-Shared-To-DM-Wt-DimAccount">temp.mt_LoadDM_RDV_BDV_INVESTIA_UNIVERIS_Shared_To_DM_Wt_DimClients</operation>
                                       <operation source="field"
                                                  to="mt-LoadDM-RDV-BDV-INVESTIA-Shared-To-DM-Wt-DimAccount/input[1]/i_DATA_START_DATE">temp.temp_dataStartDate</operation>
                                       <operation source="field"
                                                  to="mt-LoadDM-RDV-BDV-INVESTIA-Shared-To-DM-Wt-DimAccount/inout[1]/io_tf_Audit_ID">temp.temp_tf_Audit_ID</operation>
                                       <operation source="field"
                                                  to="temp.mt_LoadDM_RDV_BDV_INVESTIA_UNIVERIS_Shared_To_DM_Wt_DimClients[1]/input[1]/i_DATA_START_DATE">temp.temp_dataStartDate</operation>
                                    </parameter>
                                 </serviceInput>
                                 <serviceOutput>
                                    <operation source="field"
                                               to="temp.mt_LoadDM_RDV_BDV_INVESTIA_UNIVERIS_Shared_To_DM_Wt_DimClients/output/Object_Name">Object Name</operation>
                                    <operation source="field"
                                               to="temp.mt_LoadDM_RDV_BDV_INVESTIA_UNIVERIS_Shared_To_DM_Wt_DimClients/output/Run_Id">Run Id</operation>
                                    <operation source="field"
                                               to="temp.mt_LoadDM_RDV_BDV_INVESTIA_UNIVERIS_Shared_To_DM_Wt_DimClients/output/Log_Id">Log Id</operation>
                                    <operation source="field"
                                               to="temp.mt_LoadDM_RDV_BDV_INVESTIA_UNIVERIS_Shared_To_DM_Wt_DimClients/output/Task_Id">Task Id</operation>
                                    <operation source="field"
                                               to="temp.mt_LoadDM_RDV_BDV_INVESTIA_UNIVERIS_Shared_To_DM_Wt_DimClients/output/Task_Status">Task Status</operation>
                                    <operation source="field"
                                               to="temp.mt_LoadDM_RDV_BDV_INVESTIA_UNIVERIS_Shared_To_DM_Wt_DimClients/output/Success_Source_Rows">Success Source Rows</operation>
                                    <operation source="field"
                                               to="temp.mt_LoadDM_RDV_BDV_INVESTIA_UNIVERIS_Shared_To_DM_Wt_DimClients/output/Failed_Source_Rows">Failed Source Rows</operation>
                                    <operation source="field"
                                               to="temp.mt_LoadDM_RDV_BDV_INVESTIA_UNIVERIS_Shared_To_DM_Wt_DimClients/output/Success_Target_Rows">Success Target Rows</operation>
                                    <operation source="field"
                                               to="temp.mt_LoadDM_RDV_BDV_INVESTIA_UNIVERIS_Shared_To_DM_Wt_DimClients/output/Failed_Target_Rows">Failed Target Rows</operation>
                                    <operation source="field"
                                               to="temp.mt_LoadDM_RDV_BDV_INVESTIA_UNIVERIS_Shared_To_DM_Wt_DimClients/output/Start_Time">Start Time</operation>
                                    <operation source="field"
                                               to="temp.mt_LoadDM_RDV_BDV_INVESTIA_UNIVERIS_Shared_To_DM_Wt_DimClients/output/End_Time">End Time</operation>
                                    <operation source="field"
                                               to="temp.mt_LoadDM_RDV_BDV_INVESTIA_UNIVERIS_Shared_To_DM_Wt_DimClients/output/Error_Message">Error Message</operation>
                                    <operation source="field"
                                               to="temp.mt_LoadDM_RDV_BDV_INVESTIA_UNIVERIS_Shared_To_DM_Wt_DimClients/output/TotalTransErrors">Total Transformation Errors</operation>
                                    <operation source="field"
                                               to="temp.mt_LoadDM_RDV_BDV_INVESTIA_UNIVERIS_Shared_To_DM_Wt_DimClients/output/FirstErrorCode">First Error Code</operation>
                                 </serviceOutput>
                              </service>
                              <events>
                                 <catch faultField="temp.mt_LoadDM_RDV_BDV_INVESTIA_UNIVERIS_Shared_To_DM_Wt_DimClients/fault"
                                        id="ksgcrqwu"
                                        interrupting="true"
                                        name="error">
                                    <suspend/>
                                 </catch>
                                 <catch faultField="temp.mt_LoadDM_RDV_BDV_INVESTIA_UNIVERIS_Shared_To_DM_Wt_DimClients/fault"
                                        id="ksgcrqwv"
                                        interrupting="true"
                                        name="warning"/>
                              </events>
                           </eventContainer>
                           <link id="ksgcrqvr" targetId="kon8yoon" type="containerLink"/>
                        </flow>
                        <link id="kon8yoop" targetId="kon8yooq" type="containerLink"/>
                        <link id="kon8yoos" targetId="kon8yoot" type="containerLink"/>
                        <link id="ksgcrqvp" targetId="ksgcrqvq" type="containerLink"/>
                        <link id="kon8yop0" targetId="klwokd0p"/>
                     </container>
                     <container id="klwokd0p" type="parallel">
                        <title>Parallel DM Loading</title>
                        <flow id="klwokd0v">
                           <eventContainer id="klwokd35">
                              <service id="klwokd1d">
                                 <title>mt_LoadDM_DM_Wt_To_DM_DimAccounts_Close</title>
                                 <serviceName>ICSExecuteDataTask</serviceName>
                                 <serviceGUID/>
                                 <serviceInput>
                                    <parameter name="Wait for Task to Complete" source="constant" updatable="true">true</parameter>
                                    <parameter name="Max Wait" source="constant" updatable="true">604800</parameter>
                                    <parameter name="Task Name" source="constant" updatable="true">mt_LoadDM_DM_Wt_To_DM_DimAccounts_Close</parameter>
                                    <parameter name="GUID" source="constant" updatable="true">0VhEK6Bl6PvbeMLATWVIY7</parameter>
                                    <parameter name="Task Type" source="constant" updatable="true">MCT</parameter>
                                    <parameter name="Has Inout Parameters" source="constant" updatable="true">false</parameter>
                                    <parameter name="taskField" source="nested">
                                       <operation source="field" to="mt-LoadDM-DM-Wt-To-DM-DimAccounts-Close">temp.mt_LoadDM_DM_Wt_To_DM_DimAccounts_Close</operation>
                                       <operation source="field"
                                                  to="mt-LoadDM-DM-Wt-To-DM-DimAccounts-Close/input[1]/i_DATA_START_DATE">temp.temp_dataStartDate</operation>
                                       <operation source="field"
                                                  to="temp.mt_LoadDM_DM_Wt_To_DM_DimAccounts_Close[1]/input[1]/i_DATA_START_DATE">temp.temp_dataStartDate</operation>
                                    </parameter>
                                 </serviceInput>
                                 <serviceOutput>
                                    <operation source="field"
                                               to="temp.mt_LoadDM_DM_Wt_To_DM_DimAccounts_Close/output/Object_Name">Object Name</operation>
                                    <operation source="field"
                                               to="temp.mt_LoadDM_DM_Wt_To_DM_DimAccounts_Close/output/Run_Id">Run Id</operation>
                                    <operation source="field"
                                               to="temp.mt_LoadDM_DM_Wt_To_DM_DimAccounts_Close/output/Log_Id">Log Id</operation>
                                    <operation source="field"
                                               to="temp.mt_LoadDM_DM_Wt_To_DM_DimAccounts_Close/output/Task_Id">Task Id</operation>
                                    <operation source="field"
                                               to="temp.mt_LoadDM_DM_Wt_To_DM_DimAccounts_Close/output/Task_Status">Task Status</operation>
                                    <operation source="field"
                                               to="temp.mt_LoadDM_DM_Wt_To_DM_DimAccounts_Close/output/Success_Source_Rows">Success Source Rows</operation>
                                    <operation source="field"
                                               to="temp.mt_LoadDM_DM_Wt_To_DM_DimAccounts_Close/output/Failed_Source_Rows">Failed Source Rows</operation>
                                    <operation source="field"
                                               to="temp.mt_LoadDM_DM_Wt_To_DM_DimAccounts_Close/output/Success_Target_Rows">Success Target Rows</operation>
                                    <operation source="field"
                                               to="temp.mt_LoadDM_DM_Wt_To_DM_DimAccounts_Close/output/Failed_Target_Rows">Failed Target Rows</operation>
                                    <operation source="field"
                                               to="temp.mt_LoadDM_DM_Wt_To_DM_DimAccounts_Close/output/Start_Time">Start Time</operation>
                                    <operation source="field"
                                               to="temp.mt_LoadDM_DM_Wt_To_DM_DimAccounts_Close/output/End_Time">End Time</operation>
                                    <operation source="field"
                                               to="temp.mt_LoadDM_DM_Wt_To_DM_DimAccounts_Close/output/Error_Message">Error Message</operation>
                                    <operation source="field"
                                               to="temp.mt_LoadDM_DM_Wt_To_DM_DimAccounts_Close/output/TotalTransErrors">Total Transformation Errors</operation>
                                    <operation source="field"
                                               to="temp.mt_LoadDM_DM_Wt_To_DM_DimAccounts_Close/output/FirstErrorCode">First Error Code</operation>
                                 </serviceOutput>
                              </service>
                              <events>
                                 <catch faultField="temp.mt_LoadDM_DM_Wt_To_DM_DimAccounts_Close/fault"
                                        id="klwokd33"
                                        interrupting="true"
                                        name="error">
                                    <suspend/>
                                 </catch>
                                 <catch faultField="temp.mt_LoadDM_DM_Wt_To_DM_DimAccounts_Close/fault"
                                        id="klwokd34"
                                        interrupting="true"
                                        name="warning"/>
                              </events>
                           </eventContainer>
                           <link id="klwokd0w" targetId="klwokd0p" type="containerLink"/>
                        </flow>
                        <flow id="klwokd0s">
                           <eventContainer id="l42ymy32">
                              <service id="l42ymy2a">
                                 <title>mt_LoadDM_DM_Wt_To_DM_DimAccounts_Insert</title>
                                 <serviceName>ICSExecuteDataTask</serviceName>
                                 <serviceGUID/>
                                 <serviceInput>
                                    <parameter name="Wait for Task to Complete" source="constant" updatable="true">true</parameter>
                                    <parameter name="Max Wait" source="constant" updatable="true">604800</parameter>
                                    <parameter name="Task Name" source="constant" updatable="true">mt_LoadDM_DM_Wt_To_DM_DimAccounts_Insert</parameter>
                                    <parameter name="GUID" source="constant" updatable="true">3doT1oBBoQacHvyPBXr2eD</parameter>
                                    <parameter name="Task Type" source="constant" updatable="true">MCT</parameter>
                                    <parameter name="Has Inout Parameters" source="constant" updatable="true">true</parameter>
                                    <parameter name="taskField" source="nested">
                                       <operation source="field" to="mt-LoadDM-DM-Wt-To-DM-DimAccounts-Insert">temp.mt_LoadDM_DM_Wt_To_DM_DimAccounts_Insert</operation>
                                       <operation source="field"
                                                  to="mt-LoadDM-DM-Wt-To-DM-DimAccounts-Insert/input[1]/i_DATA_START_DATE">temp.temp_dataStartDate</operation>
                                       <operation source="field"
                                                  to="mt-LoadDM-DM-Wt-To-DM-DimAccounts-Insert/inout[1]/io_tf_Audit_ID">temp.temp_tf_Audit_ID</operation>
                                       <operation source="field"
                                                  to="temp.mt_LoadDM_DM_Wt_To_DM_DimAccounts_Insert[1]/input[1]/i_DATA_START_DATE">temp.temp_dataStartDate</operation>
                                    </parameter>
                                 </serviceInput>
                                 <serviceOutput>
                                    <operation source="field"
                                               to="temp.mt_LoadDM_DM_Wt_To_DM_DimAccounts_Insert/output/Object_Name">Object Name</operation>
                                    <operation source="field"
                                               to="temp.mt_LoadDM_DM_Wt_To_DM_DimAccounts_Insert/output/Run_Id">Run Id</operation>
                                    <operation source="field"
                                               to="temp.mt_LoadDM_DM_Wt_To_DM_DimAccounts_Insert/output/Log_Id">Log Id</operation>
                                    <operation source="field"
                                               to="temp.mt_LoadDM_DM_Wt_To_DM_DimAccounts_Insert/output/Task_Id">Task Id</operation>
                                    <operation source="field"
                                               to="temp.mt_LoadDM_DM_Wt_To_DM_DimAccounts_Insert/output/Task_Status">Task Status</operation>
                                    <operation source="field"
                                               to="temp.mt_LoadDM_DM_Wt_To_DM_DimAccounts_Insert/output/Success_Source_Rows">Success Source Rows</operation>
                                    <operation source="field"
                                               to="temp.mt_LoadDM_DM_Wt_To_DM_DimAccounts_Insert/output/Failed_Source_Rows">Failed Source Rows</operation>
                                    <operation source="field"
                                               to="temp.mt_LoadDM_DM_Wt_To_DM_DimAccounts_Insert/output/Success_Target_Rows">Success Target Rows</operation>
                                    <operation source="field"
                                               to="temp.mt_LoadDM_DM_Wt_To_DM_DimAccounts_Insert/output/Failed_Target_Rows">Failed Target Rows</operation>
                                    <operation source="field"
                                               to="temp.mt_LoadDM_DM_Wt_To_DM_DimAccounts_Insert/output/Start_Time">Start Time</operation>
                                    <operation source="field"
                                               to="temp.mt_LoadDM_DM_Wt_To_DM_DimAccounts_Insert/output/End_Time">End Time</operation>
                                    <operation source="field"
                                               to="temp.mt_LoadDM_DM_Wt_To_DM_DimAccounts_Insert/output/Error_Message">Error Message</operation>
                                    <operation source="field"
                                               to="temp.mt_LoadDM_DM_Wt_To_DM_DimAccounts_Insert/inout/io_tf_Audit_ID">io_tf_Audit_ID</operation>
                                 </serviceOutput>
                              </service>
                              <events>
                                 <catch faultField="temp.mt_LoadDM_DM_Wt_To_DM_DimAccounts_Insert/fault"
                                        id="l42ymy30"
                                        interrupting="true"
                                        name="error">
                                    <suspend/>
                                 </catch>
                                 <catch faultField="temp.mt_LoadDM_DM_Wt_To_DM_DimAccounts_Insert/fault"
                                        id="l42ymy31"
                                        interrupting="true"
                                        name="warning"/>
                              </events>
                           </eventContainer>
                           <link id="klwokd0t" targetId="klwokd0p" type="containerLink"/>
                        </flow>
                        <link id="klwokd0u" targetId="klwokd0v" type="containerLink"/>
                        <link id="klwokd0r" targetId="klwokd0s" type="containerLink"/>
                     </container>
                     <link id="klwokcvo" targetId="klwokcvj" type="containerLink"/>
                  </flow>
                  <flow id="klwokcvq">
                     <throw id="klwokcw2">
                        <title>Throw_Error_StartJob</title>
                        <throwInput>
                           <parameter name="code" source="field" updatable="true">temp.mt_audit_startJob_NextDate[1]/inout[1]/io_Result</parameter>
                           <parameter name="detail" source="constant" updatable="true"/>
                           <parameter name="reason" source="constant" updatable="true"/>
                        </throwInput>
                     </throw>
                  </flow>
                  <link id="klwokcvm" targetId="klwokcvn" type="containerLink">
                     <condition source="formula">
                        <function name="contains">
                           <arg name="left">{$temp.mt_audit_startJob_NextDate[1]/inout[1]/io_Result}</arg>
                           <arg name="right">SUCCESS</arg>
                        </function>
                     </condition>
                  </link>
                  <link id="klwokcvp" targetId="klwokcvq" type="containerLink"/>
                  <link id="klwokcvl" targetId="kgblmva4"/>
               </container>
               <end id="c"/>
            </flow>
            <dependencies>
               <processObject xmlns="http://schemas.active-endpoints.com/appmodules/screenflow/2011/06/avosHostEnvironment.xsd"
                              displayName="mt-audit-startJob-NextDate"
                              isByCopy="true"
                              name="mt-audit-startJob-NextDate">
                  <description/>
                  <tags/>
                  <detail>
                     <field label="Input Parameters"
                            name="input"
                            nullable="true"
                            required="false"
                            type="reference"/>
                     <field label="InOut Parameters"
                            name="inout"
                            nullable="true"
                            required="false"
                            type="reference"/>
                     <field label="TaskProperties Parameters"
                            name="taskProperties"
                            nullable="true"
                            required="false"
                            type="reference"/>
                     <field label="Output Parameters"
                            name="output"
                            nullable="true"
                            required="false"
                            type="reference"/>
                     <field label="Fault"
                            name="fault"
                            nullable="true"
                            required="false"
                            type="reference"/>
                  </detail>
               </processObject>
               <processObject xmlns="http://schemas.active-endpoints.com/appmodules/screenflow/2011/06/avosHostEnvironment.xsd"
                              displayName="mt-audit-EndJob"
                              isByCopy="true"
                              name="mt-audit-EndJob">
                  <description/>
                  <tags/>
                  <detail>
                     <field label="Input Parameters"
                            name="input"
                            nullable="true"
                            required="false"
                            type="reference"/>
                     <field label="InOut Parameters"
                            name="inout"
                            nullable="true"
                            required="false"
                            type="reference"/>
                     <field label="TaskProperties Parameters"
                            name="taskProperties"
                            nullable="true"
                            required="false"
                            type="reference"/>
                     <field label="Output Parameters"
                            name="output"
                            nullable="true"
                            required="false"
                            type="reference"/>
                     <field label="Fault"
                            name="fault"
                            nullable="true"
                            required="false"
                            type="reference"/>
                  </detail>
               </processObject>
               <processObject xmlns="http://schemas.active-endpoints.com/appmodules/screenflow/2011/06/avosHostEnvironment.xsd"
                              displayName="mt-LoadDM-DM-Wt-To-DM-DimAccounts-Close"
                              isByCopy="true"
                              name="mt-LoadDM-DM-Wt-To-DM-DimAccounts-Close">
                  <description/>
                  <tags/>
                  <detail>
                     <field label="Input Parameters"
                            name="input"
                            nullable="true"
                            required="false"
                            type="reference"/>
                     <field label="TaskProperties Parameters"
                            name="taskProperties"
                            nullable="true"
                            required="false"
                            type="reference"/>
                     <field label="Output Parameters"
                            name="output"
                            nullable="true"
                            required="false"
                            type="reference"/>
                     <field label="Fault"
                            name="fault"
                            nullable="true"
                            required="false"
                            type="reference"/>
                  </detail>
               </processObject>
               <processObject xmlns="http://schemas.active-endpoints.com/appmodules/screenflow/2011/06/avosHostEnvironment.xsd"
                              displayName="mt-LoadDM-RDV-BDV-NBIN-Shared-To-DM-Wt-DimAccount"
                              isByCopy="true"
                              name="mt-LoadDM-RDV-BDV-NBIN-Shared-To-DM-Wt-DimAccount">
                  <description/>
                  <tags/>
                  <detail>
                     <field label="Input Parameters"
                            name="input"
                            nullable="true"
                            required="false"
                            type="reference"/>
                     <field label="InOut Parameters"
                            name="inout"
                            nullable="true"
                            required="false"
                            type="reference"/>
                     <field label="TaskProperties Parameters"
                            name="taskProperties"
                            nullable="true"
                            required="false"
                            type="reference"/>
                     <field label="Output Parameters"
                            name="output"
                            nullable="true"
                            required="false"
                            type="reference"/>
                     <field label="Fault"
                            name="fault"
                            nullable="true"
                            required="false"
                            type="reference"/>
                  </detail>
               </processObject>
               <processObject xmlns="http://schemas.active-endpoints.com/appmodules/screenflow/2011/06/avosHostEnvironment.xsd"
                              displayName="mt-LoadDM-RDV-BDV-IAS-Shared-To-DM-Wt-DimAccount"
                              isByCopy="true"
                              name="mt-LoadDM-RDV-BDV-IAS-Shared-To-DM-Wt-DimAccount">
                  <description/>
                  <tags/>
                  <detail>
                     <field label="Input Parameters"
                            name="input"
                            nullable="true"
                            required="false"
                            type="reference"/>
                     <field label="InOut Parameters"
                            name="inout"
                            nullable="true"
                            required="false"
                            type="reference"/>
                     <field label="TaskProperties Parameters"
                            name="taskProperties"
                            nullable="true"
                            required="false"
                            type="reference"/>
                     <field label="Output Parameters"
                            name="output"
                            nullable="true"
                            required="false"
                            type="reference"/>
                     <field label="Fault"
                            name="fault"
                            nullable="true"
                            required="false"
                            type="reference"/>
                  </detail>
               </processObject>
               <processObject xmlns="http://schemas.active-endpoints.com/appmodules/screenflow/2011/06/avosHostEnvironment.xsd"
                              displayName="mt-LoadDM-RDV-BDV-INVESTIA-Shared-To-DM-Wt-DimAccount"
                              isByCopy="true"
                              name="mt-LoadDM-RDV-BDV-INVESTIA-Shared-To-DM-Wt-DimAccount">
                  <description/>
                  <tags/>
                  <detail>
                     <field label="Input Parameters"
                            name="input"
                            nullable="true"
                            required="false"
                            type="reference"/>
                     <field label="InOut Parameters"
                            name="inout"
                            nullable="true"
                            required="false"
                            type="reference"/>
                     <field label="TaskProperties Parameters"
                            name="taskProperties"
                            nullable="true"
                            required="false"
                            type="reference"/>
                     <field label="Output Parameters"
                            name="output"
                            nullable="true"
                            required="false"
                            type="reference"/>
                     <field label="Fault"
                            name="fault"
                            nullable="true"
                            required="false"
                            type="reference"/>
                  </detail>
               </processObject>
               <processObject xmlns="http://schemas.active-endpoints.com/appmodules/screenflow/2011/06/avosHostEnvironment.xsd"
                              displayName="mt-LoadDM-DM-Wt-To-DM-DimAccounts-Insert"
                              isByCopy="true"
                              name="mt-LoadDM-DM-Wt-To-DM-DimAccounts-Insert">
                  <description/>
                  <tags/>
                  <detail>
                     <field label="Input Parameters"
                            name="input"
                            nullable="true"
                            required="false"
                            type="reference"/>
                     <field label="InOut Parameters"
                            name="inout"
                            nullable="true"
                            required="false"
                            type="reference"/>
                     <field label="TaskProperties Parameters"
                            name="taskProperties"
                            nullable="true"
                            required="false"
                            type="reference"/>
                     <field label="Output Parameters"
                            name="output"
                            nullable="true"
                            required="false"
                            type="reference"/>
                     <field label="Fault"
                            name="fault"
                            nullable="true"
                            required="false"
                            type="reference"/>
                  </detail>
               </processObject>
            </dependencies>
         </taskflow>
      </types1:Entry>
      <types1:GUID>crKH54bXc8Ik1j4w4rDt4E</types1:GUID>
      <types1:DisplayName>tf_LoadDM_60_Shared_DimAccounts</types1:DisplayName>
   </types1:Item>
   <types1:CurrentServerDateTime>2023-03-08T18:58:52.348Z</types1:CurrentServerDateTime>
</aetgt:getResponse>
