<aetgt:getResponse xmlns:aetgt="http://schemas.active-endpoints.com/appmodules/repository/2010/10/avrepository.xsd"
                   xmlns:types1="http://schemas.active-endpoints.com/appmodules/repository/2010/10/avrepository.xsd">
   <types1:Item>
      <types1:EntryId>hIeOm6S6fPAreFR-gt-1852681-2021-06-09T19:48:07.712Z::tf.xml</types1:EntryId>
      <types1:Name>tf_LoadDM_40-60_RDV_IAS_to_DM_Synchronization</types1:Name>
      <types1:MimeType>application/xml+taskflow</types1:MimeType>
      <types1:Description/>
      <types1:AppliesTo/>
      <types1:Tags/>
      <types1:VersionLabel>1.0</types1:VersionLabel>
      <types1:State>CURRENT</types1:State>
      <types1:ProcessGroup/>
      <types1:CreatedBy>vinita.singh.adm@ia.ca</types1:CreatedBy>
      <types1:CreationDate>2021-06-09T19:48:08Z</types1:CreationDate>
      <types1:ModifiedBy>jihed.laamiri.adm@ia.ca</types1:ModifiedBy>
      <types1:ModificationDate>2022-06-15T14:21:47Z</types1:ModificationDate>
      <types1:PublicationStatus>published</types1:PublicationStatus>
      <types1:PublishedBy>jihed.laamiri.adm@ia.ca</types1:PublishedBy>
      <types1:PublicationDate>2022-10-18T15:38:48Z</types1:PublicationDate>
      <types1:PublishedContributionId>project:/tf.tf_LoadDM_40-60_RDV_IAS_to_DM_Synchronization/tf_LoadDM_40-60_RDV_IAS_to_DM_Synchronization.tf.xml</types1:PublishedContributionId>
      <types1:AutosaveExists>false</types1:AutosaveExists>
      <types1:Entry>
         <taskflow xmlns="http://schemas.active-endpoints.com/appmodules/screenflow/2010/10/avosScreenflow.xsd"
                   xmlns:tfm="http://schemas.active-endpoints.com/appmodules/screenflow/2021/04/taskflowModel.xsd"
                   xmlns:list="urn:activevos:spi:list:functions"
                   displayName="tf_LoadDM_40-60_RDV_IAS_to_DM_Synchronization"
                   name="tf_LoadDM_40-60_RDV_IAS_to_DM_Synchronization"
                   overrideAPIName="false">
            <parameterSet xmlns="http://schemas.active-endpoints.com/appmodules/screenflow/2021/04/taskflowModel.xsd"/>
            <appliesTo/>
            <description/>
            <tags/>
            <generator>Informatica Process Designer 11</generator>
            <tempFields>
               <field description="" name="audit_startJob_NextDate" type="reference">
                  <options>
                     <option name="failOnNotRun">false</option>
                     <option name="failOnFault">false</option>
                     <option name="referenceTo">$po:mt-audit-startJob-NextDate</option>
                  </options>
               </field>
               <field description="" name="audit_endJob" type="reference">
                  <options>
                     <option name="referenceTo">$po:mt-Audit-EndJob</option>
                     <option name="failOnNotRun">false</option>
                     <option name="failOnFault">false</option>
                  </options>
               </field>
               <field description="" name="temp_JobName" type="string">
                  <options>
                     <option name="required">false</option>
                  </options>
               </field>
               <field description="" name="temp_tf_Audit_ID" type="string">
                  <options>
                     <option name="required">false</option>
                  </options>
               </field>
               <field description="" name="temp_dataStartDate" type="date">
                  <options>
                     <option name="required">false</option>
                  </options>
               </field>
            </tempFields>
            <notes/>
            <deployment suspendOnFault="true" tracingLevel="verbose">
               <rest/>
               <emailProperties emailOnSuspend="true">
                  <emailTo>jihed.laamiri@ia.ca</emailTo>
                  <emailCc>iheb.benghali@ia.ca</emailCc>
                  <emailSubject>Synchronization taskflow is suspended</emailSubject>
                  <emailContentType>html</emailContentType>
                  <emailBody>&lt;p&gt;Please check the error !&lt;/p&gt;</emailBody>
               </emailProperties>
            </deployment>
            <flow id="a">
               <start id="b">
                  <link id="km29pd2e" targetId="km29pd2d"/>
               </start>
               <assignment id="km29pd2d">
                  <title>asgn_StartJob_Parameters</title>
                  <operation source="formula" to="temp.temp_JobName">
                     <expression language="XQuery">fn:concat("'",util:getAssetName(),"'")</expression>
                  </operation>
                  <operation source="formula" to="temp.temp_tf_Audit_ID">
                     <expression language="XQuery">fn:concat("'",util:getAssetName(),"-", util:getProcessId(),"'")</expression>
                  </operation>
                  <operation source="constant"
                             to="temp.audit_startJob_NextDate[1]/inout[1]/io_Result">ERROR</operation>
                  <operation source="constant"
                             to="temp.audit_startJob_NextDate[1]/inout[1]/io_DataStartDate">01/01/2000 00:00:00.000000000</operation>
                  <link id="km29pd2f" targetId="km29pbb5"/>
               </assignment>
               <assignment id="kma0b1z2">
                  <title>asgn_DataStartDate</title>
                  <operation source="formula" to="temp.temp_dataStartDate">
                     <expression language="XQuery">fn:concat("'",date:toChar(date:toDate($temp.audit_startJob_NextDate[1]/inout[1]/io_DataStartDate  , 'MM/DD/YYYY 00:00:00.000000000'),'YYYY-MM-DD'),"'")</expression>
                  </operation>
                  <link id="kma0b1z4" targetId="km29pcjn"/>
               </assignment>
               <eventContainer id="km29pbb5">
                  <service id="km29pauo">
                     <title>audit_startJob_NextDate</title>
                     <serviceName>ICSExecuteDataTask</serviceName>
                     <serviceGUID/>
                     <serviceInput>
                        <parameter name="Wait for Task to Complete" source="constant" updatable="true">true</parameter>
                        <parameter name="Max Wait" source="constant" updatable="true">604800</parameter>
                        <parameter name="Task Name" source="constant" updatable="true">mt_audit_startJob_NextDate</parameter>
                        <parameter name="GUID" source="constant" updatable="true">3SSZL0UFNu4hkc0OJdfxEO</parameter>
                        <parameter name="Task Type" source="constant" updatable="true">MCT</parameter>
                        <parameter name="Has Inout Parameters" source="constant" updatable="true">true</parameter>
                        <parameter name="taskField" source="nested">
                           <operation source="field" to="mt-audit-startJob-NextDate">temp.audit_startJob_NextDate</operation>
                           <operation source="field" to="mt-audit-startJob-NextDate/inout[1]/io_auditID">temp.temp_tf_Audit_ID</operation>
                           <operation source="field" to="mt-audit-startJob-NextDate/inout[1]/io_jobName">temp.temp_JobName</operation>
                        </parameter>
                     </serviceInput>
                     <serviceOutput>
                        <operation source="field" to="temp.audit_startJob_NextDate/output/Object_Name">Object Name</operation>
                        <operation source="field" to="temp.audit_startJob_NextDate/output/Run_Id">Run Id</operation>
                        <operation source="field" to="temp.audit_startJob_NextDate/output/Log_Id">Log Id</operation>
                        <operation source="field" to="temp.audit_startJob_NextDate/output/Task_Id">Task Id</operation>
                        <operation source="field" to="temp.audit_startJob_NextDate/output/Task_Status">Task Status</operation>
                        <operation source="field"
                                   to="temp.audit_startJob_NextDate/output/Success_Source_Rows">Success Source Rows</operation>
                        <operation source="field"
                                   to="temp.audit_startJob_NextDate/output/Failed_Source_Rows">Failed Source Rows</operation>
                        <operation source="field"
                                   to="temp.audit_startJob_NextDate/output/Success_Target_Rows">Success Target Rows</operation>
                        <operation source="field"
                                   to="temp.audit_startJob_NextDate/output/Failed_Target_Rows">Failed Target Rows</operation>
                        <operation source="field" to="temp.audit_startJob_NextDate/output/Start_Time">Start Time</operation>
                        <operation source="field" to="temp.audit_startJob_NextDate/output/End_Time">End Time</operation>
                        <operation source="field" to="temp.audit_startJob_NextDate/output/Error_Message">Error Message</operation>
                        <operation source="field" to="temp.audit_startJob_NextDate/inout/io_jobName">io_jobName</operation>
                        <operation source="field" to="temp.audit_startJob_NextDate/inout/io_auditID">io_auditID</operation>
                        <operation source="field" to="temp.audit_startJob_NextDate/inout/io_Result">io_Result</operation>
                        <operation source="field" to="temp.audit_startJob_NextDate/inout/io_DataStartDate">io_DataStartDate</operation>
                     </serviceOutput>
                  </service>
                  <link id="kma0b1z3" targetId="kma0b1z2"/>
                  <events>
                     <catch faultField="temp.audit_startJob_NextDate/fault"
                            id="km29pbb3"
                            interrupting="true"
                            name="error">
                        <suspend/>
                     </catch>
                     <catch faultField="temp.audit_startJob_NextDate/fault"
                            id="km29pbb4"
                            interrupting="true"
                            name="warning"/>
                  </events>
               </eventContainer>
               <container id="km29pcjn" type="exclusive">
                  <title>dcn_StartJob_Result</title>
                  <flow id="km29pcjr">
                     <container id="km29pckh" type="parallel">
                        <title>Parallel 40 BDV Loading</title>
                        <flow id="km29pcki">
                           <subflow id="km29pckj">
                              <title>tf_LoadBDV_40_Shared_PartyRoleAccountHolder</title>
                              <subflowGUID>53dAGFu7f9LcMO6DnU8lut</subflowGUID>
                              <subflowPath>tf_LoadBDV_40_Shared_PartyRoleAccountHolder</subflowPath>
                              <runForEach>false</runForEach>
                              <input/>
                              <outputDef/>
                           </subflow>
                           <link id="km29pcl0" targetId="km29pckh" type="containerLink"/>
                        </flow>
                        <flow id="km29pckm">
                           <subflow id="km29pckn">
                              <title>tf_LoadBDV_40_Shared_ExchangeRate</title>
                              <subflowGUID>3u7dVjOb1Ebh4e4PaZduk8</subflowGUID>
                              <subflowPath>tf_LoadBDV_40_Shared_ExchangeRate</subflowPath>
                              <runForEach>false</runForEach>
                              <input/>
                              <outputDef/>
                           </subflow>
                           <link id="km29pcl2" targetId="km29pckh" type="containerLink"/>
                        </flow>
                        <flow id="km29pckq">
                           <subflow id="km29pckr">
                              <title>tf_LoadBDV_40_Shared_InvestmentProductType</title>
                              <subflowGUID>1eZJjckVglYbjsrLNBVdOe</subflowGUID>
                              <subflowPath>tf_LoadBDV_40_Shared_InvestmentProductType</subflowPath>
                              <runForEach>false</runForEach>
                              <input/>
                              <outputDef/>
                           </subflow>
                           <link id="km29pcl4" targetId="km29pckh" type="containerLink"/>
                        </flow>
                        <flow id="km29pcks">
                           <subflow id="km29pckt">
                              <title>tf_LoadBDV_40_Shared_InvestmentSavingProgramType</title>
                              <subflowGUID>1UVbF47ETyufpAzSmsbFUC</subflowGUID>
                              <subflowPath>tf_LoadBDV_40_Shared_InvestmentSavingProgramType</subflowPath>
                              <runForEach>false</runForEach>
                              <input/>
                              <outputDef/>
                           </subflow>
                           <link id="km29pcl5" targetId="km29pckh" type="containerLink"/>
                        </flow>
                        <flow id="l1m9u23x">
                           <subflow id="l1m9u24k">
                              <title>tf_LoadBDV_40_STEWARDSHIP_SERVICING_CODES</title>
                              <subflowGUID>7resqldnPWCiirxoFNEd6W</subflowGUID>
                              <subflowPath>tf_LoadBDV_40_STEWARDSHIP_SERVICING_CODES</subflowPath>
                              <runForEach>false</runForEach>
                              <input/>
                              <outputDef/>
                           </subflow>
                           <link id="l1m9u23y" targetId="km29pckh" type="containerLink"/>
                        </flow>
                        <link id="km29pcku" targetId="km29pcki" type="containerLink"/>
                        <link id="km29pckw" targetId="km29pckm" type="containerLink"/>
                        <link id="km29pcky" targetId="km29pckq" type="containerLink"/>
                        <link id="km29pckz" targetId="km29pcks" type="containerLink"/>
                        <link id="l1m9u23w" targetId="l1m9u23x" type="containerLink"/>
                        <link id="kw3o5hpt" targetId="kw3o5hps"/>
                     </container>
                     <container id="l4fn4hv5" type="parallel">
                        <title>Parallel 42 BDV Loading</title>
                        <flow id="l4fn4hv9">
                           <subflow id="l4fn4hw1">
                              <title>tf_LoadBDV_42_Shared_InvestmentContract</title>
                              <subflowGUID>0Sxph4NnIKyi6g9lv6YgYQ</subflowGUID>
                              <subflowPath>tf_LoadBDV_42_Shared_InvestmentContract</subflowPath>
                              <runForEach>false</runForEach>
                              <input/>
                              <outputDef/>
                           </subflow>
                           <link id="l4fn4hva" targetId="l4fn4hv5" type="containerLink"/>
                        </flow>
                        <flow id="l4fn4hvc">
                           <subflow id="l4fn4hya">
                              <title>tf_LoadBDV_42_Shared_AccountPlans</title>
                              <subflowGUID>8xR7I6SlNRzhd2gBSm5RMY</subflowGUID>
                              <subflowPath>tf_LoadBDV_42_Shared_AccountPlans</subflowPath>
                              <runForEach>false</runForEach>
                              <input/>
                              <outputDef/>
                           </subflow>
                           <link id="l4fn4hvd" targetId="l4fn4hv5" type="containerLink"/>
                        </flow>
                        <link id="l4fn4hv8" targetId="l4fn4hv9" type="containerLink"/>
                        <link id="l4fn4hvb" targetId="l4fn4hvc" type="containerLink"/>
                        <link id="l4fn4hw0" targetId="km29pcm9"/>
                     </container>
                     <container id="km29pcm9" type="parallel">
                        <title>Parallel 43 BDV Loading</title>
                        <flow id="km29pcma">
                           <subflow id="km29pcmb">
                              <title>tf_LoadBDV_43_Revenues_Revenues</title>
                              <subflowGUID>9pRkNKeuTC6dvMSQIwn4gD</subflowGUID>
                              <subflowPath>tf_LoadBDV_43_Revenues_Revenues</subflowPath>
                              <runForEach>false</runForEach>
                              <input/>
                              <outputDef/>
                           </subflow>
                           <link id="km29pcmj" targetId="km29pcm9" type="containerLink"/>
                        </flow>
                        <flow id="km29pcmc">
                           <subflow id="km29pcmd">
                              <title>tf_LoadBDV_43_Holdings_Holdings</title>
                              <subflowGUID>2cBemeWl9jQiw9182ZMDc6</subflowGUID>
                              <subflowPath>tf_LoadBDV_43_Holdings_Holdings</subflowPath>
                              <runForEach>false</runForEach>
                              <input/>
                              <outputDef/>
                           </subflow>
                           <link id="km29pcmk" targetId="km29pcm9" type="containerLink"/>
                        </flow>
                        <flow id="km29pcme">
                           <subflow id="km29pcmf">
                              <title>tf_LoadBDV_43_Transactions_Transactions</title>
                              <subflowGUID>8PQbsStCBWvlQBbFHDGzsA</subflowGUID>
                              <subflowPath>tf_LoadBDV_43_Transactions_Transactions</subflowPath>
                              <runForEach>false</runForEach>
                              <input/>
                              <outputDef/>
                           </subflow>
                           <link id="km29pcml" targetId="km29pcm9" type="containerLink"/>
                        </flow>
                        <link id="km29pcmg" targetId="km29pcma" type="containerLink"/>
                        <link id="km29pcmh" targetId="km29pcmc" type="containerLink"/>
                        <link id="km29pcmi" targetId="km29pcme" type="containerLink"/>
                        <link id="kmodvb0p" targetId="kmodvb0o"/>
                     </container>
                     <container id="kmodvb0o" type="parallel">
                        <title>Parallel 45 BDV Loading</title>
                        <flow id="kmodvb0s">
                           <subflow id="kmodvb1i">
                              <title>tf_LoadBDV_45_Shared_PartyRoleAdvisor_AUASeg</title>
                              <subflowGUID>2SqTLSqqQ8rikC7yAuJKyS</subflowGUID>
                              <subflowPath>tf_LoadBDV_45_Shared_PartyRoleAdvisor_AUASeg</subflowPath>
                              <runForEach>false</runForEach>
                              <input/>
                              <outputDef/>
                           </subflow>
                           <link id="kmodvb0t" targetId="kmodvb0o" type="containerLink"/>
                        </flow>
                        <flow id="kmodvb0v">
                           <subflow id="kmodvb2y">
                              <title>tf_LoadBDV_45_Shared_PartyRoleAccountHolder_AUASeg</title>
                              <subflowGUID>66i8PFVLvCZg9dCsiR2gQN</subflowGUID>
                              <subflowPath>tf_LoadBDV_45_Shared_PartyRoleAccountHolder_AUASeg</subflowPath>
                              <runForEach>false</runForEach>
                              <input/>
                              <outputDef/>
                           </subflow>
                           <link id="kmodvb0w" targetId="kmodvb0o" type="containerLink"/>
                        </flow>
                        <flow id="l4fn4hrw">
                           <subflow id="l4fn4hsk">
                              <title>tf_LoadBDV_45_Shared_Contracts_AUASeg</title>
                              <subflowGUID>3JWgy04sguniveuV4IgXG7</subflowGUID>
                              <subflowPath>tf_LoadBDV_45_Shared_Contracts_AUASeg</subflowPath>
                              <runForEach>false</runForEach>
                              <input/>
                              <outputDef/>
                           </subflow>
                           <link id="l4fn4hrx" targetId="kmodvb0o" type="containerLink"/>
                        </flow>
                        <link id="kmodvb0r" targetId="kmodvb0s" type="containerLink"/>
                        <link id="kmodvb0u" targetId="kmodvb0v" type="containerLink"/>
                        <link id="l4fn4hrv" targetId="l4fn4hrw" type="containerLink"/>
                        <link id="kmodvb1h" targetId="km29pcow"/>
                     </container>
                     <container id="km29pcow" type="parallel">
                        <title>Parallel 60 DIM Loading</title>
                        <flow id="km29pcox">
                           <subflow id="km29pcoy">
                              <title>tf_LoadDM_60_Shared_DimClients</title>
                              <subflowGUID>lLj9oloY2cDgrDgiVQJoS1</subflowGUID>
                              <subflowPath>tf_LoadDM_60_Shared_DimClients</subflowPath>
                              <runForEach>false</runForEach>
                              <input/>
                              <outputDef/>
                           </subflow>
                           <link id="km29pcpc" targetId="km29pcow" type="containerLink"/>
                        </flow>
                        <flow id="km29pcoz">
                           <subflow id="km29pcp0">
                              <title>tf_LoadDM_60_Shared_DimAdvisors</title>
                              <subflowGUID>akR9nSB3iWZhxUEguFzXmO</subflowGUID>
                              <subflowPath>tf_LoadDM_60_Shared_DimAdvisors</subflowPath>
                              <runForEach>false</runForEach>
                              <input/>
                              <outputDef/>
                           </subflow>
                           <link id="km29pcpd" targetId="km29pcow" type="containerLink"/>
                        </flow>
                        <flow id="km29pcp1">
                           <subflow id="km29pcp2">
                              <title>tf_LoadDM_60_Shared_DimFinancialInstruments</title>
                              <subflowGUID>9ro076VmauxgpQ5QGz68wm</subflowGUID>
                              <subflowPath>tf_LoadDM_60_Shared_DimFinancialInstruments</subflowPath>
                              <runForEach>false</runForEach>
                              <input/>
                              <outputDef/>
                           </subflow>
                           <link id="km29pcpe" targetId="km29pcow" type="containerLink"/>
                        </flow>
                        <flow id="km29pcp5">
                           <subflow id="km29pcp6">
                              <title>tf_LoadDM_60_Shared_DimPlans</title>
                              <subflowGUID>6zWejzsnFLfjkviwBp144g</subflowGUID>
                              <subflowPath>tf_LoadDM_60_Shared_DimPlans</subflowPath>
                              <runForEach>false</runForEach>
                              <input/>
                              <outputDef/>
                           </subflow>
                           <link id="km29pcpg" targetId="km29pcow" type="containerLink"/>
                        </flow>
                        <flow id="l4fojwp2">
                           <subflow id="l4fojwpt">
                              <title>tf_LoadDM_60_Shared_DimAccounts</title>
                              <subflowGUID>dUOMrEt77cDcnBiUxpe5Y7</subflowGUID>
                              <subflowPath>tf_LoadDM_60_Shared_DimAccounts</subflowPath>
                              <runForEach>false</runForEach>
                              <input/>
                              <outputDef/>
                           </subflow>
                           <link id="l4fojwp3" targetId="km29pcow" type="containerLink"/>
                        </flow>
                        <link id="km29pcp7" targetId="km29pcox" type="containerLink"/>
                        <link id="km29pcp8" targetId="km29pcoz" type="containerLink"/>
                        <link id="km29pcp9" targetId="km29pcp1" type="containerLink"/>
                        <link id="km29pcpb" targetId="km29pcp5" type="containerLink"/>
                        <link id="l4fojwp1" targetId="l4fojwp2" type="containerLink"/>
                        <link id="km29pcqy" targetId="km29pcql"/>
                     </container>
                     <container id="km29pcql" type="parallel">
                        <title>Parallel 60 FACT Loading</title>
                        <flow id="km29pcqm">
                           <subflow id="km29pcqn">
                              <title>tf_LoadDM_60_Transactions_FactTransactions</title>
                              <subflowGUID>afeXbHVL003isXRyBY990q</subflowGUID>
                              <subflowPath>tf_LoadDM_60_Transactions_FactTransactions</subflowPath>
                              <runForEach>false</runForEach>
                              <input/>
                              <outputDef/>
                           </subflow>
                           <link id="km29pcqv" targetId="km29pcql" type="containerLink"/>
                        </flow>
                        <flow id="km29pcqo">
                           <subflow id="km29pcqp">
                              <title>tf_LoadDM_60_Holdings_FactHoldings</title>
                              <subflowGUID>da06bAFSN6AiTISCw0VgKy</subflowGUID>
                              <subflowPath>tf_LoadDM_60_Holdings_FactHoldings</subflowPath>
                              <runForEach>false</runForEach>
                              <input/>
                              <outputDef/>
                           </subflow>
                           <link id="km29pcqw" targetId="km29pcql" type="containerLink"/>
                        </flow>
                        <flow id="km29pcqq">
                           <subflow id="km29pcqr">
                              <title>tf_LoadDM_60_Revenues_FactRevenues</title>
                              <subflowGUID>3Xb2UXhNwCUfTtro1NXvaB</subflowGUID>
                              <subflowPath>tf_LoadDM_60_Revenues_FactRevenues</subflowPath>
                              <runForEach>false</runForEach>
                              <input/>
                              <outputDef/>
                           </subflow>
                           <link id="km29pcqx" targetId="km29pcql" type="containerLink"/>
                        </flow>
                        <link id="km29pcqs" targetId="km29pcqm" type="containerLink"/>
                        <link id="km29pcqt" targetId="km29pcqo" type="containerLink"/>
                        <link id="km29pcqu" targetId="km29pcqq" type="containerLink"/>
                        <link id="km29pcs3" targetId="km29pd71"/>
                     </container>
                     <subflow id="kw3o5hps">
                        <title>tf_LoadBDV_41_Shared_PartyRoleAdvisor</title>
                        <subflowGUID>aj2DxZPNxs2kA9vwU4qxWr</subflowGUID>
                        <subflowPath>tf_LoadBDV_41_Shared_PartyRoleAdvisor</subflowPath>
                        <runForEach>false</runForEach>
                        <input/>
                        <outputDef/>
                        <link id="l4fn4hv6" targetId="l4fn4hv5"/>
                     </subflow>
                     <eventContainer id="km29pd71">
                        <service id="km29pcs2">
                           <title>audit_endJob</title>
                           <serviceName>ICSExecuteDataTask</serviceName>
                           <serviceGUID/>
                           <serviceInput>
                              <parameter name="Wait for Task to Complete" source="constant" updatable="true">true</parameter>
                              <parameter name="Max Wait" source="constant" updatable="true">604800</parameter>
                              <parameter name="Task Name" source="constant" updatable="true">mt_Audit_EndJob</parameter>
                              <parameter name="GUID" source="constant" updatable="true">9uLsSsCYpQJeg9ROUwt3y6</parameter>
                              <parameter name="Task Type" source="constant" updatable="true">MCT</parameter>
                              <parameter name="Has Inout Parameters" source="constant" updatable="true">false</parameter>
                              <parameter name="taskField" source="nested">
                                 <operation source="field" to="mt-Audit-EndJob">temp.audit_endJob</operation>
                                 <operation source="field" to="mt-Audit-EndJob/inout[1]/io_jobAuditID">temp.temp_tf_Audit_ID</operation>
                                 <operation source="constant" to="mt-Audit-EndJob/inout[1]/io_jobEndDesc">Successful execution</operation>
                                 <operation source="constant" to="mt-Audit-EndJob/inout[1]/io_jobEndStatus">SUCCESS</operation>
                                 <operation source="field" to="mt-Audit-EndJob/inout[1]/io_jobName">temp.temp_JobName</operation>
                                 <operation source="field" to="mt-Audit-EndJob/inout[1]/io_jobStartDate">temp.temp_dataStartDate</operation>
                              </parameter>
                           </serviceInput>
                           <serviceOutput/>
                        </service>
                        <events>
                           <catch faultField="temp.audit_endJob/fault"
                                  id="km29pc12"
                                  interrupting="true"
                                  name="error">
                              <suspend/>
                           </catch>
                           <catch faultField="temp.audit_endJob/fault"
                                  id="km29pc13"
                                  interrupting="true"
                                  name="warning"/>
                        </events>
                     </eventContainer>
                     <link id="km29pcjs" targetId="km29pcjn" type="containerLink"/>
                  </flow>
                  <flow id="km29pcju">
                     <link id="knt9zf0i" targetId="km29pcjn" type="containerLink"/>
                  </flow>
                  <link id="km29pcjq" targetId="km29pcjr" type="containerLink">
                     <condition source="formula">
                        <function name="contains">
                           <arg name="left">{$temp.audit_startJob_NextDate[1]/inout[1]/io_Result}</arg>
                           <arg name="right">SUCCESS</arg>
                        </function>
                     </condition>
                  </link>
                  <link id="km29pcjt" targetId="km29pcju" type="containerLink"/>
                  <link id="km29pcs1" targetId="c"/>
               </container>
               <end id="c"/>
            </flow>
            <dependencies>
               <processObject xmlns="http://schemas.active-endpoints.com/appmodules/screenflow/2011/06/avosHostEnvironment.xsd"
                              displayName="mt-audit-startJob-NextDate"
                              isByCopy="true"
                              name="mt-audit-startJob-NextDate">
                  <description/>
                  <tags/>
                  <detail>
                     <field label="Input Parameters"
                            name="input"
                            nullable="true"
                            required="false"
                            type="reference"/>
                     <field label="InOut Parameters"
                            name="inout"
                            nullable="true"
                            required="false"
                            type="reference"/>
                     <field label="TaskProperties Parameters"
                            name="taskProperties"
                            nullable="true"
                            required="false"
                            type="reference"/>
                     <field label="Output Parameters"
                            name="output"
                            nullable="true"
                            required="false"
                            type="reference"/>
                     <field label="Fault"
                            name="fault"
                            nullable="true"
                            required="false"
                            type="reference"/>
                  </detail>
               </processObject>
               <processObject xmlns="http://schemas.active-endpoints.com/appmodules/screenflow/2011/06/avosHostEnvironment.xsd"
                              displayName="mt-Audit-EndJob"
                              isByCopy="true"
                              name="mt-Audit-EndJob">
                  <description/>
                  <tags/>
                  <detail>
                     <field label="Input Parameters"
                            name="input"
                            nullable="true"
                            required="false"
                            type="reference"/>
                     <field label="InOut Parameters"
                            name="inout"
                            nullable="true"
                            required="false"
                            type="reference"/>
                     <field label="TaskProperties Parameters"
                            name="taskProperties"
                            nullable="true"
                            required="false"
                            type="reference"/>
                     <field label="Output Parameters"
                            name="output"
                            nullable="true"
                            required="false"
                            type="reference"/>
                     <field label="Fault"
                            name="fault"
                            nullable="true"
                            required="false"
                            type="reference"/>
                  </detail>
               </processObject>
            </dependencies>
         </taskflow>
      </types1:Entry>
      <types1:GUID>eAjpuNAIEYDgsBtsN37cOv</types1:GUID>
      <types1:DisplayName>tf_LoadDM_40-60_RDV_IAS_to_DM_Synchronization</types1:DisplayName>
   </types1:Item>
   <types1:CurrentServerDateTime>2023-03-08T18:46:31.43Z</types1:CurrentServerDateTime>
</aetgt:getResponse>
