<aetgt:getResponse xmlns:aetgt="http://schemas.active-endpoints.com/appmodules/repository/2010/10/avrepository.xsd"
                   xmlns:types1="http://schemas.active-endpoints.com/appmodules/repository/2010/10/avrepository.xsd">
   <types1:Item>
      <types1:EntryId>lEKSabbeJOSM8Nc-gt-1494908-2021-03-29T20:07:59.186Z::tf.xml</types1:EntryId>
      <types1:Name>tf_INITIAL_LOADING_LoadRDV_20-30_IAS_IAVM_to_RDV_REF_MAPPING_PRODUCT_TYPE</types1:Name>
      <types1:MimeType>application/xml+taskflow</types1:MimeType>
      <types1:Description/>
      <types1:AppliesTo/>
      <types1:Tags/>
      <types1:VersionLabel>1.0</types1:VersionLabel>
      <types1:State>CURRENT</types1:State>
      <types1:ProcessGroup/>
      <types1:CreatedBy>jihed.laamiri@ia.ca</types1:CreatedBy>
      <types1:CreationDate>2021-03-29T20:07:59Z</types1:CreationDate>
      <types1:ModifiedBy>jihed.laamiri@ia.ca</types1:ModifiedBy>
      <types1:ModificationDate>2021-06-22T21:08:40Z</types1:ModificationDate>
      <types1:PublicationStatus>published</types1:PublicationStatus>
      <types1:PublishedBy>jihed.laamiri@ia.ca</types1:PublishedBy>
      <types1:PublicationDate>2021-06-22T21:08:49Z</types1:PublicationDate>
      <types1:PublishedContributionId>project:/tf.tf_INITIAL_LOADING_LoadRDV_20-30_IAS_IAVM_to_RDV_REF_MAPPING_PRODUCT_TYPE/tf_INITIAL_LOADING_LoadRDV_20-30_IAS_IAVM_to_RDV_REF_MAPPING_PRODUCT_TYPE.tf.xml</types1:PublishedContributionId>
      <types1:AutosaveExists>false</types1:AutosaveExists>
      <types1:Entry>
         <taskflow xmlns="http://schemas.active-endpoints.com/appmodules/screenflow/2010/10/avosScreenflow.xsd"
                   xmlns:list="urn:activevos:spi:list:functions"
                   displayName="tf_INITIAL_LOADING_LoadRDV_20-30_IAS_IAVM_to_RDV_REF_MAPPING_PRODUCT_TYPE"
                   name="tf_INITIAL_LOADING_LoadRDV_20-30_IAS_IAVM_to_RDV_REF_MAPPING_PRODUCT_TYPE"
                   overrideAPIName="false">
            <appliesTo/>
            <description/>
            <tags/>
            <generator>Informatica Process Designer 11</generator>
            <tempFields>
               <field description="Filename of the file detected by the filelistener"
                      name="temp_filename"
                      type="string">
                  <options>
                     <option name="required">false</option>
                  </options>
               </field>
               <field description="Data start date : extracted from the filename"
                      name="temp_dataStartDate"
                      type="date">
                  <options>
                     <option name="required">false</option>
                  </options>
               </field>
               <field description="" name="temp_JobName" type="string">
                  <options>
                     <option name="required">false</option>
                  </options>
               </field>
               <field description="" name="temp_tf_Audit_ID" type="string">
                  <options>
                     <option name="required">false</option>
                  </options>
               </field>
               <field description="" name="mt_audit_startJob_NextDate" type="reference">
                  <options>
                     <option name="referenceTo">$po:mt-audit-startJob-NextDate</option>
                  </options>
               </field>
               <field description=""
                      name="mt_LoadRDV_STG_IAS_IAVM_To_Shared_RefMappingProductType"
                      type="reference">
                  <options>
                     <option name="referenceTo">$po:mt-LoadRDV-STG-IAS-IAVM-To-Shared-RefMappingProductType</option>
                  </options>
               </field>
               <field description=""
                      name="mt_LoadRDV_STG_IAS_IAVM_To_Shared_SATRefMappingProductTypeIasIavm_Insert"
                      type="reference">
                  <options>
                     <option name="referenceTo">$po:mt-LoadRDV-STG-IAS-IAVM-To-Shared-SATRefMappingProductTypeIasIavm-Insert</option>
                  </options>
               </field>
               <field description="" name="dt_Audit_EndJob" type="reference">
                  <options>
                     <option name="referenceTo">$po:mt-Audit-EndJob</option>
                     <option name="failOnNotRun">false</option>
                     <option name="failOnFault">false</option>
                  </options>
               </field>
               <field description=""
                      name="m_LoadSTG_IAS_IAVM_To_STG_REF_MAPPING_PRODUCT_TYPE"
                      type="reference">
                  <options>
                     <option name="failOnNotRun">false</option>
                     <option name="failOnFault">false</option>
                     <option name="referenceTo">$po:m-LoadSTG-IAS-IAVM-To-STG-REF-MAPPING-PRODUCT-TYPE</option>
                  </options>
               </field>
            </tempFields>
            <notes/>
            <deployment suspendOnFault="false" tracingLevel="verbose">
               <rest/>
            </deployment>
            <flow id="a">
               <start id="b">
                  <link id="kmv13f8l" targetId="kmv13f5r"/>
               </start>
               <assignment id="kmv13f5r">
                  <title>asgn_StartJob_Parameters</title>
                  <operation source="formula" to="temp.temp_JobName">
                     <expression language="XQuery">fn:concat("'",util:getAssetName(),"'")</expression>
                  </operation>
                  <operation source="formula" to="temp.temp_tf_Audit_ID">
                     <expression language="XQuery">fn:concat("'",util:getAssetName(),"-", util:getProcessId(),"'")</expression>
                  </operation>
                  <operation source="constant"
                             to="temp.mt_audit_startJob_NextDate[1]/inout[1]/io_DataStartDate">01/01/2000 00:00:00.000000000</operation>
                  <operation source="constant"
                             to="temp.mt_audit_startJob_NextDate[1]/inout[1]/io_Result">ERROR</operation>
                  <link id="kmv13f67" targetId="kmv13f66"/>
               </assignment>
               <assignment id="kmv13f6k">
                  <title>asgn_DataStartDate</title>
                  <operation source="formula" to="temp.temp_dataStartDate">
                     <expression language="XQuery">fn:concat("'",date:toChar(date:toDate($temp.mt_audit_startJob_NextDate[1]/inout[1]/io_DataStartDate , 'MM/DD/YYYY 00:00:00.000000000'),'YYYY-MM-DD'),"'")</expression>
                  </operation>
                  <link id="kmv13f7j" targetId="kmv13f6y"/>
               </assignment>
               <service id="kmv13f66">
                  <title>mt_audit_startJob_NextDate</title>
                  <serviceName>ICSExecuteDataTask</serviceName>
                  <serviceGUID/>
                  <serviceInput>
                     <parameter name="Wait for Task to Complete" source="constant" updatable="true">true</parameter>
                     <parameter name="Max Wait" source="constant" updatable="true">604800</parameter>
                     <parameter name="Task Name" source="constant" updatable="true">mt_audit_startJob_NextDate</parameter>
                     <parameter name="GUID" source="constant" updatable="true">6JlPhpdMbYmg1SDB5NWEGu</parameter>
                     <parameter name="Task Type" source="constant" updatable="true">MCT</parameter>
                     <parameter name="Has Inout Parameters" source="constant" updatable="true">true</parameter>
                     <parameter name="taskField" source="nested">
                        <operation source="field" to="mt-audit-startJob-NextDate">temp.mt_audit_startJob_NextDate</operation>
                        <operation source="field" to="mt-audit-startJob-NextDate/inout[1]/io_auditID">temp.temp_tf_Audit_ID</operation>
                        <operation source="field" to="mt-audit-startJob-NextDate/inout[1]/io_jobName">temp.temp_JobName</operation>
                     </parameter>
                  </serviceInput>
                  <serviceOutput>
                     <operation source="field" to="temp.mt_audit_startJob_NextDate/output/Object_Name">Object Name</operation>
                     <operation source="field" to="temp.mt_audit_startJob_NextDate/output/Run_Id">Run Id</operation>
                     <operation source="field" to="temp.mt_audit_startJob_NextDate/output/Log_Id">Log Id</operation>
                     <operation source="field" to="temp.mt_audit_startJob_NextDate/output/Task_Id">Task Id</operation>
                     <operation source="field" to="temp.mt_audit_startJob_NextDate/output/Task_Status">Task Status</operation>
                     <operation source="field"
                                to="temp.mt_audit_startJob_NextDate/output/Success_Source_Rows">Success Source Rows</operation>
                     <operation source="field"
                                to="temp.mt_audit_startJob_NextDate/output/Failed_Source_Rows">Failed Source Rows</operation>
                     <operation source="field"
                                to="temp.mt_audit_startJob_NextDate/output/Success_Target_Rows">Success Target Rows</operation>
                     <operation source="field"
                                to="temp.mt_audit_startJob_NextDate/output/Failed_Target_Rows">Failed Target Rows</operation>
                     <operation source="field" to="temp.mt_audit_startJob_NextDate/output/Start_Time">Start Time</operation>
                     <operation source="field" to="temp.mt_audit_startJob_NextDate/output/End_Time">End Time</operation>
                     <operation source="field"
                                to="temp.mt_audit_startJob_NextDate/output/Error_Message">Error Message</operation>
                     <operation source="field" to="temp.mt_audit_startJob_NextDate/inout/io_jobName">io_jobName</operation>
                     <operation source="field" to="temp.mt_audit_startJob_NextDate/inout/io_auditID">io_auditID</operation>
                     <operation source="field" to="temp.mt_audit_startJob_NextDate/inout/io_Result">io_Result</operation>
                     <operation source="field"
                                to="temp.mt_audit_startJob_NextDate/inout/io_DataStartDate">io_DataStartDate</operation>
                  </serviceOutput>
                  <link id="kmv13f6l" targetId="kmv13f6k"/>
               </service>
               <container id="kmv13f6y" type="exclusive">
                  <title>dcn_StartJob_Result</title>
                  <flow id="kmv13f6z">
                     <eventContainer id="kq8jhdmw">
                        <service id="kq8jhdm9">
                           <title>m_LoadSTG_IAS_IAVM_To_STG_REF_MAPPING_PRODUCT_TYPE</title>
                           <serviceName>ICSExecuteDataTask</serviceName>
                           <serviceGUID/>
                           <serviceInput>
                              <parameter name="Wait for Task to Complete" source="constant" updatable="true">true</parameter>
                              <parameter name="Max Wait" source="constant" updatable="true">604800</parameter>
                              <parameter name="Task Name" source="constant" updatable="true">m_LoadSTG_IAS_IAVM_To_STG_REF_MAPPING_PRODUCT_TYPE</parameter>
                              <parameter name="GUID" source="constant" updatable="true">56nSZDen6yAksUYhGUJFCD</parameter>
                              <parameter name="Task Type" source="constant" updatable="true">MCT</parameter>
                              <parameter name="Has Inout Parameters" source="constant" updatable="true">false</parameter>
                              <parameter name="taskField" source="nested">
                                 <operation source="field" to="m-LoadSTG-IAS-IAVM-To-STG-REF-MAPPING-PRODUCT-TYPE">temp.m_LoadSTG_IAS_IAVM_To_STG_REF_MAPPING_PRODUCT_TYPE</operation>
                              </parameter>
                           </serviceInput>
                           <serviceOutput>
                              <operation source="field"
                                         to="temp.m_LoadSTG_IAS_IAVM_To_STG_REF_MAPPING_PRODUCT_TYPE/output/Object_Name">Object Name</operation>
                              <operation source="field"
                                         to="temp.m_LoadSTG_IAS_IAVM_To_STG_REF_MAPPING_PRODUCT_TYPE/output/Run_Id">Run Id</operation>
                              <operation source="field"
                                         to="temp.m_LoadSTG_IAS_IAVM_To_STG_REF_MAPPING_PRODUCT_TYPE/output/Log_Id">Log Id</operation>
                              <operation source="field"
                                         to="temp.m_LoadSTG_IAS_IAVM_To_STG_REF_MAPPING_PRODUCT_TYPE/output/Task_Id">Task Id</operation>
                              <operation source="field"
                                         to="temp.m_LoadSTG_IAS_IAVM_To_STG_REF_MAPPING_PRODUCT_TYPE/output/Task_Status">Task Status</operation>
                              <operation source="field"
                                         to="temp.m_LoadSTG_IAS_IAVM_To_STG_REF_MAPPING_PRODUCT_TYPE/output/Success_Source_Rows">Success Source Rows</operation>
                              <operation source="field"
                                         to="temp.m_LoadSTG_IAS_IAVM_To_STG_REF_MAPPING_PRODUCT_TYPE/output/Failed_Source_Rows">Failed Source Rows</operation>
                              <operation source="field"
                                         to="temp.m_LoadSTG_IAS_IAVM_To_STG_REF_MAPPING_PRODUCT_TYPE/output/Success_Target_Rows">Success Target Rows</operation>
                              <operation source="field"
                                         to="temp.m_LoadSTG_IAS_IAVM_To_STG_REF_MAPPING_PRODUCT_TYPE/output/Failed_Target_Rows">Failed Target Rows</operation>
                              <operation source="field"
                                         to="temp.m_LoadSTG_IAS_IAVM_To_STG_REF_MAPPING_PRODUCT_TYPE/output/Start_Time">Start Time</operation>
                              <operation source="field"
                                         to="temp.m_LoadSTG_IAS_IAVM_To_STG_REF_MAPPING_PRODUCT_TYPE/output/End_Time">End Time</operation>
                              <operation source="field"
                                         to="temp.m_LoadSTG_IAS_IAVM_To_STG_REF_MAPPING_PRODUCT_TYPE/output/Error_Message">Error Message</operation>
                           </serviceOutput>
                        </service>
                        <link id="kq8jhdma" targetId="kmv13f72"/>
                        <events>
                           <catch faultField="temp.m_LoadSTG_IAS_IAVM_To_STG_REF_MAPPING_PRODUCT_TYPE/fault"
                                  id="kq8jhdmu"
                                  interrupting="true"
                                  name="error">
                              <suspend/>
                           </catch>
                           <catch faultField="temp.m_LoadSTG_IAS_IAVM_To_STG_REF_MAPPING_PRODUCT_TYPE/fault"
                                  id="kq8jhdmv"
                                  interrupting="true"
                                  name="warning"/>
                        </events>
                     </eventContainer>
                     <container id="kmv13f72" type="parallel">
                        <title>Parallel_LoadRdv</title>
                        <flow id="kmv13f73">
                           <eventContainer id="kmv13f74">
                              <service id="kmv13f75">
                                 <title>mt_LoadRDV_STG_IAS_IAVM_To_Shared_RefMappingProductType</title>
                                 <serviceName>ICSExecuteDataTask</serviceName>
                                 <serviceGUID/>
                                 <serviceInput>
                                    <parameter name="Wait for Task to Complete" source="constant" updatable="true">true</parameter>
                                    <parameter name="Max Wait" source="constant" updatable="true">604800</parameter>
                                    <parameter name="Task Name" source="constant" updatable="true">mt_LoadRDV_STG_IAS_IAVM_To_Shared_RefMappingProductType</parameter>
                                    <parameter name="GUID" source="constant" updatable="true">gLdp4YMShselhOosr1atg1</parameter>
                                    <parameter name="Task Type" source="constant" updatable="true">MCT</parameter>
                                    <parameter name="Has Inout Parameters" source="constant" updatable="true">false</parameter>
                                    <parameter name="taskField" source="nested">
                                       <operation source="field"
                                                  to="mt-LoadRDV-STG-IAS-IAVM-To-Shared-RefMappingProductType">temp.mt_LoadRDV_STG_IAS_IAVM_To_Shared_RefMappingProductType</operation>
                                       <operation source="field"
                                                  to="mt-LoadRDV-STG-IAS-IAVM-To-Shared-RefMappingProductType/inout[1]/io_tf_Audit_ID">temp.temp_tf_Audit_ID</operation>
                                    </parameter>
                                 </serviceInput>
                                 <serviceOutput>
                                    <operation source="field"
                                               to="temp.mt_LoadRDV_STG_IAS_IAVM_To_Shared_RefMappingProductType/output/Object_Name">Object Name</operation>
                                    <operation source="field"
                                               to="temp.mt_LoadRDV_STG_IAS_IAVM_To_Shared_RefMappingProductType/output/Run_Id">Run Id</operation>
                                    <operation source="field"
                                               to="temp.mt_LoadRDV_STG_IAS_IAVM_To_Shared_RefMappingProductType/output/Log_Id">Log Id</operation>
                                    <operation source="field"
                                               to="temp.mt_LoadRDV_STG_IAS_IAVM_To_Shared_RefMappingProductType/output/Task_Id">Task Id</operation>
                                    <operation source="field"
                                               to="temp.mt_LoadRDV_STG_IAS_IAVM_To_Shared_RefMappingProductType/output/Task_Status">Task Status</operation>
                                    <operation source="field"
                                               to="temp.mt_LoadRDV_STG_IAS_IAVM_To_Shared_RefMappingProductType/output/Success_Source_Rows">Success Source Rows</operation>
                                    <operation source="field"
                                               to="temp.mt_LoadRDV_STG_IAS_IAVM_To_Shared_RefMappingProductType/output/Failed_Source_Rows">Failed Source Rows</operation>
                                    <operation source="field"
                                               to="temp.mt_LoadRDV_STG_IAS_IAVM_To_Shared_RefMappingProductType/output/Success_Target_Rows">Success Target Rows</operation>
                                    <operation source="field"
                                               to="temp.mt_LoadRDV_STG_IAS_IAVM_To_Shared_RefMappingProductType/output/Failed_Target_Rows">Failed Target Rows</operation>
                                    <operation source="field"
                                               to="temp.mt_LoadRDV_STG_IAS_IAVM_To_Shared_RefMappingProductType/output/Start_Time">Start Time</operation>
                                    <operation source="field"
                                               to="temp.mt_LoadRDV_STG_IAS_IAVM_To_Shared_RefMappingProductType/output/End_Time">End Time</operation>
                                    <operation source="field"
                                               to="temp.mt_LoadRDV_STG_IAS_IAVM_To_Shared_RefMappingProductType/output/Error_Message">Error Message</operation>
                                 </serviceOutput>
                              </service>
                              <events>
                                 <catch faultField="temp.mt_LoadRDV_STG_IAS_IAVM_To_Shared_RefMappingProductType/fault"
                                        id="kfkk0zw3"
                                        interrupting="true"
                                        name="error">
                                    <suspend/>
                                 </catch>
                                 <catch faultField="temp.mt_LoadRDV_STG_IAS_IAVM_To_Shared_RefMappingProductType/fault"
                                        id="kfkk0zw4"
                                        interrupting="true"
                                        name="warning"/>
                              </events>
                           </eventContainer>
                           <link id="kmv13f7h" targetId="kmv13f72" type="containerLink"/>
                        </flow>
                        <flow id="kmv13f76">
                           <eventContainer id="kmv13f77">
                              <service id="kmv13f78">
                                 <title>mt_LoadRDV_STG_IAS_IAVM_To_Shared_SATRefMappingProductTypeIasIavm_Insert</title>
                                 <serviceName>ICSExecuteDataTask</serviceName>
                                 <serviceGUID/>
                                 <serviceInput>
                                    <parameter name="Wait for Task to Complete" source="constant" updatable="true">true</parameter>
                                    <parameter name="Max Wait" source="constant" updatable="true">604800</parameter>
                                    <parameter name="Task Name" source="constant" updatable="true">mt_LoadRDV_STG_IAS_IAVM_To_Shared_SATRefMappingProductTypeIasIavm_Insert</parameter>
                                    <parameter name="GUID" source="constant" updatable="true">2F90UW6iAQTdCFTgo0Mkui</parameter>
                                    <parameter name="Task Type" source="constant" updatable="true">MCT</parameter>
                                    <parameter name="Has Inout Parameters" source="constant" updatable="true">false</parameter>
                                    <parameter name="taskField" source="nested">
                                       <operation source="field"
                                                  to="mt-LoadRDV-STG-IAS-IAVM-To-Shared-SATRefMappingProductTypeIasIavm-Insert">temp.mt_LoadRDV_STG_IAS_IAVM_To_Shared_SATRefMappingProductTypeIasIavm_Insert</operation>
                                       <operation source="field"
                                                  to="mt-LoadRDV-STG-IAS-IAVM-To-Shared-SATRefMappingProductTypeIasIavm-Insert/inout[1]/io_tf_Audit_ID">temp.temp_tf_Audit_ID</operation>
                                    </parameter>
                                 </serviceInput>
                                 <serviceOutput>
                                    <operation source="field"
                                               to="temp.mt_LoadRDV_STG_IAS_IAVM_To_Shared_SATRefMappingProductTypeIasIavm_Insert/output/Object_Name">Object Name</operation>
                                    <operation source="field"
                                               to="temp.mt_LoadRDV_STG_IAS_IAVM_To_Shared_SATRefMappingProductTypeIasIavm_Insert/output/Run_Id">Run Id</operation>
                                    <operation source="field"
                                               to="temp.mt_LoadRDV_STG_IAS_IAVM_To_Shared_SATRefMappingProductTypeIasIavm_Insert/output/Log_Id">Log Id</operation>
                                    <operation source="field"
                                               to="temp.mt_LoadRDV_STG_IAS_IAVM_To_Shared_SATRefMappingProductTypeIasIavm_Insert/output/Task_Id">Task Id</operation>
                                    <operation source="field"
                                               to="temp.mt_LoadRDV_STG_IAS_IAVM_To_Shared_SATRefMappingProductTypeIasIavm_Insert/output/Task_Status">Task Status</operation>
                                    <operation source="field"
                                               to="temp.mt_LoadRDV_STG_IAS_IAVM_To_Shared_SATRefMappingProductTypeIasIavm_Insert/output/Success_Source_Rows">Success Source Rows</operation>
                                    <operation source="field"
                                               to="temp.mt_LoadRDV_STG_IAS_IAVM_To_Shared_SATRefMappingProductTypeIasIavm_Insert/output/Failed_Source_Rows">Failed Source Rows</operation>
                                    <operation source="field"
                                               to="temp.mt_LoadRDV_STG_IAS_IAVM_To_Shared_SATRefMappingProductTypeIasIavm_Insert/output/Success_Target_Rows">Success Target Rows</operation>
                                    <operation source="field"
                                               to="temp.mt_LoadRDV_STG_IAS_IAVM_To_Shared_SATRefMappingProductTypeIasIavm_Insert/output/Failed_Target_Rows">Failed Target Rows</operation>
                                    <operation source="field"
                                               to="temp.mt_LoadRDV_STG_IAS_IAVM_To_Shared_SATRefMappingProductTypeIasIavm_Insert/output/Start_Time">Start Time</operation>
                                    <operation source="field"
                                               to="temp.mt_LoadRDV_STG_IAS_IAVM_To_Shared_SATRefMappingProductTypeIasIavm_Insert/output/End_Time">End Time</operation>
                                    <operation source="field"
                                               to="temp.mt_LoadRDV_STG_IAS_IAVM_To_Shared_SATRefMappingProductTypeIasIavm_Insert/output/Error_Message">Error Message</operation>
                                 </serviceOutput>
                              </service>
                              <events>
                                 <catch faultField="temp.mt_LoadRDV_STG_IAS_IAVM_To_Shared_SATRefMappingProductTypeIasIavm_Insert/fault"
                                        id="kfkk0zxg"
                                        interrupting="true"
                                        name="error">
                                    <suspend/>
                                 </catch>
                                 <catch faultField="temp.mt_LoadRDV_STG_IAS_IAVM_To_Shared_SATRefMappingProductTypeIasIavm_Insert/fault"
                                        id="kfkk0zxh"
                                        interrupting="true"
                                        name="warning"/>
                              </events>
                           </eventContainer>
                           <link id="kmv13f7i" targetId="kmv13f72" type="containerLink"/>
                        </flow>
                        <link id="kmv13f7f" targetId="kmv13f73" type="containerLink"/>
                        <link id="kmv13f7g" targetId="kmv13f76" type="containerLink"/>
                     </container>
                     <link id="kmv13f7d" targetId="kmv13f6y" type="containerLink"/>
                  </flow>
                  <flow id="kmv13f79">
                     <throw id="kmv13f7a">
                        <title>Throw_Error_StartJob</title>
                        <throwInput>
                           <parameter name="code" source="field" updatable="true">temp.mt_audit_startJob_NextDate[1]/inout[1]/io_Result</parameter>
                           <parameter name="detail" source="constant" updatable="true"/>
                           <parameter name="reason" source="constant" updatable="true"/>
                        </throwInput>
                     </throw>
                  </flow>
                  <link id="kmv13f7b" targetId="kmv13f6z" type="containerLink">
                     <condition source="formula">
                        <function name="contains">
                           <arg name="left">{$temp.mt_audit_startJob_NextDate[1]/inout[1]/io_Result}</arg>
                           <arg name="right">SUCCESS</arg>
                        </function>
                     </condition>
                  </link>
                  <link id="kmv13f7c" targetId="kmv13f79" type="containerLink"/>
                  <link id="kmv13f7z" targetId="knos58do"/>
               </container>
               <eventContainer id="knos58do">
                  <service id="kmv13f7y">
                     <title>dt_Audit_EndJob</title>
                     <serviceName>ICSExecuteDataTask</serviceName>
                     <serviceGUID/>
                     <serviceInput>
                        <parameter name="Wait for Task to Complete" source="constant" updatable="true">true</parameter>
                        <parameter name="Max Wait" source="constant" updatable="true">604800</parameter>
                        <parameter name="Task Name" source="constant" updatable="true">mt_Audit_EndJob</parameter>
                        <parameter name="GUID" source="constant" updatable="true">kqOWGr6e649l6xYrht3y6C</parameter>
                        <parameter name="Task Type" source="constant" updatable="true">MCT</parameter>
                        <parameter name="Has Inout Parameters" source="constant" updatable="true">true</parameter>
                        <parameter name="taskField" source="nested">
                           <operation source="field" to="mt-Audit-EndJob">temp.dt_Audit_EndJob</operation>
                           <operation source="field" to="mt-Audit-EndJob/inout[1]/io_jobAuditID">temp.temp_tf_Audit_ID</operation>
                           <operation source="constant" to="mt-Audit-EndJob/inout[1]/io_jobEndDesc">Successful execution</operation>
                           <operation source="constant" to="mt-Audit-EndJob/inout[1]/io_jobEndStatus">SUCCESS</operation>
                           <operation source="field" to="mt-Audit-EndJob/inout[1]/io_jobName">temp.temp_JobName</operation>
                           <operation source="field" to="mt-Audit-EndJob/inout[1]/io_jobStartDate">temp.temp_dataStartDate</operation>
                        </parameter>
                     </serviceInput>
                     <serviceOutput>
                        <operation source="field" to="temp.dt_Audit_EndJob/output/Object_Name">Object Name</operation>
                        <operation source="field" to="temp.dt_Audit_EndJob/output/Run_Id">Run Id</operation>
                        <operation source="field" to="temp.dt_Audit_EndJob/output/Log_Id">Log Id</operation>
                        <operation source="field" to="temp.dt_Audit_EndJob/output/Task_Id">Task Id</operation>
                        <operation source="field" to="temp.dt_Audit_EndJob/output/Task_Status">Task Status</operation>
                        <operation source="field" to="temp.dt_Audit_EndJob/output/Success_Source_Rows">Success Source Rows</operation>
                        <operation source="field" to="temp.dt_Audit_EndJob/output/Failed_Source_Rows">Failed Source Rows</operation>
                        <operation source="field" to="temp.dt_Audit_EndJob/output/Success_Target_Rows">Success Target Rows</operation>
                        <operation source="field" to="temp.dt_Audit_EndJob/output/Failed_Target_Rows">Failed Target Rows</operation>
                        <operation source="field" to="temp.dt_Audit_EndJob/output/Start_Time">Start Time</operation>
                        <operation source="field" to="temp.dt_Audit_EndJob/output/End_Time">End Time</operation>
                        <operation source="field" to="temp.dt_Audit_EndJob/output/Error_Message">Error Message</operation>
                        <operation source="field" to="temp.dt_Audit_EndJob/inout/io_Result">io_Result</operation>
                        <operation source="field" to="temp.dt_Audit_EndJob/inout/io_jobName">io_jobName</operation>
                        <operation source="field" to="temp.dt_Audit_EndJob/inout/io_jobAuditID">io_jobAuditID</operation>
                        <operation source="field" to="temp.dt_Audit_EndJob/inout/io_jobStartDate">io_jobStartDate</operation>
                        <operation source="field" to="temp.dt_Audit_EndJob/inout/io_jobEndStatus">io_jobEndStatus</operation>
                        <operation source="field" to="temp.dt_Audit_EndJob/inout/io_jobEndDesc">io_jobEndDesc</operation>
                     </serviceOutput>
                  </service>
                  <link id="kmv13f8d" targetId="c"/>
                  <events>
                     <catch faultField="temp.dt_Audit_EndJob/fault"
                            id="knos58dm"
                            interrupting="true"
                            name="error">
                        <suspend/>
                     </catch>
                     <catch faultField="temp.dt_Audit_EndJob/fault"
                            id="knos58dn"
                            interrupting="true"
                            name="warning"/>
                  </events>
               </eventContainer>
               <end id="c"/>
            </flow>
            <dependencies>
               <processObject xmlns="http://schemas.active-endpoints.com/appmodules/screenflow/2011/06/avosHostEnvironment.xsd"
                              displayName="mt-audit-startJob-NextDate"
                              isByCopy="true"
                              name="mt-audit-startJob-NextDate">
                  <description/>
                  <tags/>
                  <detail>
                     <field label="Input Parameters" name="input" type="reference"/>
                     <field label="InOut Parameters" name="inout" type="reference"/>
                     <field label="TaskProperties Parameters"
                            name="taskProperties"
                            type="reference"/>
                     <field label="Output Parameters" name="output" type="reference"/>
                     <field label="Fault" name="fault" type="reference"/>
                  </detail>
               </processObject>
               <processObject xmlns="http://schemas.active-endpoints.com/appmodules/screenflow/2011/06/avosHostEnvironment.xsd"
                              displayName="mt-LoadRDV-STG-IAS-IAVM-To-Shared-RefMappingProductType"
                              isByCopy="true"
                              name="mt-LoadRDV-STG-IAS-IAVM-To-Shared-RefMappingProductType">
                  <description/>
                  <tags/>
                  <detail>
                     <field label="Input Parameters" name="input" type="reference"/>
                     <field label="InOut Parameters" name="inout" type="reference"/>
                     <field label="TaskProperties Parameters"
                            name="taskProperties"
                            type="reference"/>
                     <field label="Output Parameters" name="output" type="reference"/>
                     <field label="Fault" name="fault" type="reference"/>
                  </detail>
               </processObject>
               <processObject xmlns="http://schemas.active-endpoints.com/appmodules/screenflow/2011/06/avosHostEnvironment.xsd"
                              displayName="mt-LoadRDV-STG-IAS-IAVM-To-Shared-SATRefMappingProductTypeIasIavm-Insert"
                              isByCopy="true"
                              name="mt-LoadRDV-STG-IAS-IAVM-To-Shared-SATRefMappingProductTypeIasIavm-Insert">
                  <description/>
                  <tags/>
                  <detail>
                     <field label="Input Parameters" name="input" type="reference"/>
                     <field label="InOut Parameters" name="inout" type="reference"/>
                     <field label="TaskProperties Parameters"
                            name="taskProperties"
                            type="reference"/>
                     <field label="Output Parameters" name="output" type="reference"/>
                     <field label="Fault" name="fault" type="reference"/>
                  </detail>
               </processObject>
               <processObject xmlns="http://schemas.active-endpoints.com/appmodules/screenflow/2011/06/avosHostEnvironment.xsd"
                              displayName="mt-Audit-EndJob"
                              isByCopy="true"
                              name="mt-Audit-EndJob">
                  <description/>
                  <tags/>
                  <detail>
                     <field label="Input Parameters" name="input" type="reference"/>
                     <field label="InOut Parameters" name="inout" type="reference"/>
                     <field label="TaskProperties Parameters"
                            name="taskProperties"
                            type="reference"/>
                     <field label="Output Parameters" name="output" type="reference"/>
                     <field label="Fault" name="fault" type="reference"/>
                  </detail>
               </processObject>
               <processObject xmlns="http://schemas.active-endpoints.com/appmodules/screenflow/2011/06/avosHostEnvironment.xsd"
                              displayName="m-LoadSTG-IAS-IAVM-To-STG-REF-MAPPING-PRODUCT-TYPE"
                              isByCopy="true"
                              name="m-LoadSTG-IAS-IAVM-To-STG-REF-MAPPING-PRODUCT-TYPE">
                  <description/>
                  <tags/>
                  <detail>
                     <field label="TaskProperties Parameters"
                            name="taskProperties"
                            type="reference"/>
                     <field label="Output Parameters" name="output" type="reference"/>
                     <field label="Fault" name="fault" type="reference"/>
                  </detail>
               </processObject>
            </dependencies>
         </taskflow>
      </types1:Entry>
      <types1:GUID>59bETutVIKwlSkgyUzUTu9</types1:GUID>
      <types1:DisplayName>tf_INITIAL_LOADING_LoadRDV_20-30_IAS_IAVM_to_RDV_REF_MAPPING_PRODUCT_TYPE</types1:DisplayName>
   </types1:Item>
   <types1:CurrentServerDateTime>2023-01-19T13:41:42.689Z</types1:CurrentServerDateTime>
</aetgt:getResponse>
