<aetgt:getResponse xmlns:aetgt="http://schemas.active-endpoints.com/appmodules/repository/2010/10/avrepository.xsd"
                   xmlns:types1="http://schemas.active-endpoints.com/appmodules/repository/2010/10/avrepository.xsd">
   <types1:Item>
      <types1:EntryId>eAls2z8Uuopz4Kh-gt-87022162-2022-05-10T13:35:48.065Z::tf.xml</types1:EntryId>
      <types1:Name>tf_LoadBDV_42_Shared_InvestmentContract-1</types1:Name>
      <types1:MimeType>application/xml+taskflow</types1:MimeType>
      <types1:Description>This allows to load a working table to finally load the LINK_INVESTMENT_CONTRACT table and the SAT_LINK_INVESTMENT_CONTRACT table</types1:Description>
      <types1:AppliesTo/>
      <types1:Tags/>
      <types1:VersionLabel>1.0</types1:VersionLabel>
      <types1:State>CURRENT</types1:State>
      <types1:ProcessGroup/>
      <types1:CreatedBy>jihed.laamiri@ia.ca</types1:CreatedBy>
      <types1:CreationDate>2022-05-10T13:35:48Z</types1:CreationDate>
      <types1:ModifiedBy>sudarshan.vinjamuri@ia.ca</types1:ModifiedBy>
      <types1:ModificationDate>2022-05-18T13:12:57Z</types1:ModificationDate>
      <types1:PublicationStatus>published</types1:PublicationStatus>
      <types1:PublishedBy>jihed.laamiri@ia.ca</types1:PublishedBy>
      <types1:PublicationDate>2022-12-21T17:55:36Z</types1:PublicationDate>
      <types1:PublishedContributionId>project:/tf.tf_LoadBDV_42_Shared_InvestmentContract-1/tf_LoadBDV_42_Shared_InvestmentContract-1.tf.xml</types1:PublishedContributionId>
      <types1:AutosaveExists>false</types1:AutosaveExists>
      <types1:Entry>
         <taskflow xmlns="http://schemas.active-endpoints.com/appmodules/screenflow/2010/10/avosScreenflow.xsd"
                   xmlns:tfm="http://schemas.active-endpoints.com/appmodules/screenflow/2021/04/taskflowModel.xsd"
                   xmlns:list="urn:activevos:spi:list:functions"
                   displayName="tf_LoadBDV_42_Shared_InvestmentContract"
                   name="tf_LoadBDV_42_Shared_InvestmentContract-1"
                   overrideAPIName="false">
            <parameterSet xmlns="http://schemas.active-endpoints.com/appmodules/screenflow/2021/04/taskflowModel.xsd"/>
            <appliesTo/>
            <description>This allows to load a working table to finally load the LINK_INVESTMENT_CONTRACT table and the SAT_LINK_INVESTMENT_CONTRACT table</description>
            <tags/>
            <generator>Informatica Process Designer 11</generator>
            <tempFields>
               <field description="" name="mt_audit_startJob_NextDate" type="reference">
                  <options>
                     <option name="referenceTo">$po:mt-audit-startJob-NextDate</option>
                     <option name="failOnNotRun">false</option>
                     <option name="failOnFault">false</option>
                  </options>
               </field>
               <field description=""
                      name="mt_LoadBDV_RDV_SAT_LINK_INVESTMENT_CONTRACT_RR_TO_BDV_SAT_LINK_INVESTMENT_CONTRACT_Insert"
                      type="reference">
                  <options>
                     <option name="referenceTo">$po:mt-LoadBDV-RDV-SAT-LINK-INVESTMENT-CONTRACT-RR-To-BDV-SAT-LINK-INVESTMENT-CONTRACT-Insert</option>
                     <option name="failOnNotRun">false</option>
                     <option name="failOnFault">false</option>
                  </options>
               </field>
               <field description=""
                      name="mt_LoadBDV_RDV_SAT_LINK_INVESTMENT_CONTRACT_RR_TO_BDV_SAT_LINK_INVESTMENT_CONTRACT_Delete"
                      type="reference">
                  <options>
                     <option name="referenceTo">$po:mt-LoadBDV-RDV-SAT-LINK-INVESTMENT-CONTRACT-RR-To-BDV-SAT-LINK-INVESTMENT-CONTRACT-Delete</option>
                     <option name="failOnNotRun">false</option>
                     <option name="failOnFault">false</option>
                  </options>
               </field>
               <field description=""
                      name="mt_LoadBDV_RDV_LINK_INVESTMENT_CONTRACT_RR_TO_BDV_LINK_INVESTMENT_CONTRACT"
                      type="reference">
                  <options>
                     <option name="referenceTo">$po:mt-LoadBDV-RDV-LINK-INVESTMENT-CONTRACT-RR-To-BDV-LINK-INVESTMENT-CONTRACT</option>
                     <option name="failOnNotRun">false</option>
                     <option name="failOnFault">false</option>
                  </options>
               </field>
               <field description="" name="dt_Audit_EndJob" type="reference">
                  <options>
                     <option name="referenceTo">$po:mt-audit-EndJob</option>
                     <option name="failOnNotRun">false</option>
                     <option name="failOnFault">false</option>
                  </options>
               </field>
               <field description="" name="temp_JobName" type="string">
                  <options>
                     <option name="required">false</option>
                  </options>
               </field>
               <field description="" name="temp_tf_Audit_ID" type="string">
                  <options>
                     <option name="required">false</option>
                  </options>
               </field>
               <field description="" name="temp_dataStartDate" type="date">
                  <options>
                     <option name="required">false</option>
                  </options>
               </field>
               <field description=""
                      name="mt_LoadBDV_RDV_SAT_LINK_INVESTMENT_CONTRACT_RR_TO_BDV_WT_INVESTMENT_CONTRACT_IAS_NBIN"
                      type="reference">
                  <options>
                     <option name="referenceTo">$po:mt-LoadBDV-RDV-SAT-LINK-INVESTMENT-CONTRACT-RR-To-BDV-WT-INVESTMENT-CONTRACT-IAS-NBIN</option>
                     <option name="failOnNotRun">false</option>
                     <option name="failOnFault">false</option>
                  </options>
               </field>
               <field description=""
                      name="mt_LoadBDV_RDV_SAT_LINK_INVESTMENT_CONTRACT_RR_TO_BDV_WT_INVESTMENT_CONTRACT_IAS_UNIVERIS"
                      type="reference">
                  <options>
                     <option name="failOnNotRun">false</option>
                     <option name="failOnFault">false</option>
                     <option name="referenceTo">$po:mt-LoadBDV-RDV-SAT-LINK-INVESTMENT-CONTRACT-RR-To-BDV-WT-INVESTMENT-CONTRACT-IAS-UNIVERIS</option>
                  </options>
               </field>
               <field description=""
                      name="dt_LoadBDV_RDV_SAT_LINK_INVESTMENT_CONTRACT_RR_To_BDV_WT_INVESTMENT_CONTRACT_INVESTIA_UNIVERIS"
                      type="reference">
                  <options>
                     <option name="failOnNotRun">false</option>
                     <option name="failOnFault">false</option>
                     <option name="referenceTo">$po:mt-LoadBDV-RDV-SAT-LINK-INVESTMENT-CONTRACT-RR-To-BDV-WT-INVESTMENT-CONTRACT-INVESTIA-UNIVERIS</option>
                  </options>
               </field>
            </tempFields>
            <notes/>
            <deployment suspendOnFault="false" tracingLevel="verbose">
               <rest/>
            </deployment>
            <flow id="a">
               <start id="b">
                  <link id="klv8m22r" targetId="klv8m22q"/>
               </start>
               <assignment id="klv8m22q">
                  <title>asgn_StartJob_Parameters</title>
                  <operation source="formula" to="temp.temp_JobName">
                     <expression language="XQuery">fn:concat("'",util:getAssetName(),"'")</expression>
                  </operation>
                  <operation source="formula" to="temp.temp_tf_Audit_ID">
                     <expression language="XQuery">fn:concat("'",util:getAssetName(),"-", util:getProcessId(),"'")</expression>
                  </operation>
                  <operation source="constant"
                             to="temp.mt_audit_startJob_NextDate[1]/inout[1]/io_DataStartDate">01/01/2000 00:00:00.000000000</operation>
                  <operation source="constant"
                             to="temp.mt_audit_startJob_NextDate[1]/inout[1]/io_Result">ERROR</operation>
                  <link id="klv8m22s" targetId="kg9i7hj8"/>
               </assignment>
               <assignment id="km5bsk4m">
                  <title>asgn_DataStartDate</title>
                  <operation source="formula" to="temp.temp_dataStartDate">
                     <expression language="XQuery">fn:concat("'",date:toChar(date:toDate($temp.mt_audit_startJob_NextDate[1]/inout[1]/io_DataStartDate , 'MM/DD/YYYY 00:00:00.000000000'),'YYYY-MM-DD'),"'")</expression>
                  </operation>
                  <link id="km5bsk4o" targetId="kg9i7hju"/>
               </assignment>
               <eventContainer id="kg9i7hj8">
                  <service id="kg9i7hj2">
                     <title>mt_audit_startJob_NextDate</title>
                     <serviceName>ICSExecuteDataTask</serviceName>
                     <serviceGUID/>
                     <serviceInput>
                        <parameter name="Wait for Task to Complete" source="constant" updatable="true">true</parameter>
                        <parameter name="Max Wait" source="constant" updatable="true">604800</parameter>
                        <parameter name="Task Name" source="constant" updatable="true">mt_audit_startJob_NextDate</parameter>
                        <parameter name="GUID" source="constant" updatable="true">df4PTeSgQu7klr5YCIvv2i</parameter>
                        <parameter name="Task Type" source="constant" updatable="true">MCT</parameter>
                        <parameter name="Has Inout Parameters" source="constant" updatable="true">true</parameter>
                        <parameter name="taskField" source="nested">
                           <operation source="field" to="mt-audit-startJob-NextDate">temp.mt_audit_startJob_NextDate</operation>
                           <operation source="field" to="mt-audit-startJob-NextDate/inout[1]/io_auditID">temp.temp_tf_Audit_ID
                           
                           
                           <expression language="XQuery">fn:concat("'",fn:replace($temp.mt_audit_startJob_NextDate[1]/inout[1]/io_jobName , "'", ""),"-", util:getProcessId(),"'")</expression>
                           </operation>
                           <operation source="field" to="mt-audit-startJob-NextDate/inout[1]/io_jobName">temp.temp_JobName</operation>
                        </parameter>
                     </serviceInput>
                     <serviceOutput>
                        <operation source="field" to="temp.mt_audit_startJob_NextDate/output/Object_Name">Object Name</operation>
                        <operation source="field" to="temp.mt_audit_startJob_NextDate/output/Run_Id">Run Id</operation>
                        <operation source="field" to="temp.mt_audit_startJob_NextDate/output/Log_Id">Log Id</operation>
                        <operation source="field" to="temp.mt_audit_startJob_NextDate/output/Task_Id">Task Id</operation>
                        <operation source="field" to="temp.mt_audit_startJob_NextDate/output/Task_Status">Task Status</operation>
                        <operation source="field"
                                   to="temp.mt_audit_startJob_NextDate/output/Success_Source_Rows">Success Source Rows</operation>
                        <operation source="field"
                                   to="temp.mt_audit_startJob_NextDate/output/Failed_Source_Rows">Failed Source Rows</operation>
                        <operation source="field"
                                   to="temp.mt_audit_startJob_NextDate/output/Success_Target_Rows">Success Target Rows</operation>
                        <operation source="field"
                                   to="temp.mt_audit_startJob_NextDate/output/Failed_Target_Rows">Failed Target Rows</operation>
                        <operation source="field" to="temp.mt_audit_startJob_NextDate/output/Start_Time">Start Time</operation>
                        <operation source="field" to="temp.mt_audit_startJob_NextDate/output/End_Time">End Time</operation>
                        <operation source="field"
                                   to="temp.mt_audit_startJob_NextDate/output/Error_Message">Error Message</operation>
                        <operation source="field" to="temp.mt_audit_startJob_NextDate/inout/io_jobName">io_jobName</operation>
                        <operation source="field" to="temp.mt_audit_startJob_NextDate/inout/io_auditID">io_auditID</operation>
                        <operation source="field" to="temp.mt_audit_startJob_NextDate/inout/io_Result">io_Result</operation>
                        <operation source="field"
                                   to="temp.mt_audit_startJob_NextDate/inout/io_DataStartDate">io_DataStartDate</operation>
                     </serviceOutput>
                  </service>
                  <link id="km5bsk4n" targetId="km5bsk4m"/>
                  <events>
                     <catch faultField="temp.mt_audit_startJob_NextDate/fault"
                            id="kg9i7hj6"
                            interrupting="true"
                            name="error">
                        <suspend/>
                     </catch>
                     <catch faultField="temp.mt_audit_startJob_NextDate/fault"
                            id="kg9i7hj7"
                            interrupting="true"
                            name="warning"/>
                  </events>
               </eventContainer>
               <container id="kg9i7hju" type="exclusive">
                  <title>dcn_StartJob_Result</title>
                  <flow id="kg9i7hjy">
                     <container id="kou7eg1r" type="parallel">
                        <title>Parallel WT loading</title>
                        <flow id="kou7eg1u">
                           <eventContainer id="koynnbfv">
                              <service id="kou7eg25">
                                 <title>mt_LoadBDV_RDV_SAT_LINK_INVESTMENT_CONTRACT_RR_TO_BDV_WT_INVESTMENT_CONTRACT_IAS_NBIN</title>
                                 <serviceName>ICSExecuteDataTask</serviceName>
                                 <serviceGUID/>
                                 <serviceInput>
                                    <parameter name="Wait for Task to Complete" source="constant" updatable="true">true</parameter>
                                    <parameter name="Max Wait" source="constant" updatable="true">604800</parameter>
                                    <parameter name="Task Name" source="constant" updatable="true">mt_LoadBDV_RDV_SAT_LINK_INVESTMENT_CONTRACT_RR_To_BDV_WT_INVESTMENT_CONTRACT_IAS_NBIN</parameter>
                                    <parameter name="GUID" source="constant" updatable="true">d5naky9VAGCfu0EyB9Sra8</parameter>
                                    <parameter name="Task Type" source="constant" updatable="true">MCT</parameter>
                                    <parameter name="Has Inout Parameters" source="constant" updatable="true">false</parameter>
                                    <parameter name="taskField" source="nested">
                                       <operation source="field"
                                                  to="mt-LoadBDV-RDV-SAT-LINK-INVESTMENT-CONTRACT-RR-To-BDV-WT-INVESTMENT-CONTRACT-IAS-NBIN">temp.mt_LoadBDV_RDV_SAT_LINK_INVESTMENT_CONTRACT_RR_TO_BDV_WT_INVESTMENT_CONTRACT_IAS_NBIN</operation>
                                       <operation source="field"
                                                  to="mt-LoadBDV-RDV-SAT-LINK-INVESTMENT-CONTRACT-RR-To-BDV-WT-INVESTMENT-CONTRACT-IAS-NBIN/input[1]/i_DATA_START_DATE">temp.temp_dataStartDate</operation>
                                    </parameter>
                                 </serviceInput>
                                 <serviceOutput>
                                    <operation source="field"
                                               to="temp.mt_LoadBDV_RDV_SAT_LINK_INVESTMENT_CONTRACT_RR_TO_BDV_WT_INVESTMENT_CONTRACT_IAS_NBIN/output/Object_Name">Object Name</operation>
                                    <operation source="field"
                                               to="temp.mt_LoadBDV_RDV_SAT_LINK_INVESTMENT_CONTRACT_RR_TO_BDV_WT_INVESTMENT_CONTRACT_IAS_NBIN/output/Run_Id">Run Id</operation>
                                    <operation source="field"
                                               to="temp.mt_LoadBDV_RDV_SAT_LINK_INVESTMENT_CONTRACT_RR_TO_BDV_WT_INVESTMENT_CONTRACT_IAS_NBIN/output/Log_Id">Log Id</operation>
                                    <operation source="field"
                                               to="temp.mt_LoadBDV_RDV_SAT_LINK_INVESTMENT_CONTRACT_RR_TO_BDV_WT_INVESTMENT_CONTRACT_IAS_NBIN/output/Task_Id">Task Id</operation>
                                    <operation source="field"
                                               to="temp.mt_LoadBDV_RDV_SAT_LINK_INVESTMENT_CONTRACT_RR_TO_BDV_WT_INVESTMENT_CONTRACT_IAS_NBIN/output/Task_Status">Task Status</operation>
                                    <operation source="field"
                                               to="temp.mt_LoadBDV_RDV_SAT_LINK_INVESTMENT_CONTRACT_RR_TO_BDV_WT_INVESTMENT_CONTRACT_IAS_NBIN/output/Success_Source_Rows">Success Source Rows</operation>
                                    <operation source="field"
                                               to="temp.mt_LoadBDV_RDV_SAT_LINK_INVESTMENT_CONTRACT_RR_TO_BDV_WT_INVESTMENT_CONTRACT_IAS_NBIN/output/Failed_Source_Rows">Failed Source Rows</operation>
                                    <operation source="field"
                                               to="temp.mt_LoadBDV_RDV_SAT_LINK_INVESTMENT_CONTRACT_RR_TO_BDV_WT_INVESTMENT_CONTRACT_IAS_NBIN/output/Success_Target_Rows">Success Target Rows</operation>
                                    <operation source="field"
                                               to="temp.mt_LoadBDV_RDV_SAT_LINK_INVESTMENT_CONTRACT_RR_TO_BDV_WT_INVESTMENT_CONTRACT_IAS_NBIN/output/Failed_Target_Rows">Failed Target Rows</operation>
                                    <operation source="field"
                                               to="temp.mt_LoadBDV_RDV_SAT_LINK_INVESTMENT_CONTRACT_RR_TO_BDV_WT_INVESTMENT_CONTRACT_IAS_NBIN/output/Start_Time">Start Time</operation>
                                    <operation source="field"
                                               to="temp.mt_LoadBDV_RDV_SAT_LINK_INVESTMENT_CONTRACT_RR_TO_BDV_WT_INVESTMENT_CONTRACT_IAS_NBIN/output/End_Time">End Time</operation>
                                    <operation source="field"
                                               to="temp.mt_LoadBDV_RDV_SAT_LINK_INVESTMENT_CONTRACT_RR_TO_BDV_WT_INVESTMENT_CONTRACT_IAS_NBIN/output/Error_Message">Error Message</operation>
                                 </serviceOutput>
                              </service>
                              <events>
                                 <catch faultField="temp.mt_LoadBDV_RDV_SAT_LINK_INVESTMENT_CONTRACT_RR_TO_BDV_WT_INVESTMENT_CONTRACT_IAS_NBIN/fault"
                                        id="koynnbft"
                                        interrupting="true"
                                        name="error">
                                    <suspend/>
                                 </catch>
                                 <catch faultField="temp.mt_LoadBDV_RDV_SAT_LINK_INVESTMENT_CONTRACT_RR_TO_BDV_WT_INVESTMENT_CONTRACT_IAS_NBIN/fault"
                                        id="koynnbfu"
                                        interrupting="true"
                                        name="warning"/>
                              </events>
                           </eventContainer>
                           <link id="kou7eg1v" targetId="kou7eg1r" type="containerLink"/>
                        </flow>
                        <flow id="kou7eg1x">
                           <eventContainer id="kou7eg3x">
                              <service id="kou7eg2o">
                                 <title>mt_LoadBDV_RDV_SAT_LINK_INVESTMENT_CONTRACT_RR_TO_BDV_WT_INVESTMENT_CONTRACT_IAS_UNIVERIS</title>
                                 <serviceName>ICSExecuteDataTask</serviceName>
                                 <serviceGUID/>
                                 <serviceInput>
                                    <parameter name="Wait for Task to Complete" source="constant" updatable="true">true</parameter>
                                    <parameter name="Max Wait" source="constant" updatable="true">604800</parameter>
                                    <parameter name="Task Name" source="constant" updatable="true">mt_LoadBDV_RDV_SAT_LINK_INVESTMENT_CONTRACT_RR_To_BDV_WT_INVESTMENT_CONTRACT_IAS_UNIVERIS</parameter>
                                    <parameter name="GUID" source="constant" updatable="true">jSsPWGmyEIFfxw8Fvi6PmI</parameter>
                                    <parameter name="Task Type" source="constant" updatable="true">MCT</parameter>
                                    <parameter name="Has Inout Parameters" source="constant" updatable="true">false</parameter>
                                    <parameter name="taskField" source="nested">
                                       <operation source="field"
                                                  to="mt-LoadBDV-RDV-SAT-LINK-INVESTMENT-CONTRACT-RR-To-BDV-WT-INVESTMENT-CONTRACT-IAS-UNIVERIS">temp.mt_LoadBDV_RDV_SAT_LINK_INVESTMENT_CONTRACT_RR_TO_BDV_WT_INVESTMENT_CONTRACT_IAS_UNIVERIS</operation>
                                       <operation source="field"
                                                  to="mt-LoadBDV-RDV-SAT-LINK-INVESTMENT-CONTRACT-RR-To-BDV-WT-INVESTMENT-CONTRACT-IAS-UNIVERIS/input[1]/i_DATA_START_DATE">temp.temp_dataStartDate</operation>
                                    </parameter>
                                 </serviceInput>
                                 <serviceOutput>
                                    <operation source="field"
                                               to="temp.mt_LoadBDV_RDV_SAT_LINK_INVESTMENT_CONTRACT_RR_TO_BDV_WT_INVESTMENT_CONTRACT_IAS_UNIVERIS/output/Object_Name">Object Name</operation>
                                    <operation source="field"
                                               to="temp.mt_LoadBDV_RDV_SAT_LINK_INVESTMENT_CONTRACT_RR_TO_BDV_WT_INVESTMENT_CONTRACT_IAS_UNIVERIS/output/Run_Id">Run Id</operation>
                                    <operation source="field"
                                               to="temp.mt_LoadBDV_RDV_SAT_LINK_INVESTMENT_CONTRACT_RR_TO_BDV_WT_INVESTMENT_CONTRACT_IAS_UNIVERIS/output/Log_Id">Log Id</operation>
                                    <operation source="field"
                                               to="temp.mt_LoadBDV_RDV_SAT_LINK_INVESTMENT_CONTRACT_RR_TO_BDV_WT_INVESTMENT_CONTRACT_IAS_UNIVERIS/output/Task_Id">Task Id</operation>
                                    <operation source="field"
                                               to="temp.mt_LoadBDV_RDV_SAT_LINK_INVESTMENT_CONTRACT_RR_TO_BDV_WT_INVESTMENT_CONTRACT_IAS_UNIVERIS/output/Task_Status">Task Status</operation>
                                    <operation source="field"
                                               to="temp.mt_LoadBDV_RDV_SAT_LINK_INVESTMENT_CONTRACT_RR_TO_BDV_WT_INVESTMENT_CONTRACT_IAS_UNIVERIS/output/Success_Source_Rows">Success Source Rows</operation>
                                    <operation source="field"
                                               to="temp.mt_LoadBDV_RDV_SAT_LINK_INVESTMENT_CONTRACT_RR_TO_BDV_WT_INVESTMENT_CONTRACT_IAS_UNIVERIS/output/Failed_Source_Rows">Failed Source Rows</operation>
                                    <operation source="field"
                                               to="temp.mt_LoadBDV_RDV_SAT_LINK_INVESTMENT_CONTRACT_RR_TO_BDV_WT_INVESTMENT_CONTRACT_IAS_UNIVERIS/output/Success_Target_Rows">Success Target Rows</operation>
                                    <operation source="field"
                                               to="temp.mt_LoadBDV_RDV_SAT_LINK_INVESTMENT_CONTRACT_RR_TO_BDV_WT_INVESTMENT_CONTRACT_IAS_UNIVERIS/output/Failed_Target_Rows">Failed Target Rows</operation>
                                    <operation source="field"
                                               to="temp.mt_LoadBDV_RDV_SAT_LINK_INVESTMENT_CONTRACT_RR_TO_BDV_WT_INVESTMENT_CONTRACT_IAS_UNIVERIS/output/Start_Time">Start Time</operation>
                                    <operation source="field"
                                               to="temp.mt_LoadBDV_RDV_SAT_LINK_INVESTMENT_CONTRACT_RR_TO_BDV_WT_INVESTMENT_CONTRACT_IAS_UNIVERIS/output/End_Time">End Time</operation>
                                    <operation source="field"
                                               to="temp.mt_LoadBDV_RDV_SAT_LINK_INVESTMENT_CONTRACT_RR_TO_BDV_WT_INVESTMENT_CONTRACT_IAS_UNIVERIS/output/Error_Message">Error Message</operation>
                                 </serviceOutput>
                              </service>
                              <events>
                                 <catch faultField="temp.mt_LoadBDV_RDV_SAT_LINK_INVESTMENT_CONTRACT_RR_TO_BDV_WT_INVESTMENT_CONTRACT_IAS_UNIVERIS/fault"
                                        id="kou7eg3v"
                                        interrupting="true"
                                        name="error">
                                    <suspend/>
                                 </catch>
                                 <catch faultField="temp.mt_LoadBDV_RDV_SAT_LINK_INVESTMENT_CONTRACT_RR_TO_BDV_WT_INVESTMENT_CONTRACT_IAS_UNIVERIS/fault"
                                        id="kou7eg3w"
                                        interrupting="true"
                                        name="warning"/>
                              </events>
                           </eventContainer>
                           <link id="kou7eg1y" targetId="kou7eg1r" type="containerLink"/>
                        </flow>
                        <flow id="ktk43y1m">
                           <eventContainer id="ktk43y2m">
                              <service id="ktk43y1w">
                                 <title>dt_LoadBDV_RDV_SAT_LINK_INVESTMENT_CONTRACT_RR_To_BDV_WT_INVESTMENT_CONTRACT_INVESTIA_UNIVERIS</title>
                                 <serviceName>ICSExecuteDataTask</serviceName>
                                 <serviceGUID/>
                                 <serviceInput>
                                    <parameter name="Wait for Task to Complete" source="constant" updatable="true">true</parameter>
                                    <parameter name="Max Wait" source="constant" updatable="true">604800</parameter>
                                    <parameter name="Task Name" source="constant" updatable="true">mt_LoadBDV_RDV_SAT_LINK_INVESTMENT_CONTRACT_RR_To_BDV_WT_INVESTMENT_CONTRACT_INVESTIA_UNIVERIS</parameter>
                                    <parameter name="GUID" source="constant" updatable="true">2pDsHuGyjXYc4YcPDvICwf</parameter>
                                    <parameter name="Task Type" source="constant" updatable="true">MCT</parameter>
                                    <parameter name="Has Inout Parameters" source="constant" updatable="true">false</parameter>
                                    <parameter name="taskField" source="nested">
                                       <operation source="field"
                                                  to="mt-LoadBDV-RDV-SAT-LINK-INVESTMENT-CONTRACT-RR-To-BDV-WT-INVESTMENT-CONTRACT-INVESTIA-UNIVERIS">temp.dt_LoadBDV_RDV_SAT_LINK_INVESTMENT_CONTRACT_RR_To_BDV_WT_INVESTMENT_CONTRACT_INVESTIA_UNIVERIS</operation>
                                       <operation source="field"
                                                  to="mt-LoadBDV-RDV-SAT-LINK-INVESTMENT-CONTRACT-RR-To-BDV-WT-INVESTMENT-CONTRACT-INVESTIA-UNIVERIS/input[1]/i_DATA_START_DATE">temp.temp_dataStartDate</operation>
                                       <operation source="field"
                                                  to="temp.dt_LoadBDV_RDV_SAT_LINK_INVESTMENT_CONTRACT_RR_To_BDV_WT_INVESTMENT_CONTRACT_INVESTIA_UNIVERIS[1]/input[1]/i_DATA_START_DATE">temp.temp_dataStartDate</operation>
                                    </parameter>
                                 </serviceInput>
                                 <serviceOutput>
                                    <operation source="field"
                                               to="temp.dt_LoadBDV_RDV_SAT_LINK_INVESTMENT_CONTRACT_RR_To_BDV_WT_INVESTMENT_CONTRACT_INVESTIA_UNIVERIS/output/Object_Name">Object Name</operation>
                                    <operation source="field"
                                               to="temp.dt_LoadBDV_RDV_SAT_LINK_INVESTMENT_CONTRACT_RR_To_BDV_WT_INVESTMENT_CONTRACT_INVESTIA_UNIVERIS/output/Run_Id">Run Id</operation>
                                    <operation source="field"
                                               to="temp.dt_LoadBDV_RDV_SAT_LINK_INVESTMENT_CONTRACT_RR_To_BDV_WT_INVESTMENT_CONTRACT_INVESTIA_UNIVERIS/output/Log_Id">Log Id</operation>
                                    <operation source="field"
                                               to="temp.dt_LoadBDV_RDV_SAT_LINK_INVESTMENT_CONTRACT_RR_To_BDV_WT_INVESTMENT_CONTRACT_INVESTIA_UNIVERIS/output/Task_Id">Task Id</operation>
                                    <operation source="field"
                                               to="temp.dt_LoadBDV_RDV_SAT_LINK_INVESTMENT_CONTRACT_RR_To_BDV_WT_INVESTMENT_CONTRACT_INVESTIA_UNIVERIS/output/Task_Status">Task Status</operation>
                                    <operation source="field"
                                               to="temp.dt_LoadBDV_RDV_SAT_LINK_INVESTMENT_CONTRACT_RR_To_BDV_WT_INVESTMENT_CONTRACT_INVESTIA_UNIVERIS/output/Success_Source_Rows">Success Source Rows</operation>
                                    <operation source="field"
                                               to="temp.dt_LoadBDV_RDV_SAT_LINK_INVESTMENT_CONTRACT_RR_To_BDV_WT_INVESTMENT_CONTRACT_INVESTIA_UNIVERIS/output/Failed_Source_Rows">Failed Source Rows</operation>
                                    <operation source="field"
                                               to="temp.dt_LoadBDV_RDV_SAT_LINK_INVESTMENT_CONTRACT_RR_To_BDV_WT_INVESTMENT_CONTRACT_INVESTIA_UNIVERIS/output/Success_Target_Rows">Success Target Rows</operation>
                                    <operation source="field"
                                               to="temp.dt_LoadBDV_RDV_SAT_LINK_INVESTMENT_CONTRACT_RR_To_BDV_WT_INVESTMENT_CONTRACT_INVESTIA_UNIVERIS/output/Failed_Target_Rows">Failed Target Rows</operation>
                                    <operation source="field"
                                               to="temp.dt_LoadBDV_RDV_SAT_LINK_INVESTMENT_CONTRACT_RR_To_BDV_WT_INVESTMENT_CONTRACT_INVESTIA_UNIVERIS/output/Start_Time">Start Time</operation>
                                    <operation source="field"
                                               to="temp.dt_LoadBDV_RDV_SAT_LINK_INVESTMENT_CONTRACT_RR_To_BDV_WT_INVESTMENT_CONTRACT_INVESTIA_UNIVERIS/output/End_Time">End Time</operation>
                                    <operation source="field"
                                               to="temp.dt_LoadBDV_RDV_SAT_LINK_INVESTMENT_CONTRACT_RR_To_BDV_WT_INVESTMENT_CONTRACT_INVESTIA_UNIVERIS/output/Error_Message">Error Message</operation>
                                 </serviceOutput>
                              </service>
                              <events>
                                 <catch faultField="temp.dt_LoadBDV_RDV_SAT_LINK_INVESTMENT_CONTRACT_RR_To_BDV_WT_INVESTMENT_CONTRACT_INVESTIA_UNIVERIS/fault"
                                        id="ktk43y2k"
                                        interrupting="true"
                                        name="error">
                                    <suspend/>
                                 </catch>
                                 <catch faultField="temp.dt_LoadBDV_RDV_SAT_LINK_INVESTMENT_CONTRACT_RR_To_BDV_WT_INVESTMENT_CONTRACT_INVESTIA_UNIVERIS/fault"
                                        id="ktk43y2l"
                                        interrupting="true"
                                        name="warning"/>
                              </events>
                           </eventContainer>
                           <link id="ktk43y1n" targetId="kou7eg1r" type="containerLink"/>
                        </flow>
                        <link id="kou7eg1t" targetId="kou7eg1u" type="containerLink"/>
                        <link id="kou7eg1w" targetId="kou7eg1x" type="containerLink"/>
                        <link id="ktk43y1l" targetId="ktk43y1m" type="containerLink"/>
                        <link id="kou7eg24" targetId="kksbrwq5"/>
                     </container>
                     <container id="kksbrwq5" type="parallel">
                        <title>Parallel BDV loading</title>
                        <flow id="kksbrwq6">
                           <eventContainer id="kksbrwq7">
                              <service id="kksbrwq8">
                                 <title>mt_LoadBDV_RDV_SAT_LINK_INVESTMENT_CONTRACT_RR_TO_BDV_SAT_LINK_INVESTMENT_CONTRACT_Insert</title>
                                 <serviceName>ICSExecuteDataTask</serviceName>
                                 <serviceGUID/>
                                 <serviceInput>
                                    <parameter name="Wait for Task to Complete" source="constant" updatable="true">true</parameter>
                                    <parameter name="Max Wait" source="constant" updatable="true">604800</parameter>
                                    <parameter name="Task Name" source="constant" updatable="true">mt_LoadBDV_RDV_SAT_LINK_INVESTMENT_CONTRACT_RR_To_BDV_SAT_LINK_INVESTMENT_CONTRACT_Insert</parameter>
                                    <parameter name="GUID" source="constant" updatable="true">aqo3whhZ55FhvZPreE3w6n</parameter>
                                    <parameter name="Task Type" source="constant" updatable="true">MCT</parameter>
                                    <parameter name="Has Inout Parameters" source="constant" updatable="true">true</parameter>
                                    <parameter name="taskField" source="nested">
                                       <operation source="field"
                                                  to="mt-LoadBDV-RDV-SAT-LINK-INVESTMENT-CONTRACT-RR-To-BDV-SAT-LINK-INVESTMENT-CONTRACT-Insert">temp.mt_LoadBDV_RDV_SAT_LINK_INVESTMENT_CONTRACT_RR_TO_BDV_SAT_LINK_INVESTMENT_CONTRACT_Insert</operation>
                                       <operation source="field"
                                                  to="mt-LoadBDV-RDV-SAT-LINK-INVESTMENT-CONTRACT-RR-To-BDV-SAT-LINK-INVESTMENT-CONTRACT-Insert/inout[1]/io_tf_Audit_ID">temp.temp_tf_Audit_ID</operation>
                                    </parameter>
                                 </serviceInput>
                                 <serviceOutput>
                                    <operation source="field"
                                               to="temp.mt_LoadBDV_RDV_SAT_LINK_INVESTMENT_CONTRACT_RR_TO_BDV_SAT_LINK_INVESTMENT_CONTRACT_Insert/output/Object_Name">Object Name</operation>
                                    <operation source="field"
                                               to="temp.mt_LoadBDV_RDV_SAT_LINK_INVESTMENT_CONTRACT_RR_TO_BDV_SAT_LINK_INVESTMENT_CONTRACT_Insert/output/Run_Id">Run Id</operation>
                                    <operation source="field"
                                               to="temp.mt_LoadBDV_RDV_SAT_LINK_INVESTMENT_CONTRACT_RR_TO_BDV_SAT_LINK_INVESTMENT_CONTRACT_Insert/output/Log_Id">Log Id</operation>
                                    <operation source="field"
                                               to="temp.mt_LoadBDV_RDV_SAT_LINK_INVESTMENT_CONTRACT_RR_TO_BDV_SAT_LINK_INVESTMENT_CONTRACT_Insert/output/Task_Id">Task Id</operation>
                                    <operation source="field"
                                               to="temp.mt_LoadBDV_RDV_SAT_LINK_INVESTMENT_CONTRACT_RR_TO_BDV_SAT_LINK_INVESTMENT_CONTRACT_Insert/output/Task_Status">Task Status</operation>
                                    <operation source="field"
                                               to="temp.mt_LoadBDV_RDV_SAT_LINK_INVESTMENT_CONTRACT_RR_TO_BDV_SAT_LINK_INVESTMENT_CONTRACT_Insert/output/Success_Source_Rows">Success Source Rows</operation>
                                    <operation source="field"
                                               to="temp.mt_LoadBDV_RDV_SAT_LINK_INVESTMENT_CONTRACT_RR_TO_BDV_SAT_LINK_INVESTMENT_CONTRACT_Insert/output/Failed_Source_Rows">Failed Source Rows</operation>
                                    <operation source="field"
                                               to="temp.mt_LoadBDV_RDV_SAT_LINK_INVESTMENT_CONTRACT_RR_TO_BDV_SAT_LINK_INVESTMENT_CONTRACT_Insert/output/Success_Target_Rows">Success Target Rows</operation>
                                    <operation source="field"
                                               to="temp.mt_LoadBDV_RDV_SAT_LINK_INVESTMENT_CONTRACT_RR_TO_BDV_SAT_LINK_INVESTMENT_CONTRACT_Insert/output/Failed_Target_Rows">Failed Target Rows</operation>
                                    <operation source="field"
                                               to="temp.mt_LoadBDV_RDV_SAT_LINK_INVESTMENT_CONTRACT_RR_TO_BDV_SAT_LINK_INVESTMENT_CONTRACT_Insert/output/Start_Time">Start Time</operation>
                                    <operation source="field"
                                               to="temp.mt_LoadBDV_RDV_SAT_LINK_INVESTMENT_CONTRACT_RR_TO_BDV_SAT_LINK_INVESTMENT_CONTRACT_Insert/output/End_Time">End Time</operation>
                                    <operation source="field"
                                               to="temp.mt_LoadBDV_RDV_SAT_LINK_INVESTMENT_CONTRACT_RR_TO_BDV_SAT_LINK_INVESTMENT_CONTRACT_Insert/output/Error_Message">Error Message</operation>
                                    <operation source="field"
                                               to="temp.mt_LoadBDV_RDV_SAT_LINK_INVESTMENT_CONTRACT_RR_TO_BDV_SAT_LINK_INVESTMENT_CONTRACT_Insert/inout/io_tf_Audit_ID">io_tf_Audit_ID</operation>
                                 </serviceOutput>
                              </service>
                              <events>
                                 <catch faultField="temp.mt_LoadBDV_RDV_SAT_LINK_INVESTMENT_CONTRACT_RR_TO_BDV_SAT_LINK_INVESTMENT_CONTRACT_Insert/fault"
                                        id="kk8s2n4s"
                                        interrupting="true"
                                        name="error">
                                    <suspend/>
                                 </catch>
                                 <catch faultField="temp.mt_LoadBDV_RDV_SAT_LINK_INVESTMENT_CONTRACT_RR_TO_BDV_SAT_LINK_INVESTMENT_CONTRACT_Insert/fault"
                                        id="kk8s2n4t"
                                        interrupting="true"
                                        name="warning"/>
                              </events>
                           </eventContainer>
                           <link id="kksbrwqi" targetId="kksbrwq5" type="containerLink"/>
                        </flow>
                        <flow id="kksbrwq9">
                           <eventContainer id="kksbrwqa">
                              <service id="kksbrwqb">
                                 <title>mt_LoadBDV_RDV_SAT_LINK_INVESTMENT_CONTRACT_RR_TO_BDV_SAT_LINK_INVESTMENT_CONTRACT_Delete</title>
                                 <serviceName>ICSExecuteDataTask</serviceName>
                                 <serviceGUID/>
                                 <serviceInput>
                                    <parameter name="Wait for Task to Complete" source="constant" updatable="true">true</parameter>
                                    <parameter name="Max Wait" source="constant" updatable="true">604800</parameter>
                                    <parameter name="Task Name" source="constant" updatable="true">mt_LoadBDV_RDV_SAT_LINK_INVESTMENT_CONTRACT_RR_To_BDV_SAT_LINK_INVESTMENT_CONTRACT_Delete</parameter>
                                    <parameter name="GUID" source="constant" updatable="true">0PkXS1Fn578ckj17TBlgkm</parameter>
                                    <parameter name="Task Type" source="constant" updatable="true">MCT</parameter>
                                    <parameter name="Has Inout Parameters" source="constant" updatable="true">true</parameter>
                                    <parameter name="taskField" source="nested">
                                       <operation source="field"
                                                  to="mt-LoadBDV-RDV-SAT-LINK-INVESTMENT-CONTRACT-RR-To-BDV-SAT-LINK-INVESTMENT-CONTRACT-Delete">temp.mt_LoadBDV_RDV_SAT_LINK_INVESTMENT_CONTRACT_RR_TO_BDV_SAT_LINK_INVESTMENT_CONTRACT_Delete</operation>
                                       <operation source="field"
                                                  to="mt-LoadBDV-RDV-SAT-LINK-INVESTMENT-CONTRACT-RR-To-BDV-SAT-LINK-INVESTMENT-CONTRACT-Delete/inout[1]/io_tf_Audit_ID">temp.temp_tf_Audit_ID</operation>
                                       <operation source="field"
                                                  to="mt-LoadBDV-RDV-SAT-LINK-INVESTMENT-CONTRACT-RR-To-BDV-SAT-LINK-INVESTMENT-CONTRACT-Delete/input[1]/i_DATA_START_DATE">temp.temp_dataStartDate</operation>
                                    </parameter>
                                 </serviceInput>
                                 <serviceOutput>
                                    <operation source="field"
                                               to="temp.mt_LoadBDV_RDV_SAT_LINK_INVESTMENT_CONTRACT_RR_TO_BDV_SAT_LINK_INVESTMENT_CONTRACT_Delete/output/Object_Name">Object Name</operation>
                                    <operation source="field"
                                               to="temp.mt_LoadBDV_RDV_SAT_LINK_INVESTMENT_CONTRACT_RR_TO_BDV_SAT_LINK_INVESTMENT_CONTRACT_Delete/output/Run_Id">Run Id</operation>
                                    <operation source="field"
                                               to="temp.mt_LoadBDV_RDV_SAT_LINK_INVESTMENT_CONTRACT_RR_TO_BDV_SAT_LINK_INVESTMENT_CONTRACT_Delete/output/Log_Id">Log Id</operation>
                                    <operation source="field"
                                               to="temp.mt_LoadBDV_RDV_SAT_LINK_INVESTMENT_CONTRACT_RR_TO_BDV_SAT_LINK_INVESTMENT_CONTRACT_Delete/output/Task_Id">Task Id</operation>
                                    <operation source="field"
                                               to="temp.mt_LoadBDV_RDV_SAT_LINK_INVESTMENT_CONTRACT_RR_TO_BDV_SAT_LINK_INVESTMENT_CONTRACT_Delete/output/Task_Status">Task Status</operation>
                                    <operation source="field"
                                               to="temp.mt_LoadBDV_RDV_SAT_LINK_INVESTMENT_CONTRACT_RR_TO_BDV_SAT_LINK_INVESTMENT_CONTRACT_Delete/output/Success_Source_Rows">Success Source Rows</operation>
                                    <operation source="field"
                                               to="temp.mt_LoadBDV_RDV_SAT_LINK_INVESTMENT_CONTRACT_RR_TO_BDV_SAT_LINK_INVESTMENT_CONTRACT_Delete/output/Failed_Source_Rows">Failed Source Rows</operation>
                                    <operation source="field"
                                               to="temp.mt_LoadBDV_RDV_SAT_LINK_INVESTMENT_CONTRACT_RR_TO_BDV_SAT_LINK_INVESTMENT_CONTRACT_Delete/output/Success_Target_Rows">Success Target Rows</operation>
                                    <operation source="field"
                                               to="temp.mt_LoadBDV_RDV_SAT_LINK_INVESTMENT_CONTRACT_RR_TO_BDV_SAT_LINK_INVESTMENT_CONTRACT_Delete/output/Failed_Target_Rows">Failed Target Rows</operation>
                                    <operation source="field"
                                               to="temp.mt_LoadBDV_RDV_SAT_LINK_INVESTMENT_CONTRACT_RR_TO_BDV_SAT_LINK_INVESTMENT_CONTRACT_Delete/output/Start_Time">Start Time</operation>
                                    <operation source="field"
                                               to="temp.mt_LoadBDV_RDV_SAT_LINK_INVESTMENT_CONTRACT_RR_TO_BDV_SAT_LINK_INVESTMENT_CONTRACT_Delete/output/End_Time">End Time</operation>
                                    <operation source="field"
                                               to="temp.mt_LoadBDV_RDV_SAT_LINK_INVESTMENT_CONTRACT_RR_TO_BDV_SAT_LINK_INVESTMENT_CONTRACT_Delete/output/Error_Message">Error Message</operation>
                                    <operation source="field"
                                               to="temp.mt_LoadBDV_RDV_SAT_LINK_INVESTMENT_CONTRACT_RR_TO_BDV_SAT_LINK_INVESTMENT_CONTRACT_Delete/inout/io_tf_Audit_ID">io_tf_Audit_ID</operation>
                                 </serviceOutput>
                              </service>
                              <events>
                                 <catch faultField="temp.mt_LoadBDV_RDV_SAT_LINK_INVESTMENT_CONTRACT_RR_TO_BDV_SAT_LINK_INVESTMENT_CONTRACT_Delete/fault"
                                        id="kk8s2n5v"
                                        interrupting="true"
                                        name="error">
                                    <suspend/>
                                 </catch>
                                 <catch faultField="temp.mt_LoadBDV_RDV_SAT_LINK_INVESTMENT_CONTRACT_RR_TO_BDV_SAT_LINK_INVESTMENT_CONTRACT_Delete/fault"
                                        id="kk8s2n5w"
                                        interrupting="true"
                                        name="warning"/>
                              </events>
                           </eventContainer>
                           <link id="kksbrwqj" targetId="kksbrwq5" type="containerLink"/>
                        </flow>
                        <flow id="kksbrwqc">
                           <eventContainer id="kksbrwqd">
                              <service id="kksbrwqe">
                                 <title>mt_LoadBDV_RDV_LINK_INVESTMENT_CONTRACT_RR_TO_BDV_LINK_INVESTMENT_CONTRACT</title>
                                 <serviceName>ICSExecuteDataTask</serviceName>
                                 <serviceGUID/>
                                 <serviceInput>
                                    <parameter name="Wait for Task to Complete" source="constant" updatable="true">true</parameter>
                                    <parameter name="Max Wait" source="constant" updatable="true">604800</parameter>
                                    <parameter name="Task Name" source="constant" updatable="true">mt_LoadBDV_RDV_LINK_INVESTMENT_CONTRACT_RR_To_BDV_LINK_INVESTMENT_CONTRACT</parameter>
                                    <parameter name="GUID" source="constant" updatable="true">hZx4ZNXai8reBWDSiW6buX</parameter>
                                    <parameter name="Task Type" source="constant" updatable="true">MCT</parameter>
                                    <parameter name="Has Inout Parameters" source="constant" updatable="true">true</parameter>
                                    <parameter name="taskField" source="nested">
                                       <operation source="field"
                                                  to="mt-LoadBDV-RDV-LINK-INVESTMENT-CONTRACT-RR-To-BDV-LINK-INVESTMENT-CONTRACT">temp.mt_LoadBDV_RDV_LINK_INVESTMENT_CONTRACT_RR_TO_BDV_LINK_INVESTMENT_CONTRACT</operation>
                                       <operation source="field"
                                                  to="mt-LoadBDV-RDV-LINK-INVESTMENT-CONTRACT-RR-To-BDV-LINK-INVESTMENT-CONTRACT/inout[1]/io_tf_Audit_ID">temp.temp_tf_Audit_ID</operation>
                                    </parameter>
                                 </serviceInput>
                                 <serviceOutput>
                                    <operation source="field"
                                               to="temp.mt_LoadBDV_RDV_LINK_INVESTMENT_CONTRACT_RR_TO_BDV_LINK_INVESTMENT_CONTRACT/output/Object_Name">Object Name</operation>
                                    <operation source="field"
                                               to="temp.mt_LoadBDV_RDV_LINK_INVESTMENT_CONTRACT_RR_TO_BDV_LINK_INVESTMENT_CONTRACT/output/Run_Id">Run Id</operation>
                                    <operation source="field"
                                               to="temp.mt_LoadBDV_RDV_LINK_INVESTMENT_CONTRACT_RR_TO_BDV_LINK_INVESTMENT_CONTRACT/output/Log_Id">Log Id</operation>
                                    <operation source="field"
                                               to="temp.mt_LoadBDV_RDV_LINK_INVESTMENT_CONTRACT_RR_TO_BDV_LINK_INVESTMENT_CONTRACT/output/Task_Id">Task Id</operation>
                                    <operation source="field"
                                               to="temp.mt_LoadBDV_RDV_LINK_INVESTMENT_CONTRACT_RR_TO_BDV_LINK_INVESTMENT_CONTRACT/output/Task_Status">Task Status</operation>
                                    <operation source="field"
                                               to="temp.mt_LoadBDV_RDV_LINK_INVESTMENT_CONTRACT_RR_TO_BDV_LINK_INVESTMENT_CONTRACT/output/Success_Source_Rows">Success Source Rows</operation>
                                    <operation source="field"
                                               to="temp.mt_LoadBDV_RDV_LINK_INVESTMENT_CONTRACT_RR_TO_BDV_LINK_INVESTMENT_CONTRACT/output/Failed_Source_Rows">Failed Source Rows</operation>
                                    <operation source="field"
                                               to="temp.mt_LoadBDV_RDV_LINK_INVESTMENT_CONTRACT_RR_TO_BDV_LINK_INVESTMENT_CONTRACT/output/Success_Target_Rows">Success Target Rows</operation>
                                    <operation source="field"
                                               to="temp.mt_LoadBDV_RDV_LINK_INVESTMENT_CONTRACT_RR_TO_BDV_LINK_INVESTMENT_CONTRACT/output/Failed_Target_Rows">Failed Target Rows</operation>
                                    <operation source="field"
                                               to="temp.mt_LoadBDV_RDV_LINK_INVESTMENT_CONTRACT_RR_TO_BDV_LINK_INVESTMENT_CONTRACT/output/Start_Time">Start Time</operation>
                                    <operation source="field"
                                               to="temp.mt_LoadBDV_RDV_LINK_INVESTMENT_CONTRACT_RR_TO_BDV_LINK_INVESTMENT_CONTRACT/output/End_Time">End Time</operation>
                                    <operation source="field"
                                               to="temp.mt_LoadBDV_RDV_LINK_INVESTMENT_CONTRACT_RR_TO_BDV_LINK_INVESTMENT_CONTRACT/output/Error_Message">Error Message</operation>
                                    <operation source="field"
                                               to="temp.mt_LoadBDV_RDV_LINK_INVESTMENT_CONTRACT_RR_TO_BDV_LINK_INVESTMENT_CONTRACT/inout/io_tf_Audit_ID">io_tf_Audit_ID</operation>
                                 </serviceOutput>
                              </service>
                              <events>
                                 <catch faultField="temp.mt_LoadBDV_RDV_LINK_INVESTMENT_CONTRACT_RR_TO_BDV_LINK_INVESTMENT_CONTRACT/fault"
                                        id="kksbhsqd"
                                        interrupting="true"
                                        name="error">
                                    <suspend/>
                                 </catch>
                                 <catch faultField="temp.mt_LoadBDV_RDV_LINK_INVESTMENT_CONTRACT_RR_TO_BDV_LINK_INVESTMENT_CONTRACT/fault"
                                        id="kksbhsqe"
                                        interrupting="true"
                                        name="warning"/>
                              </events>
                           </eventContainer>
                           <link id="kksbrwqk" targetId="kksbrwq5" type="containerLink"/>
                        </flow>
                        <link id="kksbrwqf" targetId="kksbrwq6" type="containerLink"/>
                        <link id="kksbrwqg" targetId="kksbrwq9" type="containerLink"/>
                        <link id="kksbrwqh" targetId="kksbrwqc" type="containerLink"/>
                        <link id="klv8m24k" targetId="klv8m24t"/>
                     </container>
                     <eventContainer id="klv8m24t">
                        <service id="kksbrwrj">
                           <title>dt_Audit_EndJob</title>
                           <serviceName>ICSExecuteDataTask</serviceName>
                           <serviceGUID/>
                           <serviceInput>
                              <parameter name="Wait for Task to Complete" source="constant" updatable="true">true</parameter>
                              <parameter name="Max Wait" source="constant" updatable="true">604800</parameter>
                              <parameter name="Task Name" source="constant" updatable="true">mt_audit_EndJob</parameter>
                              <parameter name="GUID" source="constant" updatable="true">g55kVaXGsYvfHjENSvZPGs</parameter>
                              <parameter name="Task Type" source="constant" updatable="true">MCT</parameter>
                              <parameter name="Has Inout Parameters" source="constant" updatable="true">true</parameter>
                              <parameter name="taskField" source="nested">
                                 <operation source="field" to="mt-audit-EndJob">temp.dt_Audit_EndJob</operation>
                                 <operation source="field" to="mt-audit-EndJob/inout[1]/io_jobAuditID">temp.temp_tf_Audit_ID</operation>
                                 <operation source="constant" to="mt-audit-EndJob/inout[1]/io_jobEndDesc">Successful execution</operation>
                                 <operation source="constant" to="mt-audit-EndJob/inout[1]/io_jobEndStatus">SUCCESS</operation>
                                 <operation source="field" to="mt-audit-EndJob/inout[1]/io_jobName">temp.temp_JobName</operation>
                                 <operation source="field" to="mt-audit-EndJob/inout[1]/io_jobStartDate">temp.temp_dataStartDate</operation>
                              </parameter>
                           </serviceInput>
                           <serviceOutput>
                              <operation source="field" to="temp.dt_Audit_EndJob/output/Object_Name">Object Name</operation>
                              <operation source="field" to="temp.dt_Audit_EndJob/output/Run_Id">Run Id</operation>
                              <operation source="field" to="temp.dt_Audit_EndJob/output/Log_Id">Log Id</operation>
                              <operation source="field" to="temp.dt_Audit_EndJob/output/Task_Id">Task Id</operation>
                              <operation source="field" to="temp.dt_Audit_EndJob/output/Task_Status">Task Status</operation>
                              <operation source="field" to="temp.dt_Audit_EndJob/output/Success_Source_Rows">Success Source Rows</operation>
                              <operation source="field" to="temp.dt_Audit_EndJob/output/Failed_Source_Rows">Failed Source Rows</operation>
                              <operation source="field" to="temp.dt_Audit_EndJob/output/Success_Target_Rows">Success Target Rows</operation>
                              <operation source="field" to="temp.dt_Audit_EndJob/output/Failed_Target_Rows">Failed Target Rows</operation>
                              <operation source="field" to="temp.dt_Audit_EndJob/output/Start_Time">Start Time</operation>
                              <operation source="field" to="temp.dt_Audit_EndJob/output/End_Time">End Time</operation>
                              <operation source="field" to="temp.dt_Audit_EndJob/output/Error_Message">Error Message</operation>
                              <operation source="field" to="temp.dt_Audit_EndJob/output/TotalTransErrors">Total Transformation Errors</operation>
                              <operation source="field" to="temp.dt_Audit_EndJob/output/FirstErrorCode">First Error Code</operation>
                              <operation source="field" to="temp.dt_Audit_EndJob/inout/io_Result">io_Result</operation>
                              <operation source="field" to="temp.dt_Audit_EndJob/inout/io_jobName">io_jobName</operation>
                              <operation source="field" to="temp.dt_Audit_EndJob/inout/io_jobAuditID">io_jobAuditID</operation>
                              <operation source="field" to="temp.dt_Audit_EndJob/inout/io_jobStartDate">io_jobStartDate</operation>
                              <operation source="field" to="temp.dt_Audit_EndJob/inout/io_jobEndStatus">io_jobEndStatus</operation>
                              <operation source="field" to="temp.dt_Audit_EndJob/inout/io_jobEndDesc">io_jobEndDesc</operation>
                           </serviceOutput>
                        </service>
                        <link id="kksbrws6" targetId="kksbrws5"/>
                        <events>
                           <catch faultField="temp.dt_Audit_EndJob/fault"
                                  id="klv8m24r"
                                  interrupting="true"
                                  name="error">
                              <suspend/>
                           </catch>
                           <catch faultField="temp.dt_Audit_EndJob/fault"
                                  id="klv8m24s"
                                  interrupting="true"
                                  name="warning"/>
                        </events>
                     </eventContainer>
                     <end id="kksbrws5"/>
                  </flow>
                  <flow id="kg9i7hk1">
                     <throw id="kg9i7hkn">
                        <title>Throw_Error_StartJob</title>
                        <throwInput>
                           <parameter name="code" source="field" updatable="true">temp.mt_audit_startJob_NextDate[1]/inout[1]/io_Result</parameter>
                           <parameter name="detail" source="constant" updatable="true"/>
                           <parameter name="reason" source="constant" updatable="true"/>
                        </throwInput>
                     </throw>
                  </flow>
                  <link id="kg9i7hjx" targetId="kg9i7hjy" type="containerLink">
                     <condition source="formula">
                        <function name="contains">
                           <arg name="left">{$temp.mt_audit_startJob_NextDate[1]/inout[1]/io_Result}</arg>
                           <arg name="right">SUCCESS</arg>
                        </function>
                     </condition>
                  </link>
                  <link id="kg9i7hk0" targetId="kg9i7hk1" type="containerLink"/>
               </container>
            </flow>
            <dependencies>
               <processObject xmlns="http://schemas.active-endpoints.com/appmodules/screenflow/2011/06/avosHostEnvironment.xsd"
                              displayName="mt-audit-startJob-NextDate"
                              isByCopy="true"
                              name="mt-audit-startJob-NextDate">
                  <description/>
                  <tags/>
                  <detail>
                     <field label="Input Parameters"
                            name="input"
                            nullable="true"
                            required="false"
                            type="reference"/>
                     <field label="InOut Parameters"
                            name="inout"
                            nullable="true"
                            required="false"
                            type="reference"/>
                     <field label="TaskProperties Parameters"
                            name="taskProperties"
                            nullable="true"
                            required="false"
                            type="reference"/>
                     <field label="Output Parameters"
                            name="output"
                            nullable="true"
                            required="false"
                            type="reference"/>
                     <field label="Fault"
                            name="fault"
                            nullable="true"
                            required="false"
                            type="reference"/>
                  </detail>
               </processObject>
               <processObject xmlns="http://schemas.active-endpoints.com/appmodules/screenflow/2011/06/avosHostEnvironment.xsd"
                              displayName="mt-LoadBDV-RDV-SAT-LINK-INVESTMENT-CONTRACT-RR-To-BDV-SAT-LINK-INVESTMENT-CONTRACT-Insert"
                              isByCopy="true"
                              name="mt-LoadBDV-RDV-SAT-LINK-INVESTMENT-CONTRACT-RR-To-BDV-SAT-LINK-INVESTMENT-CONTRACT-Insert">
                  <description/>
                  <tags/>
                  <detail>
                     <field label="Input Parameters"
                            name="input"
                            nullable="true"
                            required="false"
                            type="reference"/>
                     <field label="InOut Parameters"
                            name="inout"
                            nullable="true"
                            required="false"
                            type="reference"/>
                     <field label="TaskProperties Parameters"
                            name="taskProperties"
                            nullable="true"
                            required="false"
                            type="reference"/>
                     <field label="Output Parameters"
                            name="output"
                            nullable="true"
                            required="false"
                            type="reference"/>
                     <field label="Fault"
                            name="fault"
                            nullable="true"
                            required="false"
                            type="reference"/>
                  </detail>
               </processObject>
               <processObject xmlns="http://schemas.active-endpoints.com/appmodules/screenflow/2011/06/avosHostEnvironment.xsd"
                              displayName="mt-LoadBDV-RDV-SAT-LINK-INVESTMENT-CONTRACT-RR-To-BDV-SAT-LINK-INVESTMENT-CONTRACT-Delete"
                              isByCopy="true"
                              name="mt-LoadBDV-RDV-SAT-LINK-INVESTMENT-CONTRACT-RR-To-BDV-SAT-LINK-INVESTMENT-CONTRACT-Delete">
                  <description/>
                  <tags/>
                  <detail>
                     <field label="Input Parameters"
                            name="input"
                            nullable="true"
                            required="false"
                            type="reference"/>
                     <field label="InOut Parameters"
                            name="inout"
                            nullable="true"
                            required="false"
                            type="reference"/>
                     <field label="TaskProperties Parameters"
                            name="taskProperties"
                            nullable="true"
                            required="false"
                            type="reference"/>
                     <field label="Output Parameters"
                            name="output"
                            nullable="true"
                            required="false"
                            type="reference"/>
                     <field label="Fault"
                            name="fault"
                            nullable="true"
                            required="false"
                            type="reference"/>
                  </detail>
               </processObject>
               <processObject xmlns="http://schemas.active-endpoints.com/appmodules/screenflow/2011/06/avosHostEnvironment.xsd"
                              displayName="mt-LoadBDV-RDV-LINK-INVESTMENT-CONTRACT-RR-To-BDV-LINK-INVESTMENT-CONTRACT"
                              isByCopy="true"
                              name="mt-LoadBDV-RDV-LINK-INVESTMENT-CONTRACT-RR-To-BDV-LINK-INVESTMENT-CONTRACT">
                  <description/>
                  <tags/>
                  <detail>
                     <field label="Input Parameters"
                            name="input"
                            nullable="true"
                            required="false"
                            type="reference"/>
                     <field label="InOut Parameters"
                            name="inout"
                            nullable="true"
                            required="false"
                            type="reference"/>
                     <field label="TaskProperties Parameters"
                            name="taskProperties"
                            nullable="true"
                            required="false"
                            type="reference"/>
                     <field label="Output Parameters"
                            name="output"
                            nullable="true"
                            required="false"
                            type="reference"/>
                     <field label="Fault"
                            name="fault"
                            nullable="true"
                            required="false"
                            type="reference"/>
                  </detail>
               </processObject>
               <processObject xmlns="http://schemas.active-endpoints.com/appmodules/screenflow/2011/06/avosHostEnvironment.xsd"
                              displayName="mt-audit-EndJob"
                              isByCopy="true"
                              name="mt-audit-EndJob">
                  <description/>
                  <tags/>
                  <detail>
                     <field label="Input Parameters"
                            name="input"
                            nullable="true"
                            required="false"
                            type="reference"/>
                     <field label="InOut Parameters"
                            name="inout"
                            nullable="true"
                            required="false"
                            type="reference"/>
                     <field label="TaskProperties Parameters"
                            name="taskProperties"
                            nullable="true"
                            required="false"
                            type="reference"/>
                     <field label="Output Parameters"
                            name="output"
                            nullable="true"
                            required="false"
                            type="reference"/>
                     <field label="Fault"
                            name="fault"
                            nullable="true"
                            required="false"
                            type="reference"/>
                  </detail>
               </processObject>
               <processObject xmlns="http://schemas.active-endpoints.com/appmodules/screenflow/2011/06/avosHostEnvironment.xsd"
                              displayName="mt-LoadBDV-RDV-SAT-LINK-INVESTMENT-CONTRACT-RR-To-BDV-WT-INVESTMENT-CONTRACT-IAS-NBIN"
                              isByCopy="true"
                              name="mt-LoadBDV-RDV-SAT-LINK-INVESTMENT-CONTRACT-RR-To-BDV-WT-INVESTMENT-CONTRACT-IAS-NBIN">
                  <description/>
                  <tags/>
                  <detail>
                     <field label="Input Parameters"
                            name="input"
                            nullable="true"
                            required="false"
                            type="reference"/>
                     <field label="TaskProperties Parameters"
                            name="taskProperties"
                            nullable="true"
                            required="false"
                            type="reference"/>
                     <field label="Output Parameters"
                            name="output"
                            nullable="true"
                            required="false"
                            type="reference"/>
                     <field label="Fault"
                            name="fault"
                            nullable="true"
                            required="false"
                            type="reference"/>
                  </detail>
               </processObject>
               <processObject xmlns="http://schemas.active-endpoints.com/appmodules/screenflow/2011/06/avosHostEnvironment.xsd"
                              displayName="mt-LoadBDV-RDV-SAT-LINK-INVESTMENT-CONTRACT-RR-To-BDV-WT-INVESTMENT-CONTRACT-IAS-UNIVERIS"
                              isByCopy="true"
                              name="mt-LoadBDV-RDV-SAT-LINK-INVESTMENT-CONTRACT-RR-To-BDV-WT-INVESTMENT-CONTRACT-IAS-UNIVERIS">
                  <description/>
                  <tags/>
                  <detail>
                     <field label="Input Parameters"
                            name="input"
                            nullable="true"
                            required="false"
                            type="reference"/>
                     <field label="TaskProperties Parameters"
                            name="taskProperties"
                            nullable="true"
                            required="false"
                            type="reference"/>
                     <field label="Output Parameters"
                            name="output"
                            nullable="true"
                            required="false"
                            type="reference"/>
                     <field label="Fault"
                            name="fault"
                            nullable="true"
                            required="false"
                            type="reference"/>
                  </detail>
               </processObject>
               <processObject xmlns="http://schemas.active-endpoints.com/appmodules/screenflow/2011/06/avosHostEnvironment.xsd"
                              displayName="mt-LoadBDV-RDV-SAT-LINK-INVESTMENT-CONTRACT-RR-To-BDV-WT-INVESTMENT-CONTRACT-INVESTIA-UNIVERIS"
                              isByCopy="true"
                              name="mt-LoadBDV-RDV-SAT-LINK-INVESTMENT-CONTRACT-RR-To-BDV-WT-INVESTMENT-CONTRACT-INVESTIA-UNIVERIS">
                  <description/>
                  <tags/>
                  <detail>
                     <field label="Input Parameters"
                            name="input"
                            nullable="true"
                            required="false"
                            type="reference"/>
                     <field label="TaskProperties Parameters"
                            name="taskProperties"
                            nullable="true"
                            required="false"
                            type="reference"/>
                     <field label="Output Parameters"
                            name="output"
                            nullable="true"
                            required="false"
                            type="reference"/>
                     <field label="Fault"
                            name="fault"
                            nullable="true"
                            required="false"
                            type="reference"/>
                  </detail>
               </processObject>
            </dependencies>
         </taskflow>
      </types1:Entry>
      <types1:GUID>08KfmvNuFuMfgKGaF67vMA</types1:GUID>
      <types1:DisplayName>tf_LoadBDV_42_Shared_InvestmentContract</types1:DisplayName>
   </types1:Item>
   <types1:CurrentServerDateTime>2023-01-19T13:41:43.533Z</types1:CurrentServerDateTime>
</aetgt:getResponse>
