<aetgt:getResponse xmlns:aetgt="http://schemas.active-endpoints.com/appmodules/repository/2010/10/avrepository.xsd"
                   xmlns:types1="http://schemas.active-endpoints.com/appmodules/repository/2010/10/avrepository.xsd">
   <types1:Item>
      <types1:EntryId>pGY2KsJlv58pIO3-gt-42551908-2022-02-24T21:36:44.255Z::tf.xml</types1:EntryId>
      <types1:Name>tf_LoadBDV_42_Shared_AccountPlans</types1:Name>
      <types1:MimeType>application/xml+taskflow</types1:MimeType>
      <types1:Description/>
      <types1:AppliesTo/>
      <types1:Tags/>
      <types1:VersionLabel>1.0</types1:VersionLabel>
      <types1:State>CURRENT</types1:State>
      <types1:ProcessGroup/>
      <types1:CreatedBy>sudarshan.vinjamuri@ia.ca</types1:CreatedBy>
      <types1:CreationDate>2022-02-24T21:36:44Z</types1:CreationDate>
      <types1:ModifiedBy>sudarshan.vinjamuri@ia.ca</types1:ModifiedBy>
      <types1:ModificationDate>2022-06-06T16:56:05Z</types1:ModificationDate>
      <types1:PublicationStatus>published</types1:PublicationStatus>
      <types1:PublishedBy>jihed.laamiri@ia.ca</types1:PublishedBy>
      <types1:PublicationDate>2022-12-21T17:55:36Z</types1:PublicationDate>
      <types1:PublishedContributionId>project:/tf.tf_LoadBDV_42_Shared_AccountPlans/tf_LoadBDV_42_Shared_AccountPlans.tf.xml</types1:PublishedContributionId>
      <types1:AutosaveExists>false</types1:AutosaveExists>
      <types1:Entry>
         <taskflow xmlns="http://schemas.active-endpoints.com/appmodules/screenflow/2010/10/avosScreenflow.xsd"
                   xmlns:tfm="http://schemas.active-endpoints.com/appmodules/screenflow/2021/04/taskflowModel.xsd"
                   xmlns:list="urn:activevos:spi:list:functions"
                   displayName="tf_LoadBDV_42_Shared_AccountPlans"
                   name="tf_LoadBDV_42_Shared_AccountPlans"
                   overrideAPIName="false">
            <parameterSet xmlns="http://schemas.active-endpoints.com/appmodules/screenflow/2021/04/taskflowModel.xsd"/>
            <appliesTo/>
            <description/>
            <tags/>
            <generator>Informatica Process Designer 11</generator>
            <tempFields>
               <field description="" name="mt_audit_startJob_NextDate" type="reference">
                  <options>
                     <option name="referenceTo">$po:mt-audit-startJob-NextDate-dimAccounts</option>
                     <option name="failOnNotRun">false</option>
                     <option name="failOnFault">false</option>
                  </options>
               </field>
               <field description="" name="mt_audit_EndJob" type="reference">
                  <options>
                     <option name="referenceTo">$po:mt-audit-EndJob-dimAccounts</option>
                     <option name="failOnNotRun">false</option>
                     <option name="failOnFault">false</option>
                  </options>
               </field>
               <field description=""
                      name="dt_LoadBDV_BDV_Wt_To_Shared_SatContract_Compute_insert"
                      type="reference">
                  <options>
                     <option name="failOnNotRun">false</option>
                     <option name="failOnFault">false</option>
                     <option name="referenceTo">$po:mt-LoadBDV-BDV-Wt-To-Shared-SatContract-Compute-insert</option>
                  </options>
               </field>
               <field description=""
                      name="dt_LoadBDV_BDV_Wt_To_Shared_SatContract_Compute_Delete"
                      type="reference">
                  <options>
                     <option name="failOnNotRun">false</option>
                     <option name="failOnFault">false</option>
                     <option name="referenceTo">$po:mt-LoadBDV-BDV-Wt-To-Shared-SatContract-Compute-Delete</option>
                  </options>
               </field>
               <field description="" name="temp_JobName" type="string">
                  <options>
                     <option name="required">false</option>
                  </options>
               </field>
               <field description="" name="temp_tf_Audit_ID" type="string">
                  <options>
                     <option name="required">false</option>
                  </options>
               </field>
               <field description="" name="temp_dataStartDate" type="date">
                  <options>
                     <option name="required">false</option>
                  </options>
               </field>
               <field description=""
                      name="mt_LoadBDV_RDV_Shared_To_Wt_SatContract_Compute"
                      type="reference">
                  <options>
                     <option name="referenceTo">$po:mt-LoadBDV-Vw-Sat-Contract-To-Wt-SatContract-Compute</option>
                     <option name="failOnNotRun">false</option>
                     <option name="failOnFault">false</option>
                  </options>
               </field>
            </tempFields>
            <notes/>
            <deployment suspendOnFault="false" tracingLevel="verbose">
               <rest/>
            </deployment>
            <flow id="a">
               <start id="b">
                  <link id="kgblmv8d" targetId="kgblmv8c"/>
               </start>
               <assignment id="kgblmv8c">
                  <title>asgn_StartJob_Parameters</title>
                  <operation source="formula" to="temp.temp_JobName">
                     <expression language="XQuery">fn:concat("'",util:getAssetName(),"'")</expression>
                  </operation>
                  <operation source="formula" to="temp.temp_tf_Audit_ID">
                     <expression language="XQuery">fn:concat("'",util:getAssetName(),"-", util:getProcessId(),"'")</expression>
                  </operation>
                  <operation source="constant"
                             to="temp.mt_audit_startJob_NextDate[1]/inout[1]/io_DataStartDate">01/01/2000 00:00:00.000000000</operation>
                  <operation source="constant"
                             to="temp.mt_audit_startJob_NextDate[1]/inout[1]/io_Result">ERROR</operation>
                  <link id="kgblmv8e" targetId="kgblmv8y"/>
               </assignment>
               <assignment id="km5amrkj">
                  <title>asgn_DataStartDate</title>
                  <operation source="formula" to="temp.temp_dataStartDate">
                     <expression language="XQuery">fn:concat("'",date:toChar(date:toDate($temp.mt_audit_startJob_NextDate[1]/inout[1]/io_DataStartDate , 'MM/DD/YYYY 00:00:00.000000000'),'YYYY-MM-DD'),"'")</expression>
                  </operation>
                  <link id="km5amrkl" targetId="klwokcvj"/>
               </assignment>
               <eventContainer id="kgblmv8y">
                  <service id="kgblmv86">
                     <title>mt_audit_startJob_NextDate</title>
                     <serviceName>ICSExecuteDataTask</serviceName>
                     <serviceGUID/>
                     <serviceInput>
                        <parameter name="Wait for Task to Complete" source="constant" updatable="true">true</parameter>
                        <parameter name="Max Wait" source="constant" updatable="true">604800</parameter>
                        <parameter name="Task Name" source="constant" updatable="true">mt_audit_startJob_NextDate_dimAccounts</parameter>
                        <parameter name="GUID" source="constant" updatable="true">0ikV3JAsGUPjUWqEoXINuS</parameter>
                        <parameter name="Task Type" source="constant" updatable="true">MCT</parameter>
                        <parameter name="Has Inout Parameters" source="constant" updatable="true">true</parameter>
                        <parameter name="taskField" source="nested">
                           <operation source="field" to="mt-audit-startJob-NextDate-dimAccounts">temp.mt_audit_startJob_NextDate</operation>
                           <operation source="field"
                                      to="mt-audit-startJob-NextDate-dimAccounts/inout[1]/io_auditID">temp.temp_tf_Audit_ID</operation>
                           <operation source="field"
                                      to="mt-audit-startJob-NextDate-dimAccounts/inout[1]/io_jobName">temp.temp_JobName</operation>
                        </parameter>
                     </serviceInput>
                     <serviceOutput>
                        <operation source="field" to="temp.mt_audit_startJob_NextDate/output/Object_Name">Object Name</operation>
                        <operation source="field" to="temp.mt_audit_startJob_NextDate/output/Run_Id">Run Id</operation>
                        <operation source="field" to="temp.mt_audit_startJob_NextDate/output/Log_Id">Log Id</operation>
                        <operation source="field" to="temp.mt_audit_startJob_NextDate/output/Task_Id">Task Id</operation>
                        <operation source="field" to="temp.mt_audit_startJob_NextDate/output/Task_Status">Task Status</operation>
                        <operation source="field"
                                   to="temp.mt_audit_startJob_NextDate/output/Success_Source_Rows">Success Source Rows</operation>
                        <operation source="field"
                                   to="temp.mt_audit_startJob_NextDate/output/Failed_Source_Rows">Failed Source Rows</operation>
                        <operation source="field"
                                   to="temp.mt_audit_startJob_NextDate/output/Success_Target_Rows">Success Target Rows</operation>
                        <operation source="field"
                                   to="temp.mt_audit_startJob_NextDate/output/Failed_Target_Rows">Failed Target Rows</operation>
                        <operation source="field" to="temp.mt_audit_startJob_NextDate/output/Start_Time">Start Time</operation>
                        <operation source="field" to="temp.mt_audit_startJob_NextDate/output/End_Time">End Time</operation>
                        <operation source="field"
                                   to="temp.mt_audit_startJob_NextDate/output/Error_Message">Error Message</operation>
                        <operation source="field"
                                   to="temp.mt_audit_startJob_NextDate/output/TotalTransErrors">Total Transformation Errors</operation>
                        <operation source="field"
                                   to="temp.mt_audit_startJob_NextDate/output/FirstErrorCode">First Error Code</operation>
                        <operation source="field" to="temp.mt_audit_startJob_NextDate/inout/io_jobName">io_jobName</operation>
                        <operation source="field" to="temp.mt_audit_startJob_NextDate/inout/io_auditID">io_auditID</operation>
                        <operation source="field" to="temp.mt_audit_startJob_NextDate/inout/io_Result">io_Result</operation>
                        <operation source="field"
                                   to="temp.mt_audit_startJob_NextDate/inout/io_DataStartDate">io_DataStartDate</operation>
                     </serviceOutput>
                  </service>
                  <link id="km5amrkk" targetId="km5amrkj"/>
                  <events>
                     <catch faultField="temp.mt_audit_startJob_NextDate/fault"
                            id="kgblmv8w"
                            interrupting="true"
                            name="error">
                        <suspend/>
                     </catch>
                     <catch faultField="temp.mt_audit_startJob_NextDate/fault"
                            id="kgblmv8x"
                            interrupting="true"
                            name="warning"/>
                  </events>
               </eventContainer>
               <eventContainer id="kgblmva4">
                  <service id="kgblmv9h">
                     <title>mt_audit_EndJob</title>
                     <serviceName>ICSExecuteDataTask</serviceName>
                     <serviceGUID/>
                     <serviceInput>
                        <parameter name="Wait for Task to Complete" source="constant" updatable="true">true</parameter>
                        <parameter name="Max Wait" source="constant" updatable="true">604800</parameter>
                        <parameter name="Task Name" source="constant" updatable="true">mt_audit_EndJob_dimAccounts</parameter>
                        <parameter name="GUID" source="constant" updatable="true">6XMruzd8aqYcmI4dWC47kK</parameter>
                        <parameter name="Task Type" source="constant" updatable="true">MCT</parameter>
                        <parameter name="Has Inout Parameters" source="constant" updatable="true">true</parameter>
                        <parameter name="taskField" source="nested">
                           <operation source="field" to="mt-audit-EndJob-dimAccounts">temp.mt_audit_EndJob</operation>
                           <operation source="field" to="mt-audit-EndJob-dimAccounts/inout[1]/io_jobAuditID">temp.temp_tf_Audit_ID</operation>
                           <operation source="constant"
                                      to="mt-audit-EndJob-dimAccounts/inout[1]/io_jobEndDesc">Successful execution</operation>
                           <operation source="constant"
                                      to="mt-audit-EndJob-dimAccounts/inout[1]/io_jobEndStatus">SUCCESS</operation>
                           <operation source="field" to="mt-audit-EndJob-dimAccounts/inout[1]/io_jobName">temp.temp_JobName</operation>
                           <operation source="field"
                                      to="mt-audit-EndJob-dimAccounts/inout[1]/io_jobStartDate">temp.temp_dataStartDate</operation>
                        </parameter>
                     </serviceInput>
                     <serviceOutput>
                        <operation source="field" to="temp.mt_audit_EndJob/output/Object_Name">Object Name</operation>
                        <operation source="field" to="temp.mt_audit_EndJob/output/Run_Id">Run Id</operation>
                        <operation source="field" to="temp.mt_audit_EndJob/output/Log_Id">Log Id</operation>
                        <operation source="field" to="temp.mt_audit_EndJob/output/Task_Id">Task Id</operation>
                        <operation source="field" to="temp.mt_audit_EndJob/output/Task_Status">Task Status</operation>
                        <operation source="field" to="temp.mt_audit_EndJob/output/Success_Source_Rows">Success Source Rows</operation>
                        <operation source="field" to="temp.mt_audit_EndJob/output/Failed_Source_Rows">Failed Source Rows</operation>
                        <operation source="field" to="temp.mt_audit_EndJob/output/Success_Target_Rows">Success Target Rows</operation>
                        <operation source="field" to="temp.mt_audit_EndJob/output/Failed_Target_Rows">Failed Target Rows</operation>
                        <operation source="field" to="temp.mt_audit_EndJob/output/Start_Time">Start Time</operation>
                        <operation source="field" to="temp.mt_audit_EndJob/output/End_Time">End Time</operation>
                        <operation source="field" to="temp.mt_audit_EndJob/output/Error_Message">Error Message</operation>
                        <operation source="field" to="temp.mt_audit_EndJob/output/TotalTransErrors">Total Transformation Errors</operation>
                        <operation source="field" to="temp.mt_audit_EndJob/output/FirstErrorCode">First Error Code</operation>
                        <operation source="field" to="temp.mt_audit_EndJob/inout/io_Result">io_Result</operation>
                        <operation source="field" to="temp.mt_audit_EndJob/inout/io_jobName">io_jobName</operation>
                        <operation source="field" to="temp.mt_audit_EndJob/inout/io_jobAuditID">io_jobAuditID</operation>
                        <operation source="field" to="temp.mt_audit_EndJob/inout/io_jobStartDate">io_jobStartDate</operation>
                        <operation source="field" to="temp.mt_audit_EndJob/inout/io_jobEndStatus">io_jobEndStatus</operation>
                        <operation source="field" to="temp.mt_audit_EndJob/inout/io_jobEndDesc">io_jobEndDesc</operation>
                     </serviceOutput>
                  </service>
                  <link id="kgblmv9j" targetId="c"/>
                  <events>
                     <catch faultField="temp.mt_audit_EndJob/fault"
                            id="kgblmva2"
                            interrupting="true"
                            name="error">
                        <suspend/>
                     </catch>
                     <catch faultField="temp.mt_audit_EndJob/fault"
                            id="kgblmva3"
                            interrupting="true"
                            name="warning"/>
                  </events>
               </eventContainer>
               <container id="klwokcvj" type="exclusive">
                  <title>dcn_StartJob_Result</title>
                  <flow id="klwokcvn">
                     <container id="kolxz0bd" type="parallel">
                        <title>Parallel WT loading</title>
                        <flow id="kolxz0bg">
                           <eventContainer id="l01jl7fa">
                              <service id="kolxz0br">
                                 <title>mt_LoadBDV_RDV_Shared_To_Wt_SatContract_Compute</title>
                                 <serviceName>ICSExecuteDataTask</serviceName>
                                 <serviceGUID/>
                                 <serviceInput>
                                    <parameter name="Wait for Task to Complete" source="constant" updatable="true">true</parameter>
                                    <parameter name="Max Wait" source="constant" updatable="true">604800</parameter>
                                    <parameter name="Task Name" source="constant" updatable="true">mt_LoadBDV_Vw_Sat_Contract_To_Wt_SatContract_Compute</parameter>
                                    <parameter name="GUID" source="constant" updatable="true">48IIaNyUEGqdJtxvcJECAa</parameter>
                                    <parameter name="Task Type" source="constant" updatable="true">MCT</parameter>
                                    <parameter name="Has Inout Parameters" source="constant" updatable="true">false</parameter>
                                    <parameter name="taskField" source="nested">
                                       <operation source="field"
                                                  to="mt-LoadBDV-Vw-Sat-Contract-To-Wt-SatContract-Compute">temp.mt_LoadBDV_RDV_Shared_To_Wt_SatContract_Compute</operation>
                                       <operation source="field"
                                                  to="mt-LoadBDV-Vw-Sat-Contract-To-Wt-SatContract-Compute/input[1]/i_DATA_START_DATE">temp.temp_dataStartDate</operation>
                                       <operation source="field"
                                                  to="temp.mt_LoadBDV_RDV_Shared_To_Wt_SatContract_Compute[1]/input[1]/i_DATA_START_DATE">temp.temp_dataStartDate</operation>
                                    </parameter>
                                 </serviceInput>
                                 <serviceOutput>
                                    <operation source="field"
                                               to="temp.mt_LoadBDV_RDV_Shared_To_Wt_SatContract_Compute/output/Object_Name">Object Name</operation>
                                    <operation source="field"
                                               to="temp.mt_LoadBDV_RDV_Shared_To_Wt_SatContract_Compute/output/Run_Id">Run Id</operation>
                                    <operation source="field"
                                               to="temp.mt_LoadBDV_RDV_Shared_To_Wt_SatContract_Compute/output/Log_Id">Log Id</operation>
                                    <operation source="field"
                                               to="temp.mt_LoadBDV_RDV_Shared_To_Wt_SatContract_Compute/output/Task_Id">Task Id</operation>
                                    <operation source="field"
                                               to="temp.mt_LoadBDV_RDV_Shared_To_Wt_SatContract_Compute/output/Task_Status">Task Status</operation>
                                    <operation source="field"
                                               to="temp.mt_LoadBDV_RDV_Shared_To_Wt_SatContract_Compute/output/Success_Source_Rows">Success Source Rows</operation>
                                    <operation source="field"
                                               to="temp.mt_LoadBDV_RDV_Shared_To_Wt_SatContract_Compute/output/Failed_Source_Rows">Failed Source Rows</operation>
                                    <operation source="field"
                                               to="temp.mt_LoadBDV_RDV_Shared_To_Wt_SatContract_Compute/output/Success_Target_Rows">Success Target Rows</operation>
                                    <operation source="field"
                                               to="temp.mt_LoadBDV_RDV_Shared_To_Wt_SatContract_Compute/output/Failed_Target_Rows">Failed Target Rows</operation>
                                    <operation source="field"
                                               to="temp.mt_LoadBDV_RDV_Shared_To_Wt_SatContract_Compute/output/Start_Time">Start Time</operation>
                                    <operation source="field"
                                               to="temp.mt_LoadBDV_RDV_Shared_To_Wt_SatContract_Compute/output/End_Time">End Time</operation>
                                    <operation source="field"
                                               to="temp.mt_LoadBDV_RDV_Shared_To_Wt_SatContract_Compute/output/Error_Message">Error Message</operation>
                                    <operation source="field"
                                               to="temp.mt_LoadBDV_RDV_Shared_To_Wt_SatContract_Compute/output/TotalTransErrors">Total Transformation Errors</operation>
                                    <operation source="field"
                                               to="temp.mt_LoadBDV_RDV_Shared_To_Wt_SatContract_Compute/output/FirstErrorCode">First Error Code</operation>
                                 </serviceOutput>
                              </service>
                              <events>
                                 <catch faultField="temp.mt_LoadBDV_RDV_Shared_To_Wt_SatContract_Compute/fault"
                                        id="l01jl7f8"
                                        interrupting="true"
                                        name="error">
                                    <suspend/>
                                 </catch>
                                 <catch faultField="temp.mt_LoadBDV_RDV_Shared_To_Wt_SatContract_Compute/fault"
                                        id="l01jl7f9"
                                        interrupting="true"
                                        name="warning"/>
                              </events>
                           </eventContainer>
                           <link id="kolxz0bh" targetId="kolxz0bd" type="containerLink"/>
                        </flow>
                        <link id="kolxz0bf" targetId="kolxz0bg" type="containerLink"/>
                        <link id="kolxz0bq" targetId="klwokcx5"/>
                     </container>
                     <container id="klwokcx5" type="parallel">
                        <title>Parallel BDV loading</title>
                        <flow id="klwokcxb">
                           <eventContainer id="klwokcz7">
                              <service id="klwokcxp">
                                 <title>dt_LoadBDV_BDV_Wt_To_Shared_SatContract_Compute_Delete</title>
                                 <serviceName>ICSExecuteDataTask</serviceName>
                                 <serviceGUID/>
                                 <serviceInput>
                                    <parameter name="Wait for Task to Complete" source="constant" updatable="true">true</parameter>
                                    <parameter name="Max Wait" source="constant" updatable="true">604800</parameter>
                                    <parameter name="Task Name" source="constant" updatable="true">mt_LoadBDV_BDV_Wt_To_Shared_SatContract_Compute_Delete</parameter>
                                    <parameter name="GUID" source="constant" updatable="true">8p3TtRJ5mUFjDl4QH6sXI0</parameter>
                                    <parameter name="Task Type" source="constant" updatable="true">MCT</parameter>
                                    <parameter name="Has Inout Parameters" source="constant" updatable="true">true</parameter>
                                    <parameter name="taskField" source="nested">
                                       <operation source="field"
                                                  to="mt-LoadBDV-BDV-Wt-To-Shared-SatContract-Compute-Delete">temp.dt_LoadBDV_BDV_Wt_To_Shared_SatContract_Compute_Delete</operation>
                                       <operation source="field"
                                                  to="mt-LoadBDV-BDV-Wt-To-Shared-SatContract-Compute-Delete/input[1]/i_DATA_START_DATE">temp.temp_dataStartDate</operation>
                                       <operation source="field"
                                                  to="temp.dt_LoadBDV_BDV_Wt_To_Shared_SatContract_Compute_Delete[1]/input[1]/i_DATA_START_DATE">temp.temp_dataStartDate</operation>
                                    </parameter>
                                 </serviceInput>
                                 <serviceOutput>
                                    <operation source="field"
                                               to="temp.dt_LoadBDV_BDV_Wt_To_Shared_SatContract_Compute_Delete/output/Object_Name">Object Name</operation>
                                    <operation source="field"
                                               to="temp.dt_LoadBDV_BDV_Wt_To_Shared_SatContract_Compute_Delete/output/Run_Id">Run Id</operation>
                                    <operation source="field"
                                               to="temp.dt_LoadBDV_BDV_Wt_To_Shared_SatContract_Compute_Delete/output/Log_Id">Log Id</operation>
                                    <operation source="field"
                                               to="temp.dt_LoadBDV_BDV_Wt_To_Shared_SatContract_Compute_Delete/output/Task_Id">Task Id</operation>
                                    <operation source="field"
                                               to="temp.dt_LoadBDV_BDV_Wt_To_Shared_SatContract_Compute_Delete/output/Task_Status">Task Status</operation>
                                    <operation source="field"
                                               to="temp.dt_LoadBDV_BDV_Wt_To_Shared_SatContract_Compute_Delete/output/Success_Source_Rows">Success Source Rows</operation>
                                    <operation source="field"
                                               to="temp.dt_LoadBDV_BDV_Wt_To_Shared_SatContract_Compute_Delete/output/Failed_Source_Rows">Failed Source Rows</operation>
                                    <operation source="field"
                                               to="temp.dt_LoadBDV_BDV_Wt_To_Shared_SatContract_Compute_Delete/output/Success_Target_Rows">Success Target Rows</operation>
                                    <operation source="field"
                                               to="temp.dt_LoadBDV_BDV_Wt_To_Shared_SatContract_Compute_Delete/output/Failed_Target_Rows">Failed Target Rows</operation>
                                    <operation source="field"
                                               to="temp.dt_LoadBDV_BDV_Wt_To_Shared_SatContract_Compute_Delete/output/Start_Time">Start Time</operation>
                                    <operation source="field"
                                               to="temp.dt_LoadBDV_BDV_Wt_To_Shared_SatContract_Compute_Delete/output/End_Time">End Time</operation>
                                    <operation source="field"
                                               to="temp.dt_LoadBDV_BDV_Wt_To_Shared_SatContract_Compute_Delete/output/Error_Message">Error Message</operation>
                                    <operation source="field"
                                               to="temp.dt_LoadBDV_BDV_Wt_To_Shared_SatContract_Compute_Delete/output/TotalTransErrors">Total Transformation Errors</operation>
                                    <operation source="field"
                                               to="temp.dt_LoadBDV_BDV_Wt_To_Shared_SatContract_Compute_Delete/output/FirstErrorCode">First Error Code</operation>
                                    <operation source="field"
                                               to="temp.dt_LoadBDV_BDV_Wt_To_Shared_SatContract_Compute_Delete/inout/io_tf_Audit_ID">io_tf_Audit_ID</operation>
                                 </serviceOutput>
                              </service>
                              <events>
                                 <catch faultField="temp.dt_LoadBDV_BDV_Wt_To_Shared_SatContract_Compute_Delete/fault"
                                        id="klwokcz5"
                                        interrupting="true"
                                        name="error">
                                    <suspend/>
                                 </catch>
                                 <catch faultField="temp.dt_LoadBDV_BDV_Wt_To_Shared_SatContract_Compute_Delete/fault"
                                        id="klwokcz6"
                                        interrupting="true"
                                        name="warning"/>
                              </events>
                           </eventContainer>
                           <link id="klwokcxc" targetId="klwokcx5" type="containerLink"/>
                        </flow>
                        <flow id="klwokcx8">
                           <eventContainer id="klwokcyc">
                              <service id="klwokcxi">
                                 <title>dt_LoadBDV_BDV_Wt_To_Shared_SatContract_Compute_insert</title>
                                 <serviceName>ICSExecuteDataTask</serviceName>
                                 <serviceGUID/>
                                 <serviceInput>
                                    <parameter name="Wait for Task to Complete" source="constant" updatable="true">true</parameter>
                                    <parameter name="Max Wait" source="constant" updatable="true">604800</parameter>
                                    <parameter name="Task Name" source="constant" updatable="true">mt_LoadBDV_BDV_Wt_To_Shared_SatContract_Compute_insert</parameter>
                                    <parameter name="GUID" source="constant" updatable="true">0BVXSaMycuBcM4JAPOuPwQ</parameter>
                                    <parameter name="Task Type" source="constant" updatable="true">MCT</parameter>
                                    <parameter name="Has Inout Parameters" source="constant" updatable="true">true</parameter>
                                    <parameter name="taskField" source="nested">
                                       <operation source="field"
                                                  to="mt-LoadBDV-BDV-Wt-To-Shared-SatContract-Compute-insert">temp.dt_LoadBDV_BDV_Wt_To_Shared_SatContract_Compute_insert</operation>
                                       <operation source="field"
                                                  to="mt-LoadBDV-BDV-Wt-To-Shared-SatContract-Compute-insert/inout[1]/io_tf_Audit_ID">temp.temp_tf_Audit_ID</operation>
                                    </parameter>
                                 </serviceInput>
                                 <serviceOutput>
                                    <operation source="field"
                                               to="temp.dt_LoadBDV_BDV_Wt_To_Shared_SatContract_Compute_insert/output/Object_Name">Object Name</operation>
                                    <operation source="field"
                                               to="temp.dt_LoadBDV_BDV_Wt_To_Shared_SatContract_Compute_insert/output/Run_Id">Run Id</operation>
                                    <operation source="field"
                                               to="temp.dt_LoadBDV_BDV_Wt_To_Shared_SatContract_Compute_insert/output/Log_Id">Log Id</operation>
                                    <operation source="field"
                                               to="temp.dt_LoadBDV_BDV_Wt_To_Shared_SatContract_Compute_insert/output/Task_Id">Task Id</operation>
                                    <operation source="field"
                                               to="temp.dt_LoadBDV_BDV_Wt_To_Shared_SatContract_Compute_insert/output/Task_Status">Task Status</operation>
                                    <operation source="field"
                                               to="temp.dt_LoadBDV_BDV_Wt_To_Shared_SatContract_Compute_insert/output/Success_Source_Rows">Success Source Rows</operation>
                                    <operation source="field"
                                               to="temp.dt_LoadBDV_BDV_Wt_To_Shared_SatContract_Compute_insert/output/Failed_Source_Rows">Failed Source Rows</operation>
                                    <operation source="field"
                                               to="temp.dt_LoadBDV_BDV_Wt_To_Shared_SatContract_Compute_insert/output/Success_Target_Rows">Success Target Rows</operation>
                                    <operation source="field"
                                               to="temp.dt_LoadBDV_BDV_Wt_To_Shared_SatContract_Compute_insert/output/Failed_Target_Rows">Failed Target Rows</operation>
                                    <operation source="field"
                                               to="temp.dt_LoadBDV_BDV_Wt_To_Shared_SatContract_Compute_insert/output/Start_Time">Start Time</operation>
                                    <operation source="field"
                                               to="temp.dt_LoadBDV_BDV_Wt_To_Shared_SatContract_Compute_insert/output/End_Time">End Time</operation>
                                    <operation source="field"
                                               to="temp.dt_LoadBDV_BDV_Wt_To_Shared_SatContract_Compute_insert/output/Error_Message">Error Message</operation>
                                    <operation source="field"
                                               to="temp.dt_LoadBDV_BDV_Wt_To_Shared_SatContract_Compute_insert/output/TotalTransErrors">Total Transformation Errors</operation>
                                    <operation source="field"
                                               to="temp.dt_LoadBDV_BDV_Wt_To_Shared_SatContract_Compute_insert/output/FirstErrorCode">First Error Code</operation>
                                    <operation source="field"
                                               to="temp.dt_LoadBDV_BDV_Wt_To_Shared_SatContract_Compute_insert/inout/io_tf_Audit_ID">io_tf_Audit_ID</operation>
                                 </serviceOutput>
                              </service>
                              <events>
                                 <catch faultField="temp.dt_LoadBDV_BDV_Wt_To_Shared_SatContract_Compute_insert/fault"
                                        id="klwokcya"
                                        interrupting="true"
                                        name="error">
                                    <suspend/>
                                 </catch>
                                 <catch faultField="temp.dt_LoadBDV_BDV_Wt_To_Shared_SatContract_Compute_insert/fault"
                                        id="klwokcyb"
                                        interrupting="true"
                                        name="warning"/>
                              </events>
                           </eventContainer>
                           <link id="klwokcx9" targetId="klwokcx5" type="containerLink"/>
                        </flow>
                        <link id="klwokcxa" targetId="klwokcxb" type="containerLink"/>
                        <link id="klwokcx7" targetId="klwokcx8" type="containerLink"/>
                     </container>
                     <link id="klwokcvo" targetId="klwokcvj" type="containerLink"/>
                  </flow>
                  <flow id="klwokcvq">
                     <throw id="klwokcw2">
                        <title>Throw_Error_StartJob</title>
                        <throwInput>
                           <parameter name="code" source="field" updatable="true">temp.mt_audit_startJob_NextDate[1]/inout[1]/io_Result</parameter>
                           <parameter name="detail" source="constant" updatable="true"/>
                           <parameter name="reason" source="constant" updatable="true"/>
                        </throwInput>
                     </throw>
                  </flow>
                  <link id="klwokcvm" targetId="klwokcvn" type="containerLink">
                     <condition source="formula">
                        <function name="contains">
                           <arg name="left">{$temp.mt_audit_startJob_NextDate[1]/inout[1]/io_Result}</arg>
                           <arg name="right">SUCCESS</arg>
                        </function>
                     </condition>
                  </link>
                  <link id="klwokcvp" targetId="klwokcvq" type="containerLink"/>
                  <link id="klwokcvl" targetId="kgblmva4"/>
               </container>
               <end id="c"/>
            </flow>
            <dependencies>
               <processObject xmlns="http://schemas.active-endpoints.com/appmodules/screenflow/2011/06/avosHostEnvironment.xsd"
                              displayName="mt-audit-startJob-NextDate-dimAccounts"
                              isByCopy="true"
                              name="mt-audit-startJob-NextDate-dimAccounts">
                  <description/>
                  <tags/>
                  <detail>
                     <field label="Input Parameters"
                            name="input"
                            nullable="true"
                            required="false"
                            type="reference"/>
                     <field label="InOut Parameters"
                            name="inout"
                            nullable="true"
                            required="false"
                            type="reference"/>
                     <field label="TaskProperties Parameters"
                            name="taskProperties"
                            nullable="true"
                            required="false"
                            type="reference"/>
                     <field label="Output Parameters"
                            name="output"
                            nullable="true"
                            required="false"
                            type="reference"/>
                     <field label="Fault"
                            name="fault"
                            nullable="true"
                            required="false"
                            type="reference"/>
                  </detail>
               </processObject>
               <processObject xmlns="http://schemas.active-endpoints.com/appmodules/screenflow/2011/06/avosHostEnvironment.xsd"
                              displayName="mt-audit-EndJob-dimAccounts"
                              isByCopy="true"
                              name="mt-audit-EndJob-dimAccounts">
                  <description/>
                  <tags/>
                  <detail>
                     <field label="Input Parameters"
                            name="input"
                            nullable="true"
                            required="false"
                            type="reference"/>
                     <field label="InOut Parameters"
                            name="inout"
                            nullable="true"
                            required="false"
                            type="reference"/>
                     <field label="TaskProperties Parameters"
                            name="taskProperties"
                            nullable="true"
                            required="false"
                            type="reference"/>
                     <field label="Output Parameters"
                            name="output"
                            nullable="true"
                            required="false"
                            type="reference"/>
                     <field label="Fault"
                            name="fault"
                            nullable="true"
                            required="false"
                            type="reference"/>
                  </detail>
               </processObject>
               <processObject xmlns="http://schemas.active-endpoints.com/appmodules/screenflow/2011/06/avosHostEnvironment.xsd"
                              displayName="mt-LoadBDV-BDV-Wt-To-Shared-SatContract-Compute-insert"
                              isByCopy="true"
                              name="mt-LoadBDV-BDV-Wt-To-Shared-SatContract-Compute-insert">
                  <description/>
                  <tags/>
                  <detail>
                     <field label="Input Parameters"
                            name="input"
                            nullable="true"
                            required="false"
                            type="reference"/>
                     <field label="InOut Parameters"
                            name="inout"
                            nullable="true"
                            required="false"
                            type="reference"/>
                     <field label="TaskProperties Parameters"
                            name="taskProperties"
                            nullable="true"
                            required="false"
                            type="reference"/>
                     <field label="Output Parameters"
                            name="output"
                            nullable="true"
                            required="false"
                            type="reference"/>
                     <field label="Fault"
                            name="fault"
                            nullable="true"
                            required="false"
                            type="reference"/>
                  </detail>
               </processObject>
               <processObject xmlns="http://schemas.active-endpoints.com/appmodules/screenflow/2011/06/avosHostEnvironment.xsd"
                              displayName="mt-LoadBDV-BDV-Wt-To-Shared-SatContract-Compute-Delete"
                              isByCopy="true"
                              name="mt-LoadBDV-BDV-Wt-To-Shared-SatContract-Compute-Delete">
                  <description/>
                  <tags/>
                  <detail>
                     <field label="Input Parameters"
                            name="input"
                            nullable="true"
                            required="false"
                            type="reference"/>
                     <field label="InOut Parameters"
                            name="inout"
                            nullable="true"
                            required="false"
                            type="reference"/>
                     <field label="TaskProperties Parameters"
                            name="taskProperties"
                            nullable="true"
                            required="false"
                            type="reference"/>
                     <field label="Output Parameters"
                            name="output"
                            nullable="true"
                            required="false"
                            type="reference"/>
                     <field label="Fault"
                            name="fault"
                            nullable="true"
                            required="false"
                            type="reference"/>
                  </detail>
               </processObject>
               <processObject xmlns="http://schemas.active-endpoints.com/appmodules/screenflow/2011/06/avosHostEnvironment.xsd"
                              displayName="mt-LoadBDV-Vw-Sat-Contract-To-Wt-SatContract-Compute"
                              isByCopy="true"
                              name="mt-LoadBDV-Vw-Sat-Contract-To-Wt-SatContract-Compute">
                  <description/>
                  <tags/>
                  <detail>
                     <field label="Input Parameters"
                            name="input"
                            nullable="true"
                            required="false"
                            type="reference"/>
                     <field label="TaskProperties Parameters"
                            name="taskProperties"
                            nullable="true"
                            required="false"
                            type="reference"/>
                     <field label="Output Parameters"
                            name="output"
                            nullable="true"
                            required="false"
                            type="reference"/>
                     <field label="Fault"
                            name="fault"
                            nullable="true"
                            required="false"
                            type="reference"/>
                  </detail>
               </processObject>
            </dependencies>
         </taskflow>
      </types1:Entry>
      <types1:GUID>1BdHuYvMEtFfMtfEjcVXgo</types1:GUID>
      <types1:DisplayName>tf_LoadBDV_42_Shared_AccountPlans</types1:DisplayName>
   </types1:Item>
   <types1:CurrentServerDateTime>2023-01-19T13:41:43.475Z</types1:CurrentServerDateTime>
</aetgt:getResponse>
