<aetgt:getResponse xmlns:aetgt="http://schemas.active-endpoints.com/appmodules/repository/2010/10/avrepository.xsd"
                   xmlns:types1="http://schemas.active-endpoints.com/appmodules/repository/2010/10/avrepository.xsd">
   <types1:Item>
      <types1:EntryId>dypLK2D86CjqFVN-gt-29384391-2022-12-21T17:35:06.06Z::tf.xml</types1:EntryId>
      <types1:Name>tf_OnDemand_LoadRDV_20-30_PSA_STEWARDSHIP_to_RDV_REF_MAPPING_OPER_TYPE_-_Manual</types1:Name>
      <types1:MimeType>application/xml+taskflow</types1:MimeType>
      <types1:Description/>
      <types1:AppliesTo/>
      <types1:Tags/>
      <types1:VersionLabel>1.0</types1:VersionLabel>
      <types1:State>CURRENT</types1:State>
      <types1:ProcessGroup/>
      <types1:CreatedBy>jihed.laamiri@ia.ca</types1:CreatedBy>
      <types1:CreationDate>2022-12-21T17:35:06Z</types1:CreationDate>
      <types1:ModifiedBy>jihed.laamiri@ia.ca</types1:ModifiedBy>
      <types1:ModificationDate>2022-12-21T17:46:48Z</types1:ModificationDate>
      <types1:PublicationStatus>unpublished</types1:PublicationStatus>
      <types1:AutosaveExists>false</types1:AutosaveExists>
      <types1:Entry>
         <taskflow xmlns="http://schemas.active-endpoints.com/appmodules/screenflow/2010/10/avosScreenflow.xsd"
                   xmlns:tfm="http://schemas.active-endpoints.com/appmodules/screenflow/2021/04/taskflowModel.xsd"
                   xmlns:list="urn:activevos:spi:list:functions"
                   displayName="tf_OnDemand_LoadRDV_20-30_PSA_STEWARDSHIP_to_RDV_REF_MAPPING_OPER_TYPE - Manual"
                   name="tf_OnDemand_LoadRDV_20-30_PSA_STEWARDSHIP_to_RDV_REF_MAPPING_OPER_TYPE_-_Manual"
                   overrideAPIName="false">
            <parameterSet xmlns="http://schemas.active-endpoints.com/appmodules/screenflow/2021/04/taskflowModel.xsd"/>
            <appliesTo/>
            <description/>
            <tags/>
            <generator>Informatica Process Designer 11</generator>
            <tempFields>
               <field description="Filename of the file detected by the filelistener"
                      name="temp_filename"
                      type="string">
                  <options>
                     <option name="required">false</option>
                  </options>
               </field>
               <field description="Data start date : extracted from the filename"
                      name="temp_dataStartDate"
                      type="date">
                  <options>
                     <option name="required">false</option>
                  </options>
               </field>
               <field description="" name="dt_Audit_EndJob" type="reference">
                  <options>
                     <option name="referenceTo">$po:mt-audit-EndJob</option>
                     <option name="failOnNotRun">false</option>
                     <option name="failOnFault">false</option>
                  </options>
               </field>
               <field description=""
                      name="mt_LoadSTG_PSA_IAS_STEWARDSHIP_To_STG_REF_MAPPING_OPER_TYPE"
                      type="reference">
                  <options>
                     <option name="referenceTo">$po:mt-LoadSTG-PSA-IAS-STEWARDSHIP-To-STG-REF-MAPPING-OPER-TYPE</option>
                     <option name="failOnNotRun">false</option>
                     <option name="failOnFault">false</option>
                  </options>
               </field>
               <field description="" name="dt_Audit_StartJob" type="reference">
                  <options>
                     <option name="referenceTo">$po:mt-Audit-StartJob</option>
                     <option name="failOnNotRun">false</option>
                     <option name="failOnFault">false</option>
                  </options>
               </field>
               <field description="" name="temp_JobName" type="string">
                  <options>
                     <option name="required">false</option>
                  </options>
               </field>
               <field description="" name="temp_tf_Audit_ID" type="string">
                  <options>
                     <option name="required">false</option>
                  </options>
               </field>
               <field description="" name="mt_STG_count" type="reference">
                  <options>
                     <option name="failOnNotRun">false</option>
                     <option name="failOnFault">false</option>
                     <option name="referenceTo">$po:mt-STG-count</option>
                  </options>
               </field>
               <field description=""
                      name="mt_LoadRDV_STG_STEWARDSHIP_To_RefMappingOperType"
                      type="reference">
                  <options>
                     <option name="referenceTo">$po:mt-LoadRDV-STG-STEWARDSHIP-To-RefMappingOperType</option>
                  </options>
               </field>
               <field description=""
                      name="mt_LoadRDV_STG_STEWARDSHIP_To_SatRefMappingOperType_Insert"
                      type="reference">
                  <options>
                     <option name="referenceTo">$po:mt-LoadRDV-STG-STEWARDSHIP-To-SatRefMappingOperType-Insert</option>
                  </options>
               </field>
               <field description=""
                      name="mt_LoadRDV_STG_STEWARDSHIP_To_SatRefMappingOperType_Delete"
                      type="reference">
                  <options>
                     <option name="referenceTo">$po:mt-LoadRDV-STG-STEWARDSHIP-To-SatRefMappingOperType-Delete</option>
                  </options>
               </field>
            </tempFields>
            <notes/>
            <deployment skipIfRunning="false" suspendOnFault="false" tracingLevel="verbose">
               <rest/>
            </deployment>
            <flow id="a">
               <start id="b">
                  <link id="kggm4cjw" targetId="kfkit286"/>
               </start>
               <assignment id="kfkit286">
                  <title>asgn_Filename</title>
                  <operation source="constant" to="temp.temp_filename">MAPPING_OPER_TYPE__2022-11-29.csv</operation>
                  <link id="kfkk0zpk" targetId="kfkk0zpj"/>
               </assignment>
               <container id="kfkk0zpj" type="exclusive">
                  <title>dcn_MappingOperTimeFile</title>
                  <flow id="kfkk0zpn">
                     <assignment id="kfkk0zqz">
                        <title>asgn_StartJob_Parameters</title>
                        <operation source="formula" to="temp.temp_dataStartDate">
                           <expression language="XQuery">fn:concat('''',fn:substring-before(fn:substring-after($temp.temp_filename , '__'), '.'),'''')</expression>
                        </operation>
                        <operation source="formula" to="temp.temp_JobName">
                           <expression language="XQuery">fn:concat("'",util:getAssetName(),"'")</expression>
                        </operation>
                        <operation source="formula" to="temp.temp_tf_Audit_ID">
                           <expression language="XQuery">fn:concat("'",util:getAssetName(),"-", util:getProcessId(),"'")</expression>
                        </operation>
                        <operation source="constant" to="temp.dt_Audit_StartJob[1]/inout[1]/io_Result">ERROR</operation>
                        <operation source="constant" to="temp.mt_STG_count[1]/inout[1]/io_rowCount">0</operation>
                        <link id="kggm4cqk" targetId="kggm4cr0"/>
                     </assignment>
                     <eventContainer id="kggm4cr0">
                        <service id="kggm4cqj">
                           <title>dt_Audit_StartJob</title>
                           <serviceName>ICSExecuteDataTask</serviceName>
                           <serviceGUID/>
                           <serviceInput>
                              <parameter name="Wait for Task to Complete" source="constant" updatable="true">true</parameter>
                              <parameter name="Max Wait" source="constant" updatable="true">604800</parameter>
                              <parameter name="Task Name" source="constant" updatable="true">mt_Audit_StartJob</parameter>
                              <parameter name="GUID" source="constant" updatable="true">7SpUrvyMcreeDeupj3UbIF</parameter>
                              <parameter name="Task Type" source="constant" updatable="true">MCT</parameter>
                              <parameter name="Has Inout Parameters" source="constant" updatable="true">true</parameter>
                              <parameter name="taskField" source="nested">
                                 <operation source="field" to="mt-Audit-StartJob">temp.dt_Audit_StartJob</operation>
                                 <operation source="field" to="mt-Audit-StartJob/inout[1]/io_JOB_AUDIT_ID">temp.temp_tf_Audit_ID</operation>
                                 <operation source="field" to="mt-Audit-StartJob/inout[1]/io_JOB_NAME">temp.temp_JobName</operation>
                                 <operation source="field" to="mt-Audit-StartJob/inout[1]/io_JOB_START_DT">temp.temp_dataStartDate</operation>
                              </parameter>
                           </serviceInput>
                           <serviceOutput>
                              <operation source="field" to="temp.dt_Audit_StartJob/output/Object_Name">Object Name</operation>
                              <operation source="field" to="temp.dt_Audit_StartJob/output/Run_Id">Run Id</operation>
                              <operation source="field" to="temp.dt_Audit_StartJob/output/Log_Id">Log Id</operation>
                              <operation source="field" to="temp.dt_Audit_StartJob/output/Task_Id">Task Id</operation>
                              <operation source="field" to="temp.dt_Audit_StartJob/output/Task_Status">Task Status</operation>
                              <operation source="field" to="temp.dt_Audit_StartJob/output/Success_Source_Rows">Success Source Rows</operation>
                              <operation source="field" to="temp.dt_Audit_StartJob/output/Failed_Source_Rows">Failed Source Rows</operation>
                              <operation source="field" to="temp.dt_Audit_StartJob/output/Success_Target_Rows">Success Target Rows</operation>
                              <operation source="field" to="temp.dt_Audit_StartJob/output/Failed_Target_Rows">Failed Target Rows</operation>
                              <operation source="field" to="temp.dt_Audit_StartJob/output/Start_Time">Start Time</operation>
                              <operation source="field" to="temp.dt_Audit_StartJob/output/End_Time">End Time</operation>
                              <operation source="field" to="temp.dt_Audit_StartJob/output/Error_Message">Error Message</operation>
                              <operation source="field" to="temp.dt_Audit_StartJob/inout/io_Result">io_Result</operation>
                           </serviceOutput>
                        </service>
                        <link id="kggm4cql" targetId="kfkk0zt0"/>
                        <events>
                           <catch faultField="temp.dt_Audit_StartJob/fault"
                                  id="kggm4cqy"
                                  interrupting="true"
                                  name="error"/>
                           <catch faultField="temp.dt_Audit_StartJob/fault"
                                  id="kggm4cqz"
                                  interrupting="true"
                                  name="warning"/>
                        </events>
                     </eventContainer>
                     <eventContainer id="kfkk101o">
                        <service id="kfkk100w">
                           <title>dt_Audit_EndJob</title>
                           <serviceName>ICSExecuteDataTask</serviceName>
                           <serviceGUID/>
                           <serviceInput>
                              <parameter name="Wait for Task to Complete" source="constant" updatable="true">true</parameter>
                              <parameter name="Max Wait" source="constant" updatable="true">604800</parameter>
                              <parameter name="Task Name" source="constant" updatable="true">mt_audit_EndJob</parameter>
                              <parameter name="GUID" source="constant" updatable="true">5wdrgibzxewkLhIAEIvAIT</parameter>
                              <parameter name="Task Type" source="constant" updatable="true">MCT</parameter>
                              <parameter name="Has Inout Parameters" source="constant" updatable="true">true</parameter>
                              <parameter name="taskField" source="nested">
                                 <operation source="field" to="mt-audit-EndJob">temp.dt_Audit_EndJob</operation>
                                 <operation source="field" to="mt-audit-EndJob/inout[1]/io_jobAuditID">temp.temp_tf_Audit_ID</operation>
                                 <operation source="constant" to="mt-audit-EndJob/inout[1]/io_jobEndDesc">Successful execution</operation>
                                 <operation source="constant" to="mt-audit-EndJob/inout[1]/io_jobEndStatus">SUCCESS</operation>
                                 <operation source="field" to="mt-audit-EndJob/inout[1]/io_jobName">temp.temp_JobName</operation>
                                 <operation source="field" to="mt-audit-EndJob/inout[1]/io_jobStartDate">temp.temp_dataStartDate</operation>
                              </parameter>
                           </serviceInput>
                           <serviceOutput>
                              <operation source="field" to="temp.dt_Audit_EndJob/output/Object_Name">Object Name</operation>
                              <operation source="field" to="temp.dt_Audit_EndJob/output/Run_Id">Run Id</operation>
                              <operation source="field" to="temp.dt_Audit_EndJob/output/Log_Id">Log Id</operation>
                              <operation source="field" to="temp.dt_Audit_EndJob/output/Task_Id">Task Id</operation>
                              <operation source="field" to="temp.dt_Audit_EndJob/output/Task_Status">Task Status</operation>
                              <operation source="field" to="temp.dt_Audit_EndJob/output/Success_Source_Rows">Success Source Rows</operation>
                              <operation source="field" to="temp.dt_Audit_EndJob/output/Failed_Source_Rows">Failed Source Rows</operation>
                              <operation source="field" to="temp.dt_Audit_EndJob/output/Success_Target_Rows">Success Target Rows</operation>
                              <operation source="field" to="temp.dt_Audit_EndJob/output/Failed_Target_Rows">Failed Target Rows</operation>
                              <operation source="field" to="temp.dt_Audit_EndJob/output/Start_Time">Start Time</operation>
                              <operation source="field" to="temp.dt_Audit_EndJob/output/End_Time">End Time</operation>
                              <operation source="field" to="temp.dt_Audit_EndJob/output/Error_Message">Error Message</operation>
                              <operation source="field" to="temp.dt_Audit_EndJob/inout/io_Result">io_Result</operation>
                              <operation source="field" to="temp.dt_Audit_EndJob/inout/io_jobName">io_jobName</operation>
                              <operation source="field" to="temp.dt_Audit_EndJob/inout/io_jobAuditID">io_jobAuditID</operation>
                              <operation source="field" to="temp.dt_Audit_EndJob/inout/io_jobStartDate">io_jobStartDate</operation>
                              <operation source="field" to="temp.dt_Audit_EndJob/inout/io_jobEndStatus">io_jobEndStatus</operation>
                              <operation source="field" to="temp.dt_Audit_EndJob/inout/io_jobEndDesc">io_jobEndDesc</operation>
                           </serviceOutput>
                        </service>
                        <events>
                           <catch faultField="temp.dt_Audit_EndJob/fault"
                                  id="kfkk101m"
                                  interrupting="true"
                                  name="error">
                              <suspend/>
                           </catch>
                           <catch faultField="temp.dt_Audit_EndJob/fault"
                                  id="kfkk101n"
                                  interrupting="true"
                                  name="warning"/>
                        </events>
                     </eventContainer>
                     <container id="kfkk0zt0" type="exclusive">
                        <title>dcn_StartJob_Result</title>
                        <flow id="kfkk0zt3">
                           <eventContainer id="kgcs1bie">
                              <service id="kgcs1bhp">
                                 <title>mt_LoadSTG_PSA_IAS_STEWARDSHIP_To_STG_REF_MAPPING_OPER_TYPE</title>
                                 <serviceName>ICSExecuteDataTask</serviceName>
                                 <serviceGUID/>
                                 <serviceInput>
                                    <parameter name="Wait for Task to Complete" source="constant" updatable="true">true</parameter>
                                    <parameter name="Max Wait" source="constant" updatable="true">604800</parameter>
                                    <parameter name="Task Name" source="constant" updatable="true">mt_LoadSTG_PSA_IAS_STEWARDSHIP_To_STG_REF_MAPPING_OPER_TYPE</parameter>
                                    <parameter name="GUID" source="constant" updatable="true">6YnfrGTq7ztl81H0ASZ9GU</parameter>
                                    <parameter name="Task Type" source="constant" updatable="true">MCT</parameter>
                                    <parameter name="Has Inout Parameters" source="constant" updatable="true">false</parameter>
                                    <parameter name="taskField" source="nested">
                                       <operation source="field"
                                                  to="mt-LoadSTG-PSA-IAS-STEWARDSHIP-To-STG-REF-MAPPING-OPER-TYPE">temp.mt_LoadSTG_PSA_IAS_STEWARDSHIP_To_STG_REF_MAPPING_OPER_TYPE</operation>
                                       <operation source="formula"
                                                  to="mt-LoadSTG-PSA-IAS-STEWARDSHIP-To-STG-REF-MAPPING-OPER-TYPE/inout[1]/io_PATH">
                                          <expression language="XQuery">'raw/IAS/STEWARDSHIP/2022/11/29/'</expression>
                                       </operation>
                                    </parameter>
                                 </serviceInput>
                                 <serviceOutput>
                                    <operation source="field"
                                               to="temp.mt_LoadSTG_PSA_IAS_STEWARDSHIP_To_STG_REF_MAPPING_OPER_TYPE/output/Object_Name">Object Name</operation>
                                    <operation source="field"
                                               to="temp.mt_LoadSTG_PSA_IAS_STEWARDSHIP_To_STG_REF_MAPPING_OPER_TYPE/output/Run_Id">Run Id</operation>
                                    <operation source="field"
                                               to="temp.mt_LoadSTG_PSA_IAS_STEWARDSHIP_To_STG_REF_MAPPING_OPER_TYPE/output/Log_Id">Log Id</operation>
                                    <operation source="field"
                                               to="temp.mt_LoadSTG_PSA_IAS_STEWARDSHIP_To_STG_REF_MAPPING_OPER_TYPE/output/Task_Id">Task Id</operation>
                                    <operation source="field"
                                               to="temp.mt_LoadSTG_PSA_IAS_STEWARDSHIP_To_STG_REF_MAPPING_OPER_TYPE/output/Task_Status">Task Status</operation>
                                    <operation source="field"
                                               to="temp.mt_LoadSTG_PSA_IAS_STEWARDSHIP_To_STG_REF_MAPPING_OPER_TYPE/output/Success_Source_Rows">Success Source Rows</operation>
                                    <operation source="field"
                                               to="temp.mt_LoadSTG_PSA_IAS_STEWARDSHIP_To_STG_REF_MAPPING_OPER_TYPE/output/Failed_Source_Rows">Failed Source Rows</operation>
                                    <operation source="field"
                                               to="temp.mt_LoadSTG_PSA_IAS_STEWARDSHIP_To_STG_REF_MAPPING_OPER_TYPE/output/Success_Target_Rows">Success Target Rows</operation>
                                    <operation source="field"
                                               to="temp.mt_LoadSTG_PSA_IAS_STEWARDSHIP_To_STG_REF_MAPPING_OPER_TYPE/output/Failed_Target_Rows">Failed Target Rows</operation>
                                    <operation source="field"
                                               to="temp.mt_LoadSTG_PSA_IAS_STEWARDSHIP_To_STG_REF_MAPPING_OPER_TYPE/output/Start_Time">Start Time</operation>
                                    <operation source="field"
                                               to="temp.mt_LoadSTG_PSA_IAS_STEWARDSHIP_To_STG_REF_MAPPING_OPER_TYPE/output/End_Time">End Time</operation>
                                    <operation source="field"
                                               to="temp.mt_LoadSTG_PSA_IAS_STEWARDSHIP_To_STG_REF_MAPPING_OPER_TYPE/output/Error_Message">Error Message</operation>
                                 </serviceOutput>
                              </service>
                              <link id="knqqg6bs" targetId="knqqg6dm"/>
                              <events>
                                 <catch faultField="temp.mt_LoadSTG_PSA_IAS_STEWARDSHIP_To_STG_REF_MAPPING_OPER_TYPE/fault"
                                        id="kgcs1bic"
                                        interrupting="true"
                                        name="error">
                                    <suspend/>
                                 </catch>
                                 <catch faultField="temp.mt_LoadSTG_PSA_IAS_STEWARDSHIP_To_STG_REF_MAPPING_OPER_TYPE/fault"
                                        id="kgcs1bid"
                                        interrupting="true"
                                        name="warning"/>
                              </events>
                           </eventContainer>
                           <eventContainer id="knqqg6dm">
                              <service id="knqqg6br">
                                 <title>mt_STG_count</title>
                                 <serviceName>ICSExecuteDataTask</serviceName>
                                 <serviceGUID/>
                                 <serviceInput>
                                    <parameter name="Wait for Task to Complete" source="constant" updatable="true">true</parameter>
                                    <parameter name="Max Wait" source="constant" updatable="true">604800</parameter>
                                    <parameter name="Task Name" source="constant" updatable="true">mt_STG_count</parameter>
                                    <parameter name="GUID" source="constant" updatable="true">i6I5afYM5ykl1bCR2oJqqP</parameter>
                                    <parameter name="Task Type" source="constant" updatable="true">MCT</parameter>
                                    <parameter name="Has Inout Parameters" source="constant" updatable="true">true</parameter>
                                    <parameter name="taskField" source="nested">
                                       <operation source="field" to="mt-STG-count">temp.mt_STG_count</operation>
                                       <operation source="field" to="mt-STG-count/input[1]/i_Job_name">temp.temp_JobName</operation>
                                       <operation source="field" to="mt-STG-count/input[1]/i_job_start_date">temp.temp_dataStartDate</operation>
                                    </parameter>
                                 </serviceInput>
                                 <serviceOutput>
                                    <operation source="field" to="temp.mt_STG_count/output/Object_Name">Object Name</operation>
                                    <operation source="field" to="temp.mt_STG_count/output/Run_Id">Run Id</operation>
                                    <operation source="field" to="temp.mt_STG_count/output/Log_Id">Log Id</operation>
                                    <operation source="field" to="temp.mt_STG_count/output/Task_Id">Task Id</operation>
                                    <operation source="field" to="temp.mt_STG_count/output/Task_Status">Task Status</operation>
                                    <operation source="field" to="temp.mt_STG_count/output/Success_Source_Rows">Success Source Rows</operation>
                                    <operation source="field" to="temp.mt_STG_count/output/Failed_Source_Rows">Failed Source Rows</operation>
                                    <operation source="field" to="temp.mt_STG_count/output/Success_Target_Rows">Success Target Rows</operation>
                                    <operation source="field" to="temp.mt_STG_count/output/Failed_Target_Rows">Failed Target Rows</operation>
                                    <operation source="field" to="temp.mt_STG_count/output/Start_Time">Start Time</operation>
                                    <operation source="field" to="temp.mt_STG_count/output/End_Time">End Time</operation>
                                    <operation source="field" to="temp.mt_STG_count/output/Error_Message">Error Message</operation>
                                    <operation source="field" to="temp.mt_STG_count/inout/io_rowCount">io_rowCount</operation>
                                 </serviceOutput>
                              </service>
                              <link id="knqqg6c4" targetId="knqqg6c3"/>
                              <events>
                                 <catch faultField="temp.mt_STG_count/fault"
                                        id="knqqg6dk"
                                        interrupting="true"
                                        name="error">
                                    <suspend/>
                                 </catch>
                                 <catch faultField="temp.mt_STG_count/fault"
                                        id="knqqg6dl"
                                        interrupting="true"
                                        name="warning"/>
                              </events>
                           </eventContainer>
                           <container id="knqqg6c3" type="exclusive">
                              <title>dcn_row_count</title>
                              <flow id="knqqg6c7">
                                 <container id="knqqg6cl" type="parallel">
                                    <title>Parallel_LoadRdv</title>
                                    <flow id="knqqg6cm">
                                       <eventContainer id="knqqg6cn">
                                          <service id="knqqg6co">
                                             <title>mt_LoadRDV_STG_STEWARDSHIP_To_RefMappingOperType</title>
                                             <serviceName>ICSExecuteDataTask</serviceName>
                                             <serviceGUID/>
                                             <serviceInput>
                                                <parameter name="Wait for Task to Complete" source="constant" updatable="true">true</parameter>
                                                <parameter name="Max Wait" source="constant" updatable="true">604800</parameter>
                                                <parameter name="Task Name" source="constant" updatable="true">mt_LoadRDV_STG_STEWARDSHIP_To_RefMappingOperType</parameter>
                                                <parameter name="GUID" source="constant" updatable="true">ahRbCxyCEP1fIfYBwbRnCR</parameter>
                                                <parameter name="Task Type" source="constant" updatable="true">MCT</parameter>
                                                <parameter name="Has Inout Parameters" source="constant" updatable="true">false</parameter>
                                                <parameter name="taskField" source="nested">
                                                   <operation source="field" to="mt-LoadRDV-STG-STEWARDSHIP-To-RefMappingOperType">temp.mt_LoadRDV_STG_STEWARDSHIP_To_RefMappingOperType</operation>
                                                   <operation source="field"
                                                              to="mt-LoadRDV-STG-STEWARDSHIP-To-RefMappingOperType/inout[1]/io_tf_Audit_ID">temp.temp_tf_Audit_ID</operation>
                                                </parameter>
                                             </serviceInput>
                                             <serviceOutput>
                                                <operation source="field"
                                                           to="temp.mt_LoadRDV_STG_STEWARDSHIP_To_RefMappingOperType/output/Object_Name">Object Name</operation>
                                                <operation source="field"
                                                           to="temp.mt_LoadRDV_STG_STEWARDSHIP_To_RefMappingOperType/output/Run_Id">Run Id</operation>
                                                <operation source="field"
                                                           to="temp.mt_LoadRDV_STG_STEWARDSHIP_To_RefMappingOperType/output/Log_Id">Log Id</operation>
                                                <operation source="field"
                                                           to="temp.mt_LoadRDV_STG_STEWARDSHIP_To_RefMappingOperType/output/Task_Id">Task Id</operation>
                                                <operation source="field"
                                                           to="temp.mt_LoadRDV_STG_STEWARDSHIP_To_RefMappingOperType/output/Task_Status">Task Status</operation>
                                                <operation source="field"
                                                           to="temp.mt_LoadRDV_STG_STEWARDSHIP_To_RefMappingOperType/output/Success_Source_Rows">Success Source Rows</operation>
                                                <operation source="field"
                                                           to="temp.mt_LoadRDV_STG_STEWARDSHIP_To_RefMappingOperType/output/Failed_Source_Rows">Failed Source Rows</operation>
                                                <operation source="field"
                                                           to="temp.mt_LoadRDV_STG_STEWARDSHIP_To_RefMappingOperType/output/Success_Target_Rows">Success Target Rows</operation>
                                                <operation source="field"
                                                           to="temp.mt_LoadRDV_STG_STEWARDSHIP_To_RefMappingOperType/output/Failed_Target_Rows">Failed Target Rows</operation>
                                                <operation source="field"
                                                           to="temp.mt_LoadRDV_STG_STEWARDSHIP_To_RefMappingOperType/output/Start_Time">Start Time</operation>
                                                <operation source="field"
                                                           to="temp.mt_LoadRDV_STG_STEWARDSHIP_To_RefMappingOperType/output/End_Time">End Time</operation>
                                                <operation source="field"
                                                           to="temp.mt_LoadRDV_STG_STEWARDSHIP_To_RefMappingOperType/output/Error_Message">Error Message</operation>
                                             </serviceOutput>
                                          </service>
                                          <events>
                                             <catch faultField="temp.mt_LoadRDV_STG_STEWARDSHIP_To_RefMappingOperType/fault"
                                                    id="kfkk0zw3"
                                                    interrupting="true"
                                                    name="error">
                                                <suspend/>
                                             </catch>
                                             <catch faultField="temp.mt_LoadRDV_STG_STEWARDSHIP_To_RefMappingOperType/fault"
                                                    id="kfkk0zw4"
                                                    interrupting="true"
                                                    name="warning"/>
                                          </events>
                                       </eventContainer>
                                       <link id="knqqg6cy" targetId="knqqg6cl" type="containerLink"/>
                                    </flow>
                                    <flow id="knqqg6cp">
                                       <eventContainer id="knqqg6cq">
                                          <service id="knqqg6cr">
                                             <title>mt_LoadRDV_STG_STEWARDSHIP_To_SatRefMappingOperType_Insert</title>
                                             <serviceName>ICSExecuteDataTask</serviceName>
                                             <serviceGUID/>
                                             <serviceInput>
                                                <parameter name="Wait for Task to Complete" source="constant" updatable="true">true</parameter>
                                                <parameter name="Max Wait" source="constant" updatable="true">604800</parameter>
                                                <parameter name="Task Name" source="constant" updatable="true">mt_LoadRDV_STG_STEWARDSHIP_To_SatRefMappingOperType_Insert</parameter>
                                                <parameter name="GUID" source="constant" updatable="true">grEx3UHWlOIdSHeOHIrLMS</parameter>
                                                <parameter name="Task Type" source="constant" updatable="true">MCT</parameter>
                                                <parameter name="Has Inout Parameters" source="constant" updatable="true">false</parameter>
                                                <parameter name="taskField" source="nested">
                                                   <operation source="field"
                                                              to="mt-LoadRDV-STG-STEWARDSHIP-To-SatRefMappingOperType-Insert">temp.mt_LoadRDV_STG_STEWARDSHIP_To_SatRefMappingOperType_Insert</operation>
                                                   <operation source="field"
                                                              to="mt-LoadRDV-STG-STEWARDSHIP-To-SatRefMappingOperType-Insert/inout[1]/io_tf_Audit_ID">temp.temp_tf_Audit_ID</operation>
                                                </parameter>
                                             </serviceInput>
                                             <serviceOutput>
                                                <operation source="field"
                                                           to="temp.mt_LoadRDV_STG_STEWARDSHIP_To_SatRefMappingOperType_Insert/output/Object_Name">Object Name</operation>
                                                <operation source="field"
                                                           to="temp.mt_LoadRDV_STG_STEWARDSHIP_To_SatRefMappingOperType_Insert/output/Run_Id">Run Id</operation>
                                                <operation source="field"
                                                           to="temp.mt_LoadRDV_STG_STEWARDSHIP_To_SatRefMappingOperType_Insert/output/Log_Id">Log Id</operation>
                                                <operation source="field"
                                                           to="temp.mt_LoadRDV_STG_STEWARDSHIP_To_SatRefMappingOperType_Insert/output/Task_Id">Task Id</operation>
                                                <operation source="field"
                                                           to="temp.mt_LoadRDV_STG_STEWARDSHIP_To_SatRefMappingOperType_Insert/output/Task_Status">Task Status</operation>
                                                <operation source="field"
                                                           to="temp.mt_LoadRDV_STG_STEWARDSHIP_To_SatRefMappingOperType_Insert/output/Success_Source_Rows">Success Source Rows</operation>
                                                <operation source="field"
                                                           to="temp.mt_LoadRDV_STG_STEWARDSHIP_To_SatRefMappingOperType_Insert/output/Failed_Source_Rows">Failed Source Rows</operation>
                                                <operation source="field"
                                                           to="temp.mt_LoadRDV_STG_STEWARDSHIP_To_SatRefMappingOperType_Insert/output/Success_Target_Rows">Success Target Rows</operation>
                                                <operation source="field"
                                                           to="temp.mt_LoadRDV_STG_STEWARDSHIP_To_SatRefMappingOperType_Insert/output/Failed_Target_Rows">Failed Target Rows</operation>
                                                <operation source="field"
                                                           to="temp.mt_LoadRDV_STG_STEWARDSHIP_To_SatRefMappingOperType_Insert/output/Start_Time">Start Time</operation>
                                                <operation source="field"
                                                           to="temp.mt_LoadRDV_STG_STEWARDSHIP_To_SatRefMappingOperType_Insert/output/End_Time">End Time</operation>
                                                <operation source="field"
                                                           to="temp.mt_LoadRDV_STG_STEWARDSHIP_To_SatRefMappingOperType_Insert/output/Error_Message">Error Message</operation>
                                             </serviceOutput>
                                          </service>
                                          <events>
                                             <catch faultField="temp.mt_LoadRDV_STG_STEWARDSHIP_To_SatRefMappingOperType_Insert/fault"
                                                    id="kfkk0zxg"
                                                    interrupting="true"
                                                    name="error">
                                                <suspend/>
                                             </catch>
                                             <catch faultField="temp.mt_LoadRDV_STG_STEWARDSHIP_To_SatRefMappingOperType_Insert/fault"
                                                    id="kfkk0zxh"
                                                    interrupting="true"
                                                    name="warning"/>
                                          </events>
                                       </eventContainer>
                                       <link id="knqqg6cz" targetId="knqqg6cl" type="containerLink"/>
                                    </flow>
                                    <flow id="knqqg6cs">
                                       <eventContainer id="knqqg6ct">
                                          <service id="knqqg6cu">
                                             <title>mt_LoadRDV_STG_STEWARDSHIP_To_SatRefMappingOperType_Delete</title>
                                             <serviceName>ICSExecuteDataTask</serviceName>
                                             <serviceGUID/>
                                             <serviceInput>
                                                <parameter name="Wait for Task to Complete" source="constant" updatable="true">true</parameter>
                                                <parameter name="Max Wait" source="constant" updatable="true">604800</parameter>
                                                <parameter name="Task Name" source="constant" updatable="true">mt_LoadRDV_STG_STEWARDSHIP_To_SatRefMappingOperType_Delete</parameter>
                                                <parameter name="GUID" source="constant" updatable="true">a8DCKfi86ppbYcbwk862e5</parameter>
                                                <parameter name="Task Type" source="constant" updatable="true">MCT</parameter>
                                                <parameter name="Has Inout Parameters" source="constant" updatable="true">false</parameter>
                                                <parameter name="taskField" source="nested">
                                                   <operation source="field"
                                                              to="mt-LoadRDV-STG-STEWARDSHIP-To-SatRefMappingOperType-Delete">temp.mt_LoadRDV_STG_STEWARDSHIP_To_SatRefMappingOperType_Delete</operation>
                                                   <operation source="field"
                                                              to="mt-LoadRDV-STG-STEWARDSHIP-To-SatRefMappingOperType-Delete/input[1]/i_DATA_START_DATE">temp.temp_dataStartDate</operation>
                                                   <operation source="field"
                                                              to="mt-LoadRDV-STG-STEWARDSHIP-To-SatRefMappingOperType-Delete/inout[1]/io_tf_Audit_ID">temp.temp_tf_Audit_ID</operation>
                                                </parameter>
                                             </serviceInput>
                                             <serviceOutput>
                                                <operation source="field"
                                                           to="temp.mt_LoadRDV_STG_STEWARDSHIP_To_SatRefMappingOperType_Delete/output/Object_Name">Object Name</operation>
                                                <operation source="field"
                                                           to="temp.mt_LoadRDV_STG_STEWARDSHIP_To_SatRefMappingOperType_Delete/output/Run_Id">Run Id</operation>
                                                <operation source="field"
                                                           to="temp.mt_LoadRDV_STG_STEWARDSHIP_To_SatRefMappingOperType_Delete/output/Log_Id">Log Id</operation>
                                                <operation source="field"
                                                           to="temp.mt_LoadRDV_STG_STEWARDSHIP_To_SatRefMappingOperType_Delete/output/Task_Id">Task Id</operation>
                                                <operation source="field"
                                                           to="temp.mt_LoadRDV_STG_STEWARDSHIP_To_SatRefMappingOperType_Delete/output/Task_Status">Task Status</operation>
                                                <operation source="field"
                                                           to="temp.mt_LoadRDV_STG_STEWARDSHIP_To_SatRefMappingOperType_Delete/output/Success_Source_Rows">Success Source Rows</operation>
                                                <operation source="field"
                                                           to="temp.mt_LoadRDV_STG_STEWARDSHIP_To_SatRefMappingOperType_Delete/output/Failed_Source_Rows">Failed Source Rows</operation>
                                                <operation source="field"
                                                           to="temp.mt_LoadRDV_STG_STEWARDSHIP_To_SatRefMappingOperType_Delete/output/Success_Target_Rows">Success Target Rows</operation>
                                                <operation source="field"
                                                           to="temp.mt_LoadRDV_STG_STEWARDSHIP_To_SatRefMappingOperType_Delete/output/Failed_Target_Rows">Failed Target Rows</operation>
                                                <operation source="field"
                                                           to="temp.mt_LoadRDV_STG_STEWARDSHIP_To_SatRefMappingOperType_Delete/output/Start_Time">Start Time</operation>
                                                <operation source="field"
                                                           to="temp.mt_LoadRDV_STG_STEWARDSHIP_To_SatRefMappingOperType_Delete/output/End_Time">End Time</operation>
                                                <operation source="field"
                                                           to="temp.mt_LoadRDV_STG_STEWARDSHIP_To_SatRefMappingOperType_Delete/output/Error_Message">Error Message</operation>
                                             </serviceOutput>
                                          </service>
                                          <events>
                                             <catch faultField="temp.mt_LoadRDV_STG_STEWARDSHIP_To_SatRefMappingOperType_Delete/fault"
                                                    id="kfkk0zyq"
                                                    interrupting="true"
                                                    name="error">
                                                <suspend/>
                                             </catch>
                                             <catch faultField="temp.mt_LoadRDV_STG_STEWARDSHIP_To_SatRefMappingOperType_Delete/fault"
                                                    id="kfkk0zyr"
                                                    interrupting="true"
                                                    name="warning"/>
                                          </events>
                                       </eventContainer>
                                       <link id="knqqg6d0" targetId="knqqg6cl" type="containerLink"/>
                                    </flow>
                                    <link id="knqqg6cv" targetId="knqqg6cm" type="containerLink"/>
                                    <link id="knqqg6cw" targetId="knqqg6cp" type="containerLink"/>
                                    <link id="knqqg6cx" targetId="knqqg6cs" type="containerLink"/>
                                 </container>
                                 <link id="knqqg6c8" targetId="knqqg6c3" type="containerLink"/>
                              </flow>
                              <flow id="knqqg6ca">
                                 <link id="knqqg6cb" targetId="knqqg6c3" type="containerLink"/>
                              </flow>
                              <link id="knqqg6c6" targetId="knqqg6c7" type="containerLink">
                                 <condition source="formula">
                                    <function name="greater-than">
                                       <arg name="left">{$temp.mt_STG_count[1]/inout[1]/io_rowCount}</arg>
                                       <arg name="right">{0}</arg>
                                    </function>
                                 </condition>
                              </link>
                              <link id="knqqg6c9" targetId="knqqg6ca" type="containerLink"/>
                           </container>
                           <link id="kfkk0zt4" targetId="kfkk0zt0" type="containerLink"/>
                        </flow>
                        <flow id="kfkk0zt6">
                           <throw id="kfkk0zu3">
                              <title>Throw_Error_StartJob</title>
                              <throwInput>
                                 <parameter name="code" source="field" updatable="true">temp.dt_Audit_StartJob[1]/inout[1]/io_Result</parameter>
                                 <parameter name="detail" source="constant" updatable="true"/>
                                 <parameter name="reason" source="constant" updatable="true"/>
                              </throwInput>
                           </throw>
                        </flow>
                        <link id="kfkk0zt2" targetId="kfkk0zt3" type="containerLink">
                           <condition source="formula">
                              <function name="contains">
                                 <arg name="left">{$temp.dt_Audit_StartJob[1]/inout[1]/io_Result}</arg>
                                 <arg name="right">SUCCESS</arg>
                              </function>
                           </condition>
                        </link>
                        <link id="kfkk0zt5" targetId="kfkk0zt6" type="containerLink"/>
                        <link id="kfkk100x" targetId="kfkk101o"/>
                     </container>
                     <link id="kfkk0zpo" targetId="kfkk0zpj" type="containerLink"/>
                  </flow>
                  <flow id="kfkk0zpq">
                     <link id="kfkk0zpr" targetId="kfkk0zpj" type="containerLink"/>
                  </flow>
                  <link id="kfkk0zpm" targetId="kfkk0zpn" type="containerLink">
                     <condition source="formula">
                        <function name="contains">
                           <arg name="left">{$temp.temp_filename}</arg>
                           <arg name="right">MAPPING_OPER_TYPE__</arg>
                        </function>
                     </condition>
                  </link>
                  <link id="kfkk0zpp" targetId="kfkk0zpq" type="containerLink"/>
                  <link id="kfkk0zve" targetId="c"/>
               </container>
               <end id="c"/>
            </flow>
            <dependencies>
               <processObject xmlns="http://schemas.active-endpoints.com/appmodules/screenflow/2011/06/avosHostEnvironment.xsd"
                              displayName="mt-audit-EndJob"
                              isByCopy="true"
                              name="mt-audit-EndJob">
                  <description/>
                  <tags/>
                  <detail>
                     <field label="Input Parameters"
                            name="input"
                            nullable="true"
                            required="false"
                            type="reference"/>
                     <field label="InOut Parameters"
                            name="inout"
                            nullable="true"
                            required="false"
                            type="reference"/>
                     <field label="TaskProperties Parameters"
                            name="taskProperties"
                            nullable="true"
                            required="false"
                            type="reference"/>
                     <field label="Output Parameters"
                            name="output"
                            nullable="true"
                            required="false"
                            type="reference"/>
                     <field label="Fault"
                            name="fault"
                            nullable="true"
                            required="false"
                            type="reference"/>
                  </detail>
               </processObject>
               <processObject xmlns="http://schemas.active-endpoints.com/appmodules/screenflow/2011/06/avosHostEnvironment.xsd"
                              displayName="mt-LoadSTG-PSA-IAS-STEWARDSHIP-To-STG-REF-MAPPING-OPER-TYPE"
                              isByCopy="true"
                              name="mt-LoadSTG-PSA-IAS-STEWARDSHIP-To-STG-REF-MAPPING-OPER-TYPE">
                  <description/>
                  <tags/>
                  <detail>
                     <field label="InOut Parameters"
                            name="inout"
                            nullable="true"
                            required="false"
                            type="reference"/>
                     <field label="TaskProperties Parameters"
                            name="taskProperties"
                            nullable="true"
                            required="false"
                            type="reference"/>
                     <field label="Output Parameters"
                            name="output"
                            nullable="true"
                            required="false"
                            type="reference"/>
                     <field label="Fault"
                            name="fault"
                            nullable="true"
                            required="false"
                            type="reference"/>
                  </detail>
               </processObject>
               <processObject xmlns="http://schemas.active-endpoints.com/appmodules/screenflow/2011/06/avosHostEnvironment.xsd"
                              displayName="mt-Audit-StartJob"
                              isByCopy="true"
                              name="mt-Audit-StartJob">
                  <description/>
                  <tags/>
                  <detail>
                     <field label="Input Parameters"
                            name="input"
                            nullable="true"
                            required="false"
                            type="reference"/>
                     <field label="InOut Parameters"
                            name="inout"
                            nullable="true"
                            required="false"
                            type="reference"/>
                     <field label="TaskProperties Parameters"
                            name="taskProperties"
                            nullable="true"
                            required="false"
                            type="reference"/>
                     <field label="Output Parameters"
                            name="output"
                            nullable="true"
                            required="false"
                            type="reference"/>
                     <field label="Fault"
                            name="fault"
                            nullable="true"
                            required="false"
                            type="reference"/>
                  </detail>
               </processObject>
               <processObject xmlns="http://schemas.active-endpoints.com/appmodules/screenflow/2011/06/avosHostEnvironment.xsd"
                              displayName="mt-STG-count"
                              isByCopy="true"
                              name="mt-STG-count">
                  <description/>
                  <tags/>
                  <detail>
                     <field label="Input Parameters"
                            name="input"
                            nullable="true"
                            required="false"
                            type="reference"/>
                     <field label="InOut Parameters"
                            name="inout"
                            nullable="true"
                            required="false"
                            type="reference"/>
                     <field label="TaskProperties Parameters"
                            name="taskProperties"
                            nullable="true"
                            required="false"
                            type="reference"/>
                     <field label="Output Parameters"
                            name="output"
                            nullable="true"
                            required="false"
                            type="reference"/>
                     <field label="Fault"
                            name="fault"
                            nullable="true"
                            required="false"
                            type="reference"/>
                  </detail>
               </processObject>
               <processObject xmlns="http://schemas.active-endpoints.com/appmodules/screenflow/2011/06/avosHostEnvironment.xsd"
                              displayName="mt-LoadRDV-STG-STEWARDSHIP-To-RefMappingOperType"
                              isByCopy="true"
                              name="mt-LoadRDV-STG-STEWARDSHIP-To-RefMappingOperType">
                  <description/>
                  <tags/>
                  <detail>
                     <field label="Input Parameters"
                            name="input"
                            nullable="true"
                            required="false"
                            type="reference"/>
                     <field label="InOut Parameters"
                            name="inout"
                            nullable="true"
                            required="false"
                            type="reference"/>
                     <field label="TaskProperties Parameters"
                            name="taskProperties"
                            nullable="true"
                            required="false"
                            type="reference"/>
                     <field label="Output Parameters"
                            name="output"
                            nullable="true"
                            required="false"
                            type="reference"/>
                     <field label="Fault"
                            name="fault"
                            nullable="true"
                            required="false"
                            type="reference"/>
                  </detail>
               </processObject>
               <processObject xmlns="http://schemas.active-endpoints.com/appmodules/screenflow/2011/06/avosHostEnvironment.xsd"
                              displayName="mt-LoadRDV-STG-STEWARDSHIP-To-SatRefMappingOperType-Insert"
                              isByCopy="true"
                              name="mt-LoadRDV-STG-STEWARDSHIP-To-SatRefMappingOperType-Insert">
                  <description/>
                  <tags/>
                  <detail>
                     <field label="Input Parameters"
                            name="input"
                            nullable="true"
                            required="false"
                            type="reference"/>
                     <field label="InOut Parameters"
                            name="inout"
                            nullable="true"
                            required="false"
                            type="reference"/>
                     <field label="TaskProperties Parameters"
                            name="taskProperties"
                            nullable="true"
                            required="false"
                            type="reference"/>
                     <field label="Output Parameters"
                            name="output"
                            nullable="true"
                            required="false"
                            type="reference"/>
                     <field label="Fault"
                            name="fault"
                            nullable="true"
                            required="false"
                            type="reference"/>
                  </detail>
               </processObject>
               <processObject xmlns="http://schemas.active-endpoints.com/appmodules/screenflow/2011/06/avosHostEnvironment.xsd"
                              displayName="mt-LoadRDV-STG-STEWARDSHIP-To-SatRefMappingOperType-Delete"
                              isByCopy="true"
                              name="mt-LoadRDV-STG-STEWARDSHIP-To-SatRefMappingOperType-Delete">
                  <description/>
                  <tags/>
                  <detail>
                     <field label="Input Parameters"
                            name="input"
                            nullable="true"
                            required="false"
                            type="reference"/>
                     <field label="InOut Parameters"
                            name="inout"
                            nullable="true"
                            required="false"
                            type="reference"/>
                     <field label="TaskProperties Parameters"
                            name="taskProperties"
                            nullable="true"
                            required="false"
                            type="reference"/>
                     <field label="Output Parameters"
                            name="output"
                            nullable="true"
                            required="false"
                            type="reference"/>
                     <field label="Fault"
                            name="fault"
                            nullable="true"
                            required="false"
                            type="reference"/>
                  </detail>
               </processObject>
            </dependencies>
         </taskflow>
      </types1:Entry>
      <types1:GUID>6DhYD737EKOleJ1icL6AoR</types1:GUID>
      <types1:DisplayName>tf_OnDemand_LoadRDV_20-30_PSA_STEWARDSHIP_to_RDV_REF_MAPPING_OPER_TYPE - Manual</types1:DisplayName>
   </types1:Item>
   <types1:CurrentServerDateTime>2023-01-19T13:41:42.812Z</types1:CurrentServerDateTime>
</aetgt:getResponse>
