<aetgt:getResponse xmlns:aetgt="http://schemas.active-endpoints.com/appmodules/repository/2010/10/avrepository.xsd"
                   xmlns:types1="http://schemas.active-endpoints.com/appmodules/repository/2010/10/avrepository.xsd">
   <types1:Item>
      <types1:EntryId>EDySabbeJOSM8Nc-gt-28873176-2022-04-20T21:46:15.48Z::tf.xml</types1:EntryId>
      <types1:Name>tf_LoadDM_68_Extractions</types1:Name>
      <types1:MimeType>application/xml+taskflow</types1:MimeType>
      <types1:Description/>
      <types1:AppliesTo/>
      <types1:Tags/>
      <types1:VersionLabel>1.0</types1:VersionLabel>
      <types1:State>CURRENT</types1:State>
      <types1:ProcessGroup/>
      <types1:CreatedBy>iheb.benghali.adm@ia.ca.SAML</types1:CreatedBy>
      <types1:CreationDate>2022-04-20T21:46:15Z</types1:CreationDate>
      <types1:ModifiedBy>iheb.benghali.adm@ia.ca.SAML</types1:ModifiedBy>
      <types1:ModificationDate>2022-10-04T19:15:33Z</types1:ModificationDate>
      <types1:PublicationStatus>published</types1:PublicationStatus>
      <types1:PublishedBy>iheb.benghali.adm@ia.ca.SAML</types1:PublishedBy>
      <types1:PublicationDate>2022-10-04T19:15:45Z</types1:PublicationDate>
      <types1:PublishedContributionId>project:/tf.tf_LoadDM_68_Extractions/tf_LoadDM_68_Extractions.tf.xml</types1:PublishedContributionId>
      <types1:AutosaveExists>false</types1:AutosaveExists>
      <types1:Entry>
         <taskflow xmlns="http://schemas.active-endpoints.com/appmodules/screenflow/2010/10/avosScreenflow.xsd"
                   xmlns:tfm="http://schemas.active-endpoints.com/appmodules/screenflow/2021/04/taskflowModel.xsd"
                   xmlns:list="urn:activevos:spi:list:functions"
                   displayName="tf_LoadDM_68_Extractions"
                   name="tf_LoadDM_68_Extractions"
                   overrideAPIName="false">
            <parameterSet xmlns="http://schemas.active-endpoints.com/appmodules/screenflow/2021/04/taskflowModel.xsd"/>
            <appliesTo/>
            <description/>
            <tags/>
            <generator>Informatica Process Designer 11</generator>
            <tempFields>
               <field description="" name="dt_Audit_StartJob_NextDate" type="reference">
                  <options>
                     <option name="referenceTo">$po:mt-audit-startJob-NextDate</option>
                     <option name="failOnNotRun">false</option>
                     <option name="failOnFault">false</option>
                  </options>
               </field>
               <field description="" name="dt_Audit_EndJob" type="reference">
                  <options>
                     <option name="referenceTo">$po:mt-audit-EndJob</option>
                     <option name="failOnNotRun">false</option>
                     <option name="failOnFault">false</option>
                  </options>
               </field>
               <field description="" name="temp_JobName" type="string">
                  <options>
                     <option name="required">false</option>
                  </options>
               </field>
               <field description="" name="temp_tf_Audit_ID" type="string">
                  <options>
                     <option name="required">false</option>
                  </options>
               </field>
               <field description="" name="temp_dataStartDate" type="date">
                  <options>
                     <option name="required">false</option>
                  </options>
               </field>
               <field description="" name="temp_name" type="string">
                  <options>
                     <option name="required">false</option>
                  </options>
               </field>
               <field description="" name="temp_parttern" type="string">
                  <options>
                     <option name="required">false</option>
                  </options>
               </field>
               <field description="" name="temp_name_revn" type="string">
                  <options>
                     <option name="required">false</option>
                  </options>
               </field>
               <field description="" name="temp_pattern_revn" type="string">
                  <options>
                     <option name="required">false</option>
                  </options>
               </field>
               <field description="" name="mt_Commission_Extract" type="reference">
                  <options>
                     <option name="failOnNotRun">false</option>
                     <option name="failOnFault">false</option>
                     <option name="referenceTo">$po:mt-Commission-Extract</option>
                  </options>
               </field>
            </tempFields>
            <notes/>
            <deployment suspendOnFault="false" tracingLevel="verbose">
               <rest/>
            </deployment>
            <flow id="a">
               <start id="b">
                  <link id="kgblmv8d" targetId="kgblmv8c"/>
               </start>
               <assignment id="kgblmv8c">
                  <title>asgn_StartJob_Parameters</title>
                  <operation source="formula" to="temp.temp_JobName">
                     <expression language="XQuery">fn:concat("'",util:getAssetName(),"'")</expression>
                  </operation>
                  <operation source="formula" to="temp.temp_tf_Audit_ID">
                     <expression language="XQuery">fn:concat("'",util:getAssetName(),"-", util:getProcessId(),"'")</expression>
                  </operation>
                  <operation source="constant"
                             to="temp.dt_Audit_StartJob_NextDate[1]/inout[1]/io_DataStartDate">01/01/2000 00:00:00.000000000</operation>
                  <operation source="constant"
                             to="temp.dt_Audit_StartJob_NextDate[1]/inout[1]/io_Result">ERROR</operation>
                  <link id="kgblmv8e" targetId="kgblmv8y"/>
               </assignment>
               <assignment id="l0b9smwo">
                  <title>asgn_DataStartDate</title>
                  <operation source="formula" to="temp.temp_dataStartDate">
                     <expression language="XQuery">fn:concat("'",date:toChar(date:toDate($temp.dt_Audit_StartJob_NextDate[1]/inout[1]/io_DataStartDate , 'MM/DD/YYYY 00:00:00.000000000'),'YYYY-MM-DD'),"'")</expression>
                  </operation>
                  <link id="l0b9smwq" targetId="klwokcvj"/>
               </assignment>
               <eventContainer id="kgblmv8y">
                  <service id="kgblmv86">
                     <title>dt_Audit_StartJob_NextDate</title>
                     <serviceName>ICSExecuteDataTask</serviceName>
                     <serviceGUID/>
                     <serviceInput>
                        <parameter name="Wait for Task to Complete" source="constant" updatable="true">true</parameter>
                        <parameter name="Max Wait" source="constant" updatable="true">604800</parameter>
                        <parameter name="Task Name" source="constant" updatable="true">mt_audit_startJob_NextDate</parameter>
                        <parameter name="GUID" source="constant" updatable="true">6KAtyYrNl2slqwDfqma1gI</parameter>
                        <parameter name="Task Type" source="constant" updatable="true">MCT</parameter>
                        <parameter name="Has Inout Parameters" source="constant" updatable="true">true</parameter>
                        <parameter name="taskField" source="nested">
                           <operation source="field" to="mt-audit-startJob-NextDate">temp.dt_Audit_StartJob_NextDate</operation>
                           <operation source="field" to="mt-audit-startJob-NextDate/inout[1]/io_jobName">temp.temp_JobName</operation>
                           <operation source="field" to="mt-audit-startJob-NextDate/inout[1]/io_auditID">temp.temp_tf_Audit_ID</operation>
                        </parameter>
                     </serviceInput>
                     <serviceOutput>
                        <operation source="field" to="temp.dt_Audit_StartJob_NextDate/output/Object_Name">Object Name</operation>
                        <operation source="field" to="temp.dt_Audit_StartJob_NextDate/output/Run_Id">Run Id</operation>
                        <operation source="field" to="temp.dt_Audit_StartJob_NextDate/output/Log_Id">Log Id</operation>
                        <operation source="field" to="temp.dt_Audit_StartJob_NextDate/output/Task_Id">Task Id</operation>
                        <operation source="field" to="temp.dt_Audit_StartJob_NextDate/output/Task_Status">Task Status</operation>
                        <operation source="field"
                                   to="temp.dt_Audit_StartJob_NextDate/output/Success_Source_Rows">Success Source Rows</operation>
                        <operation source="field"
                                   to="temp.dt_Audit_StartJob_NextDate/output/Failed_Source_Rows">Failed Source Rows</operation>
                        <operation source="field"
                                   to="temp.dt_Audit_StartJob_NextDate/output/Success_Target_Rows">Success Target Rows</operation>
                        <operation source="field"
                                   to="temp.dt_Audit_StartJob_NextDate/output/Failed_Target_Rows">Failed Target Rows</operation>
                        <operation source="field" to="temp.dt_Audit_StartJob_NextDate/output/Start_Time">Start Time</operation>
                        <operation source="field" to="temp.dt_Audit_StartJob_NextDate/output/End_Time">End Time</operation>
                        <operation source="field"
                                   to="temp.dt_Audit_StartJob_NextDate/output/Error_Message">Error Message</operation>
                        <operation source="field"
                                   to="temp.dt_Audit_StartJob_NextDate/output/TotalTransErrors">Total Transformation Errors</operation>
                        <operation source="field"
                                   to="temp.dt_Audit_StartJob_NextDate/output/FirstErrorCode">First Error Code</operation>
                        <operation source="field" to="temp.dt_Audit_StartJob_NextDate/inout/io_jobName">io_jobName</operation>
                        <operation source="field" to="temp.dt_Audit_StartJob_NextDate/inout/io_auditID">io_auditID</operation>
                        <operation source="field" to="temp.dt_Audit_StartJob_NextDate/inout/io_Result">io_Result</operation>
                        <operation source="field"
                                   to="temp.dt_Audit_StartJob_NextDate/inout/io_DataStartDate">io_DataStartDate</operation>
                     </serviceOutput>
                  </service>
                  <link id="l0b9smwp" targetId="l0b9smwo"/>
                  <events>
                     <catch faultField="temp.dt_Audit_StartJob_NextDate/fault"
                            id="kgblmv8w"
                            interrupting="true"
                            name="error">
                        <suspend/>
                     </catch>
                     <catch faultField="temp.dt_Audit_StartJob_NextDate/fault"
                            id="kgblmv8x"
                            interrupting="true"
                            name="warning"/>
                  </events>
               </eventContainer>
               <eventContainer id="kgblmva4">
                  <service id="kgblmv9h">
                     <title>dt_Audit_EndJob</title>
                     <serviceName>ICSExecuteDataTask</serviceName>
                     <serviceGUID/>
                     <serviceInput>
                        <parameter name="Wait for Task to Complete" source="constant" updatable="true">true</parameter>
                        <parameter name="Max Wait" source="constant" updatable="true">604800</parameter>
                        <parameter name="Task Name" source="constant" updatable="true">mt_audit_EndJob</parameter>
                        <parameter name="GUID" source="constant" updatable="true">ddT3sMoQtI4iybW7YLEwG8</parameter>
                        <parameter name="Task Type" source="constant" updatable="true">MCT</parameter>
                        <parameter name="Has Inout Parameters" source="constant" updatable="true">true</parameter>
                        <parameter name="taskField" source="nested">
                           <operation source="field" to="mt-audit-EndJob">temp.dt_Audit_EndJob</operation>
                           <operation source="field" to="mt-audit-EndJob/inout[1]/io_jobStartDate">temp.temp_dataStartDate</operation>
                           <operation source="field" to="mt-audit-EndJob/inout[1]/io_jobAuditID">temp.temp_tf_Audit_ID</operation>
                           <operation source="field" to="mt-audit-EndJob/inout[1]/io_jobName">temp.temp_JobName</operation>
                           <operation source="constant" to="mt-audit-EndJob/inout[1]/io_jobEndStatus">SUCCESS</operation>
                           <operation source="constant" to="mt-audit-EndJob/inout[1]/io_jobEndDesc">Successful execution</operation>
                        </parameter>
                     </serviceInput>
                     <serviceOutput>
                        <operation source="field" to="temp.dt_Audit_EndJob/output/Object_Name">Object Name</operation>
                        <operation source="field" to="temp.dt_Audit_EndJob/output/Run_Id">Run Id</operation>
                        <operation source="field" to="temp.dt_Audit_EndJob/output/Log_Id">Log Id</operation>
                        <operation source="field" to="temp.dt_Audit_EndJob/output/Task_Id">Task Id</operation>
                        <operation source="field" to="temp.dt_Audit_EndJob/output/Task_Status">Task Status</operation>
                        <operation source="field" to="temp.dt_Audit_EndJob/output/Success_Source_Rows">Success Source Rows</operation>
                        <operation source="field" to="temp.dt_Audit_EndJob/output/Failed_Source_Rows">Failed Source Rows</operation>
                        <operation source="field" to="temp.dt_Audit_EndJob/output/Success_Target_Rows">Success Target Rows</operation>
                        <operation source="field" to="temp.dt_Audit_EndJob/output/Failed_Target_Rows">Failed Target Rows</operation>
                        <operation source="field" to="temp.dt_Audit_EndJob/output/Start_Time">Start Time</operation>
                        <operation source="field" to="temp.dt_Audit_EndJob/output/End_Time">End Time</operation>
                        <operation source="field" to="temp.dt_Audit_EndJob/output/Error_Message">Error Message</operation>
                        <operation source="field" to="temp.dt_Audit_EndJob/output/TotalTransErrors">Total Transformation Errors</operation>
                        <operation source="field" to="temp.dt_Audit_EndJob/output/FirstErrorCode">First Error Code</operation>
                        <operation source="field" to="temp.dt_Audit_EndJob/inout/io_Result">io_Result</operation>
                        <operation source="field" to="temp.dt_Audit_EndJob/inout/io_jobName">io_jobName</operation>
                        <operation source="field" to="temp.dt_Audit_EndJob/inout/io_jobAuditID">io_jobAuditID</operation>
                        <operation source="field" to="temp.dt_Audit_EndJob/inout/io_jobStartDate">io_jobStartDate</operation>
                        <operation source="field" to="temp.dt_Audit_EndJob/inout/io_jobEndStatus">io_jobEndStatus</operation>
                        <operation source="field" to="temp.dt_Audit_EndJob/inout/io_jobEndDesc">io_jobEndDesc</operation>
                     </serviceOutput>
                  </service>
                  <link id="kgblmv9j" targetId="c"/>
                  <events>
                     <catch faultField="temp.dt_Audit_EndJob/fault"
                            id="kgblmva2"
                            interrupting="true"
                            name="error">
                        <suspend/>
                     </catch>
                     <catch faultField="temp.dt_Audit_EndJob/fault"
                            id="kgblmva3"
                            interrupting="true"
                            name="warning"/>
                  </events>
               </eventContainer>
               <container id="klwokcvj" type="exclusive">
                  <title>dcn_StartJob_Result</title>
                  <flow id="klwokcvn">
                     <eventContainer id="l8akpdt2">
                        <service id="l8akpdrs">
                           <title>mt_Commission_Extract</title>
                           <serviceName>ICSExecuteDataTask</serviceName>
                           <serviceGUID/>
                           <serviceInput>
                              <parameter name="Wait for Task to Complete" source="constant" updatable="true">true</parameter>
                              <parameter name="Max Wait" source="constant" updatable="true">604800</parameter>
                              <parameter name="Task Name" source="constant" updatable="true">mt_Commission_Extract</parameter>
                              <parameter name="GUID" source="constant" updatable="true">d24SpAZdBK2dxEtqUa71cN</parameter>
                              <parameter name="Task Type" source="constant" updatable="true">MCT</parameter>
                              <parameter name="Has Inout Parameters" source="constant" updatable="true">true</parameter>
                              <parameter name="taskField" source="nested">
                                 <operation source="field" to="mt-Commission-Extract">temp.mt_Commission_Extract</operation>
                                 <operation source="field" to="mt-Commission-Extract/inout[1]/io_startDate">temp.temp_dataStartDate</operation>
                                 <operation source="formula" to="mt-Commission-Extract/inout[1]/io_filePathName">
                                    <expression language="XQuery">date:toChar(date:toDate($temp.dt_Audit_StartJob_NextDate[1]/inout[1]/io_DataStartDate , 'MM/DD/YYYY 00:00:00.000000000'),'YYYY/MM/DD')</expression>
                                 </operation>
                              </parameter>
                           </serviceInput>
                           <serviceOutput>
                              <operation source="field" to="temp.mt_Commission_Extract/output/Object_Name">Object Name</operation>
                              <operation source="field" to="temp.mt_Commission_Extract/output/Run_Id">Run Id</operation>
                              <operation source="field" to="temp.mt_Commission_Extract/output/Log_Id">Log Id</operation>
                              <operation source="field" to="temp.mt_Commission_Extract/output/Task_Id">Task Id</operation>
                              <operation source="field" to="temp.mt_Commission_Extract/output/Task_Status">Task Status</operation>
                              <operation source="field"
                                         to="temp.mt_Commission_Extract/output/Success_Source_Rows">Success Source Rows</operation>
                              <operation source="field"
                                         to="temp.mt_Commission_Extract/output/Failed_Source_Rows">Failed Source Rows</operation>
                              <operation source="field"
                                         to="temp.mt_Commission_Extract/output/Success_Target_Rows">Success Target Rows</operation>
                              <operation source="field"
                                         to="temp.mt_Commission_Extract/output/Failed_Target_Rows">Failed Target Rows</operation>
                              <operation source="field" to="temp.mt_Commission_Extract/output/Start_Time">Start Time</operation>
                              <operation source="field" to="temp.mt_Commission_Extract/output/End_Time">End Time</operation>
                              <operation source="field" to="temp.mt_Commission_Extract/output/Error_Message">Error Message</operation>
                              <operation source="field" to="temp.mt_Commission_Extract/output/TotalTransErrors">Total Transformation Errors</operation>
                              <operation source="field" to="temp.mt_Commission_Extract/output/FirstErrorCode">First Error Code</operation>
                              <operation source="field" to="temp.mt_Commission_Extract/inout/io_filePathName">io_filePathName</operation>
                              <operation source="field" to="temp.mt_Commission_Extract/inout/io_startDate">io_startDate</operation>
                           </serviceOutput>
                        </service>
                        <events>
                           <catch faultField="temp.mt_Commission_Extract/fault"
                                  id="l8akpdt0"
                                  interrupting="true"
                                  name="error">
                              <suspend/>
                           </catch>
                           <catch faultField="temp.mt_Commission_Extract/fault"
                                  id="l8akpdt1"
                                  interrupting="true"
                                  name="warning"/>
                        </events>
                     </eventContainer>
                     <link id="klwokcvo" targetId="klwokcvj" type="containerLink"/>
                  </flow>
                  <flow id="klwokcvq">
                     <throw id="klwokcw2">
                        <title>Throw_Error_StartJob</title>
                        <throwInput>
                           <parameter name="code" source="field" updatable="true">temp.mt_audit_startJob_NextDate[1]/inout[1]/io_Result</parameter>
                           <parameter name="detail" source="constant" updatable="true"/>
                           <parameter name="reason" source="constant" updatable="true"/>
                        </throwInput>
                     </throw>
                  </flow>
                  <link id="klwokcvm" targetId="klwokcvn" type="containerLink">
                     <condition source="formula">
                        <function name="contains">
                           <arg name="left">{$temp.dt_Audit_StartJob_NextDate[1]/inout[1]/io_Result}</arg>
                           <arg name="right">SUCCESS</arg>
                        </function>
                     </condition>
                  </link>
                  <link id="klwokcvp" targetId="klwokcvq" type="containerLink"/>
                  <link id="klwokcvl" targetId="kgblmva4"/>
               </container>
               <end id="c"/>
            </flow>
            <dependencies>
               <processObject xmlns="http://schemas.active-endpoints.com/appmodules/screenflow/2011/06/avosHostEnvironment.xsd"
                              displayName="mt-audit-startJob-NextDate"
                              isByCopy="true"
                              name="mt-audit-startJob-NextDate">
                  <description/>
                  <tags/>
                  <detail>
                     <field label="Input Parameters"
                            name="input"
                            nullable="true"
                            required="false"
                            type="reference"/>
                     <field label="InOut Parameters"
                            name="inout"
                            nullable="true"
                            required="false"
                            type="reference"/>
                     <field label="TaskProperties Parameters"
                            name="taskProperties"
                            nullable="true"
                            required="false"
                            type="reference"/>
                     <field label="Output Parameters"
                            name="output"
                            nullable="true"
                            required="false"
                            type="reference"/>
                     <field label="Fault"
                            name="fault"
                            nullable="true"
                            required="false"
                            type="reference"/>
                  </detail>
               </processObject>
               <processObject xmlns="http://schemas.active-endpoints.com/appmodules/screenflow/2011/06/avosHostEnvironment.xsd"
                              displayName="mt-audit-EndJob"
                              isByCopy="true"
                              name="mt-audit-EndJob">
                  <description/>
                  <tags/>
                  <detail>
                     <field label="Input Parameters"
                            name="input"
                            nullable="true"
                            required="false"
                            type="reference"/>
                     <field label="InOut Parameters"
                            name="inout"
                            nullable="true"
                            required="false"
                            type="reference"/>
                     <field label="TaskProperties Parameters"
                            name="taskProperties"
                            nullable="true"
                            required="false"
                            type="reference"/>
                     <field label="Output Parameters"
                            name="output"
                            nullable="true"
                            required="false"
                            type="reference"/>
                     <field label="Fault"
                            name="fault"
                            nullable="true"
                            required="false"
                            type="reference"/>
                  </detail>
               </processObject>
               <processObject xmlns="http://schemas.active-endpoints.com/appmodules/screenflow/2011/06/avosHostEnvironment.xsd"
                              displayName="mt-Commission-Extract"
                              isByCopy="true"
                              name="mt-Commission-Extract">
                  <description/>
                  <tags/>
                  <detail>
                     <field label="InOut Parameters"
                            name="inout"
                            nullable="true"
                            required="false"
                            type="reference"/>
                     <field label="TaskProperties Parameters"
                            name="taskProperties"
                            nullable="true"
                            required="false"
                            type="reference"/>
                     <field label="Output Parameters"
                            name="output"
                            nullable="true"
                            required="false"
                            type="reference"/>
                     <field label="Fault"
                            name="fault"
                            nullable="true"
                            required="false"
                            type="reference"/>
                  </detail>
               </processObject>
            </dependencies>
         </taskflow>
      </types1:Entry>
      <types1:GUID>j9TAayArlEwd8ILNB3uUGi</types1:GUID>
      <types1:DisplayName>tf_LoadDM_68_Extractions</types1:DisplayName>
   </types1:Item>
   <types1:CurrentServerDateTime>2023-03-08T18:58:52.447Z</types1:CurrentServerDateTime>
</aetgt:getResponse>
