<aetgt:getResponse xmlns:aetgt="http://schemas.active-endpoints.com/appmodules/repository/2010/10/avrepository.xsd"
                   xmlns:types1="http://schemas.active-endpoints.com/appmodules/repository/2010/10/avrepository.xsd">
   <types1:Item>
      <types1:EntryId>rbeBIQZdt5OjiTI-gt-14359418-2021-02-22T18:34:50.283Z::tf.xml</types1:EntryId>
      <types1:Name>tf_LoadDM_60_Shared_DimAdvisors</types1:Name>
      <types1:MimeType>application/xml+taskflow</types1:MimeType>
      <types1:Description/>
      <types1:AppliesTo/>
      <types1:Tags/>
      <types1:VersionLabel>1.0</types1:VersionLabel>
      <types1:State>CURRENT</types1:State>
      <types1:ProcessGroup/>
      <types1:CreatedBy>vinita.singh@ia.ca.SAML</types1:CreatedBy>
      <types1:CreationDate>2021-02-22T18:34:50Z</types1:CreationDate>
      <types1:ModifiedBy>aazam.khan@ia.ca</types1:ModifiedBy>
      <types1:ModificationDate>2022-01-19T15:37:01Z</types1:ModificationDate>
      <types1:PublicationStatus>published</types1:PublicationStatus>
      <types1:PublishedBy>jihed.laamiri@ia.ca</types1:PublishedBy>
      <types1:PublicationDate>2022-12-21T17:55:36Z</types1:PublicationDate>
      <types1:PublishedContributionId>project:/tf.tf_LoadDM_60_Shared_DimAdvisors/tf_LoadDM_60_Shared_DimAdvisors.tf.xml</types1:PublishedContributionId>
      <types1:AutosaveExists>false</types1:AutosaveExists>
      <types1:Entry>
         <taskflow xmlns="http://schemas.active-endpoints.com/appmodules/screenflow/2010/10/avosScreenflow.xsd"
                   xmlns:tfm="http://schemas.active-endpoints.com/appmodules/screenflow/2021/04/taskflowModel.xsd"
                   xmlns:list="urn:activevos:spi:list:functions"
                   displayName="tf_LoadDM_60_Shared_DimAdvisors"
                   name="tf_LoadDM_60_Shared_DimAdvisors"
                   overrideAPIName="false">
            <parameterSet xmlns="http://schemas.active-endpoints.com/appmodules/screenflow/2021/04/taskflowModel.xsd"/>
            <appliesTo/>
            <description/>
            <tags/>
            <generator>Informatica Process Designer 11</generator>
            <tempFields>
               <field description="" name="mt_audit_startJob_NextDate" type="reference">
                  <options>
                     <option name="referenceTo">$po:mt-audit-startJob-NextDate</option>
                     <option name="failOnNotRun">false</option>
                     <option name="failOnFault">false</option>
                  </options>
               </field>
               <field description="" name="dt_Audit_EndJob" type="reference">
                  <options>
                     <option name="referenceTo">$po:mt-audit-EndJob</option>
                     <option name="failOnNotRun">false</option>
                     <option name="failOnFault">false</option>
                  </options>
               </field>
               <field description=""
                      name="dt_LoadDM_BDV_Shared_To_DM_Wt_DimAdvisor"
                      type="reference">
                  <options>
                     <option name="referenceTo">$po:mt-LoadDM-BDV-Shared-To-DM-Wt-DimAdvisor</option>
                     <option name="failOnNotRun">false</option>
                     <option name="failOnFault">false</option>
                  </options>
               </field>
               <field description=""
                      name="dt_LoadDM_DM_Wt_To_DM_DimAdvisor_Insert"
                      type="reference">
                  <options>
                     <option name="referenceTo">$po:mt-LoadDM-DM-Wt-To-DM-DimAdvisor-Insert</option>
                     <option name="failOnNotRun">false</option>
                     <option name="failOnFault">false</option>
                  </options>
               </field>
               <field description=""
                      name="mt_LoadDM_DM_Wt_To_DM_DimAdvisor_Close"
                      type="reference">
                  <options>
                     <option name="referenceTo">$po:mt-LoadDM-DM-Wt-To-DM-DimAdvisor-Close</option>
                     <option name="failOnNotRun">false</option>
                     <option name="failOnFault">false</option>
                  </options>
               </field>
               <field description="" name="temp_JobName" type="string">
                  <options>
                     <option name="required">false</option>
                  </options>
               </field>
               <field description="" name="temp_tf_Audit_ID" type="string">
                  <options>
                     <option name="required">false</option>
                  </options>
               </field>
               <field description="" name="temp_dataStartDate" type="date">
                  <options>
                     <option name="required">false</option>
                  </options>
               </field>
               <field description="" name="dt_Update_DimAdvisor_Type1" type="reference">
                  <options>
                     <option name="failOnNotRun">false</option>
                     <option name="failOnFault">false</option>
                     <option name="referenceTo">$po:mt-UPDATE-DIM-ADVISOR</option>
                  </options>
               </field>
            </tempFields>
            <notes/>
            <deployment suspendOnFault="false" tracingLevel="verbose">
               <rest/>
            </deployment>
            <flow id="a">
               <start id="b">
                  <link id="kg9lcwdf" targetId="kg9lcwde"/>
               </start>
               <assignment id="kg9lcwde">
                  <title>asgn_StartJob_Parameters</title>
                  <operation source="formula" to="temp.temp_JobName">
                     <expression language="XQuery">fn:concat("'",util:getAssetName(),"'")</expression>
                  </operation>
                  <operation source="formula" to="temp.temp_tf_Audit_ID">
                     <expression language="XQuery">fn:concat("'",util:getAssetName(),"-", util:getProcessId(),"'")</expression>
                  </operation>
                  <operation source="constant"
                             to="temp.mt_audit_startJob_NextDate[1]/inout[1]/io_DataStartDate">01/01/2000 00:00:00.000000000</operation>
                  <operation source="constant"
                             to="temp.mt_audit_startJob_NextDate[1]/inout[1]/io_Result">ERROR</operation>
                  <link id="kg9lcwdg" targetId="kg9i7hj8"/>
               </assignment>
               <assignment id="km5mbdrq">
                  <title>asgn_DataStartDate</title>
                  <operation source="formula" to="temp.temp_dataStartDate">
                     <expression language="XQuery">fn:concat("'",date:toChar(date:toDate($temp.mt_audit_startJob_NextDate[1]/inout[1]/io_DataStartDate , 'MM/DD/YYYY 00:00:00.000000000'),'YYYY-MM-DD'),"'")</expression>
                  </operation>
                  <link id="km5mbdrs" targetId="kg9i7hju"/>
               </assignment>
               <eventContainer id="kg9i7hj8">
                  <service id="kg9i7hj2">
                     <title>mt_audit_startJob_NextDate</title>
                     <serviceName>ICSExecuteDataTask</serviceName>
                     <serviceGUID/>
                     <serviceInput>
                        <parameter name="Wait for Task to Complete" source="constant" updatable="true">true</parameter>
                        <parameter name="Max Wait" source="constant" updatable="true">604800</parameter>
                        <parameter name="Task Name" source="constant" updatable="true">mt_audit_startJob_NextDate</parameter>
                        <parameter name="GUID" source="constant" updatable="true">1MxynEfVHRGfkn0bIHHpyR</parameter>
                        <parameter name="Task Type" source="constant" updatable="true">MCT</parameter>
                        <parameter name="Has Inout Parameters" source="constant" updatable="true">true</parameter>
                        <parameter name="taskField" source="nested">
                           <operation source="field" to="mt-audit-startJob-NextDate">temp.mt_audit_startJob_NextDate</operation>
                           <operation source="field" to="mt-audit-startJob-NextDate/inout[1]/io_auditID">temp.temp_tf_Audit_ID<expression language="XQuery">fn:concat("'",fn:replace($temp.mt_audit_startJob_NextDate[1]/inout[1]/io_jobName , "'", ""),"-", util:getProcessId(),"'")</expression>
                           </operation>
                           <operation source="field" to="mt-audit-startJob-NextDate/inout[1]/io_jobName">temp.temp_JobName</operation>
                        </parameter>
                     </serviceInput>
                     <serviceOutput>
                        <operation source="field" to="temp.mt_audit_startJob_NextDate/output/Object_Name">Object Name</operation>
                        <operation source="field" to="temp.mt_audit_startJob_NextDate/output/Run_Id">Run Id</operation>
                        <operation source="field" to="temp.mt_audit_startJob_NextDate/output/Log_Id">Log Id</operation>
                        <operation source="field" to="temp.mt_audit_startJob_NextDate/output/Task_Id">Task Id</operation>
                        <operation source="field" to="temp.mt_audit_startJob_NextDate/output/Task_Status">Task Status</operation>
                        <operation source="field"
                                   to="temp.mt_audit_startJob_NextDate/output/Success_Source_Rows">Success Source Rows</operation>
                        <operation source="field"
                                   to="temp.mt_audit_startJob_NextDate/output/Failed_Source_Rows">Failed Source Rows</operation>
                        <operation source="field"
                                   to="temp.mt_audit_startJob_NextDate/output/Success_Target_Rows">Success Target Rows</operation>
                        <operation source="field"
                                   to="temp.mt_audit_startJob_NextDate/output/Failed_Target_Rows">Failed Target Rows</operation>
                        <operation source="field" to="temp.mt_audit_startJob_NextDate/output/Start_Time">Start Time</operation>
                        <operation source="field" to="temp.mt_audit_startJob_NextDate/output/End_Time">End Time</operation>
                        <operation source="field"
                                   to="temp.mt_audit_startJob_NextDate/output/Error_Message">Error Message</operation>
                        <operation source="field" to="temp.mt_audit_startJob_NextDate/inout/io_jobName">io_jobName</operation>
                        <operation source="field" to="temp.mt_audit_startJob_NextDate/inout/io_auditID">io_auditID</operation>
                        <operation source="field" to="temp.mt_audit_startJob_NextDate/inout/io_Result">io_Result</operation>
                        <operation source="field"
                                   to="temp.mt_audit_startJob_NextDate/inout/io_DataStartDate">io_DataStartDate</operation>
                     </serviceOutput>
                  </service>
                  <link id="km5mbdrr" targetId="km5mbdrq"/>
                  <events>
                     <catch faultField="temp.mt_audit_startJob_NextDate/fault"
                            id="kg9i7hj6"
                            interrupting="true"
                            name="error">
                        <suspend/>
                     </catch>
                     <catch faultField="temp.mt_audit_startJob_NextDate/fault"
                            id="kg9i7hj7"
                            interrupting="true"
                            name="warning"/>
                  </events>
               </eventContainer>
               <container id="kg9i7hju" type="exclusive">
                  <title>dcn_StartJob_Result</title>
                  <flow id="kg9i7hjy">
                     <eventContainer id="kkr7y1oa">
                        <service id="kkr7y1nw">
                           <title>dt_LoadDM_BDV_Shared_To_DM_Wt_DimAdvisor</title>
                           <serviceName>ICSExecuteDataTask</serviceName>
                           <serviceGUID/>
                           <serviceInput>
                              <parameter name="Wait for Task to Complete" source="constant" updatable="true">true</parameter>
                              <parameter name="Max Wait" source="constant" updatable="true">604800</parameter>
                              <parameter name="Task Name" source="constant" updatable="true">mt_LoadDM_BDV_Shared_To_DM_Wt_DimAdvisor</parameter>
                              <parameter name="GUID" source="constant" updatable="true">hItgmMCD28WezPrrW1McQz</parameter>
                              <parameter name="Task Type" source="constant" updatable="true">MCT</parameter>
                              <parameter name="Has Inout Parameters" source="constant" updatable="true">false</parameter>
                              <parameter name="taskField" source="nested">
                                 <operation source="field" to="mt-LoadDM-BDV-Shared-To-DM-Wt-DimAdvisor">temp.dt_LoadDM_BDV_Shared_To_DM_Wt_DimAdvisor</operation>
                                 <operation source="field"
                                            to="mt-LoadDM-BDV-Shared-To-DM-Wt-DimAdvisor/input[1]/i_DATA_START_DATE">temp.temp_dataStartDate</operation>
                                 <operation source="field"
                                            to="temp.dt_LoadDM_BDV_Shared_To_DM_Wt_DimAdvisor[1]/input[1]/i_DATA_START_DATE">temp.temp_dataStartDate</operation>
                              </parameter>
                           </serviceInput>
                           <serviceOutput>
                              <operation source="field"
                                         to="temp.dt_LoadDM_BDV_Shared_To_DM_Wt_DimAdvisor/output/Object_Name">Object Name</operation>
                              <operation source="field"
                                         to="temp.dt_LoadDM_BDV_Shared_To_DM_Wt_DimAdvisor/output/Run_Id">Run Id</operation>
                              <operation source="field"
                                         to="temp.dt_LoadDM_BDV_Shared_To_DM_Wt_DimAdvisor/output/Log_Id">Log Id</operation>
                              <operation source="field"
                                         to="temp.dt_LoadDM_BDV_Shared_To_DM_Wt_DimAdvisor/output/Task_Id">Task Id</operation>
                              <operation source="field"
                                         to="temp.dt_LoadDM_BDV_Shared_To_DM_Wt_DimAdvisor/output/Task_Status">Task Status</operation>
                              <operation source="field"
                                         to="temp.dt_LoadDM_BDV_Shared_To_DM_Wt_DimAdvisor/output/Success_Source_Rows">Success Source Rows</operation>
                              <operation source="field"
                                         to="temp.dt_LoadDM_BDV_Shared_To_DM_Wt_DimAdvisor/output/Failed_Source_Rows">Failed Source Rows</operation>
                              <operation source="field"
                                         to="temp.dt_LoadDM_BDV_Shared_To_DM_Wt_DimAdvisor/output/Success_Target_Rows">Success Target Rows</operation>
                              <operation source="field"
                                         to="temp.dt_LoadDM_BDV_Shared_To_DM_Wt_DimAdvisor/output/Failed_Target_Rows">Failed Target Rows</operation>
                              <operation source="field"
                                         to="temp.dt_LoadDM_BDV_Shared_To_DM_Wt_DimAdvisor/output/Start_Time">Start Time</operation>
                              <operation source="field"
                                         to="temp.dt_LoadDM_BDV_Shared_To_DM_Wt_DimAdvisor/output/End_Time">End Time</operation>
                              <operation source="field"
                                         to="temp.dt_LoadDM_BDV_Shared_To_DM_Wt_DimAdvisor/output/Error_Message">Error Message</operation>
                              <operation source="field"
                                         to="temp.dt_LoadDM_BDV_Shared_To_DM_Wt_DimAdvisor/output/TotalTransErrors">Total Transformation Errors</operation>
                              <operation source="field"
                                         to="temp.dt_LoadDM_BDV_Shared_To_DM_Wt_DimAdvisor/output/FirstErrorCode">First Error Code</operation>
                           </serviceOutput>
                        </service>
                        <link id="kkr7y1ph" targetId="kkr7y1pg"/>
                        <events>
                           <catch faultField="temp.dt_LoadDM_BDV_Shared_To_DM_Wt_DimAdvisor/fault"
                                  id="kkr7y1o8"
                                  interrupting="true"
                                  name="error">
                              <suspend/>
                           </catch>
                           <catch faultField="temp.dt_LoadDM_BDV_Shared_To_DM_Wt_DimAdvisor/fault"
                                  id="kkr7y1o9"
                                  interrupting="true"
                                  name="warning"/>
                        </events>
                     </eventContainer>
                     <eventContainer id="kg9lcwgi">
                        <service id="kg9lcwga">
                           <title>dt_Audit_EndJob</title>
                           <serviceName>ICSExecuteDataTask</serviceName>
                           <serviceGUID/>
                           <serviceInput>
                              <parameter name="Wait for Task to Complete" source="constant" updatable="true">true</parameter>
                              <parameter name="Max Wait" source="constant" updatable="true">604800</parameter>
                              <parameter name="Task Name" source="constant" updatable="true">mt_audit_EndJob</parameter>
                              <parameter name="GUID" source="constant" updatable="true">0lIA8e0q543dOCbXrh1vAV</parameter>
                              <parameter name="Task Type" source="constant" updatable="true">MCT</parameter>
                              <parameter name="Has Inout Parameters" source="constant" updatable="true">true</parameter>
                              <parameter name="taskField" source="nested">
                                 <operation source="field" to="mt-audit-EndJob">temp.dt_Audit_EndJob</operation>
                                 <operation source="field" to="mt-audit-EndJob/inout[1]/io_jobAuditID">temp.temp_tf_Audit_ID</operation>
                                 <operation source="constant" to="mt-audit-EndJob/inout[1]/io_jobEndDesc">Successful execution</operation>
                                 <operation source="constant" to="mt-audit-EndJob/inout[1]/io_jobEndStatus">SUCCESS</operation>
                                 <operation source="field" to="mt-audit-EndJob/inout[1]/io_jobName">temp.temp_JobName</operation>
                                 <operation source="field" to="mt-audit-EndJob/inout[1]/io_jobStartDate">temp.temp_dataStartDate</operation>
                              </parameter>
                           </serviceInput>
                           <serviceOutput>
                              <operation source="field" to="temp.dt_Audit_EndJob/output/Object_Name">Object Name</operation>
                              <operation source="field" to="temp.dt_Audit_EndJob/output/Run_Id">Run Id</operation>
                              <operation source="field" to="temp.dt_Audit_EndJob/output/Log_Id">Log Id</operation>
                              <operation source="field" to="temp.dt_Audit_EndJob/output/Task_Id">Task Id</operation>
                              <operation source="field" to="temp.dt_Audit_EndJob/output/Task_Status">Task Status</operation>
                              <operation source="field" to="temp.dt_Audit_EndJob/output/Success_Source_Rows">Success Source Rows</operation>
                              <operation source="field" to="temp.dt_Audit_EndJob/output/Failed_Source_Rows">Failed Source Rows</operation>
                              <operation source="field" to="temp.dt_Audit_EndJob/output/Success_Target_Rows">Success Target Rows</operation>
                              <operation source="field" to="temp.dt_Audit_EndJob/output/Failed_Target_Rows">Failed Target Rows</operation>
                              <operation source="field" to="temp.dt_Audit_EndJob/output/Start_Time">Start Time</operation>
                              <operation source="field" to="temp.dt_Audit_EndJob/output/End_Time">End Time</operation>
                              <operation source="field" to="temp.dt_Audit_EndJob/output/Error_Message">Error Message</operation>
                              <operation source="field" to="temp.dt_Audit_EndJob/inout/io_Result">io_Result</operation>
                              <operation source="field" to="temp.dt_Audit_EndJob/inout/io_jobName">io_jobName</operation>
                              <operation source="field" to="temp.dt_Audit_EndJob/inout/io_jobAuditID">io_jobAuditID</operation>
                              <operation source="field" to="temp.dt_Audit_EndJob/inout/io_jobStartDate">io_jobStartDate</operation>
                              <operation source="field" to="temp.dt_Audit_EndJob/inout/io_jobEndStatus">io_jobEndStatus</operation>
                              <operation source="field" to="temp.dt_Audit_EndJob/inout/io_jobEndDesc">io_jobEndDesc</operation>
                           </serviceOutput>
                        </service>
                        <events>
                           <catch faultField="temp.dt_Audit_EndJob/fault"
                                  id="kg9lcwgg"
                                  interrupting="true"
                                  name="error">
                              <suspend/>
                           </catch>
                           <catch faultField="temp.dt_Audit_EndJob/fault"
                                  id="kg9lcwgh"
                                  interrupting="true"
                                  name="warning"/>
                        </events>
                     </eventContainer>
                     <container id="kkr7y1pg" type="parallel">
                        <title>Parallel DM Loading</title>
                        <flow id="kkr7y1pk">
                           <eventContainer id="kkr7y1qt">
                              <service id="kkr7y1q1">
                                 <title>dt_LoadDM_DM_Wt_To_DM_DimAdvisor_Insert</title>
                                 <serviceName>ICSExecuteDataTask</serviceName>
                                 <serviceGUID/>
                                 <serviceInput>
                                    <parameter name="Wait for Task to Complete" source="constant" updatable="true">true</parameter>
                                    <parameter name="Max Wait" source="constant" updatable="true">604800</parameter>
                                    <parameter name="Task Name" source="constant" updatable="true">mt_LoadDM_DM_Wt_To_DM_DimAdvisor_Insert</parameter>
                                    <parameter name="GUID" source="constant" updatable="true">9ikqDCVVc0xdgbRH6o2m22</parameter>
                                    <parameter name="Task Type" source="constant" updatable="true">MCT</parameter>
                                    <parameter name="Has Inout Parameters" source="constant" updatable="true">true</parameter>
                                    <parameter name="taskField" source="nested">
                                       <operation source="field" to="mt-LoadDM-DM-Wt-To-DM-DimAdvisor-Insert">temp.dt_LoadDM_DM_Wt_To_DM_DimAdvisor_Insert</operation>
                                       <operation source="field"
                                                  to="mt-LoadDM-DM-Wt-To-DM-DimAdvisor-Insert/input[1]/i_DATA_START_DATE">temp.temp_dataStartDate</operation>
                                       <operation source="field"
                                                  to="mt-LoadDM-DM-Wt-To-DM-DimAdvisor-Insert/inout[1]/io_tf_Audit_ID">temp.temp_tf_Audit_ID</operation>
                                       <operation source="field"
                                                  to="temp.dt_LoadDM_DM_Wt_To_DM_DimAdvisor_Insert[1]/input[1]/i_DATA_START_DATE">temp.temp_dataStartDate</operation>
                                    </parameter>
                                 </serviceInput>
                                 <serviceOutput>
                                    <operation source="field"
                                               to="temp.dt_LoadDM_DM_Wt_To_DM_DimAdvisor_Insert/output/Object_Name">Object Name</operation>
                                    <operation source="field"
                                               to="temp.dt_LoadDM_DM_Wt_To_DM_DimAdvisor_Insert/output/Run_Id">Run Id</operation>
                                    <operation source="field"
                                               to="temp.dt_LoadDM_DM_Wt_To_DM_DimAdvisor_Insert/output/Log_Id">Log Id</operation>
                                    <operation source="field"
                                               to="temp.dt_LoadDM_DM_Wt_To_DM_DimAdvisor_Insert/output/Task_Id">Task Id</operation>
                                    <operation source="field"
                                               to="temp.dt_LoadDM_DM_Wt_To_DM_DimAdvisor_Insert/output/Task_Status">Task Status</operation>
                                    <operation source="field"
                                               to="temp.dt_LoadDM_DM_Wt_To_DM_DimAdvisor_Insert/output/Success_Source_Rows">Success Source Rows</operation>
                                    <operation source="field"
                                               to="temp.dt_LoadDM_DM_Wt_To_DM_DimAdvisor_Insert/output/Failed_Source_Rows">Failed Source Rows</operation>
                                    <operation source="field"
                                               to="temp.dt_LoadDM_DM_Wt_To_DM_DimAdvisor_Insert/output/Success_Target_Rows">Success Target Rows</operation>
                                    <operation source="field"
                                               to="temp.dt_LoadDM_DM_Wt_To_DM_DimAdvisor_Insert/output/Failed_Target_Rows">Failed Target Rows</operation>
                                    <operation source="field"
                                               to="temp.dt_LoadDM_DM_Wt_To_DM_DimAdvisor_Insert/output/Start_Time">Start Time</operation>
                                    <operation source="field"
                                               to="temp.dt_LoadDM_DM_Wt_To_DM_DimAdvisor_Insert/output/End_Time">End Time</operation>
                                    <operation source="field"
                                               to="temp.dt_LoadDM_DM_Wt_To_DM_DimAdvisor_Insert/output/Error_Message">Error Message</operation>
                                    <operation source="field"
                                               to="temp.dt_LoadDM_DM_Wt_To_DM_DimAdvisor_Insert/output/TotalTransErrors">Total Transformation Errors</operation>
                                    <operation source="field"
                                               to="temp.dt_LoadDM_DM_Wt_To_DM_DimAdvisor_Insert/output/FirstErrorCode">First Error Code</operation>
                                    <operation source="field"
                                               to="temp.dt_LoadDM_DM_Wt_To_DM_DimAdvisor_Insert/inout/io_tf_Audit_ID">io_tf_Audit_ID</operation>
                                 </serviceOutput>
                              </service>
                              <events>
                                 <catch faultField="temp.dt_LoadDM_DM_Wt_To_DM_DimAdvisor_Insert/fault"
                                        id="kkr7y1qr"
                                        interrupting="true"
                                        name="error">
                                    <suspend/>
                                 </catch>
                                 <catch faultField="temp.dt_LoadDM_DM_Wt_To_DM_DimAdvisor_Insert/fault"
                                        id="kkr7y1qs"
                                        interrupting="true"
                                        name="warning"/>
                              </events>
                           </eventContainer>
                           <link id="kkr7y1pl" targetId="kkr7y1pg" type="containerLink"/>
                        </flow>
                        <flow id="kkr7y1pn">
                           <eventContainer id="kkr7y1rv">
                              <service id="kkr7y1qf">
                                 <title>mt_LoadDM_DM_Wt_To_DM_DimAdvisor_Close</title>
                                 <serviceName>ICSExecuteDataTask</serviceName>
                                 <serviceGUID/>
                                 <serviceInput>
                                    <parameter name="Wait for Task to Complete" source="constant" updatable="true">true</parameter>
                                    <parameter name="Max Wait" source="constant" updatable="true">604800</parameter>
                                    <parameter name="Task Name" source="constant" updatable="true">mt_LoadDM_DM_Wt_To_DM_DimAdvisor_Close</parameter>
                                    <parameter name="GUID" source="constant" updatable="true">0ImjiAR1DUHkaFcglkG6eX</parameter>
                                    <parameter name="Task Type" source="constant" updatable="true">MCT</parameter>
                                    <parameter name="Has Inout Parameters" source="constant" updatable="true">false</parameter>
                                    <parameter name="taskField" source="nested">
                                       <operation source="field" to="mt-LoadDM-DM-Wt-To-DM-DimAdvisor-Close">temp.mt_LoadDM_DM_Wt_To_DM_DimAdvisor_Close</operation>
                                       <operation source="field"
                                                  to="mt-LoadDM-DM-Wt-To-DM-DimAdvisor-Close/input[1]/i_DATA_START_DATE">temp.temp_dataStartDate</operation>
                                       <operation source="field"
                                                  to="temp.mt_LoadDM_DM_Wt_To_DM_DimAdvisor_Close[1]/input[1]/i_DATA_START_DATE">temp.temp_dataStartDate</operation>
                                    </parameter>
                                 </serviceInput>
                                 <serviceOutput>
                                    <operation source="field"
                                               to="temp.mt_LoadDM_DM_Wt_To_DM_DimAdvisor_Close/output/Object_Name">Object Name</operation>
                                    <operation source="field"
                                               to="temp.mt_LoadDM_DM_Wt_To_DM_DimAdvisor_Close/output/Run_Id">Run Id</operation>
                                    <operation source="field"
                                               to="temp.mt_LoadDM_DM_Wt_To_DM_DimAdvisor_Close/output/Log_Id">Log Id</operation>
                                    <operation source="field"
                                               to="temp.mt_LoadDM_DM_Wt_To_DM_DimAdvisor_Close/output/Task_Id">Task Id</operation>
                                    <operation source="field"
                                               to="temp.mt_LoadDM_DM_Wt_To_DM_DimAdvisor_Close/output/Task_Status">Task Status</operation>
                                    <operation source="field"
                                               to="temp.mt_LoadDM_DM_Wt_To_DM_DimAdvisor_Close/output/Success_Source_Rows">Success Source Rows</operation>
                                    <operation source="field"
                                               to="temp.mt_LoadDM_DM_Wt_To_DM_DimAdvisor_Close/output/Failed_Source_Rows">Failed Source Rows</operation>
                                    <operation source="field"
                                               to="temp.mt_LoadDM_DM_Wt_To_DM_DimAdvisor_Close/output/Success_Target_Rows">Success Target Rows</operation>
                                    <operation source="field"
                                               to="temp.mt_LoadDM_DM_Wt_To_DM_DimAdvisor_Close/output/Failed_Target_Rows">Failed Target Rows</operation>
                                    <operation source="field"
                                               to="temp.mt_LoadDM_DM_Wt_To_DM_DimAdvisor_Close/output/Start_Time">Start Time</operation>
                                    <operation source="field"
                                               to="temp.mt_LoadDM_DM_Wt_To_DM_DimAdvisor_Close/output/End_Time">End Time</operation>
                                    <operation source="field"
                                               to="temp.mt_LoadDM_DM_Wt_To_DM_DimAdvisor_Close/output/Error_Message">Error Message</operation>
                                 </serviceOutput>
                              </service>
                              <events>
                                 <catch faultField="temp.mt_LoadDM_DM_Wt_To_DM_DimAdvisor_Close/fault"
                                        id="kkr7y1rt"
                                        interrupting="true"
                                        name="error">
                                    <suspend/>
                                 </catch>
                                 <catch faultField="temp.mt_LoadDM_DM_Wt_To_DM_DimAdvisor_Close/fault"
                                        id="kkr7y1ru"
                                        interrupting="true"
                                        name="warning"/>
                              </events>
                           </eventContainer>
                           <link id="kkr7y1po" targetId="kkr7y1pg" type="containerLink"/>
                        </flow>
                        <flow id="kykf8m5t">
                           <eventContainer id="kykf8m6t">
                              <service id="kykf8m61">
                                 <title>dt_Update_DimAdvisor_Type1</title>
                                 <serviceName>ICSExecuteDataTask</serviceName>
                                 <serviceGUID/>
                                 <serviceInput>
                                    <parameter name="Wait for Task to Complete" source="constant" updatable="true">true</parameter>
                                    <parameter name="Max Wait" source="constant" updatable="true">604800</parameter>
                                    <parameter name="Task Name" source="constant" updatable="true">mt_UPDATE_DIM_ADVISOR</parameter>
                                    <parameter name="GUID" source="constant" updatable="true">076IcoZDpobbNGKcroyI2H</parameter>
                                    <parameter name="Task Type" source="constant" updatable="true">MCT</parameter>
                                    <parameter name="Has Inout Parameters" source="constant" updatable="true">true</parameter>
                                    <parameter name="taskField" source="nested">
                                       <operation source="field" to="mt-UPDATE-DIM-ADVISOR">temp.dt_Update_DimAdvisor_Type1</operation>
                                       <operation source="field" to="mt-UPDATE-DIM-ADVISOR/inout[1]/io_tf_Audit_ID">temp.temp_tf_Audit_ID</operation>
                                    </parameter>
                                 </serviceInput>
                                 <serviceOutput>
                                    <operation source="field" to="temp.dt_Update_DimAdvisor_Type1/output/Object_Name">Object Name</operation>
                                    <operation source="field" to="temp.dt_Update_DimAdvisor_Type1/output/Run_Id">Run Id</operation>
                                    <operation source="field" to="temp.dt_Update_DimAdvisor_Type1/output/Log_Id">Log Id</operation>
                                    <operation source="field" to="temp.dt_Update_DimAdvisor_Type1/output/Task_Id">Task Id</operation>
                                    <operation source="field" to="temp.dt_Update_DimAdvisor_Type1/output/Task_Status">Task Status</operation>
                                    <operation source="field"
                                               to="temp.dt_Update_DimAdvisor_Type1/output/Success_Source_Rows">Success Source Rows</operation>
                                    <operation source="field"
                                               to="temp.dt_Update_DimAdvisor_Type1/output/Failed_Source_Rows">Failed Source Rows</operation>
                                    <operation source="field"
                                               to="temp.dt_Update_DimAdvisor_Type1/output/Success_Target_Rows">Success Target Rows</operation>
                                    <operation source="field"
                                               to="temp.dt_Update_DimAdvisor_Type1/output/Failed_Target_Rows">Failed Target Rows</operation>
                                    <operation source="field" to="temp.dt_Update_DimAdvisor_Type1/output/Start_Time">Start Time</operation>
                                    <operation source="field" to="temp.dt_Update_DimAdvisor_Type1/output/End_Time">End Time</operation>
                                    <operation source="field"
                                               to="temp.dt_Update_DimAdvisor_Type1/output/Error_Message">Error Message</operation>
                                    <operation source="field"
                                               to="temp.dt_Update_DimAdvisor_Type1/output/TotalTransErrors">Total Transformation Errors</operation>
                                    <operation source="field"
                                               to="temp.dt_Update_DimAdvisor_Type1/output/FirstErrorCode">First Error Code</operation>
                                    <operation source="field"
                                               to="temp.dt_Update_DimAdvisor_Type1/inout/io_tf_Audit_ID">io_tf_Audit_ID</operation>
                                 </serviceOutput>
                              </service>
                              <events>
                                 <catch faultField="temp.dt_Update_DimAdvisor_Type1/fault"
                                        id="kykf8m6r"
                                        interrupting="true"
                                        name="error">
                                    <suspend/>
                                 </catch>
                                 <catch faultField="temp.dt_Update_DimAdvisor_Type1/fault"
                                        id="kykf8m6s"
                                        interrupting="true"
                                        name="warning"/>
                              </events>
                           </eventContainer>
                           <link id="kykf8m5u" targetId="kkr7y1pg" type="containerLink"/>
                        </flow>
                        <link id="kkr7y1pj" targetId="kkr7y1pk" type="containerLink"/>
                        <link id="kkr7y1pm" targetId="kkr7y1pn" type="containerLink"/>
                        <link id="kykf8m5s" targetId="kykf8m5t" type="containerLink"/>
                        <link id="klva02w7" targetId="kg9lcwgi"/>
                     </container>
                     <link id="kg9i7hjz" targetId="kg9i7hju" type="containerLink"/>
                  </flow>
                  <flow id="kg9i7hk1">
                     <throw id="kg9i7hkn">
                        <title>Throw_Error_StartJob</title>
                        <throwInput>
                           <parameter name="code" source="field" updatable="true">temp.mt_audit_startJob_NextDate[1]/inout[1]/io_Result</parameter>
                           <parameter name="detail" source="constant" updatable="true"/>
                           <parameter name="reason" source="constant" updatable="true"/>
                        </throwInput>
                     </throw>
                  </flow>
                  <link id="kg9i7hjx" targetId="kg9i7hjy" type="containerLink">
                     <condition source="formula">
                        <function name="contains">
                           <arg name="left">{$temp.mt_audit_startJob_NextDate[1]/inout[1]/io_Result}</arg>
                           <arg name="right">SUCCESS</arg>
                        </function>
                     </condition>
                  </link>
                  <link id="kg9i7hk0" targetId="kg9i7hk1" type="containerLink"/>
                  <link id="kg9i7hjw" targetId="c"/>
               </container>
               <end id="c"/>
            </flow>
            <dependencies>
               <processObject xmlns="http://schemas.active-endpoints.com/appmodules/screenflow/2011/06/avosHostEnvironment.xsd"
                              displayName="mt-audit-startJob-NextDate"
                              isByCopy="true"
                              name="mt-audit-startJob-NextDate">
                  <description/>
                  <tags/>
                  <detail>
                     <field label="Input Parameters"
                            name="input"
                            nullable="true"
                            required="false"
                            type="reference"/>
                     <field label="InOut Parameters"
                            name="inout"
                            nullable="true"
                            required="false"
                            type="reference"/>
                     <field label="TaskProperties Parameters"
                            name="taskProperties"
                            nullable="true"
                            required="false"
                            type="reference"/>
                     <field label="Output Parameters"
                            name="output"
                            nullable="true"
                            required="false"
                            type="reference"/>
                     <field label="Fault"
                            name="fault"
                            nullable="true"
                            required="false"
                            type="reference"/>
                  </detail>
               </processObject>
               <processObject xmlns="http://schemas.active-endpoints.com/appmodules/screenflow/2011/06/avosHostEnvironment.xsd"
                              displayName="mt-audit-EndJob"
                              isByCopy="true"
                              name="mt-audit-EndJob">
                  <description/>
                  <tags/>
                  <detail>
                     <field label="Input Parameters"
                            name="input"
                            nullable="true"
                            required="false"
                            type="reference"/>
                     <field label="InOut Parameters"
                            name="inout"
                            nullable="true"
                            required="false"
                            type="reference"/>
                     <field label="TaskProperties Parameters"
                            name="taskProperties"
                            nullable="true"
                            required="false"
                            type="reference"/>
                     <field label="Output Parameters"
                            name="output"
                            nullable="true"
                            required="false"
                            type="reference"/>
                     <field label="Fault"
                            name="fault"
                            nullable="true"
                            required="false"
                            type="reference"/>
                  </detail>
               </processObject>
               <processObject xmlns="http://schemas.active-endpoints.com/appmodules/screenflow/2011/06/avosHostEnvironment.xsd"
                              displayName="mt-LoadDM-BDV-Shared-To-DM-Wt-DimAdvisor"
                              isByCopy="true"
                              name="mt-LoadDM-BDV-Shared-To-DM-Wt-DimAdvisor">
                  <description/>
                  <tags/>
                  <detail>
                     <field label="Input Parameters"
                            name="input"
                            nullable="true"
                            required="false"
                            type="reference"/>
                     <field label="TaskProperties Parameters"
                            name="taskProperties"
                            nullable="true"
                            required="false"
                            type="reference"/>
                     <field label="Output Parameters"
                            name="output"
                            nullable="true"
                            required="false"
                            type="reference"/>
                     <field label="Fault"
                            name="fault"
                            nullable="true"
                            required="false"
                            type="reference"/>
                  </detail>
               </processObject>
               <processObject xmlns="http://schemas.active-endpoints.com/appmodules/screenflow/2011/06/avosHostEnvironment.xsd"
                              displayName="mt-LoadDM-DM-Wt-To-DM-DimAdvisor-Insert"
                              isByCopy="true"
                              name="mt-LoadDM-DM-Wt-To-DM-DimAdvisor-Insert">
                  <description/>
                  <tags/>
                  <detail>
                     <field label="Input Parameters"
                            name="input"
                            nullable="true"
                            required="false"
                            type="reference"/>
                     <field label="InOut Parameters"
                            name="inout"
                            nullable="true"
                            required="false"
                            type="reference"/>
                     <field label="TaskProperties Parameters"
                            name="taskProperties"
                            nullable="true"
                            required="false"
                            type="reference"/>
                     <field label="Output Parameters"
                            name="output"
                            nullable="true"
                            required="false"
                            type="reference"/>
                     <field label="Fault"
                            name="fault"
                            nullable="true"
                            required="false"
                            type="reference"/>
                  </detail>
               </processObject>
               <processObject xmlns="http://schemas.active-endpoints.com/appmodules/screenflow/2011/06/avosHostEnvironment.xsd"
                              displayName="mt-LoadDM-DM-Wt-To-DM-DimAdvisor-Close"
                              isByCopy="true"
                              name="mt-LoadDM-DM-Wt-To-DM-DimAdvisor-Close">
                  <description/>
                  <tags/>
                  <detail>
                     <field label="Input Parameters"
                            name="input"
                            nullable="true"
                            required="false"
                            type="reference"/>
                     <field label="TaskProperties Parameters"
                            name="taskProperties"
                            nullable="true"
                            required="false"
                            type="reference"/>
                     <field label="Output Parameters"
                            name="output"
                            nullable="true"
                            required="false"
                            type="reference"/>
                     <field label="Fault"
                            name="fault"
                            nullable="true"
                            required="false"
                            type="reference"/>
                  </detail>
               </processObject>
               <processObject xmlns="http://schemas.active-endpoints.com/appmodules/screenflow/2011/06/avosHostEnvironment.xsd"
                              displayName="mt-UPDATE-DIM-ADVISOR"
                              isByCopy="true"
                              name="mt-UPDATE-DIM-ADVISOR">
                  <description/>
                  <tags/>
                  <detail>
                     <field label="Input Parameters"
                            name="input"
                            nullable="true"
                            required="false"
                            type="reference"/>
                     <field label="InOut Parameters"
                            name="inout"
                            nullable="true"
                            required="false"
                            type="reference"/>
                     <field label="TaskProperties Parameters"
                            name="taskProperties"
                            nullable="true"
                            required="false"
                            type="reference"/>
                     <field label="Output Parameters"
                            name="output"
                            nullable="true"
                            required="false"
                            type="reference"/>
                     <field label="Fault"
                            name="fault"
                            nullable="true"
                            required="false"
                            type="reference"/>
                  </detail>
               </processObject>
            </dependencies>
         </taskflow>
      </types1:Entry>
      <types1:GUID>fpRJV2IuR2dbiOyUVQjDUR</types1:GUID>
      <types1:DisplayName>tf_LoadDM_60_Shared_DimAdvisors</types1:DisplayName>
   </types1:Item>
   <types1:CurrentServerDateTime>2023-01-19T13:41:43.716Z</types1:CurrentServerDateTime>
</aetgt:getResponse>
