<aetgt:getResponse xmlns:aetgt="http://schemas.active-endpoints.com/appmodules/repository/2010/10/avrepository.xsd"
                   xmlns:types1="http://schemas.active-endpoints.com/appmodules/repository/2010/10/avrepository.xsd">
   <types1:Item>
      <types1:EntryId>cmkbclopz4KhPVE-gt-31389299-2021-07-28T19:27:17.045Z::tf.xml</types1:EntryId>
      <types1:Name>tf_INITIAL_LOADING_LoadRDV_20-30_STG_IAS_to_RDV_Synchronization</types1:Name>
      <types1:MimeType>application/xml+taskflow</types1:MimeType>
      <types1:Description/>
      <types1:AppliesTo/>
      <types1:Tags/>
      <types1:VersionLabel>1.0</types1:VersionLabel>
      <types1:State>CURRENT</types1:State>
      <types1:ProcessGroup/>
      <types1:CreatedBy>vinita.singh.adm@ia.ca.SAML</types1:CreatedBy>
      <types1:CreationDate>2021-07-28T19:27:17Z</types1:CreationDate>
      <types1:ModifiedBy>jihed.laamiri.adm@ia.ca.SAML</types1:ModifiedBy>
      <types1:ModificationDate>2022-02-15T16:41:33Z</types1:ModificationDate>
      <types1:PublicationStatus>out-of-date</types1:PublicationStatus>
      <types1:PublishedBy>jihed.laamiri.adm@ia.ca.SAML</types1:PublishedBy>
      <types1:PublicationDate>2021-07-28T21:37:34Z</types1:PublicationDate>
      <types1:PublishedContributionId>project:/tf.tf_INITIAL_LOADING_LoadRDV_20-30_STG_IAS_to_RDV_Synchronization/tf_INITIAL_LOADING_LoadRDV_20-30_STG_IAS_to_RDV_Synchronization.tf.xml</types1:PublishedContributionId>
      <types1:AutosaveExists>false</types1:AutosaveExists>
      <types1:Entry>
         <taskflow xmlns="http://schemas.active-endpoints.com/appmodules/screenflow/2010/10/avosScreenflow.xsd"
                   xmlns:list="urn:activevos:spi:list:functions"
                   displayName="tf_INITIAL_LOADING_LoadRDV_20-30_STG_IAS_to_RDV_Synchronization"
                   name="tf_INITIAL_LOADING_LoadRDV_20-30_STG_IAS_to_RDV_Synchronization"
                   overrideAPIName="false">
            <appliesTo/>
            <description/>
            <tags/>
            <generator>Informatica Process Designer 11</generator>
            <tempFields>
               <field description="" name="audit_startJob_NextDate" type="reference">
                  <options>
                     <option name="failOnNotRun">false</option>
                     <option name="failOnFault">false</option>
                     <option name="referenceTo">$po:mt-audit-startJob-NextDate</option>
                  </options>
               </field>
               <field description="" name="audit_endJob" type="reference">
                  <options>
                     <option name="referenceTo">$po:mt-Audit-EndJob</option>
                     <option name="failOnNotRun">false</option>
                     <option name="failOnFault">false</option>
                  </options>
               </field>
               <field description="" name="temp_JobName" type="string">
                  <options>
                     <option name="required">false</option>
                  </options>
               </field>
               <field description="" name="temp_tf_Audit_ID" type="string">
                  <options>
                     <option name="required">false</option>
                  </options>
               </field>
               <field description="" name="temp_dataStartDate" type="date">
                  <options>
                     <option name="required">false</option>
                  </options>
               </field>
            </tempFields>
            <notes/>
            <deployment suspendOnFault="true" tracingLevel="verbose">
               <rest/>
               <emailProperties emailOnSuspend="true">
                  <emailTo>jihed.laamiri@ia.ca</emailTo>
                  <emailCc>iheb.benghali@ia.ca</emailCc>
                  <emailSubject>Synchronization taskflow is suspended</emailSubject>
                  <emailContentType>html</emailContentType>
                  <emailBody>&lt;p&gt;Please check the error !&lt;/p&gt;</emailBody>
               </emailProperties>
            </deployment>
            <flow id="a">
               <start id="b">
                  <link id="km29pd2e" targetId="km29pd2d"/>
               </start>
               <assignment id="km29pd2d">
                  <title>asgn_StartJob_Parameters</title>
                  <operation source="formula" to="temp.temp_JobName">
                     <expression language="XQuery">fn:concat("'",util:getAssetName(),"'")</expression>
                  </operation>
                  <operation source="formula" to="temp.temp_tf_Audit_ID">
                     <expression language="XQuery">fn:concat("'",util:getAssetName(),"-", util:getProcessId(),"'")</expression>
                  </operation>
                  <operation source="constant"
                             to="temp.audit_startJob_NextDate[1]/inout[1]/io_Result">ERROR</operation>
                  <operation source="constant"
                             to="temp.audit_startJob_NextDate[1]/inout[1]/io_DataStartDate">01/01/2000 00:00:00.000000000</operation>
                  <link id="km29pd2f" targetId="km29pbb5"/>
               </assignment>
               <assignment id="kma0b1z2">
                  <title>asgn_DataStartDate</title>
                  <operation source="formula" to="temp.temp_dataStartDate">
                     <expression language="XQuery">fn:concat("'",date:toChar(date:toDate($temp.audit_startJob_NextDate[1]/inout[1]/io_DataStartDate  , 'MM/DD/YYYY 00:00:00.000000000'),'YYYY-MM-DD'),"'")</expression>
                  </operation>
                  <link id="kma0b1z4" targetId="km29pcjn"/>
               </assignment>
               <eventContainer id="km29pbb5">
                  <service id="km29pauo">
                     <title>audit_startJob_NextDate</title>
                     <serviceName>ICSExecuteDataTask</serviceName>
                     <serviceGUID/>
                     <serviceInput>
                        <parameter name="Wait for Task to Complete" source="constant" updatable="true">true</parameter>
                        <parameter name="Max Wait" source="constant" updatable="true">604800</parameter>
                        <parameter name="Task Name" source="constant" updatable="true">mt_audit_startJob_NextDate</parameter>
                        <parameter name="GUID" source="constant" updatable="true">exg67l29ampe0nWCqW4yyZ</parameter>
                        <parameter name="Task Type" source="constant" updatable="true">MCT</parameter>
                        <parameter name="Has Inout Parameters" source="constant" updatable="true">true</parameter>
                        <parameter name="taskField" source="nested">
                           <operation source="field" to="mt-audit-startJob-NextDate">temp.audit_startJob_NextDate</operation>
                           <operation source="field" to="mt-audit-startJob-NextDate/inout[1]/io_auditID">temp.temp_tf_Audit_ID</operation>
                           <operation source="field" to="mt-audit-startJob-NextDate/inout[1]/io_jobName">temp.temp_JobName</operation>
                        </parameter>
                     </serviceInput>
                     <serviceOutput>
                        <operation source="field" to="temp.audit_startJob_NextDate/output/Object_Name">Object Name</operation>
                        <operation source="field" to="temp.audit_startJob_NextDate/output/Run_Id">Run Id</operation>
                        <operation source="field" to="temp.audit_startJob_NextDate/output/Log_Id">Log Id</operation>
                        <operation source="field" to="temp.audit_startJob_NextDate/output/Task_Id">Task Id</operation>
                        <operation source="field" to="temp.audit_startJob_NextDate/output/Task_Status">Task Status</operation>
                        <operation source="field"
                                   to="temp.audit_startJob_NextDate/output/Success_Source_Rows">Success Source Rows</operation>
                        <operation source="field"
                                   to="temp.audit_startJob_NextDate/output/Failed_Source_Rows">Failed Source Rows</operation>
                        <operation source="field"
                                   to="temp.audit_startJob_NextDate/output/Success_Target_Rows">Success Target Rows</operation>
                        <operation source="field"
                                   to="temp.audit_startJob_NextDate/output/Failed_Target_Rows">Failed Target Rows</operation>
                        <operation source="field" to="temp.audit_startJob_NextDate/output/Start_Time">Start Time</operation>
                        <operation source="field" to="temp.audit_startJob_NextDate/output/End_Time">End Time</operation>
                        <operation source="field" to="temp.audit_startJob_NextDate/output/Error_Message">Error Message</operation>
                        <operation source="field" to="temp.audit_startJob_NextDate/inout/io_jobName">io_jobName</operation>
                        <operation source="field" to="temp.audit_startJob_NextDate/inout/io_auditID">io_auditID</operation>
                        <operation source="field" to="temp.audit_startJob_NextDate/inout/io_Result">io_Result</operation>
                        <operation source="field" to="temp.audit_startJob_NextDate/inout/io_DataStartDate">io_DataStartDate</operation>
                     </serviceOutput>
                  </service>
                  <link id="kma0b1z3" targetId="kma0b1z2"/>
                  <events>
                     <catch faultField="temp.audit_startJob_NextDate/fault"
                            id="km29pbb3"
                            interrupting="true"
                            name="error">
                        <suspend/>
                     </catch>
                     <catch faultField="temp.audit_startJob_NextDate/fault"
                            id="km29pbb4"
                            interrupting="true"
                            name="warning"/>
                  </events>
               </eventContainer>
               <container id="km29pcjn" type="exclusive">
                  <title>dcn_StartJob_Result</title>
                  <flow id="km29pcjr">
                     <container id="km29pckh" type="parallel">
                        <title>Parallel RDV Loading</title>
                        <flow id="km29pcki">
                           <subflow id="km29pckj">
                              <title>tf_INITIAL_LOADING_LoadRDV_20-30_IAS_STEWARDSHIP_to_RDV_REF_PRODUCT_ASSET_CATEGORY</title>
                              <subflowGUID>4kghF3A3GWxeSh0GF6JbIv</subflowGUID>
                              <subflowPath>tf_INITIAL_LOADING_LoadRDV_20-30_IAS_STEWARDSHIP_to_RDV_REF_PRODUCT_ASSET_CATEGORY</subflowPath>
                              <runForEach>false</runForEach>
                              <input/>
                              <outputDef/>
                           </subflow>
                           <link id="km29pcl0" targetId="km29pckh" type="containerLink"/>
                        </flow>
                        <flow id="km29pckk">
                           <subflow id="km29pckl">
                              <title>tf_INITIAL_LOADING_LoadRDV_20-30_STEWARDSHIP_to_RDV_REF_MAPPING_OPER_TYPE</title>
                              <subflowGUID>9cAzir76hvJbUgwS8ieQcC</subflowGUID>
                              <subflowPath>tf_INITIAL_LOADING_LoadRDV_20-30_STEWARDSHIP_to_RDV_REF_MAPPING_OPER_TYPE</subflowPath>
                              <runForEach>false</runForEach>
                              <input/>
                              <outputDef/>
                           </subflow>
                           <link id="km29pcl1" targetId="km29pckh" type="containerLink"/>
                        </flow>
                        <flow id="km29pckm">
                           <subflow id="km29pckn">
                              <title>tf_INITIAL_LOADING_LoadRDV_20-30_IAS_STEWARDSHIP_to_RDV_REF_MANUAL_ADVISOR_RVP</title>
                              <subflowGUID>lcUF5gXypGtjXBXQh8K6ac</subflowGUID>
                              <subflowPath>tf_INITIAL_LOADING_LoadRDV_20-30_IAS_STEWARDSHIP_to_RDV_REF_MANUAL_ADVISOR_RVP</subflowPath>
                              <runForEach>false</runForEach>
                              <input/>
                              <outputDef/>
                           </subflow>
                           <link id="km29pcl2" targetId="km29pckh" type="containerLink"/>
                        </flow>
                        <flow id="km29pckq">
                           <subflow id="km29pckr">
                              <title>tf_INITIAL_LOADING_LoadRDV_20-30_IAS_STEWARDSHIP_to_RDV_REF_RAPCODE_PLAN</title>
                              <subflowGUID>4Zj14UaJSCibkhzLijn767</subflowGUID>
                              <subflowPath>tf_INITIAL_LOADING_LoadRDV_20-30_IAS_STEWARDSHIP_to_RDV_REF_RAPCODE_PLAN</subflowPath>
                              <runForEach>false</runForEach>
                              <input/>
                              <outputDef/>
                           </subflow>
                           <link id="km29pcl4" targetId="km29pckh" type="containerLink"/>
                        </flow>
                        <flow id="km29pcks">
                           <subflow id="km29pckt">
                              <title>tf_INITIAL_LOADING_LoadRDV_20-30_IAS_STEWARDSHIP_to_RDV_REF_MONTHLY_MILESTONES</title>
                              <subflowGUID>5sljjmCwsHYkqYRTrBtg0F</subflowGUID>
                              <subflowPath>tf_INITIAL_LOADING_LoadRDV_20-30_IAS_STEWARDSHIP_to_RDV_REF_MONTHLY_MILESTONES</subflowPath>
                              <runForEach>false</runForEach>
                              <input/>
                              <outputDef/>
                           </subflow>
                           <link id="km29pcl5" targetId="km29pckh" type="containerLink"/>
                        </flow>
                        <flow id="kmz0h9lm">
                           <subflow id="kmz0h9m4">
                              <title>tf_INITIAL_LOADING_LoadRDV_20-30_IAS_IAVM_to_RDV_REF_MAPPING_PRODUCT_TYPE</title>
                              <subflowGUID>4O5HJAspfIpdddiY4siYG0</subflowGUID>
                              <subflowPath>tf_INITIAL_LOADING_LoadRDV_20-30_IAS_IAVM_to_RDV_REF_MAPPING_PRODUCT_TYPE</subflowPath>
                              <runForEach>false</runForEach>
                              <input/>
                              <outputDef/>
                           </subflow>
                           <link id="kmz0h9ln" targetId="km29pckh" type="containerLink"/>
                        </flow>
                        <flow id="kmz0q507">
                           <subflow id="kmz0q50j">
                              <title>tf_INITIAL_LOADING_LoadRDV_20-30_IAS_IAVM_to_RDV_TRANSLINK_POSITION_PRICE</title>
                              <subflowGUID>5molzaEZLOwblmPsj3Hxuy</subflowGUID>
                              <subflowPath>tf_INITIAL_LOADING_LoadRDV_20-30_IAS_IAVM_to_RDV_TRANSLINK_POSITION_PRICE</subflowPath>
                              <runForEach>false</runForEach>
                              <input/>
                              <outputDef/>
                           </subflow>
                           <link id="kmz0q508" targetId="km29pckh" type="containerLink"/>
                        </flow>
                        <flow id="kmz0u7ay">
                           <subflow id="kmz0u7bc">
                              <title>tf_INITIAL_LOADING_LoadRDV_20-30_IAS_NBIN_to_RDV_TRANSACTIONS</title>
                              <subflowGUID>1MFigqCUTwxcVT1DBla3Gk</subflowGUID>
                              <subflowPath>tf_INITIAL_LOADING_LoadRDV_20-30_IAS_NBIN_to_RDV_TRANSACTIONS</subflowPath>
                              <runForEach>false</runForEach>
                              <input/>
                              <outputDef/>
                           </subflow>
                           <link id="kmz0u7az" targetId="km29pckh" type="containerLink"/>
                        </flow>
                        <flow id="kmz0wuwv">
                           <subflow id="kmz0wuxa">
                              <title>tf_INITIAL_LOADING_LoadRDV_20-30_IAS_COMISSION_to_RDV_REVENUES</title>
                              <subflowGUID>68PNfzwXVWVdFAd1tRNsO4</subflowGUID>
                              <subflowPath>tf_INITIAL_LOADING_LoadRDV_20-30_IAS_COMISSION_to_RDV_REVENUES</subflowPath>
                              <runForEach>false</runForEach>
                              <input/>
                              <outputDef/>
                           </subflow>
                           <link id="kmz0wuww" targetId="km29pckh" type="containerLink"/>
                        </flow>
                        <flow id="kmz0yzna">
                           <subflow id="kmz0yznq">
                              <title>tf_INITIAL_LOADING_LoadRDV_20-30_IAS_COMMISSION_to_RDV_LINK_SHAREHIST</title>
                              <subflowGUID>4g501LwB4JYcJl12z1A7Mz</subflowGUID>
                              <subflowPath>tf_INITIAL_LOADING_LoadRDV_20-30_IAS_COMMISSION_to_RDV_LINK_SHAREHIST</subflowPath>
                              <runForEach>false</runForEach>
                              <input/>
                              <outputDef/>
                           </subflow>
                           <link id="kmz0yznb" targetId="km29pckh" type="containerLink"/>
                        </flow>
                        <link id="km29pcku" targetId="km29pcki" type="containerLink"/>
                        <link id="km29pckv" targetId="km29pckk" type="containerLink"/>
                        <link id="km29pckw" targetId="km29pckm" type="containerLink"/>
                        <link id="km29pcky" targetId="km29pckq" type="containerLink"/>
                        <link id="km29pckz" targetId="km29pcks" type="containerLink"/>
                        <link id="kmz0h9ll" targetId="kmz0h9lm" type="containerLink"/>
                        <link id="kmz0q506" targetId="kmz0q507" type="containerLink"/>
                        <link id="kmz0u7ax" targetId="kmz0u7ay" type="containerLink"/>
                        <link id="kmz0wuwu" targetId="kmz0wuwv" type="containerLink"/>
                        <link id="kqwojyuv" targetId="kqwojyuu"/>
                        <link id="kmz0yzn9" targetId="kmz0yzna" type="containerLink"/>
                     </container>
                     <subflow id="kqwojyuu">
                        <title>tf_INITIAL_LOADING_LoadBDV_40_Share_Share</title>
                        <subflowGUID>4QsrbtvDSeJkw6fMaRO127</subflowGUID>
                        <subflowPath>tf_INITIAL_LOADING_LoadBDV_40_Share_Share</subflowPath>
                        <runForEach>false</runForEach>
                        <input/>
                        <outputDef/>
                        <link id="kqwojyuw" targetId="km29pd71"/>
                     </subflow>
                     <eventContainer id="km29pd71">
                        <service id="km29pcs2">
                           <title>audit_endJob</title>
                           <serviceName>ICSExecuteDataTask</serviceName>
                           <serviceGUID/>
                           <serviceInput>
                              <parameter name="Wait for Task to Complete" source="constant" updatable="true">true</parameter>
                              <parameter name="Max Wait" source="constant" updatable="true">604800</parameter>
                              <parameter name="Task Name" source="constant" updatable="true">mt_Audit_EndJob</parameter>
                              <parameter name="GUID" source="constant" updatable="true">7E8qCRcun4ydeUsStYTOYE</parameter>
                              <parameter name="Task Type" source="constant" updatable="true">MCT</parameter>
                              <parameter name="Has Inout Parameters" source="constant" updatable="true">true</parameter>
                              <parameter name="taskField" source="nested">
                                 <operation source="field" to="mt-Audit-EndJob">temp.audit_endJob</operation>
                                 <operation source="field" to="mt-Audit-EndJob/inout[1]/io_jobAuditID">temp.temp_tf_Audit_ID</operation>
                                 <operation source="constant" to="mt-Audit-EndJob/inout[1]/io_jobEndDesc">Successful execution</operation>
                                 <operation source="constant" to="mt-Audit-EndJob/inout[1]/io_jobEndStatus">SUCCESS</operation>
                                 <operation source="field" to="mt-Audit-EndJob/inout[1]/io_jobName">temp.temp_JobName</operation>
                                 <operation source="field" to="mt-Audit-EndJob/inout[1]/io_jobStartDate">temp.temp_dataStartDate</operation>
                              </parameter>
                           </serviceInput>
                           <serviceOutput>
                              <operation source="field" to="temp.audit_endJob/output/Object_Name">Object Name</operation>
                              <operation source="field" to="temp.audit_endJob/output/Run_Id">Run Id</operation>
                              <operation source="field" to="temp.audit_endJob/output/Log_Id">Log Id</operation>
                              <operation source="field" to="temp.audit_endJob/output/Task_Id">Task Id</operation>
                              <operation source="field" to="temp.audit_endJob/output/Task_Status">Task Status</operation>
                              <operation source="field" to="temp.audit_endJob/output/Success_Source_Rows">Success Source Rows</operation>
                              <operation source="field" to="temp.audit_endJob/output/Failed_Source_Rows">Failed Source Rows</operation>
                              <operation source="field" to="temp.audit_endJob/output/Success_Target_Rows">Success Target Rows</operation>
                              <operation source="field" to="temp.audit_endJob/output/Failed_Target_Rows">Failed Target Rows</operation>
                              <operation source="field" to="temp.audit_endJob/output/Start_Time">Start Time</operation>
                              <operation source="field" to="temp.audit_endJob/output/End_Time">End Time</operation>
                              <operation source="field" to="temp.audit_endJob/output/Error_Message">Error Message</operation>
                              <operation source="field" to="temp.audit_endJob/inout/io_Result">io_Result</operation>
                              <operation source="field" to="temp.audit_endJob/inout/io_jobName">io_jobName</operation>
                              <operation source="field" to="temp.audit_endJob/inout/io_jobAuditID">io_jobAuditID</operation>
                              <operation source="field" to="temp.audit_endJob/inout/io_jobStartDate">io_jobStartDate</operation>
                              <operation source="field" to="temp.audit_endJob/inout/io_jobEndStatus">io_jobEndStatus</operation>
                              <operation source="field" to="temp.audit_endJob/inout/io_jobEndDesc">io_jobEndDesc</operation>
                           </serviceOutput>
                        </service>
                        <events>
                           <catch faultField="temp.audit_endJob/fault"
                                  id="km29pc12"
                                  interrupting="true"
                                  name="error">
                              <suspend/>
                           </catch>
                           <catch faultField="temp.audit_endJob/fault"
                                  id="km29pc13"
                                  interrupting="true"
                                  name="warning"/>
                        </events>
                     </eventContainer>
                     <link id="km29pcjs" targetId="km29pcjn" type="containerLink"/>
                  </flow>
                  <flow id="km29pcju">
                     <throw id="km29pct9">
                        <title>Error</title>
                        <throwInput>
                           <parameter name="code" source="field" updatable="true">temp.audit_startJob_NextDate[1]/inout[1]/io_Result</parameter>
                           <parameter name="detail" source="constant" updatable="true"/>
                           <parameter name="reason" source="constant" updatable="true"/>
                        </throwInput>
                     </throw>
                  </flow>
                  <link id="km29pcjq" targetId="km29pcjr" type="containerLink">
                     <condition source="formula">
                        <function name="contains">
                           <arg name="left">{$temp.audit_startJob_NextDate[1]/inout[1]/io_Result}</arg>
                           <arg name="right">SUCCESS</arg>
                        </function>
                     </condition>
                  </link>
                  <link id="km29pcjt" targetId="km29pcju" type="containerLink"/>
                  <link id="km29pcs1" targetId="c"/>
               </container>
               <end id="c"/>
            </flow>
            <dependencies>
               <processObject xmlns="http://schemas.active-endpoints.com/appmodules/screenflow/2011/06/avosHostEnvironment.xsd"
                              displayName="mt-audit-startJob-NextDate"
                              isByCopy="true"
                              name="mt-audit-startJob-NextDate">
                  <description/>
                  <tags/>
                  <detail>
                     <field label="Input Parameters" name="input" type="reference"/>
                     <field label="InOut Parameters" name="inout" type="reference"/>
                     <field label="TaskProperties Parameters"
                            name="taskProperties"
                            type="reference"/>
                     <field label="Output Parameters" name="output" type="reference"/>
                     <field label="Fault" name="fault" type="reference"/>
                  </detail>
               </processObject>
               <processObject xmlns="http://schemas.active-endpoints.com/appmodules/screenflow/2011/06/avosHostEnvironment.xsd"
                              displayName="mt-Audit-EndJob"
                              isByCopy="true"
                              name="mt-Audit-EndJob">
                  <description/>
                  <tags/>
                  <detail>
                     <field label="Input Parameters" name="input" type="reference"/>
                     <field label="InOut Parameters" name="inout" type="reference"/>
                     <field label="TaskProperties Parameters"
                            name="taskProperties"
                            type="reference"/>
                     <field label="Output Parameters" name="output" type="reference"/>
                     <field label="Fault" name="fault" type="reference"/>
                  </detail>
               </processObject>
            </dependencies>
         </taskflow>
      </types1:Entry>
      <types1:GUID>0BWwfM5gbvHjtEuuGvzXaM</types1:GUID>
      <types1:DisplayName>tf_INITIAL_LOADING_LoadRDV_20-30_STG_IAS_to_RDV_Synchronization</types1:DisplayName>
   </types1:Item>
   <types1:CurrentServerDateTime>2023-03-08T18:58:57.122Z</types1:CurrentServerDateTime>
</aetgt:getResponse>
