<aetgt:getResponse xmlns:aetgt="http://schemas.active-endpoints.com/appmodules/repository/2010/10/avrepository.xsd"
                   xmlns:types1="http://schemas.active-endpoints.com/appmodules/repository/2010/10/avrepository.xsd">
   <types1:Item>
      <types1:EntryId>HM22z2YNmumf6S3-gt-31347266-2021-07-28T19:27:14.544Z::tf.xml</types1:EntryId>
      <types1:Name>tf_INITIAL_LOADING_LoadDM_40-60_RDV_IAS_to_DM_Synchronization</types1:Name>
      <types1:MimeType>application/xml+taskflow</types1:MimeType>
      <types1:Description/>
      <types1:AppliesTo/>
      <types1:Tags/>
      <types1:VersionLabel>1.0</types1:VersionLabel>
      <types1:State>CURRENT</types1:State>
      <types1:ProcessGroup/>
      <types1:CreatedBy>vinita.singh.adm@ia.ca.SAML</types1:CreatedBy>
      <types1:CreationDate>2021-07-28T19:27:15Z</types1:CreationDate>
      <types1:ModifiedBy>jihed.laamiri.adm@ia.ca.SAML</types1:ModifiedBy>
      <types1:ModificationDate>2022-02-15T16:41:31Z</types1:ModificationDate>
      <types1:PublicationStatus>out-of-date</types1:PublicationStatus>
      <types1:PublishedBy>jihed.laamiri.adm@ia.ca.SAML</types1:PublishedBy>
      <types1:PublicationDate>2021-07-29T14:29:11Z</types1:PublicationDate>
      <types1:PublishedContributionId>project:/tf.tf_INITIAL_LOADING_LoadDM_40-60_RDV_IAS_to_DM_Synchronization/tf_INITIAL_LOADING_LoadDM_40-60_RDV_IAS_to_DM_Synchronization.tf.xml</types1:PublishedContributionId>
      <types1:AutosaveExists>false</types1:AutosaveExists>
      <types1:Entry>
         <taskflow xmlns="http://schemas.active-endpoints.com/appmodules/screenflow/2010/10/avosScreenflow.xsd"
                   xmlns:list="urn:activevos:spi:list:functions"
                   displayName="tf_INITIAL_LOADING_LoadDM_40-60_RDV_IAS_to_DM_Synchronization"
                   name="tf_INITIAL_LOADING_LoadDM_40-60_RDV_IAS_to_DM_Synchronization"
                   overrideAPIName="false">
            <appliesTo/>
            <description/>
            <tags/>
            <generator>Informatica Process Designer 11</generator>
            <tempFields>
               <field description="" name="audit_startJob_NextDate" type="reference">
                  <options>
                     <option name="failOnNotRun">false</option>
                     <option name="failOnFault">false</option>
                     <option name="referenceTo">$po:mt-audit-startJob-NextDate-DM</option>
                  </options>
               </field>
               <field description="" name="audit_endJob" type="reference">
                  <options>
                     <option name="referenceTo">$po:mt-Audit-EndJob-DM</option>
                     <option name="failOnNotRun">false</option>
                     <option name="failOnFault">false</option>
                  </options>
               </field>
               <field description="" name="temp_JobName" type="string">
                  <options>
                     <option name="required">false</option>
                  </options>
               </field>
               <field description="" name="temp_tf_Audit_ID" type="string">
                  <options>
                     <option name="required">false</option>
                  </options>
               </field>
               <field description="" name="temp_dataStartDate" type="date">
                  <options>
                     <option name="required">false</option>
                  </options>
               </field>
            </tempFields>
            <notes/>
            <deployment suspendOnFault="true" tracingLevel="verbose">
               <rest/>
               <emailProperties emailOnSuspend="true">
                  <emailTo>jihed.laamiri@ia.ca</emailTo>
                  <emailCc>iheb.benghali@ia.ca</emailCc>
                  <emailSubject>Synchronization taskflow is suspended</emailSubject>
                  <emailContentType>html</emailContentType>
                  <emailBody>&lt;p&gt;Please check the error !&lt;/p&gt;</emailBody>
               </emailProperties>
            </deployment>
            <flow id="a">
               <start id="b">
                  <link id="km29pd2e" targetId="km29pd2d"/>
               </start>
               <assignment id="km29pd2d">
                  <title>asgn_StartJob_Parameters</title>
                  <operation source="formula" to="temp.temp_JobName">
                     <expression language="XQuery">fn:concat("'",util:getAssetName(),"'")</expression>
                  </operation>
                  <operation source="formula" to="temp.temp_tf_Audit_ID">
                     <expression language="XQuery">fn:concat("'",util:getAssetName(),"-", util:getProcessId(),"'")</expression>
                  </operation>
                  <operation source="constant"
                             to="temp.audit_startJob_NextDate[1]/inout[1]/io_DataStartDate">01/01/2000 00:00:00.000000000</operation>
                  <operation source="constant"
                             to="temp.audit_startJob_NextDate[1]/inout[1]/io_Result">ERROR</operation>
                  <link id="km29pd2f" targetId="km29pbb5"/>
               </assignment>
               <assignment id="kma0b1z2">
                  <title>asgn_DataStartDate</title>
                  <operation source="formula" to="temp.temp_dataStartDate">
                     <expression language="XQuery">fn:concat("'",date:toChar(date:toDate($temp.audit_startJob_NextDate[1]/inout[1]/io_DataStartDate  , 'MM/DD/YYYY 00:00:00.000000000'),'YYYY-MM-DD'),"'")</expression>
                  </operation>
                  <link id="kma0b1z4" targetId="km29pcjn"/>
               </assignment>
               <eventContainer id="km29pbb5">
                  <service id="km29pauo">
                     <title>audit_startJob_NextDate</title>
                     <serviceName>ICSExecuteDataTask</serviceName>
                     <serviceGUID/>
                     <serviceInput>
                        <parameter name="Wait for Task to Complete" source="constant" updatable="true">true</parameter>
                        <parameter name="Max Wait" source="constant" updatable="true">604800</parameter>
                        <parameter name="Task Name" source="constant" updatable="true">mt_audit_startJob_NextDate_DM</parameter>
                        <parameter name="GUID" source="constant" updatable="true">3SS2dXedQgtcNqK8qtggwz</parameter>
                        <parameter name="Task Type" source="constant" updatable="true">MCT</parameter>
                        <parameter name="Has Inout Parameters" source="constant" updatable="true">true</parameter>
                        <parameter name="taskField" source="nested">
                           <operation source="field" to="mt-audit-startJob-NextDate-DM">temp.audit_startJob_NextDate</operation>
                           <operation source="field" to="mt-audit-startJob-NextDate-DM/inout[1]/io_auditID">temp.temp_tf_Audit_ID</operation>
                           <operation source="field" to="mt-audit-startJob-NextDate-DM/inout[1]/io_jobName">temp.temp_JobName</operation>
                        </parameter>
                     </serviceInput>
                     <serviceOutput>
                        <operation source="field" to="temp.audit_startJob_NextDate/output/Object_Name">Object Name</operation>
                        <operation source="field" to="temp.audit_startJob_NextDate/output/Run_Id">Run Id</operation>
                        <operation source="field" to="temp.audit_startJob_NextDate/output/Log_Id">Log Id</operation>
                        <operation source="field" to="temp.audit_startJob_NextDate/output/Task_Id">Task Id</operation>
                        <operation source="field" to="temp.audit_startJob_NextDate/output/Task_Status">Task Status</operation>
                        <operation source="field"
                                   to="temp.audit_startJob_NextDate/output/Success_Source_Rows">Success Source Rows</operation>
                        <operation source="field"
                                   to="temp.audit_startJob_NextDate/output/Failed_Source_Rows">Failed Source Rows</operation>
                        <operation source="field"
                                   to="temp.audit_startJob_NextDate/output/Success_Target_Rows">Success Target Rows</operation>
                        <operation source="field"
                                   to="temp.audit_startJob_NextDate/output/Failed_Target_Rows">Failed Target Rows</operation>
                        <operation source="field" to="temp.audit_startJob_NextDate/output/Start_Time">Start Time</operation>
                        <operation source="field" to="temp.audit_startJob_NextDate/output/End_Time">End Time</operation>
                        <operation source="field" to="temp.audit_startJob_NextDate/output/Error_Message">Error Message</operation>
                        <operation source="field" to="temp.audit_startJob_NextDate/inout/io_jobName">io_jobName</operation>
                        <operation source="field" to="temp.audit_startJob_NextDate/inout/io_auditID">io_auditID</operation>
                        <operation source="field" to="temp.audit_startJob_NextDate/inout/io_Result">io_Result</operation>
                        <operation source="field" to="temp.audit_startJob_NextDate/inout/io_DataStartDate">io_DataStartDate</operation>
                     </serviceOutput>
                  </service>
                  <link id="kma0b1z3" targetId="kma0b1z2"/>
                  <events>
                     <catch faultField="temp.audit_startJob_NextDate/fault"
                            id="km29pbb3"
                            interrupting="true"
                            name="error">
                        <suspend/>
                     </catch>
                     <catch faultField="temp.audit_startJob_NextDate/fault"
                            id="km29pbb4"
                            interrupting="true"
                            name="warning"/>
                  </events>
               </eventContainer>
               <container id="km29pcjn" type="exclusive">
                  <title>dcn_StartJob_Result</title>
                  <flow id="km29pcjr">
                     <container id="kmodvb0o" type="parallel">
                        <title>Parallel 43 BDV Loading</title>
                        <flow id="kmodvb0s">
                           <subflow id="kmodvb1i">
                              <title>tf_INITIAL_LOADING_LoadBDV_43_Revenues_Revenues</title>
                              <subflowGUID>4drb0auFBvid75sc3SVMmT</subflowGUID>
                              <subflowPath>tf_INITIAL_LOADING_LoadBDV_43_Revenues_Revenues</subflowPath>
                              <runForEach>false</runForEach>
                              <input/>
                              <outputDef/>
                           </subflow>
                           <link id="kmodvb0t" targetId="kmodvb0o" type="containerLink"/>
                        </flow>
                        <flow id="kmodvb0v">
                           <subflow id="kmodvb2y">
                              <title>tf_INITIAL_LOADING_LoadBDV_43_Transactions_Transactions</title>
                              <subflowGUID>cSgghYiZ5Aecoy8qeM8oCe</subflowGUID>
                              <subflowPath>tf_INITIAL_LOADING_LoadBDV_43_Transactions_Transactions</subflowPath>
                              <runForEach>false</runForEach>
                              <input/>
                              <outputDef/>
                           </subflow>
                           <link id="kmodvb0w" targetId="kmodvb0o" type="containerLink"/>
                        </flow>
                        <link id="kmodvb0r" targetId="kmodvb0s" type="containerLink"/>
                        <link id="kmodvb0u" targetId="kmodvb0v" type="containerLink"/>
                        <link id="kmz1xnyy" targetId="km29pcql"/>
                     </container>
                     <container id="km29pcql" type="parallel">
                        <title>Parallel 60 FACT Loading</title>
                        <flow id="km29pcqm">
                           <subflow id="km29pcqn">
                              <title>tf_INITIAL_LOADING_LoadDM_60_Revenues_FactRevenues</title>
                              <subflowGUID>3OHyEjQbtrXi2ErmtaI1Mz</subflowGUID>
                              <subflowPath>tf_INITIAL_LOADING_LoadDM_60_Revenues_FactRevenues</subflowPath>
                              <runForEach>false</runForEach>
                              <input/>
                              <outputDef/>
                           </subflow>
                           <link id="km29pcqv" targetId="km29pcql" type="containerLink"/>
                        </flow>
                        <flow id="km29pcqo">
                           <subflow id="kmz1xo4s">
                              <title>tf_INITIAL_LOADING_LoadDM_60_Transactions_FactTransactions</title>
                              <subflowGUID>0zvrHWStJHSi5mmt6ThBCs</subflowGUID>
                              <subflowPath>tf_INITIAL_LOADING_LoadDM_60_Transactions_FactTransactions</subflowPath>
                              <runForEach>false</runForEach>
                              <input/>
                              <outputDef/>
                           </subflow>
                           <link id="km29pcqw" targetId="km29pcql" type="containerLink"/>
                        </flow>
                        <link id="km29pcqs" targetId="km29pcqm" type="containerLink"/>
                        <link id="km29pcqt" targetId="km29pcqo" type="containerLink"/>
                        <link id="km29pcs3" targetId="km29pd71"/>
                     </container>
                     <eventContainer id="km29pd71">
                        <service id="km29pcs2">
                           <title>audit_endJob</title>
                           <serviceName>ICSExecuteDataTask</serviceName>
                           <serviceGUID/>
                           <serviceInput>
                              <parameter name="Wait for Task to Complete" source="constant" updatable="true">true</parameter>
                              <parameter name="Max Wait" source="constant" updatable="true">604800</parameter>
                              <parameter name="Task Name" source="constant" updatable="true">mt_Audit_EndJob_DM</parameter>
                              <parameter name="GUID" source="constant" updatable="true">hzpDIi9zxuFkB5pv2o8K0p</parameter>
                              <parameter name="Task Type" source="constant" updatable="true">MCT</parameter>
                              <parameter name="Has Inout Parameters" source="constant" updatable="true">true</parameter>
                              <parameter name="taskField" source="nested">
                                 <operation source="field" to="mt-Audit-EndJob-DM">temp.audit_endJob</operation>
                                 <operation source="field" to="mt-Audit-EndJob-DM/inout[1]/io_jobAuditID">temp.temp_tf_Audit_ID</operation>
                                 <operation source="constant" to="mt-Audit-EndJob-DM/inout[1]/io_jobEndDesc">Successful execution</operation>
                                 <operation source="constant" to="mt-Audit-EndJob-DM/inout[1]/io_jobEndStatus">SUCCESS</operation>
                                 <operation source="field" to="mt-Audit-EndJob-DM/inout[1]/io_jobName">temp.temp_JobName</operation>
                                 <operation source="field" to="mt-Audit-EndJob-DM/inout[1]/io_jobStartDate">temp.temp_dataStartDate</operation>
                              </parameter>
                           </serviceInput>
                           <serviceOutput>
                              <operation source="field" to="temp.audit_endJob/output/Object_Name">Object Name</operation>
                              <operation source="field" to="temp.audit_endJob/output/Run_Id">Run Id</operation>
                              <operation source="field" to="temp.audit_endJob/output/Log_Id">Log Id</operation>
                              <operation source="field" to="temp.audit_endJob/output/Task_Id">Task Id</operation>
                              <operation source="field" to="temp.audit_endJob/output/Task_Status">Task Status</operation>
                              <operation source="field" to="temp.audit_endJob/output/Success_Source_Rows">Success Source Rows</operation>
                              <operation source="field" to="temp.audit_endJob/output/Failed_Source_Rows">Failed Source Rows</operation>
                              <operation source="field" to="temp.audit_endJob/output/Success_Target_Rows">Success Target Rows</operation>
                              <operation source="field" to="temp.audit_endJob/output/Failed_Target_Rows">Failed Target Rows</operation>
                              <operation source="field" to="temp.audit_endJob/output/Start_Time">Start Time</operation>
                              <operation source="field" to="temp.audit_endJob/output/End_Time">End Time</operation>
                              <operation source="field" to="temp.audit_endJob/output/Error_Message">Error Message</operation>
                              <operation source="field" to="temp.audit_endJob/inout/io_Result">io_Result</operation>
                              <operation source="field" to="temp.audit_endJob/inout/io_jobName">io_jobName</operation>
                              <operation source="field" to="temp.audit_endJob/inout/io_jobAuditID">io_jobAuditID</operation>
                              <operation source="field" to="temp.audit_endJob/inout/io_jobStartDate">io_jobStartDate</operation>
                              <operation source="field" to="temp.audit_endJob/inout/io_jobEndStatus">io_jobEndStatus</operation>
                              <operation source="field" to="temp.audit_endJob/inout/io_jobEndDesc">io_jobEndDesc</operation>
                           </serviceOutput>
                        </service>
                        <events>
                           <catch faultField="temp.audit_endJob/fault"
                                  id="km29pc12"
                                  interrupting="true"
                                  name="error">
                              <suspend/>
                           </catch>
                           <catch faultField="temp.audit_endJob/fault"
                                  id="km29pc13"
                                  interrupting="true"
                                  name="warning"/>
                        </events>
                     </eventContainer>
                     <link id="km29pcjs" targetId="km29pcjn" type="containerLink"/>
                  </flow>
                  <flow id="km29pcju">
                     <throw id="km29pct9">
                        <title>Error</title>
                        <throwInput>
                           <parameter name="code" source="field" updatable="true">temp.audit_startJob_NextDate[1]/inout[1]/io_Result</parameter>
                           <parameter name="detail" source="constant" updatable="true"/>
                           <parameter name="reason" source="constant" updatable="true"/>
                        </throwInput>
                     </throw>
                  </flow>
                  <link id="km29pcjq" targetId="km29pcjr" type="containerLink">
                     <condition source="formula">
                        <function name="contains">
                           <arg name="left">{$temp.audit_startJob_NextDate[1]/inout[1]/io_Result}</arg>
                           <arg name="right">SUCCESS</arg>
                        </function>
                     </condition>
                  </link>
                  <link id="km29pcjt" targetId="km29pcju" type="containerLink"/>
                  <link id="km29pcs1" targetId="c"/>
               </container>
               <end id="c"/>
            </flow>
            <dependencies>
               <processObject xmlns="http://schemas.active-endpoints.com/appmodules/screenflow/2011/06/avosHostEnvironment.xsd"
                              displayName="mt-audit-startJob-NextDate-DM"
                              isByCopy="true"
                              name="mt-audit-startJob-NextDate-DM">
                  <description/>
                  <tags/>
                  <detail>
                     <field label="Input Parameters" name="input" type="reference"/>
                     <field label="InOut Parameters" name="inout" type="reference"/>
                     <field label="TaskProperties Parameters"
                            name="taskProperties"
                            type="reference"/>
                     <field label="Output Parameters" name="output" type="reference"/>
                     <field label="Fault" name="fault" type="reference"/>
                  </detail>
               </processObject>
               <processObject xmlns="http://schemas.active-endpoints.com/appmodules/screenflow/2011/06/avosHostEnvironment.xsd"
                              displayName="mt-Audit-EndJob-DM"
                              isByCopy="true"
                              name="mt-Audit-EndJob-DM">
                  <description/>
                  <tags/>
                  <detail>
                     <field label="Input Parameters" name="input" type="reference"/>
                     <field label="InOut Parameters" name="inout" type="reference"/>
                     <field label="TaskProperties Parameters"
                            name="taskProperties"
                            type="reference"/>
                     <field label="Output Parameters" name="output" type="reference"/>
                     <field label="Fault" name="fault" type="reference"/>
                  </detail>
               </processObject>
            </dependencies>
         </taskflow>
      </types1:Entry>
      <types1:GUID>09T0KgIONwQhkEaAKGLY0F</types1:GUID>
      <types1:DisplayName>tf_INITIAL_LOADING_LoadDM_40-60_RDV_IAS_to_DM_Synchronization</types1:DisplayName>
   </types1:Item>
   <types1:CurrentServerDateTime>2023-03-08T18:58:57.005Z</types1:CurrentServerDateTime>
</aetgt:getResponse>
