<aetgt:getResponse xmlns:aetgt="http://schemas.active-endpoints.com/appmodules/repository/2010/10/avrepository.xsd"
                   xmlns:types1="http://schemas.active-endpoints.com/appmodules/repository/2010/10/avrepository.xsd">
   <types1:Item>
      <types1:EntryId>mXbeMVX3cjk91pq-gt-90051104-2021-11-03T22:19:53.195Z::tf.xml</types1:EntryId>
      <types1:Name>tf_LoadBDV_40_Shared_PartyRoleAdvisor_Initial_loading</types1:Name>
      <types1:MimeType>application/xml+taskflow</types1:MimeType>
      <types1:Description/>
      <types1:AppliesTo/>
      <types1:Tags/>
      <types1:VersionLabel>1.0</types1:VersionLabel>
      <types1:State>CURRENT</types1:State>
      <types1:ProcessGroup/>
      <types1:CreatedBy>jihed.laamiri.adm@ia.ca.SAML</types1:CreatedBy>
      <types1:CreationDate>2021-11-03T22:19:53Z</types1:CreationDate>
      <types1:ModifiedBy>jihed.laamiri.adm@ia.ca.SAML</types1:ModifiedBy>
      <types1:ModificationDate>2021-11-03T22:22:01Z</types1:ModificationDate>
      <types1:PublicationStatus>published</types1:PublicationStatus>
      <types1:PublishedBy>jihed.laamiri.adm@ia.ca.SAML</types1:PublishedBy>
      <types1:PublicationDate>2021-11-03T22:58:56Z</types1:PublicationDate>
      <types1:PublishedContributionId>project:/tf.tf_LoadBDV_40_Shared_PartyRoleAdvisor_Initial_loading/tf_LoadBDV_40_Shared_PartyRoleAdvisor_Initial_loading.tf.xml</types1:PublishedContributionId>
      <types1:AutosaveExists>false</types1:AutosaveExists>
      <types1:Entry>
         <taskflow xmlns="http://schemas.active-endpoints.com/appmodules/screenflow/2010/10/avosScreenflow.xsd"
                   xmlns:tfm="http://schemas.active-endpoints.com/appmodules/screenflow/2021/04/taskflowModel.xsd"
                   xmlns:list="urn:activevos:spi:list:functions"
                   displayName="tf_LoadBDV_40_Shared_PartyRoleAdvisor_Initial_loading"
                   name="tf_LoadBDV_40_Shared_PartyRoleAdvisor_Initial_loading"
                   overrideAPIName="false">
            <parameterSet xmlns="http://schemas.active-endpoints.com/appmodules/screenflow/2021/04/taskflowModel.xsd"/>
            <appliesTo/>
            <description/>
            <tags/>
            <generator>Informatica Process Designer 11</generator>
            <tempFields>
               <field description="" name="mt_audit_startJob_NextDate" type="reference">
                  <options>
                     <option name="referenceTo">$po:mt-audit-startJob-NextDate</option>
                     <option name="failOnNotRun">false</option>
                     <option name="failOnFault">false</option>
                  </options>
               </field>
               <field description=""
                      name="dt_LoadBDV_RDV_SAT_REGISTERED_REPRESENTATIVE_To_BDV_WT_SAT_PTY_ROLE_ADVISOR_COMPUTE_IAS_WEALTH"
                      type="reference">
                  <options>
                     <option name="referenceTo">$po:mt-LoadBDV-RDV-SAT-REGISTERED-REPRESENTATIVE-To-BDV-WT-PARTY-ROLE-ADVISOR-COMPUTE-IAS-WEALTH</option>
                     <option name="failOnNotRun">false</option>
                     <option name="failOnFault">false</option>
                  </options>
               </field>
               <field description=""
                      name="dt_LoadBDV_BDV_WT_SAT_PTY_ROLE_ADVSR_COMPUTE_IAS_WEALTH_To_BDV_SAT_PTY_ROLE_ADVSR_IAS_WEALTH_insert"
                      type="reference">
                  <options>
                     <option name="referenceTo">$po:mt-LoadBDV-BDV-WT-SAT-PTY-ROLE-ADVSR-COMPUTE-IAS-WEALTH-To-BDV-SAT-PTY-ROLE-ADVSR-IAS-WEALTH-insert</option>
                     <option name="failOnNotRun">false</option>
                     <option name="failOnFault">false</option>
                  </options>
               </field>
               <field description=""
                      name="dt_LoadBDV_BDV_WT_SAT_PTY_ROLE_ADVSR_COMPUTE_IAS_WEALTH_To_BDV_SAT_PTY_ROLE_ADVSR_IAS_WEALTH_delete"
                      type="reference">
                  <options>
                     <option name="referenceTo">$po:mt-LoadBDV-BDV-WT-SAT-PTY-ROLE-ADVSR-COMPUTE-IAS-WEALTH-To-BDV-SAT-PTY-ROLE-ADVSR-IAS-WEALTH-delete</option>
                     <option name="failOnNotRun">false</option>
                     <option name="failOnFault">false</option>
                  </options>
               </field>
               <field description=""
                      name="dt_LoadBDV_BDV_WT_SAT_PARTY_ROLE_ADVISOR_COMPUTE_IAS_WEALTH_To_BDV_HUB_PARTY_ROLE_ADVISOR"
                      type="reference">
                  <options>
                     <option name="referenceTo">$po:mt-LoadBDV-BDV-WT-SAT-PARTY-ROLE-ADVISOR-COMPUTE-IAS-WEALTH-To-BDV-HUB-PARTY-ROLE-ADVISOR</option>
                     <option name="failOnNotRun">false</option>
                     <option name="failOnFault">false</option>
                  </options>
               </field>
               <field description="" name="temp_JobName" type="string">
                  <options>
                     <option name="required">false</option>
                  </options>
               </field>
               <field description="" name="temp_tf_Audit_ID" type="string">
                  <options>
                     <option name="required">false</option>
                  </options>
               </field>
               <field description="" name="temp_dataStartDate" type="date">
                  <options>
                     <option name="required">false</option>
                  </options>
               </field>
               <field description="" name="dt_Audit_EndJob" type="reference">
                  <options>
                     <option name="failOnNotRun">false</option>
                     <option name="failOnFault">false</option>
                     <option name="referenceTo">$po:mt-audit-EndJob</option>
                  </options>
               </field>
            </tempFields>
            <notes/>
            <deployment suspendOnFault="false" tracingLevel="verbose">
               <rest/>
            </deployment>
            <flow id="a">
               <start id="b">
                  <link id="kg9lcwdf" targetId="kg9lcwde"/>
               </start>
               <assignment id="kg9lcwde">
                  <title>asgn_StartJob_Parameters</title>
                  <operation source="formula" to="temp.temp_JobName">
                     <expression language="XQuery">fn:concat("'",util:getAssetName(),"'")</expression>
                  </operation>
                  <operation source="formula" to="temp.temp_tf_Audit_ID">
                     <expression language="XQuery">fn:concat("'",util:getAssetName(),"-", util:getProcessId(),"'")</expression>
                  </operation>
                  <operation source="constant"
                             to="temp.mt_audit_startJob_NextDate[1]/inout[1]/io_DataStartDate">01/01/2000 00:00:00.000000000</operation>
                  <operation source="constant"
                             to="temp.mt_audit_startJob_NextDate[1]/inout[1]/io_Result">ERROR</operation>
                  <link id="kg9lcwdg" targetId="kg9i7hj8"/>
               </assignment>
               <assignment id="km5c7iis">
                  <title>asgn_DataStartDate</title>
                  <operation source="formula" to="temp.temp_dataStartDate">
                     <expression language="XQuery">fn:concat("'",date:toChar(date:toDate($temp.mt_audit_startJob_NextDate[1]/inout[1]/io_DataStartDate , 'MM/DD/YYYY 00:00:00.000000000'),'YYYY-MM-DD'),"'")</expression>
                  </operation>
                  <link id="km5c7iiu" targetId="kg9i7hju"/>
               </assignment>
               <eventContainer id="kg9i7hj8">
                  <service id="kg9i7hj2">
                     <title>mt_audit_startJob_NextDate</title>
                     <serviceName>ICSExecuteDataTask</serviceName>
                     <serviceGUID/>
                     <serviceInput>
                        <parameter name="Wait for Task to Complete" source="constant" updatable="true">true</parameter>
                        <parameter name="Max Wait" source="constant" updatable="true">604800</parameter>
                        <parameter name="Task Name" source="constant" updatable="true">mt_audit_startJob_NextDate</parameter>
                        <parameter name="GUID" source="constant" updatable="true">2W8xrz7k50JfzAYGJT7een</parameter>
                        <parameter name="Task Type" source="constant" updatable="true">MCT</parameter>
                        <parameter name="Has Inout Parameters" source="constant" updatable="true">true</parameter>
                        <parameter name="taskField" source="nested">
                           <operation source="field" to="mt-audit-startJob-NextDate">temp.mt_audit_startJob_NextDate</operation>
                           <operation source="field" to="mt-audit-startJob-NextDate/inout[1]/io_auditID">temp.temp_tf_Audit_ID
                           
                           <expression language="XQuery">fn:concat("'",fn:replace($temp.mt_audit_startJob_NextDate[1]/inout[1]/io_jobName , "'", ""),"-", util:getProcessId(),"'")</expression>
                           </operation>
                           <operation source="field" to="mt-audit-startJob-NextDate/inout[1]/io_jobName">temp.temp_JobName</operation>
                        </parameter>
                     </serviceInput>
                     <serviceOutput>
                        <operation source="field" to="temp.mt_audit_startJob_NextDate/output/Object_Name">Object Name</operation>
                        <operation source="field" to="temp.mt_audit_startJob_NextDate/output/Run_Id">Run Id</operation>
                        <operation source="field" to="temp.mt_audit_startJob_NextDate/output/Log_Id">Log Id</operation>
                        <operation source="field" to="temp.mt_audit_startJob_NextDate/output/Task_Id">Task Id</operation>
                        <operation source="field" to="temp.mt_audit_startJob_NextDate/output/Task_Status">Task Status</operation>
                        <operation source="field"
                                   to="temp.mt_audit_startJob_NextDate/output/Success_Source_Rows">Success Source Rows</operation>
                        <operation source="field"
                                   to="temp.mt_audit_startJob_NextDate/output/Failed_Source_Rows">Failed Source Rows</operation>
                        <operation source="field"
                                   to="temp.mt_audit_startJob_NextDate/output/Success_Target_Rows">Success Target Rows</operation>
                        <operation source="field"
                                   to="temp.mt_audit_startJob_NextDate/output/Failed_Target_Rows">Failed Target Rows</operation>
                        <operation source="field" to="temp.mt_audit_startJob_NextDate/output/Start_Time">Start Time</operation>
                        <operation source="field" to="temp.mt_audit_startJob_NextDate/output/End_Time">End Time</operation>
                        <operation source="field"
                                   to="temp.mt_audit_startJob_NextDate/output/Error_Message">Error Message</operation>
                        <operation source="field" to="temp.mt_audit_startJob_NextDate/inout/io_jobName">io_jobName</operation>
                        <operation source="field" to="temp.mt_audit_startJob_NextDate/inout/io_auditID">io_auditID</operation>
                        <operation source="field" to="temp.mt_audit_startJob_NextDate/inout/io_Result">io_Result</operation>
                        <operation source="field"
                                   to="temp.mt_audit_startJob_NextDate/inout/io_DataStartDate">io_DataStartDate</operation>
                     </serviceOutput>
                  </service>
                  <link id="km5c7iit" targetId="km5c7iis"/>
                  <events>
                     <catch faultField="temp.mt_audit_startJob_NextDate/fault"
                            id="kg9i7hj6"
                            interrupting="true"
                            name="error">
                        <suspend/>
                     </catch>
                     <catch faultField="temp.mt_audit_startJob_NextDate/fault"
                            id="kg9i7hj7"
                            interrupting="true"
                            name="warning"/>
                  </events>
               </eventContainer>
               <container id="kg9i7hju" type="exclusive">
                  <title>dcn_StartJob_Result</title>
                  <flow id="kg9i7hjy">
                     <eventContainer id="kkr7y1hy">
                        <service id="kkr7y1hn">
                           <title>dt_LoadBDV_RDV_SAT_REGISTERED_REPRESENTATIVE_To_BDV_WT_SAT_PTY_ROLE_ADVISOR_COMPUTE_IAS_WEALTH</title>
                           <serviceName>ICSExecuteDataTask</serviceName>
                           <serviceGUID/>
                           <serviceInput>
                              <parameter name="Wait for Task to Complete" source="constant" updatable="true">true</parameter>
                              <parameter name="Max Wait" source="constant" updatable="true">604800</parameter>
                              <parameter name="Task Name" source="constant" updatable="true">mt_LoadBDV_RDV_SAT_REGISTERED_REPRESENTATIVE_To_BDV_WT_PARTY_ROLE_ADVISOR_COMPUTE_IAS_WEALTH</parameter>
                              <parameter name="GUID" source="constant" updatable="true">eTOLLrCeRSebcpM27uS9iZ</parameter>
                              <parameter name="Task Type" source="constant" updatable="true">MCT</parameter>
                              <parameter name="Has Inout Parameters" source="constant" updatable="true">false</parameter>
                              <parameter name="taskField" source="nested">
                                 <operation source="field"
                                            to="mt-LoadBDV-RDV-SAT-REGISTERED-REPRESENTATIVE-To-BDV-WT-PARTY-ROLE-ADVISOR-COMPUTE-IAS-WEALTH">temp.dt_LoadBDV_RDV_SAT_REGISTERED_REPRESENTATIVE_To_BDV_WT_SAT_PTY_ROLE_ADVISOR_COMPUTE_IAS_WEALTH</operation>
                                 <operation source="field"
                                            to="mt-LoadBDV-RDV-SAT-REGISTERED-REPRESENTATIVE-To-BDV-WT-PARTY-ROLE-ADVISOR-COMPUTE-IAS-WEALTH/input[1]/i_DATA_START_DATE">temp.temp_dataStartDate
                                 
                                 <expression language="XQuery">fn:concat("'",date:toChar(date:toDate($temp.mt_audit_startJob_NextDate[1]/inout[1]/io_DataStartDate , 'MM/DD/YYYY 00:00:00.000000000'),'YYYY-MM-DD'),"'")</expression>
                                 </operation>
                              </parameter>
                           </serviceInput>
                           <serviceOutput>
                              <operation source="field"
                                         to="temp.dt_LoadBDV_RDV_SAT_REGISTERED_REPRESENTATIVE_To_BDV_WT_SAT_PTY_ROLE_ADVISOR_COMPUTE_IAS_WEALTH/output/Object_Name">Object Name</operation>
                              <operation source="field"
                                         to="temp.dt_LoadBDV_RDV_SAT_REGISTERED_REPRESENTATIVE_To_BDV_WT_SAT_PTY_ROLE_ADVISOR_COMPUTE_IAS_WEALTH/output/Run_Id">Run Id</operation>
                              <operation source="field"
                                         to="temp.dt_LoadBDV_RDV_SAT_REGISTERED_REPRESENTATIVE_To_BDV_WT_SAT_PTY_ROLE_ADVISOR_COMPUTE_IAS_WEALTH/output/Log_Id">Log Id</operation>
                              <operation source="field"
                                         to="temp.dt_LoadBDV_RDV_SAT_REGISTERED_REPRESENTATIVE_To_BDV_WT_SAT_PTY_ROLE_ADVISOR_COMPUTE_IAS_WEALTH/output/Task_Id">Task Id</operation>
                              <operation source="field"
                                         to="temp.dt_LoadBDV_RDV_SAT_REGISTERED_REPRESENTATIVE_To_BDV_WT_SAT_PTY_ROLE_ADVISOR_COMPUTE_IAS_WEALTH/output/Task_Status">Task Status</operation>
                              <operation source="field"
                                         to="temp.dt_LoadBDV_RDV_SAT_REGISTERED_REPRESENTATIVE_To_BDV_WT_SAT_PTY_ROLE_ADVISOR_COMPUTE_IAS_WEALTH/output/Success_Source_Rows">Success Source Rows</operation>
                              <operation source="field"
                                         to="temp.dt_LoadBDV_RDV_SAT_REGISTERED_REPRESENTATIVE_To_BDV_WT_SAT_PTY_ROLE_ADVISOR_COMPUTE_IAS_WEALTH/output/Failed_Source_Rows">Failed Source Rows</operation>
                              <operation source="field"
                                         to="temp.dt_LoadBDV_RDV_SAT_REGISTERED_REPRESENTATIVE_To_BDV_WT_SAT_PTY_ROLE_ADVISOR_COMPUTE_IAS_WEALTH/output/Success_Target_Rows">Success Target Rows</operation>
                              <operation source="field"
                                         to="temp.dt_LoadBDV_RDV_SAT_REGISTERED_REPRESENTATIVE_To_BDV_WT_SAT_PTY_ROLE_ADVISOR_COMPUTE_IAS_WEALTH/output/Failed_Target_Rows">Failed Target Rows</operation>
                              <operation source="field"
                                         to="temp.dt_LoadBDV_RDV_SAT_REGISTERED_REPRESENTATIVE_To_BDV_WT_SAT_PTY_ROLE_ADVISOR_COMPUTE_IAS_WEALTH/output/Start_Time">Start Time</operation>
                              <operation source="field"
                                         to="temp.dt_LoadBDV_RDV_SAT_REGISTERED_REPRESENTATIVE_To_BDV_WT_SAT_PTY_ROLE_ADVISOR_COMPUTE_IAS_WEALTH/output/End_Time">End Time</operation>
                              <operation source="field"
                                         to="temp.dt_LoadBDV_RDV_SAT_REGISTERED_REPRESENTATIVE_To_BDV_WT_SAT_PTY_ROLE_ADVISOR_COMPUTE_IAS_WEALTH/output/Error_Message">Error Message</operation>
                           </serviceOutput>
                        </service>
                        <link id="kkr7y1iw" targetId="kkr7y1iv"/>
                        <events>
                           <catch faultField="temp.dt_LoadBDV_RDV_SAT_REGISTERED_REPRESENTATIVE_To_BDV_WT_SAT_PTY_ROLE_ADVISOR_COMPUTE_IAS_WEALTH/fault"
                                  id="kkr7y1hw"
                                  interrupting="true"
                                  name="error">
                              <suspend/>
                           </catch>
                           <catch faultField="temp.dt_LoadBDV_RDV_SAT_REGISTERED_REPRESENTATIVE_To_BDV_WT_SAT_PTY_ROLE_ADVISOR_COMPUTE_IAS_WEALTH/fault"
                                  id="kkr7y1hx"
                                  interrupting="true"
                                  name="warning"/>
                        </events>
                     </eventContainer>
                     <eventContainer id="knqhpact">
                        <service id="knqhpacd">
                           <title>dt_Audit_EndJob</title>
                           <serviceName>ICSExecuteDataTask</serviceName>
                           <serviceGUID/>
                           <serviceInput>
                              <parameter name="Wait for Task to Complete" source="constant" updatable="true">true</parameter>
                              <parameter name="Max Wait" source="constant" updatable="true">604800</parameter>
                              <parameter name="Task Name" source="constant" updatable="true">mt_audit_EndJob</parameter>
                              <parameter name="GUID" source="constant" updatable="true">dC6NXufcrQPdDdZAnXMEwg</parameter>
                              <parameter name="Task Type" source="constant" updatable="true">MCT</parameter>
                              <parameter name="Has Inout Parameters" source="constant" updatable="true">true</parameter>
                              <parameter name="taskField" source="nested">
                                 <operation source="field" to="mt-audit-EndJob">temp.dt_Audit_EndJob</operation>
                                 <operation source="field" to="mt-audit-EndJob/inout[1]/io_jobAuditID">temp.temp_tf_Audit_ID</operation>
                                 <operation source="constant" to="mt-audit-EndJob/inout[1]/io_jobEndDesc">Successful execution</operation>
                                 <operation source="constant" to="mt-audit-EndJob/inout[1]/io_jobEndStatus">SUCCESS</operation>
                                 <operation source="field" to="mt-audit-EndJob/inout[1]/io_jobName">temp.temp_JobName</operation>
                                 <operation source="field" to="mt-audit-EndJob/inout[1]/io_jobStartDate">temp.temp_dataStartDate</operation>
                              </parameter>
                           </serviceInput>
                           <serviceOutput>
                              <operation source="field" to="temp.dt_Audit_EndJob/output/Object_Name">Object Name</operation>
                              <operation source="field" to="temp.dt_Audit_EndJob/output/Run_Id">Run Id</operation>
                              <operation source="field" to="temp.dt_Audit_EndJob/output/Log_Id">Log Id</operation>
                              <operation source="field" to="temp.dt_Audit_EndJob/output/Task_Id">Task Id</operation>
                              <operation source="field" to="temp.dt_Audit_EndJob/output/Task_Status">Task Status</operation>
                              <operation source="field" to="temp.dt_Audit_EndJob/output/Success_Source_Rows">Success Source Rows</operation>
                              <operation source="field" to="temp.dt_Audit_EndJob/output/Failed_Source_Rows">Failed Source Rows</operation>
                              <operation source="field" to="temp.dt_Audit_EndJob/output/Success_Target_Rows">Success Target Rows</operation>
                              <operation source="field" to="temp.dt_Audit_EndJob/output/Failed_Target_Rows">Failed Target Rows</operation>
                              <operation source="field" to="temp.dt_Audit_EndJob/output/Start_Time">Start Time</operation>
                              <operation source="field" to="temp.dt_Audit_EndJob/output/End_Time">End Time</operation>
                              <operation source="field" to="temp.dt_Audit_EndJob/output/Error_Message">Error Message</operation>
                              <operation source="field" to="temp.dt_Audit_EndJob/inout/io_Result">io_Result</operation>
                              <operation source="field" to="temp.dt_Audit_EndJob/inout/io_jobName">io_jobName</operation>
                              <operation source="field" to="temp.dt_Audit_EndJob/inout/io_jobAuditID">io_jobAuditID</operation>
                              <operation source="field" to="temp.dt_Audit_EndJob/inout/io_jobStartDate">io_jobStartDate</operation>
                              <operation source="field" to="temp.dt_Audit_EndJob/inout/io_jobEndStatus">io_jobEndStatus</operation>
                              <operation source="field" to="temp.dt_Audit_EndJob/inout/io_jobEndDesc">io_jobEndDesc</operation>
                           </serviceOutput>
                        </service>
                        <events>
                           <catch faultField="temp.dt_Audit_EndJob/fault"
                                  id="knqhpacr"
                                  interrupting="true"
                                  name="error">
                              <suspend/>
                           </catch>
                           <catch faultField="temp.dt_Audit_EndJob/fault"
                                  id="knqhpacs"
                                  interrupting="true"
                                  name="warning"/>
                        </events>
                     </eventContainer>
                     <container id="kkr7y1iv" type="parallel">
                        <title>Parallel BDV SAT Loading</title>
                        <flow id="kkr7y1iz">
                           <eventContainer id="kkr7y1ku">
                              <service id="kkr7y1jd">
                                 <title>dt_LoadBDV_BDV_WT_SAT_PTY_ROLE_ADVSR_COMPUTE_IAS_WEALTH_To_BDV_SAT_PTY_ROLE_ADVSR_IAS_WEALTH_insert</title>
                                 <serviceName>ICSExecuteDataTask</serviceName>
                                 <serviceGUID/>
                                 <serviceInput>
                                    <parameter name="Wait for Task to Complete" source="constant" updatable="true">true</parameter>
                                    <parameter name="Max Wait" source="constant" updatable="true">604800</parameter>
                                    <parameter name="Task Name" source="constant" updatable="true">mt_LoadBDV_BDV_WT_SAT_PTY_ROLE_ADVSR_COMPUTE_IAS_WEALTH_To_BDV_SAT_PTY_ROLE_ADVSR_IAS_WEALTH_insert</parameter>
                                    <parameter name="GUID" source="constant" updatable="true">4zAaspGRiCGhY9Ss3IdGuP</parameter>
                                    <parameter name="Task Type" source="constant" updatable="true">MCT</parameter>
                                    <parameter name="Has Inout Parameters" source="constant" updatable="true">false</parameter>
                                    <parameter name="taskField" source="nested">
                                       <operation source="field"
                                                  to="mt-LoadBDV-BDV-WT-SAT-PTY-ROLE-ADVSR-COMPUTE-IAS-WEALTH-To-BDV-SAT-PTY-ROLE-ADVSR-IAS-WEALTH-insert">temp.dt_LoadBDV_BDV_WT_SAT_PTY_ROLE_ADVSR_COMPUTE_IAS_WEALTH_To_BDV_SAT_PTY_ROLE_ADVSR_IAS_WEALTH_insert</operation>
                                       <operation source="field"
                                                  to="mt-LoadBDV-BDV-WT-SAT-PTY-ROLE-ADVSR-COMPUTE-IAS-WEALTH-To-BDV-SAT-PTY-ROLE-ADVSR-IAS-WEALTH-insert/inout[1]/io_tf_Audit_ID">temp.temp_tf_Audit_ID</operation>
                                    </parameter>
                                 </serviceInput>
                                 <serviceOutput>
                                    <operation source="field"
                                               to="temp.dt_LoadBDV_BDV_WT_SAT_PTY_ROLE_ADVSR_COMPUTE_IAS_WEALTH_To_BDV_SAT_PTY_ROLE_ADVSR_IAS_WEALTH_insert/output/Object_Name">Object Name</operation>
                                    <operation source="field"
                                               to="temp.dt_LoadBDV_BDV_WT_SAT_PTY_ROLE_ADVSR_COMPUTE_IAS_WEALTH_To_BDV_SAT_PTY_ROLE_ADVSR_IAS_WEALTH_insert/output/Run_Id">Run Id</operation>
                                    <operation source="field"
                                               to="temp.dt_LoadBDV_BDV_WT_SAT_PTY_ROLE_ADVSR_COMPUTE_IAS_WEALTH_To_BDV_SAT_PTY_ROLE_ADVSR_IAS_WEALTH_insert/output/Log_Id">Log Id</operation>
                                    <operation source="field"
                                               to="temp.dt_LoadBDV_BDV_WT_SAT_PTY_ROLE_ADVSR_COMPUTE_IAS_WEALTH_To_BDV_SAT_PTY_ROLE_ADVSR_IAS_WEALTH_insert/output/Task_Id">Task Id</operation>
                                    <operation source="field"
                                               to="temp.dt_LoadBDV_BDV_WT_SAT_PTY_ROLE_ADVSR_COMPUTE_IAS_WEALTH_To_BDV_SAT_PTY_ROLE_ADVSR_IAS_WEALTH_insert/output/Task_Status">Task Status</operation>
                                    <operation source="field"
                                               to="temp.dt_LoadBDV_BDV_WT_SAT_PTY_ROLE_ADVSR_COMPUTE_IAS_WEALTH_To_BDV_SAT_PTY_ROLE_ADVSR_IAS_WEALTH_insert/output/Success_Source_Rows">Success Source Rows</operation>
                                    <operation source="field"
                                               to="temp.dt_LoadBDV_BDV_WT_SAT_PTY_ROLE_ADVSR_COMPUTE_IAS_WEALTH_To_BDV_SAT_PTY_ROLE_ADVSR_IAS_WEALTH_insert/output/Failed_Source_Rows">Failed Source Rows</operation>
                                    <operation source="field"
                                               to="temp.dt_LoadBDV_BDV_WT_SAT_PTY_ROLE_ADVSR_COMPUTE_IAS_WEALTH_To_BDV_SAT_PTY_ROLE_ADVSR_IAS_WEALTH_insert/output/Success_Target_Rows">Success Target Rows</operation>
                                    <operation source="field"
                                               to="temp.dt_LoadBDV_BDV_WT_SAT_PTY_ROLE_ADVSR_COMPUTE_IAS_WEALTH_To_BDV_SAT_PTY_ROLE_ADVSR_IAS_WEALTH_insert/output/Failed_Target_Rows">Failed Target Rows</operation>
                                    <operation source="field"
                                               to="temp.dt_LoadBDV_BDV_WT_SAT_PTY_ROLE_ADVSR_COMPUTE_IAS_WEALTH_To_BDV_SAT_PTY_ROLE_ADVSR_IAS_WEALTH_insert/output/Start_Time">Start Time</operation>
                                    <operation source="field"
                                               to="temp.dt_LoadBDV_BDV_WT_SAT_PTY_ROLE_ADVSR_COMPUTE_IAS_WEALTH_To_BDV_SAT_PTY_ROLE_ADVSR_IAS_WEALTH_insert/output/End_Time">End Time</operation>
                                    <operation source="field"
                                               to="temp.dt_LoadBDV_BDV_WT_SAT_PTY_ROLE_ADVSR_COMPUTE_IAS_WEALTH_To_BDV_SAT_PTY_ROLE_ADVSR_IAS_WEALTH_insert/output/Error_Message">Error Message</operation>
                                 </serviceOutput>
                              </service>
                              <events>
                                 <catch faultField="temp.dt_LoadBDV_BDV_WT_SAT_PTY_ROLE_ADVSR_COMPUTE_IAS_WEALTH_To_BDV_SAT_PTY_ROLE_ADVSR_IAS_WEALTH_insert/fault"
                                        id="kkr7y1ks"
                                        interrupting="true"
                                        name="error">
                                    <suspend/>
                                 </catch>
                                 <catch faultField="temp.dt_LoadBDV_BDV_WT_SAT_PTY_ROLE_ADVSR_COMPUTE_IAS_WEALTH_To_BDV_SAT_PTY_ROLE_ADVSR_IAS_WEALTH_insert/fault"
                                        id="kkr7y1kt"
                                        interrupting="true"
                                        name="warning"/>
                              </events>
                           </eventContainer>
                           <link id="kkr7y1j0" targetId="kkr7y1iv" type="containerLink"/>
                        </flow>
                        <flow id="kkr7y1j2">
                           <eventContainer id="kkr7y1ls">
                              <service id="kkr7y1jo">
                                 <title>dt_LoadBDV_BDV_WT_SAT_PTY_ROLE_ADVSR_COMPUTE_IAS_WEALTH_To_BDV_SAT_PTY_ROLE_ADVSR_IAS_WEALTH_delete</title>
                                 <serviceName>ICSExecuteDataTask</serviceName>
                                 <serviceGUID/>
                                 <serviceInput>
                                    <parameter name="Wait for Task to Complete" source="constant" updatable="true">true</parameter>
                                    <parameter name="Max Wait" source="constant" updatable="true">604800</parameter>
                                    <parameter name="Task Name" source="constant" updatable="true">mt_LoadBDV_BDV_WT_SAT_PTY_ROLE_ADVSR_COMPUTE_IAS_WEALTH_To_BDV_SAT_PTY_ROLE_ADVSR_IAS_WEALTH_delete</parameter>
                                    <parameter name="GUID" source="constant" updatable="true">7faVfWWXmcegp6Niv48Dcd</parameter>
                                    <parameter name="Task Type" source="constant" updatable="true">MCT</parameter>
                                    <parameter name="Has Inout Parameters" source="constant" updatable="true">false</parameter>
                                    <parameter name="taskField" source="nested">
                                       <operation source="field"
                                                  to="mt-LoadBDV-BDV-WT-SAT-PTY-ROLE-ADVSR-COMPUTE-IAS-WEALTH-To-BDV-SAT-PTY-ROLE-ADVSR-IAS-WEALTH-delete">temp.dt_LoadBDV_BDV_WT_SAT_PTY_ROLE_ADVSR_COMPUTE_IAS_WEALTH_To_BDV_SAT_PTY_ROLE_ADVSR_IAS_WEALTH_delete</operation>
                                       <operation source="field"
                                                  to="mt-LoadBDV-BDV-WT-SAT-PTY-ROLE-ADVSR-COMPUTE-IAS-WEALTH-To-BDV-SAT-PTY-ROLE-ADVSR-IAS-WEALTH-delete/input[1]/i_DATA_START_DATE">temp.temp_dataStartDate
                                       
                                       <expression language="XQuery">fn:concat("'",date:toChar(date:toDate($temp.mt_audit_startJob_NextDate[1]/inout[1]/io_DataStartDate , 'MM/DD/YYYY 00:00:00.000000000'),'YYYY-MM-DD'),"'")</expression>
                                       </operation>
                                       <operation source="field"
                                                  to="mt-LoadBDV-BDV-WT-SAT-PTY-ROLE-ADVSR-COMPUTE-IAS-WEALTH-To-BDV-SAT-PTY-ROLE-ADVSR-IAS-WEALTH-delete/inout[1]/io_tf_Audit_ID">temp.temp_tf_Audit_ID</operation>
                                    </parameter>
                                 </serviceInput>
                                 <serviceOutput>
                                    <operation source="field"
                                               to="temp.dt_LoadBDV_BDV_WT_SAT_PTY_ROLE_ADVSR_COMPUTE_IAS_WEALTH_To_BDV_SAT_PTY_ROLE_ADVSR_IAS_WEALTH_delete/output/Object_Name">Object Name</operation>
                                    <operation source="field"
                                               to="temp.dt_LoadBDV_BDV_WT_SAT_PTY_ROLE_ADVSR_COMPUTE_IAS_WEALTH_To_BDV_SAT_PTY_ROLE_ADVSR_IAS_WEALTH_delete/output/Run_Id">Run Id</operation>
                                    <operation source="field"
                                               to="temp.dt_LoadBDV_BDV_WT_SAT_PTY_ROLE_ADVSR_COMPUTE_IAS_WEALTH_To_BDV_SAT_PTY_ROLE_ADVSR_IAS_WEALTH_delete/output/Log_Id">Log Id</operation>
                                    <operation source="field"
                                               to="temp.dt_LoadBDV_BDV_WT_SAT_PTY_ROLE_ADVSR_COMPUTE_IAS_WEALTH_To_BDV_SAT_PTY_ROLE_ADVSR_IAS_WEALTH_delete/output/Task_Id">Task Id</operation>
                                    <operation source="field"
                                               to="temp.dt_LoadBDV_BDV_WT_SAT_PTY_ROLE_ADVSR_COMPUTE_IAS_WEALTH_To_BDV_SAT_PTY_ROLE_ADVSR_IAS_WEALTH_delete/output/Task_Status">Task Status</operation>
                                    <operation source="field"
                                               to="temp.dt_LoadBDV_BDV_WT_SAT_PTY_ROLE_ADVSR_COMPUTE_IAS_WEALTH_To_BDV_SAT_PTY_ROLE_ADVSR_IAS_WEALTH_delete/output/Success_Source_Rows">Success Source Rows</operation>
                                    <operation source="field"
                                               to="temp.dt_LoadBDV_BDV_WT_SAT_PTY_ROLE_ADVSR_COMPUTE_IAS_WEALTH_To_BDV_SAT_PTY_ROLE_ADVSR_IAS_WEALTH_delete/output/Failed_Source_Rows">Failed Source Rows</operation>
                                    <operation source="field"
                                               to="temp.dt_LoadBDV_BDV_WT_SAT_PTY_ROLE_ADVSR_COMPUTE_IAS_WEALTH_To_BDV_SAT_PTY_ROLE_ADVSR_IAS_WEALTH_delete/output/Success_Target_Rows">Success Target Rows</operation>
                                    <operation source="field"
                                               to="temp.dt_LoadBDV_BDV_WT_SAT_PTY_ROLE_ADVSR_COMPUTE_IAS_WEALTH_To_BDV_SAT_PTY_ROLE_ADVSR_IAS_WEALTH_delete/output/Failed_Target_Rows">Failed Target Rows</operation>
                                    <operation source="field"
                                               to="temp.dt_LoadBDV_BDV_WT_SAT_PTY_ROLE_ADVSR_COMPUTE_IAS_WEALTH_To_BDV_SAT_PTY_ROLE_ADVSR_IAS_WEALTH_delete/output/Start_Time">Start Time</operation>
                                    <operation source="field"
                                               to="temp.dt_LoadBDV_BDV_WT_SAT_PTY_ROLE_ADVSR_COMPUTE_IAS_WEALTH_To_BDV_SAT_PTY_ROLE_ADVSR_IAS_WEALTH_delete/output/End_Time">End Time</operation>
                                    <operation source="field"
                                               to="temp.dt_LoadBDV_BDV_WT_SAT_PTY_ROLE_ADVSR_COMPUTE_IAS_WEALTH_To_BDV_SAT_PTY_ROLE_ADVSR_IAS_WEALTH_delete/output/Error_Message">Error Message</operation>
                                 </serviceOutput>
                              </service>
                              <events>
                                 <catch faultField="temp.dt_LoadBDV_BDV_WT_SAT_PTY_ROLE_ADVSR_COMPUTE_IAS_WEALTH_To_BDV_SAT_PTY_ROLE_ADVSR_IAS_WEALTH_delete/fault"
                                        id="kkr7y1lq"
                                        interrupting="true"
                                        name="error">
                                    <suspend/>
                                 </catch>
                                 <catch faultField="temp.dt_LoadBDV_BDV_WT_SAT_PTY_ROLE_ADVSR_COMPUTE_IAS_WEALTH_To_BDV_SAT_PTY_ROLE_ADVSR_IAS_WEALTH_delete/fault"
                                        id="kkr7y1lr"
                                        interrupting="true"
                                        name="warning"/>
                              </events>
                           </eventContainer>
                           <link id="kkr7y1j3" targetId="kkr7y1iv" type="containerLink"/>
                        </flow>
                        <flow id="kkr7y1jy">
                           <eventContainer id="kkr7y1mq">
                              <service id="kkr7y1ki">
                                 <title>dt_LoadBDV_BDV_WT_SAT_PARTY_ROLE_ADVISOR_COMPUTE_IAS_WEALTH_To_BDV_HUB_PARTY_ROLE_ADVISOR</title>
                                 <serviceName>ICSExecuteDataTask</serviceName>
                                 <serviceGUID/>
                                 <serviceInput>
                                    <parameter name="Wait for Task to Complete" source="constant" updatable="true">true</parameter>
                                    <parameter name="Max Wait" source="constant" updatable="true">604800</parameter>
                                    <parameter name="Task Name" source="constant" updatable="true">mt_LoadBDV_BDV_WT_SAT_PARTY_ROLE_ADVISOR_COMPUTE_IAS_WEALTH_To_BDV_HUB_PARTY_ROLE_ADVISOR</parameter>
                                    <parameter name="GUID" source="constant" updatable="true">cO13Ds5mZkMfJMqK92OdQ0</parameter>
                                    <parameter name="Task Type" source="constant" updatable="true">MCT</parameter>
                                    <parameter name="Has Inout Parameters" source="constant" updatable="true">false</parameter>
                                    <parameter name="taskField" source="nested">
                                       <operation source="field"
                                                  to="mt-LoadBDV-BDV-WT-SAT-PARTY-ROLE-ADVISOR-COMPUTE-IAS-WEALTH-To-BDV-HUB-PARTY-ROLE-ADVISOR">temp.dt_LoadBDV_BDV_WT_SAT_PARTY_ROLE_ADVISOR_COMPUTE_IAS_WEALTH_To_BDV_HUB_PARTY_ROLE_ADVISOR</operation>
                                       <operation source="field"
                                                  to="mt-LoadBDV-BDV-WT-SAT-PARTY-ROLE-ADVISOR-COMPUTE-IAS-WEALTH-To-BDV-HUB-PARTY-ROLE-ADVISOR/inout[1]/io_tf_Audit_ID">temp.temp_tf_Audit_ID</operation>
                                    </parameter>
                                 </serviceInput>
                                 <serviceOutput>
                                    <operation source="field"
                                               to="temp.dt_LoadBDV_BDV_WT_SAT_PARTY_ROLE_ADVISOR_COMPUTE_IAS_WEALTH_To_BDV_HUB_PARTY_ROLE_ADVISOR/output/Object_Name">Object Name</operation>
                                    <operation source="field"
                                               to="temp.dt_LoadBDV_BDV_WT_SAT_PARTY_ROLE_ADVISOR_COMPUTE_IAS_WEALTH_To_BDV_HUB_PARTY_ROLE_ADVISOR/output/Run_Id">Run Id</operation>
                                    <operation source="field"
                                               to="temp.dt_LoadBDV_BDV_WT_SAT_PARTY_ROLE_ADVISOR_COMPUTE_IAS_WEALTH_To_BDV_HUB_PARTY_ROLE_ADVISOR/output/Log_Id">Log Id</operation>
                                    <operation source="field"
                                               to="temp.dt_LoadBDV_BDV_WT_SAT_PARTY_ROLE_ADVISOR_COMPUTE_IAS_WEALTH_To_BDV_HUB_PARTY_ROLE_ADVISOR/output/Task_Id">Task Id</operation>
                                    <operation source="field"
                                               to="temp.dt_LoadBDV_BDV_WT_SAT_PARTY_ROLE_ADVISOR_COMPUTE_IAS_WEALTH_To_BDV_HUB_PARTY_ROLE_ADVISOR/output/Task_Status">Task Status</operation>
                                    <operation source="field"
                                               to="temp.dt_LoadBDV_BDV_WT_SAT_PARTY_ROLE_ADVISOR_COMPUTE_IAS_WEALTH_To_BDV_HUB_PARTY_ROLE_ADVISOR/output/Success_Source_Rows">Success Source Rows</operation>
                                    <operation source="field"
                                               to="temp.dt_LoadBDV_BDV_WT_SAT_PARTY_ROLE_ADVISOR_COMPUTE_IAS_WEALTH_To_BDV_HUB_PARTY_ROLE_ADVISOR/output/Failed_Source_Rows">Failed Source Rows</operation>
                                    <operation source="field"
                                               to="temp.dt_LoadBDV_BDV_WT_SAT_PARTY_ROLE_ADVISOR_COMPUTE_IAS_WEALTH_To_BDV_HUB_PARTY_ROLE_ADVISOR/output/Success_Target_Rows">Success Target Rows</operation>
                                    <operation source="field"
                                               to="temp.dt_LoadBDV_BDV_WT_SAT_PARTY_ROLE_ADVISOR_COMPUTE_IAS_WEALTH_To_BDV_HUB_PARTY_ROLE_ADVISOR/output/Failed_Target_Rows">Failed Target Rows</operation>
                                    <operation source="field"
                                               to="temp.dt_LoadBDV_BDV_WT_SAT_PARTY_ROLE_ADVISOR_COMPUTE_IAS_WEALTH_To_BDV_HUB_PARTY_ROLE_ADVISOR/output/Start_Time">Start Time</operation>
                                    <operation source="field"
                                               to="temp.dt_LoadBDV_BDV_WT_SAT_PARTY_ROLE_ADVISOR_COMPUTE_IAS_WEALTH_To_BDV_HUB_PARTY_ROLE_ADVISOR/output/End_Time">End Time</operation>
                                    <operation source="field"
                                               to="temp.dt_LoadBDV_BDV_WT_SAT_PARTY_ROLE_ADVISOR_COMPUTE_IAS_WEALTH_To_BDV_HUB_PARTY_ROLE_ADVISOR/output/Error_Message">Error Message</operation>
                                 </serviceOutput>
                              </service>
                              <events>
                                 <catch faultField="temp.dt_LoadBDV_BDV_WT_SAT_PARTY_ROLE_ADVISOR_COMPUTE_IAS_WEALTH_To_BDV_HUB_PARTY_ROLE_ADVISOR/fault"
                                        id="kkr7y1mo"
                                        interrupting="true"
                                        name="error">
                                    <suspend/>
                                 </catch>
                                 <catch faultField="temp.dt_LoadBDV_BDV_WT_SAT_PARTY_ROLE_ADVISOR_COMPUTE_IAS_WEALTH_To_BDV_HUB_PARTY_ROLE_ADVISOR/fault"
                                        id="kkr7y1mp"
                                        interrupting="true"
                                        name="warning"/>
                              </events>
                           </eventContainer>
                           <link id="kkr7y1jz" targetId="kkr7y1iv" type="containerLink"/>
                        </flow>
                        <link id="kkr7y1iy" targetId="kkr7y1iz" type="containerLink"/>
                        <link id="kkr7y1j1" targetId="kkr7y1j2" type="containerLink"/>
                        <link id="kkr7y1jx" targetId="kkr7y1jy" type="containerLink"/>
                        <link id="knqhpace" targetId="knqhpact"/>
                     </container>
                     <link id="kg9i7hjz" targetId="kg9i7hju" type="containerLink"/>
                  </flow>
                  <flow id="kg9i7hk1">
                     <throw id="kg9i7hkn">
                        <title>Throw_Error_StartJob</title>
                        <throwInput>
                           <parameter name="code" source="field" updatable="true">temp.mt_audit_startJob_NextDate[1]/inout[1]/io_Result</parameter>
                           <parameter name="detail" source="constant" updatable="true"/>
                           <parameter name="reason" source="constant" updatable="true"/>
                        </throwInput>
                     </throw>
                  </flow>
                  <link id="kg9i7hjx" targetId="kg9i7hjy" type="containerLink">
                     <condition source="formula">
                        <function name="contains">
                           <arg name="left">{$temp.mt_audit_startJob_NextDate[1]/inout[1]/io_Result}</arg>
                           <arg name="right">SUCCESS</arg>
                        </function>
                     </condition>
                  </link>
                  <link id="kg9i7hk0" targetId="kg9i7hk1" type="containerLink"/>
                  <link id="kg9i7hjw" targetId="c"/>
               </container>
               <end id="c"/>
            </flow>
            <dependencies>
               <processObject xmlns="http://schemas.active-endpoints.com/appmodules/screenflow/2011/06/avosHostEnvironment.xsd"
                              displayName="mt-audit-startJob-NextDate"
                              isByCopy="true"
                              name="mt-audit-startJob-NextDate">
                  <description/>
                  <tags/>
                  <detail>
                     <field label="Input Parameters"
                            name="input"
                            nullable="true"
                            required="false"
                            type="reference"/>
                     <field label="InOut Parameters"
                            name="inout"
                            nullable="true"
                            required="false"
                            type="reference"/>
                     <field label="TaskProperties Parameters"
                            name="taskProperties"
                            nullable="true"
                            required="false"
                            type="reference"/>
                     <field label="Output Parameters"
                            name="output"
                            nullable="true"
                            required="false"
                            type="reference"/>
                     <field label="Fault"
                            name="fault"
                            nullable="true"
                            required="false"
                            type="reference"/>
                  </detail>
               </processObject>
               <processObject xmlns="http://schemas.active-endpoints.com/appmodules/screenflow/2011/06/avosHostEnvironment.xsd"
                              displayName="mt-LoadBDV-RDV-SAT-REGISTERED-REPRESENTATIVE-To-BDV-WT-PARTY-ROLE-ADVISOR-COMPUTE-IAS-WEALTH"
                              isByCopy="true"
                              name="mt-LoadBDV-RDV-SAT-REGISTERED-REPRESENTATIVE-To-BDV-WT-PARTY-ROLE-ADVISOR-COMPUTE-IAS-WEALTH">
                  <description/>
                  <tags/>
                  <detail>
                     <field label="Input Parameters"
                            name="input"
                            nullable="true"
                            required="false"
                            type="reference"/>
                     <field label="TaskProperties Parameters"
                            name="taskProperties"
                            nullable="true"
                            required="false"
                            type="reference"/>
                     <field label="Output Parameters"
                            name="output"
                            nullable="true"
                            required="false"
                            type="reference"/>
                     <field label="Fault"
                            name="fault"
                            nullable="true"
                            required="false"
                            type="reference"/>
                  </detail>
               </processObject>
               <processObject xmlns="http://schemas.active-endpoints.com/appmodules/screenflow/2011/06/avosHostEnvironment.xsd"
                              displayName="mt-LoadBDV-BDV-WT-SAT-PTY-ROLE-ADVSR-COMPUTE-IAS-WEALTH-To-BDV-SAT-PTY-ROLE-ADVSR-IAS-WEALTH-insert"
                              isByCopy="true"
                              name="mt-LoadBDV-BDV-WT-SAT-PTY-ROLE-ADVSR-COMPUTE-IAS-WEALTH-To-BDV-SAT-PTY-ROLE-ADVSR-IAS-WEALTH-insert">
                  <description/>
                  <tags/>
                  <detail>
                     <field label="Input Parameters"
                            name="input"
                            nullable="true"
                            required="false"
                            type="reference"/>
                     <field label="InOut Parameters"
                            name="inout"
                            nullable="true"
                            required="false"
                            type="reference"/>
                     <field label="TaskProperties Parameters"
                            name="taskProperties"
                            nullable="true"
                            required="false"
                            type="reference"/>
                     <field label="Output Parameters"
                            name="output"
                            nullable="true"
                            required="false"
                            type="reference"/>
                     <field label="Fault"
                            name="fault"
                            nullable="true"
                            required="false"
                            type="reference"/>
                  </detail>
               </processObject>
               <processObject xmlns="http://schemas.active-endpoints.com/appmodules/screenflow/2011/06/avosHostEnvironment.xsd"
                              displayName="mt-LoadBDV-BDV-WT-SAT-PTY-ROLE-ADVSR-COMPUTE-IAS-WEALTH-To-BDV-SAT-PTY-ROLE-ADVSR-IAS-WEALTH-delete"
                              isByCopy="true"
                              name="mt-LoadBDV-BDV-WT-SAT-PTY-ROLE-ADVSR-COMPUTE-IAS-WEALTH-To-BDV-SAT-PTY-ROLE-ADVSR-IAS-WEALTH-delete">
                  <description/>
                  <tags/>
                  <detail>
                     <field label="Input Parameters"
                            name="input"
                            nullable="true"
                            required="false"
                            type="reference"/>
                     <field label="InOut Parameters"
                            name="inout"
                            nullable="true"
                            required="false"
                            type="reference"/>
                     <field label="TaskProperties Parameters"
                            name="taskProperties"
                            nullable="true"
                            required="false"
                            type="reference"/>
                     <field label="Output Parameters"
                            name="output"
                            nullable="true"
                            required="false"
                            type="reference"/>
                     <field label="Fault"
                            name="fault"
                            nullable="true"
                            required="false"
                            type="reference"/>
                  </detail>
               </processObject>
               <processObject xmlns="http://schemas.active-endpoints.com/appmodules/screenflow/2011/06/avosHostEnvironment.xsd"
                              displayName="mt-LoadBDV-BDV-WT-SAT-PARTY-ROLE-ADVISOR-COMPUTE-IAS-WEALTH-To-BDV-HUB-PARTY-ROLE-ADVISOR"
                              isByCopy="true"
                              name="mt-LoadBDV-BDV-WT-SAT-PARTY-ROLE-ADVISOR-COMPUTE-IAS-WEALTH-To-BDV-HUB-PARTY-ROLE-ADVISOR">
                  <description/>
                  <tags/>
                  <detail>
                     <field label="Input Parameters"
                            name="input"
                            nullable="true"
                            required="false"
                            type="reference"/>
                     <field label="InOut Parameters"
                            name="inout"
                            nullable="true"
                            required="false"
                            type="reference"/>
                     <field label="TaskProperties Parameters"
                            name="taskProperties"
                            nullable="true"
                            required="false"
                            type="reference"/>
                     <field label="Output Parameters"
                            name="output"
                            nullable="true"
                            required="false"
                            type="reference"/>
                     <field label="Fault"
                            name="fault"
                            nullable="true"
                            required="false"
                            type="reference"/>
                  </detail>
               </processObject>
               <processObject xmlns="http://schemas.active-endpoints.com/appmodules/screenflow/2011/06/avosHostEnvironment.xsd"
                              displayName="mt-audit-EndJob"
                              isByCopy="true"
                              name="mt-audit-EndJob">
                  <description/>
                  <tags/>
                  <detail>
                     <field label="Input Parameters"
                            name="input"
                            nullable="true"
                            required="false"
                            type="reference"/>
                     <field label="InOut Parameters"
                            name="inout"
                            nullable="true"
                            required="false"
                            type="reference"/>
                     <field label="TaskProperties Parameters"
                            name="taskProperties"
                            nullable="true"
                            required="false"
                            type="reference"/>
                     <field label="Output Parameters"
                            name="output"
                            nullable="true"
                            required="false"
                            type="reference"/>
                     <field label="Fault"
                            name="fault"
                            nullable="true"
                            required="false"
                            type="reference"/>
                  </detail>
               </processObject>
            </dependencies>
         </taskflow>
      </types1:Entry>
      <types1:GUID>aXJXmz6LrDIhAwrRKG7gcV</types1:GUID>
      <types1:DisplayName>tf_LoadBDV_40_Shared_PartyRoleAdvisor_Initial_loading</types1:DisplayName>
   </types1:Item>
   <types1:CurrentServerDateTime>2023-03-08T18:58:56.87Z</types1:CurrentServerDateTime>
</aetgt:getResponse>
