<aetgt:getResponse xmlns:aetgt="http://schemas.active-endpoints.com/appmodules/repository/2010/10/avrepository.xsd"
                   xmlns:types1="http://schemas.active-endpoints.com/appmodules/repository/2010/10/avrepository.xsd">
   <types1:Item>
      <types1:EntryId>5tmYOxfSmbduaa-gt-19604571-2021-03-20T14:34:42.907Z::tf.xml</types1:EntryId>
      <types1:Name>tf_LoadRDV_10-30_PSA_IAS_NBIN_to_RDV_Synchronization</types1:Name>
      <types1:MimeType>application/xml+taskflow</types1:MimeType>
      <types1:Description/>
      <types1:AppliesTo/>
      <types1:Tags/>
      <types1:VersionLabel>1.0</types1:VersionLabel>
      <types1:State>CURRENT</types1:State>
      <types1:ProcessGroup/>
      <types1:CreatedBy>anis.hammami@ia.ca.SAML</types1:CreatedBy>
      <types1:CreationDate>2021-03-20T14:34:43Z</types1:CreationDate>
      <types1:ModifiedBy>aazam.khan@ia.ca</types1:ModifiedBy>
      <types1:ModificationDate>2022-08-25T20:23:02Z</types1:ModificationDate>
      <types1:PublicationStatus>published</types1:PublicationStatus>
      <types1:PublishedBy>aazam.khan@ia.ca</types1:PublishedBy>
      <types1:PublicationDate>2022-08-25T20:26:28Z</types1:PublicationDate>
      <types1:PublishedContributionId>project:/tf.tf_LoadRDV_10-30_PSA_IAS_NBIN_to_RDV_Synchronization/tf_LoadRDV_10-30_PSA_IAS_NBIN_to_RDV_Synchronization.tf.xml</types1:PublishedContributionId>
      <types1:AutosaveExists>false</types1:AutosaveExists>
      <types1:Entry>
         <taskflow xmlns="http://schemas.active-endpoints.com/appmodules/screenflow/2010/10/avosScreenflow.xsd"
                   xmlns:tfm="http://schemas.active-endpoints.com/appmodules/screenflow/2021/04/taskflowModel.xsd"
                   xmlns:list="urn:activevos:spi:list:functions"
                   displayName="tf_LoadRDV_10-30_PSA_IAS_NBIN_to_RDV_Synchronization"
                   name="tf_LoadRDV_10-30_PSA_IAS_NBIN_to_RDV_Synchronization"
                   overrideAPIName="false">
            <parameterSet xmlns="http://schemas.active-endpoints.com/appmodules/screenflow/2021/04/taskflowModel.xsd"/>
            <appliesTo/>
            <description/>
            <tags/>
            <generator>Informatica Process Designer 11</generator>
            <input>
               <parameter description="" name="fl_IAS_NBIN_2" type="reference">
                  <options>
                     <option name="required">false</option>
                     <option name="referenceTo">$po:INTERNALB2BFILELISTENER1565084895</option>
                     <option name="isCopy">true</option>
                     <option name="guid">9QBIVAD7pi0baA7PvIaFk8</option>
                  </options>
               </parameter>
            </input>
            <tempFields>
               <field description="Number of files arrived and detected by the file listener"
                      name="temp_NbFiles"
                      type="int">
                  <options>
                     <option name="required">false</option>
                  </options>
               </field>
               <field description="Index of the current file to be checked"
                      name="temp_NbFiles_Current"
                      type="int">
                  <options>
                     <option name="required">false</option>
                  </options>
               </field>
               <field description="Number of the remaining files to be checked"
                      name="temp_NbFiles_Remaining"
                      type="int">
                  <options>
                     <option name="required">false</option>
                  </options>
               </field>
               <field description="" name="temp_filename" type="string">
                  <options>
                     <option name="required">false</option>
                  </options>
               </field>
               <field description="" name="temp_filepath" type="string">
                  <options>
                     <option name="required">false</option>
                  </options>
               </field>
               <field description="Index of the Cash Holdings file in the file list"
                      name="temp_index_cash_holding"
                      type="int">
                  <options>
                     <option name="required">false</option>
                  </options>
               </field>
               <field description="Index of the Investment product type file in the file list"
                      name="temp_index_investment_product_type"
                      type="int">
                  <options>
                     <option name="required">false</option>
                  </options>
               </field>
               <field description="Index of the Transactions file in the file list"
                      name="temp_index_transactions"
                      type="int">
                  <options>
                     <option name="required">false</option>
                  </options>
               </field>
               <field description="Index of the Holdings file in the file list"
                      name="temp_index_holdings"
                      type="int">
                  <options>
                     <option name="required">false</option>
                  </options>
               </field>
               <field description="Index of the Plans file in the file list"
                      name="temp_index_plans"
                      type="int">
                  <options>
                     <option name="required">false</option>
                  </options>
               </field>
               <field description="Index of the Clients file in the file list"
                      name="temp_index_clients"
                      type="int">
                  <options>
                     <option name="required">false</option>
                  </options>
               </field>
               <field description="Index of the Accounts file in the file list"
                      name="temp_index_accounts"
                      type="int">
                  <options>
                     <option name="required">false</option>
                  </options>
               </field>
            </tempFields>
            <notes/>
            <deployment suspendOnFault="false" tracingLevel="verbose">
               <event eventSource="fileListenerTask:fl_IAS_NBIN_2"/>
            </deployment>
            <flow id="a">
               <start id="b">
                  <link id="kmfjmr6d" targetId="kmfjmr6c"/>
               </start>
               <assignment id="kmfjmr6c">
                  <title>asgn_init_counters</title>
                  <operation source="formula" to="temp.temp_NbFiles">
                     <expression language="XQuery">list:count($input.fl_IAS_NBIN_2[1]/arrivedFiles) </expression>
                  </operation>
                  <operation source="constant" to="temp.temp_NbFiles_Current">0</operation>
                  <operation source="formula" to="temp.temp_NbFiles_Remaining">
                     <expression language="XQuery">list:count($input.fl_IAS_NBIN_2[1]/arrivedFiles) </expression>
                  </operation>
                  <operation source="formula" to="temp.temp_filename">
                     <expression language="XQuery">$input.fl_IAS_NBIN_2[1]/arrivedFiles[$temp.temp_NbFiles_Remaining ]/name </expression>
                  </operation>
                  <operation source="formula" to="temp.temp_filepath">
                     <expression language="XQuery">$input.fl_IAS_NBIN_2[1]/arrivedFiles[$temp.temp_NbFiles_Remaining ]/path </expression>
                  </operation>
                  <operation source="constant" to="temp.temp_index_cash_holding">-1</operation>
                  <operation source="constant" to="temp.temp_index_clients">-1</operation>
                  <operation source="constant" to="temp.temp_index_holdings">-1</operation>
                  <operation source="constant" to="temp.temp_index_investment_product_type">-1</operation>
                  <operation source="constant" to="temp.temp_index_plans">-1</operation>
                  <operation source="constant" to="temp.temp_index_transactions">-1</operation>
                  <operation source="constant" to="temp.temp_index_accounts">-1</operation>
                  <link id="kmfjmr6v" targetId="kmfjmr6u"/>
               </assignment>
               <container id="kmfjmr6u" type="exclusive">
                  <title>dcn_still_files</title>
                  <flow id="kmfjmr6y">
                     <container id="kmfjmr9f" type="exclusive">
                        <title>dcn_filename_taskflow</title>
                        <flow id="kmgloqkh">
                           <assignment id="kmgloqlh">
                              <title>asgn_Cash_Holding_Index</title>
                              <operation source="field" to="temp.temp_index_cash_holding">temp.temp_NbFiles_Remaining</operation>
                           </assignment>
                           <link id="kmgloqki" targetId="kmfjmr9f" type="containerLink"/>
                        </flow>
                        <flow id="kmgloqkj">
                           <assignment id="kmgloqm2">
                              <title>asgn_Holdings_Index</title>
                              <operation source="field" to="temp.temp_index_holdings">temp.temp_NbFiles_Remaining</operation>
                           </assignment>
                           <link id="kmgloqkk" targetId="kmfjmr9f" type="containerLink"/>
                        </flow>
                        <flow id="kmgloqkl">
                           <assignment id="kmgloqmn">
                              <title>asgn_Clients_Index</title>
                              <operation source="field" to="temp.temp_index_clients">temp.temp_NbFiles_Remaining</operation>
                           </assignment>
                           <link id="kmgloqkm" targetId="kmfjmr9f" type="containerLink"/>
                        </flow>
                        <flow id="kmgloqkn">
                           <assignment id="kmgloqn8">
                              <title>asgn_Accounts_Index</title>
                              <operation source="field" to="temp.temp_index_accounts">temp.temp_NbFiles_Remaining</operation>
                           </assignment>
                           <link id="kmgloqko" targetId="kmfjmr9f" type="containerLink"/>
                        </flow>
                        <flow id="kmgloqkp">
                           <assignment id="kmgloqnt">
                              <title>asgn_Investment_Product_Type_Index</title>
                              <operation source="field" to="temp.temp_index_investment_product_type">temp.temp_NbFiles_Remaining</operation>
                           </assignment>
                           <link id="kmgloqkq" targetId="kmfjmr9f" type="containerLink"/>
                        </flow>
                        <flow id="kmgloqkr">
                           <assignment id="kmgloqoe">
                              <title>asgn_Plans_Index</title>
                              <operation source="field" to="temp.temp_index_plans">temp.temp_NbFiles_Remaining</operation>
                           </assignment>
                           <link id="kmgloqks" targetId="kmfjmr9f" type="containerLink"/>
                        </flow>
                        <flow id="kmgloqkt">
                           <assignment id="kmgloqoz">
                              <title>asgn_BK_Transactions_Index</title>
                              <operation source="field" to="temp.temp_index_transactions">temp.temp_NbFiles_Remaining</operation>
                           </assignment>
                           <link id="kmgloqku" targetId="kmfjmr9f" type="containerLink"/>
                        </flow>
                        <flow id="kmgloqkv">
                           <link id="kmgloqkw" targetId="kmfjmr9f" type="containerLink"/>
                        </flow>
                        <link id="kmgloqk9" targetId="kmgloqkh" type="containerLink">
                           <condition source="formula">
                              <function name="starts-with">
                                 <arg name="left">{$temp.temp_filename}</arg>
                                 <arg name="right">CASH_HOLDINGS__</arg>
                              </function>
                           </condition>
                        </link>
                        <link id="kmgloqka" targetId="kmgloqkj" type="containerLink">
                           <condition source="formula">
                              <function name="starts-with">
                                 <arg name="left">{$temp.temp_filename}</arg>
                                 <arg name="right">HOLDINGS__</arg>
                              </function>
                           </condition>
                        </link>
                        <link id="kmgloqkb" targetId="kmgloqkl" type="containerLink">
                           <condition source="formula">
                              <function name="starts-with">
                                 <arg name="left">{$temp.temp_filename}</arg>
                                 <arg name="right">CLIENTS__</arg>
                              </function>
                           </condition>
                        </link>
                        <link id="kmgloqkc" targetId="kmgloqkn" type="containerLink">
                           <condition source="formula">
                              <function name="starts-with">
                                 <arg name="left">{$temp.temp_filename}</arg>
                                 <arg name="right">ACCOUNTS__</arg>
                              </function>
                           </condition>
                        </link>
                        <link id="kmgloqkd" targetId="kmgloqkp" type="containerLink">
                           <condition source="formula">
                              <function name="starts-with">
                                 <arg name="left">{$temp.temp_filename}</arg>
                                 <arg name="right">MARKETPRODUCTS__</arg>
                              </function>
                           </condition>
                        </link>
                        <link id="kmgloqke" targetId="kmgloqkr" type="containerLink">
                           <condition source="formula">
                              <function name="starts-with">
                                 <arg name="left">{$temp.temp_filename}</arg>
                                 <arg name="right">PLANS__</arg>
                              </function>
                           </condition>
                        </link>
                        <link id="kmgloqkf" targetId="kmgloqkt" type="containerLink">
                           <condition source="formula">
                              <function name="starts-with">
                                 <arg name="left">{$temp.temp_filename}</arg>
                                 <arg name="right">BK_TRANSACTIONS__</arg>
                              </function>
                           </condition>
                        </link>
                        <link id="kmgloqkg" targetId="kmgloqkv" type="containerLink"/>
                        <link id="kmfjmr9g" targetId="kmfjmr7l"/>
                     </container>
                     <assignment id="kmfjmr7l">
                        <title>asgn_update_counters</title>
                        <operation source="formula" to="temp.temp_NbFiles_Current">
                           <expression language="XQuery">$temp.temp_NbFiles_Current + 1</expression>
                        </operation>
                        <operation source="formula" to="temp.temp_NbFiles_Remaining">
                           <expression language="XQuery">$temp.temp_NbFiles_Remaining - 1</expression>
                        </operation>
                        <operation source="formula" to="temp.temp_filename">
                           <expression language="XQuery">$input.fl_IAS_NBIN_2[1]/arrivedFiles[$temp.temp_NbFiles_Remaining ]/name</expression>
                        </operation>
                        <operation source="formula" to="temp.temp_filepath">
                           <expression language="XQuery">$input.fl_IAS_NBIN_2[1]/arrivedFiles[$temp.temp_NbFiles_Remaining ]/path</expression>
                        </operation>
                        <link id="kmfjmr8x" targetId="kmfjmr8v"/>
                     </assignment>
                     <jumpTo id="kmfjmr8v">
                        <link id="kmfjmr8w" targetId="kmfjmr6u"/>
                     </jumpTo>
                  </flow>
                  <flow id="kmfjmr71">
                     <container id="kmglor3d" type="parallel">
                        <title>Loading IAS NBIN 20-30</title>
                        <flow id="kmglor3f">
                           <container id="kmglor4u" type="exclusive">
                              <title>dcn_cash_holding_received</title>
                              <flow id="kmgr29h2">
                                 <subflow id="kmgr2a7v">
                                    <title>Cash_Holdings</title>
                                    <subflowGUID>9wCqhaOrLkfeqHVwXTvJYK</subflowGUID>
                                    <subflowPath>tf_LoadRDV_20-30_PSA_IAS_NBIN_to_RDV_CASH_HOLDINGS</subflowPath>
                                    <runForEach>false</runForEach>
                                    <input>
                                       <parameter name="input_filename" source="formula" updatable="true">
                                          <expression language="XQuery">$input.fl_IAS_NBIN_2[1]/arrivedFiles[$temp.temp_index_cash_holding ]/name </expression>
                                       </parameter>
                                       <parameter name="input_filepath" source="formula" updatable="true">
                                          <expression language="XQuery">$input.fl_IAS_NBIN_2[1]/arrivedFiles[$temp.temp_index_cash_holding ]/path </expression>
                                       </parameter>
                                    </input>
                                    <outputDef/>
                                 </subflow>
                                 <link id="kmgr29h3" targetId="kmglor4u" type="containerLink"/>
                              </flow>
                              <flow id="kmgr29h4">
                                 <link id="kmgr29h5" targetId="kmglor4u" type="containerLink"/>
                              </flow>
                              <link id="kmgr29h0" targetId="kmgr29h2" type="containerLink">
                                 <condition source="formula">
                                    <function name="greater-than">
                                       <arg name="left">{$temp.temp_index_cash_holding}</arg>
                                       <arg name="right">{0}</arg>
                                    </function>
                                 </condition>
                              </link>
                              <link id="kmgr29h1" targetId="kmgr29h4" type="containerLink"/>
                           </container>
                           <link id="kmglor3g" targetId="kmglor3d" type="containerLink"/>
                        </flow>
                        <flow id="kmglor3i">
                           <container id="kmglor5u" type="exclusive">
                              <title>dcn_holding_received</title>
                              <flow id="kmgr29lt">
                                 <subflow id="kmhu3ghs">
                                    <title>Holdings</title>
                                    <subflowGUID>hnKeC3T84Silfj9iUmAbsC</subflowGUID>
                                    <subflowPath>tf_LoadRDV_20-30_PSA_IAS_NBIN_to_RDV_HOLDINGS</subflowPath>
                                    <runForEach>false</runForEach>
                                    <input>
                                       <parameter name="input_filename" source="formula" updatable="true">
                                          <expression language="XQuery">$input.fl_IAS_NBIN_2[1]/arrivedFiles[$temp.temp_index_holdings ]/name </expression>
                                       </parameter>
                                       <parameter name="input_filepath" source="formula" updatable="true">
                                          <expression language="XQuery">$input.fl_IAS_NBIN_2[1]/arrivedFiles[$temp.temp_index_holdings ]/path </expression>
                                       </parameter>
                                    </input>
                                    <outputDef/>
                                 </subflow>
                                 <link id="kmgr29lu" targetId="kmglor5u" type="containerLink"/>
                              </flow>
                              <flow id="kmgr29lv">
                                 <link id="kmgr29lw" targetId="kmglor5u" type="containerLink"/>
                              </flow>
                              <link id="kmgr29lr" targetId="kmgr29lt" type="containerLink">
                                 <condition source="formula">
                                    <function name="greater-than">
                                       <arg name="left">{$temp.temp_index_holdings}</arg>
                                       <arg name="right">{0}</arg>
                                    </function>
                                 </condition>
                              </link>
                              <link id="kmgr29ls" targetId="kmgr29lv" type="containerLink"/>
                           </container>
                           <link id="kmglor3j" targetId="kmglor3d" type="containerLink"/>
                        </flow>
                        <flow id="kmglor74">
                           <container id="kmglora2" type="exclusive">
                              <title>dcn_clients_received</title>
                              <flow id="kmgr29pp">
                                 <subflow id="kmhu3gte">
                                    <title>Clients</title>
                                    <subflowGUID>98mcwxqUFW8kOCK4XIbg2d</subflowGUID>
                                    <subflowPath>tf_LoadRDV_20-30_PSA_IAS_NBIN_to_RDV_SHARED_CLIENTS</subflowPath>
                                    <runForEach>false</runForEach>
                                    <input>
                                       <parameter name="input_filename" source="formula" updatable="true">
                                          <expression language="XQuery">$input.fl_IAS_NBIN_2[1]/arrivedFiles[$temp.temp_index_clients ]/name </expression>
                                       </parameter>
                                       <parameter name="input_filepath" source="formula" updatable="true">
                                          <expression language="XQuery">$input.fl_IAS_NBIN_2[1]/arrivedFiles[$temp.temp_index_clients ]/path </expression>
                                       </parameter>
                                    </input>
                                    <outputDef/>
                                 </subflow>
                                 <link id="kmgr29pq" targetId="kmglora2" type="containerLink"/>
                              </flow>
                              <flow id="kmgr29pr">
                                 <link id="kmgr29ps" targetId="kmglora2" type="containerLink"/>
                              </flow>
                              <link id="kmgr29pn" targetId="kmgr29pp" type="containerLink">
                                 <condition source="formula">
                                    <function name="greater-than">
                                       <arg name="left">{$temp.temp_index_clients}</arg>
                                       <arg name="right">{0}</arg>
                                    </function>
                                 </condition>
                              </link>
                              <link id="kmgr29po" targetId="kmgr29pr" type="containerLink"/>
                           </container>
                           <link id="kmglor75" targetId="kmglor3d" type="containerLink"/>
                        </flow>
                        <flow id="kmglor7n">
                           <container id="kmgloray" type="exclusive">
                              <title>dcn_accounts_received</title>
                              <flow id="kmgr29sq">
                                 <subflow id="kmhu3h4x">
                                    <title>Contracts</title>
                                    <subflowGUID>5LQ1ZvrWa6HhoEL2jmLnqm</subflowGUID>
                                    <subflowPath>tf_LoadRDV_20-30_PSA_IAS_NBIN_to_RDV_SHARED_CONTRACTS</subflowPath>
                                    <runForEach>false</runForEach>
                                    <input>
                                       <parameter name="input_filename" source="formula" updatable="true">
                                          <expression language="XQuery">$input.fl_IAS_NBIN_2[1]/arrivedFiles[$temp.temp_index_accounts ]/name </expression>
                                       </parameter>
                                       <parameter name="input_filepath" source="formula" updatable="true">
                                          <expression language="XQuery">$input.fl_IAS_NBIN_2[1]/arrivedFiles[$temp.temp_index_accounts ]/path </expression>
                                       </parameter>
                                    </input>
                                    <outputDef/>
                                 </subflow>
                                 <link id="kmgr29sr" targetId="kmgloray" type="containerLink"/>
                              </flow>
                              <flow id="kmgr29ss">
                                 <link id="kmgr29st" targetId="kmgloray" type="containerLink"/>
                              </flow>
                              <link id="kmgr29so" targetId="kmgr29sq" type="containerLink">
                                 <condition source="formula">
                                    <function name="greater-than">
                                       <arg name="left">{$temp.temp_index_accounts}</arg>
                                       <arg name="right">{0}</arg>
                                    </function>
                                 </condition>
                              </link>
                              <link id="kmgr29sp" targetId="kmgr29ss" type="containerLink"/>
                           </container>
                           <link id="kmglor7o" targetId="kmglor3d" type="containerLink"/>
                        </flow>
                        <flow id="kmglor87">
                           <container id="kmglorbw" type="exclusive">
                              <title>dcn_investment_product_type_received</title>
                              <flow id="kmgr29wm">
                                 <subflow id="kmhu3hgo">
                                    <title>Investment_product_types</title>
                                    <subflowGUID>7zEVkqtmxOPgmyxUA3EIyH</subflowGUID>
                                    <subflowPath>tf_LoadRDV_20-30_PSA_IAS_NBIN_to_RDV_SHARED_INVESTMENT_PRODUCT_TYPE</subflowPath>
                                    <runForEach>false</runForEach>
                                    <input>
                                       <parameter name="input_filename" source="formula" updatable="true">
                                          <expression language="XQuery">$input.fl_IAS_NBIN_2[1]/arrivedFiles[$temp.temp_index_investment_product_type ]/name </expression>
                                       </parameter>
                                       <parameter name="input_filepath" source="formula" updatable="true">
                                          <expression language="XQuery">$input.fl_IAS_NBIN_2[1]/arrivedFiles[$temp.temp_index_investment_product_type ]/path </expression>
                                       </parameter>
                                    </input>
                                    <outputDef/>
                                 </subflow>
                                 <link id="kmgr29wn" targetId="kmglorbw" type="containerLink"/>
                              </flow>
                              <flow id="kmgr29wo">
                                 <link id="kmgr29wp" targetId="kmglorbw" type="containerLink"/>
                              </flow>
                              <link id="kmgr29wk" targetId="kmgr29wm" type="containerLink">
                                 <condition source="formula">
                                    <function name="greater-than">
                                       <arg name="left">{$temp.temp_index_investment_product_type}</arg>
                                       <arg name="right">{0}</arg>
                                    </function>
                                 </condition>
                              </link>
                              <link id="kmgr29wl" targetId="kmgr29wo" type="containerLink"/>
                           </container>
                           <link id="kmglor88" targetId="kmglor3d" type="containerLink"/>
                        </flow>
                        <flow id="kmglor8s">
                           <container id="kmglorcw" type="exclusive">
                              <title>dcn_plans_received</title>
                              <flow id="kmgr2a0h">
                                 <subflow id="kmhu3hry">
                                    <title>Plans</title>
                                    <subflowGUID>dmwV7TMokgLlc2dreYDEEd</subflowGUID>
                                    <subflowPath>tf_LoadRDV_20-30_PSA_IAS_NBIN_to_RDV_SHARED_PLANS</subflowPath>
                                    <runForEach>false</runForEach>
                                    <input>
                                       <parameter name="input_filename" source="formula" updatable="true">
                                          <expression language="XQuery">$input.fl_IAS_NBIN_2[1]/arrivedFiles[$temp.temp_index_plans ]/name </expression>
                                       </parameter>
                                       <parameter name="input_filepath" source="formula" updatable="true">
                                          <expression language="XQuery">$input.fl_IAS_NBIN_2[1]/arrivedFiles[$temp.temp_index_plans ]/path </expression>
                                       </parameter>
                                    </input>
                                    <outputDef/>
                                 </subflow>
                                 <link id="kmgr2a0i" targetId="kmglorcw" type="containerLink"/>
                              </flow>
                              <flow id="kmgr2a0j">
                                 <link id="kmgr2a0k" targetId="kmglorcw" type="containerLink"/>
                              </flow>
                              <link id="kmgr2a0f" targetId="kmgr2a0h" type="containerLink">
                                 <condition source="formula">
                                    <function name="greater-than">
                                       <arg name="left">{$temp.temp_index_plans}</arg>
                                       <arg name="right">{0}</arg>
                                    </function>
                                 </condition>
                              </link>
                              <link id="kmgr2a0g" targetId="kmgr2a0j" type="containerLink"/>
                           </container>
                           <link id="kmglor8t" targetId="kmglor3d" type="containerLink"/>
                        </flow>
                        <flow id="kmglor9e">
                           <container id="kmglordy" type="exclusive">
                              <title>dcn_transactions_received</title>
                              <flow id="kmgr2a4c">
                                 <subflow id="kmhu3i3q">
                                    <title>BK_Transactions</title>
                                    <subflowGUID>jQXjliwLZW7fXUlUlGXRky</subflowGUID>
                                    <subflowPath>tf_LoadRDV_20-30_PSA_IAS_NBIN_to_RDV_TRANSACTIONS</subflowPath>
                                    <runForEach>false</runForEach>
                                    <input>
                                       <parameter name="input_filename" source="formula" updatable="true">
                                          <expression language="XQuery">$input.fl_IAS_NBIN_2[1]/arrivedFiles[$temp.temp_index_transactions ]/name </expression>
                                       </parameter>
                                       <parameter name="input_filepath" source="formula" updatable="true">
                                          <expression language="XQuery">$input.fl_IAS_NBIN_2[1]/arrivedFiles[$temp.temp_index_transactions ]/path </expression>
                                       </parameter>
                                    </input>
                                    <outputDef/>
                                 </subflow>
                                 <link id="kmgr2a4d" targetId="kmglordy" type="containerLink"/>
                              </flow>
                              <flow id="kmgr2a4e">
                                 <link id="kmgr2a4f" targetId="kmglordy" type="containerLink"/>
                              </flow>
                              <link id="kmgr2a4a" targetId="kmgr2a4c" type="containerLink">
                                 <condition source="formula">
                                    <function name="greater-than">
                                       <arg name="left">{$temp.temp_index_transactions}</arg>
                                       <arg name="right">{0}</arg>
                                    </function>
                                 </condition>
                              </link>
                              <link id="kmgr2a4b" targetId="kmgr2a4e" type="containerLink"/>
                           </container>
                           <link id="kmglor9f" targetId="kmglor3d" type="containerLink"/>
                        </flow>
                        <link id="kmglor3e" targetId="kmglor3f" type="containerLink"/>
                        <link id="kmglor3h" targetId="kmglor3i" type="containerLink"/>
                        <link id="kmglor73" targetId="kmglor74" type="containerLink"/>
                        <link id="kmglor7m" targetId="kmglor7n" type="containerLink"/>
                        <link id="kmglor86" targetId="kmglor87" type="containerLink"/>
                        <link id="kmglor8r" targetId="kmglor8s" type="containerLink"/>
                        <link id="kmglor9d" targetId="kmglor9e" type="containerLink"/>
                     </container>
                     <link id="kmfjmr72" targetId="kmfjmr6u" type="containerLink"/>
                  </flow>
                  <link id="kmfjmr6x" targetId="kmfjmr6y" type="containerLink">
                     <condition source="formula">
                        <function name="greater-than">
                           <arg name="left">{$temp.temp_NbFiles_Remaining}</arg>
                           <arg name="right">{0}</arg>
                        </function>
                     </condition>
                  </link>
                  <link id="kmfjmr70" targetId="kmfjmr71" type="containerLink"/>
                  <link id="kmfjmr6w" targetId="c"/>
               </container>
               <end id="c"/>
            </flow>
            <dependencies>
               <processObject xmlns="http://schemas.active-endpoints.com/appmodules/screenflow/2011/06/avosHostEnvironment.xsd"
                              displayName="INTERNALB2BFILELISTENER1565084895"
                              isByCopy="true"
                              name="INTERNALB2BFILELISTENER1565084895">
                  <description>This process object represents a taskflow specific file task field details.</description>
                  <tags/>
                  <detail>
                     <field label="Arrived Files"
                            name="arrivedFiles"
                            nullable="true"
                            required="false"
                            type="objectlist">
                        <options>
                           <option name="referenceTo">$po:INTERNALB2BFILELISTENER1565084895-arrivedFiles</option>
                           <option name="relationshipName">Child</option>
                           <option hide="true" name="multiSelect">true</option>
                           <option name="required">false</option>
                        </options>
                     </field>
                     <field label="Update Files"
                            name="updatedFiles"
                            nullable="true"
                            required="false"
                            type="objectlist">
                        <options>
                           <option name="referenceTo">$po:INTERNALB2BFILELISTENER1565084895-updatedFiles</option>
                           <option name="relationshipName">Child</option>
                           <option hide="true" name="multiSelect">true</option>
                           <option name="required">false</option>
                        </options>
                     </field>
                     <field label="Deleted Files"
                            name="deletedFiles"
                            nullable="true"
                            required="false"
                            type="objectlist">
                        <options>
                           <option name="referenceTo">$po:INTERNALB2BFILELISTENER1565084895-deletedFiles</option>
                           <option name="relationshipName">Child</option>
                           <option hide="true" name="multiSelect">true</option>
                           <option name="required">false</option>
                        </options>
                     </field>
                  </detail>
               </processObject>
               <processObject xmlns="http://schemas.active-endpoints.com/appmodules/screenflow/2011/06/avosHostEnvironment.xsd"
                              displayName="INTERNALB2BFILELISTENER1565084895-arrivedFiles"
                              isByCopy="true"
                              name="INTERNALB2BFILELISTENER1565084895-arrivedFiles">
                  <description>This process object represents a arrivedFiles structure of the file task field.This is in case of taskflow.</description>
                  <tags/>
                  <detail>
                     <field label="Path"
                            name="path"
                            nullable="true"
                            required="false"
                            type="string"/>
                     <field label="Name"
                            name="name"
                            nullable="true"
                            required="false"
                            type="string"/>
                     <field label="Size"
                            name="size"
                            nullable="true"
                            required="false"
                            type="string"/>
                     <field label="Last Modified"
                            name="lastModified"
                            nullable="true"
                            required="false"
                            type="string"/>
                  </detail>
               </processObject>
               <processObject xmlns="http://schemas.active-endpoints.com/appmodules/screenflow/2011/06/avosHostEnvironment.xsd"
                              displayName="INTERNALB2BFILELISTENER1565084895-updatedFiles"
                              isByCopy="true"
                              name="INTERNALB2BFILELISTENER1565084895-updatedFiles">
                  <description>This process object represents a updatedFiles structure of the file task field.This is in case of taskflow.</description>
                  <tags/>
                  <detail>
                     <field label="Path"
                            name="path"
                            nullable="true"
                            required="false"
                            type="string"/>
                     <field label="Name"
                            name="name"
                            nullable="true"
                            required="false"
                            type="string"/>
                     <field label="Size"
                            name="size"
                            nullable="true"
                            required="false"
                            type="string"/>
                     <field label="Last Modified"
                            name="lastModified"
                            nullable="true"
                            required="false"
                            type="string"/>
                  </detail>
               </processObject>
               <processObject xmlns="http://schemas.active-endpoints.com/appmodules/screenflow/2011/06/avosHostEnvironment.xsd"
                              displayName="INTERNALB2BFILELISTENER1565084895-deletedFiles"
                              isByCopy="true"
                              name="INTERNALB2BFILELISTENER1565084895-deletedFiles">
                  <description>This process object represents file listener task deletedFiles structure.This is in case of taskflow.</description>
                  <tags/>
                  <detail>
                     <field label="Path"
                            name="path"
                            nullable="true"
                            required="false"
                            type="string"/>
                     <field label="Name"
                            name="name"
                            nullable="true"
                            required="false"
                            type="string"/>
                     <field label="Size"
                            name="size"
                            nullable="true"
                            required="false"
                            type="string"/>
                     <field label="Last Modified"
                            name="lastModified"
                            nullable="true"
                            required="false"
                            type="string"/>
                  </detail>
               </processObject>
            </dependencies>
         </taskflow>
      </types1:Entry>
      <types1:GUID>8XXYjNXr9gYcyeR0KURR6R</types1:GUID>
      <types1:DisplayName>tf_LoadRDV_10-30_PSA_IAS_NBIN_to_RDV_Synchronization</types1:DisplayName>
   </types1:Item>
   <types1:CurrentServerDateTime>2023-01-19T13:41:47.728Z</types1:CurrentServerDateTime>
</aetgt:getResponse>
