<aetgt:getResponse xmlns:aetgt="http://schemas.active-endpoints.com/appmodules/repository/2010/10/avrepository.xsd"
                   xmlns:types1="http://schemas.active-endpoints.com/appmodules/repository/2010/10/avrepository.xsd">
   <types1:Item>
      <types1:EntryId>oNA0nYNmumf6S3w-gt-1842009-2021-06-09T19:47:55.237Z::tf.xml</types1:EntryId>
      <types1:Name>tf_LoadRDV_20-30_PSA_IAS_NBIN_to_RDV_TRANSACTIONS</types1:Name>
      <types1:MimeType>application/xml+taskflow</types1:MimeType>
      <types1:Description/>
      <types1:AppliesTo/>
      <types1:Tags/>
      <types1:VersionLabel>1.0</types1:VersionLabel>
      <types1:State>CURRENT</types1:State>
      <types1:ProcessGroup/>
      <types1:CreatedBy>vinita.singh.adm@ia.ca</types1:CreatedBy>
      <types1:CreationDate>2021-06-09T19:47:55Z</types1:CreationDate>
      <types1:ModifiedBy>vinita.singh.adm@ia.ca</types1:ModifiedBy>
      <types1:ModificationDate>2021-06-14T15:17:31Z</types1:ModificationDate>
      <types1:PublicationStatus>published</types1:PublicationStatus>
      <types1:PublishedBy>jihed.laamiri.adm@ia.ca</types1:PublishedBy>
      <types1:PublicationDate>2021-06-22T22:37:48Z</types1:PublicationDate>
      <types1:PublishedContributionId>project:/tf.tf_LoadRDV_20-30_PSA_IAS_NBIN_to_RDV_TRANSACTIONS/tf_LoadRDV_20-30_PSA_IAS_NBIN_to_RDV_TRANSACTIONS.tf.xml</types1:PublishedContributionId>
      <types1:AutosaveExists>false</types1:AutosaveExists>
      <types1:Entry>
         <taskflow xmlns="http://schemas.active-endpoints.com/appmodules/screenflow/2010/10/avosScreenflow.xsd"
                   xmlns:list="urn:activevos:spi:list:functions"
                   displayName="tf_LoadRDV_20-30_PSA_IAS_NBIN_to_RDV_TRANSACTIONS"
                   name="tf_LoadRDV_20-30_PSA_IAS_NBIN_to_RDV_TRANSACTIONS"
                   overrideAPIName="true">
            <appliesTo/>
            <description/>
            <tags/>
            <generator>Informatica Process Designer 11</generator>
            <input>
               <parameter description="Name of the file to be loaded"
                          name="input_filename"
                          required="true"
                          type="string">
                  <options>
                     <option name="required">false</option>
                  </options>
               </parameter>
               <parameter description="Path of the file to be loaded"
                          name="input_filepath"
                          required="true"
                          type="string">
                  <options>
                     <option name="required">false</option>
                  </options>
               </parameter>
            </input>
            <tempFields>
               <field description="Filename of the file detected by the filelistener"
                      name="temp_filename"
                      type="string">
                  <options>
                     <option name="required">false</option>
                  </options>
               </field>
               <field description="Data start date : extracted from the filename"
                      name="temp_dataStartDate"
                      type="date">
                  <options>
                     <option name="required">false</option>
                  </options>
               </field>
               <field description="" name="temp_JobName" type="string">
                  <options>
                     <option name="required">false</option>
                  </options>
               </field>
               <field description="" name="temp_tf_Audit_ID" type="string">
                  <options>
                     <option name="required">false</option>
                  </options>
               </field>
               <field description="" name="dt_Audit_StartJob" type="reference">
                  <options>
                     <option name="referenceTo">$po:mt-Audit-StartJob</option>
                     <option name="failOnNotRun">false</option>
                     <option name="failOnFault">false</option>
                  </options>
               </field>
               <field description=""
                      name="mt_LoadSTG_PSA_IAS_NBIN_To_STG_FINANCIAL_TRANSACTIONS_IAVMBK"
                      type="reference">
                  <options>
                     <option name="referenceTo">$po:mt-LoadSTG-PSA-IAS-NBIN-To-STG-FINANCIAL-TRANSACTIONS-IAVMBK</option>
                     <option name="failOnNotRun">false</option>
                     <option name="failOnFault">false</option>
                  </options>
               </field>
               <field description="" name="dt_Audit_EndJob" type="reference">
                  <options>
                     <option name="referenceTo">$po:mt-audit-EndJob</option>
                     <option name="failOnNotRun">false</option>
                     <option name="failOnFault">false</option>
                  </options>
               </field>
               <field description="" name="mt_STG_count" type="reference">
                  <options>
                     <option name="failOnNotRun">false</option>
                     <option name="failOnFault">false</option>
                     <option name="referenceTo">$po:mt-STG-count</option>
                  </options>
               </field>
               <field description=""
                      name="mt_LoadRDV_STG_IAS_FINANCIAL_TRANSACTIONS_IAVMBK_To_LINK_FINANCIAL_TRANSACTION_RR"
                      type="reference">
                  <options>
                     <option name="referenceTo">$po:mt-LoadRDV-STG-IAS-FINANCIAL-TRANSACTIONS-IAVMBK-To-LINK-FINANCIAL-TRANSACTION-RR</option>
                  </options>
               </field>
               <field description=""
                      name="mt_LoadRDV_STG_IAS_TRANSACTIONS_IAVMBK_To_SAT_LINK_FINANCIAL_TRANSACTION_RR_IAS_NBIN_IAVMBK_Insert"
                      type="reference">
                  <options>
                     <option name="referenceTo">$po:mt-LoadRDV-STG-IAS-TRANSACTIONS-IAVMBK-To-SAT-LINK-FINANCIAL-TRANSACTION-RR-IAS-NBIN-IAVMBK-Insert</option>
                  </options>
               </field>
            </tempFields>
            <notes/>
            <deployment suspendOnFault="false" tracingLevel="verbose">
               <rest/>
            </deployment>
            <flow id="a">
               <start id="b">
                  <link id="kmukng32" targetId="kmukng31"/>
               </start>
               <assignment id="kmukng31">
                  <title>asgn_Filename</title>
                  <operation source="field" to="temp.temp_filename">input.input_filename</operation>
                  <link id="kmukng3j" targetId="kmukng3i"/>
               </assignment>
               <container id="kmukng3i" type="exclusive">
                  <title>Dcn_TransactionsFiles</title>
                  <flow id="kmukng3m">
                     <assignment id="kmukng4j">
                        <title>asgn_StartJob_Parameters</title>
                        <operation source="formula" to="temp.temp_dataStartDate">
                           <expression language="XQuery">fn:concat('''',fn:substring-before(fn:substring-after($temp.temp_filename , '__'), '.'),'''')</expression>
                        </operation>
                        <operation source="formula" to="temp.temp_JobName">
                           <expression language="XQuery">fn:concat("'",util:getAssetName(),"'")</expression>
                        </operation>
                        <operation source="formula" to="temp.temp_tf_Audit_ID">
                           <expression language="XQuery">fn:concat("'",util:getAssetName(),"-", util:getProcessId(),"'")</expression>
                        </operation>
                        <operation source="constant" to="temp.dt_Audit_StartJob[1]/inout[1]/io_Result">ERROR</operation>
                        <operation source="constant" to="temp.mt_STG_count[1]/inout[1]/io_rowCount">0</operation>
                        <link id="kmukng4z" targetId="knqbvr8a"/>
                     </assignment>
                     <eventContainer id="knqbvr8a">
                        <service id="kmukng4y">
                           <title>dt_Audit_StartJob</title>
                           <serviceName>ICSExecuteDataTask</serviceName>
                           <serviceGUID/>
                           <serviceInput>
                              <parameter name="Wait for Task to Complete" source="constant" updatable="true">true</parameter>
                              <parameter name="Max Wait" source="constant" updatable="true">604800</parameter>
                              <parameter name="Task Name" source="constant" updatable="true">mt_Audit_StartJob</parameter>
                              <parameter name="GUID" source="constant" updatable="true">af8s0srha2VfTcUfkjfOis</parameter>
                              <parameter name="Task Type" source="constant" updatable="true">MCT</parameter>
                              <parameter name="Has Inout Parameters" source="constant" updatable="true">true</parameter>
                              <parameter name="taskField" source="nested">
                                 <operation source="field" to="mt-Audit-StartJob">temp.dt_Audit_StartJob</operation>
                                 <operation source="field" to="mt-Audit-StartJob/inout[1]/io_JOB_AUDIT_ID">temp.temp_tf_Audit_ID</operation>
                                 <operation source="field" to="mt-Audit-StartJob/inout[1]/io_JOB_NAME">temp.temp_JobName</operation>
                                 <operation source="field" to="mt-Audit-StartJob/inout[1]/io_JOB_START_DT">temp.temp_dataStartDate</operation>
                              </parameter>
                           </serviceInput>
                           <serviceOutput>
                              <operation source="field" to="temp.dt_Audit_StartJob/output/Object_Name">Object Name</operation>
                              <operation source="field" to="temp.dt_Audit_StartJob/output/Run_Id">Run Id</operation>
                              <operation source="field" to="temp.dt_Audit_StartJob/output/Log_Id">Log Id</operation>
                              <operation source="field" to="temp.dt_Audit_StartJob/output/Task_Id">Task Id</operation>
                              <operation source="field" to="temp.dt_Audit_StartJob/output/Task_Status">Task Status</operation>
                              <operation source="field" to="temp.dt_Audit_StartJob/output/Success_Source_Rows">Success Source Rows</operation>
                              <operation source="field" to="temp.dt_Audit_StartJob/output/Failed_Source_Rows">Failed Source Rows</operation>
                              <operation source="field" to="temp.dt_Audit_StartJob/output/Success_Target_Rows">Success Target Rows</operation>
                              <operation source="field" to="temp.dt_Audit_StartJob/output/Failed_Target_Rows">Failed Target Rows</operation>
                              <operation source="field" to="temp.dt_Audit_StartJob/output/Start_Time">Start Time</operation>
                              <operation source="field" to="temp.dt_Audit_StartJob/output/End_Time">End Time</operation>
                              <operation source="field" to="temp.dt_Audit_StartJob/output/Error_Message">Error Message</operation>
                              <operation source="field" to="temp.dt_Audit_StartJob/inout/io_Result">io_Result</operation>
                              <operation source="field" to="temp.dt_Audit_StartJob/inout/io_JOB_START_DT">io_JOB_START_DT</operation>
                              <operation source="field" to="temp.dt_Audit_StartJob/inout/io_JOB_NAME">io_JOB_NAME</operation>
                              <operation source="field" to="temp.dt_Audit_StartJob/inout/io_JOB_AUDIT_ID">io_JOB_AUDIT_ID</operation>
                           </serviceOutput>
                        </service>
                        <link id="kmukng5z" targetId="kmukng5c"/>
                        <events>
                           <catch faultField="temp.dt_Audit_StartJob/fault"
                                  id="knqbvr88"
                                  interrupting="true"
                                  name="error">
                              <suspend/>
                           </catch>
                           <catch faultField="temp.dt_Audit_StartJob/fault"
                                  id="knqbvr89"
                                  interrupting="true"
                                  name="warning"/>
                        </events>
                     </eventContainer>
                     <container id="kmukng5c" type="exclusive">
                        <title>dcn_StartJob_Result</title>
                        <flow id="kmukng5d">
                           <eventContainer id="kmukng5e">
                              <service id="kmukng5f">
                                 <title>mt_LoadSTG_PSA_IAS_NBIN_To_STG_FINANCIAL_TRANSACTIONS_IAVMBK</title>
                                 <serviceName>ICSExecuteDataTask</serviceName>
                                 <serviceGUID/>
                                 <serviceInput>
                                    <parameter name="Wait for Task to Complete" source="constant" updatable="true">true</parameter>
                                    <parameter name="Max Wait" source="constant" updatable="true">604800</parameter>
                                    <parameter name="Task Name" source="constant" updatable="true">mt_LoadSTG_PSA_IAS_NBIN_To_STG_FINANCIAL_TRANSACTIONS_IAVMBK</parameter>
                                    <parameter name="GUID" source="constant" updatable="true">0KKEtmX2CCChhCaBXJ9Bq5</parameter>
                                    <parameter name="Task Type" source="constant" updatable="true">MCT</parameter>
                                    <parameter name="Has Inout Parameters" source="constant" updatable="true">false</parameter>
                                    <parameter name="taskField" source="nested">
                                       <operation source="field"
                                                  to="mt-LoadSTG-PSA-IAS-NBIN-To-STG-FINANCIAL-TRANSACTIONS-IAVMBK">temp.mt_LoadSTG_PSA_IAS_NBIN_To_STG_FINANCIAL_TRANSACTIONS_IAVMBK</operation>
                                       <operation source="formula"
                                                  to="mt-LoadSTG-PSA-IAS-NBIN-To-STG-FINANCIAL-TRANSACTIONS-IAVMBK/inout[1]/io_PATH">
                                          <expression language="XQuery">fn:replace($input.input_filepath  , fn:concat('/', $input.input_filename  ), '')</expression>
                                       </operation>
                                    </parameter>
                                 </serviceInput>
                                 <serviceOutput>
                                    <operation source="field"
                                               to="temp.mt_LoadSTG_PSA_IAS_NBIN_To_STG_FINANCIAL_TRANSACTIONS_IAVMBK/output/Object_Name">Object Name</operation>
                                    <operation source="field"
                                               to="temp.mt_LoadSTG_PSA_IAS_NBIN_To_STG_FINANCIAL_TRANSACTIONS_IAVMBK/output/Run_Id">Run Id</operation>
                                    <operation source="field"
                                               to="temp.mt_LoadSTG_PSA_IAS_NBIN_To_STG_FINANCIAL_TRANSACTIONS_IAVMBK/output/Log_Id">Log Id</operation>
                                    <operation source="field"
                                               to="temp.mt_LoadSTG_PSA_IAS_NBIN_To_STG_FINANCIAL_TRANSACTIONS_IAVMBK/output/Task_Id">Task Id</operation>
                                    <operation source="field"
                                               to="temp.mt_LoadSTG_PSA_IAS_NBIN_To_STG_FINANCIAL_TRANSACTIONS_IAVMBK/output/Task_Status">Task Status</operation>
                                    <operation source="field"
                                               to="temp.mt_LoadSTG_PSA_IAS_NBIN_To_STG_FINANCIAL_TRANSACTIONS_IAVMBK/output/Success_Source_Rows">Success Source Rows</operation>
                                    <operation source="field"
                                               to="temp.mt_LoadSTG_PSA_IAS_NBIN_To_STG_FINANCIAL_TRANSACTIONS_IAVMBK/output/Failed_Source_Rows">Failed Source Rows</operation>
                                    <operation source="field"
                                               to="temp.mt_LoadSTG_PSA_IAS_NBIN_To_STG_FINANCIAL_TRANSACTIONS_IAVMBK/output/Success_Target_Rows">Success Target Rows</operation>
                                    <operation source="field"
                                               to="temp.mt_LoadSTG_PSA_IAS_NBIN_To_STG_FINANCIAL_TRANSACTIONS_IAVMBK/output/Failed_Target_Rows">Failed Target Rows</operation>
                                    <operation source="field"
                                               to="temp.mt_LoadSTG_PSA_IAS_NBIN_To_STG_FINANCIAL_TRANSACTIONS_IAVMBK/output/Start_Time">Start Time</operation>
                                    <operation source="field"
                                               to="temp.mt_LoadSTG_PSA_IAS_NBIN_To_STG_FINANCIAL_TRANSACTIONS_IAVMBK/output/End_Time">End Time</operation>
                                    <operation source="field"
                                               to="temp.mt_LoadSTG_PSA_IAS_NBIN_To_STG_FINANCIAL_TRANSACTIONS_IAVMBK/output/Error_Message">Error Message</operation>
                                 </serviceOutput>
                              </service>
                              <link id="knqo5o9f" targetId="knqo5ob0"/>
                              <events>
                                 <catch faultField="temp.mt_LoadSTG_PSA_IAS_NBIN_To_STG_FINANCIAL_TRANSACTIONS_IAVMBK/fault"
                                        id="kgcs1bic"
                                        interrupting="true"
                                        name="error">
                                    <suspend/>
                                 </catch>
                                 <catch faultField="temp.mt_LoadSTG_PSA_IAS_NBIN_To_STG_FINANCIAL_TRANSACTIONS_IAVMBK/fault"
                                        id="kgcs1bid"
                                        interrupting="true"
                                        name="warning"/>
                              </events>
                           </eventContainer>
                           <eventContainer id="knqo5ob0">
                              <service id="knqo5o9e">
                                 <title>mt_STG_count</title>
                                 <serviceName>ICSExecuteDataTask</serviceName>
                                 <serviceGUID/>
                                 <serviceInput>
                                    <parameter name="Wait for Task to Complete" source="constant" updatable="true">true</parameter>
                                    <parameter name="Max Wait" source="constant" updatable="true">604800</parameter>
                                    <parameter name="Task Name" source="constant" updatable="true">mt_STG_count</parameter>
                                    <parameter name="GUID" source="constant" updatable="true">hgKJrX13HumkzA0KlEzbc2</parameter>
                                    <parameter name="Task Type" source="constant" updatable="true">MCT</parameter>
                                    <parameter name="Has Inout Parameters" source="constant" updatable="true">true</parameter>
                                    <parameter name="taskField" source="nested">
                                       <operation source="field" to="mt-STG-count">temp.mt_STG_count</operation>
                                       <operation source="field" to="mt-STG-count/input[1]/i_Job_name">temp.temp_JobName</operation>
                                       <operation source="field" to="mt-STG-count/input[1]/i_job_start_date">temp.temp_dataStartDate</operation>
                                    </parameter>
                                 </serviceInput>
                                 <serviceOutput>
                                    <operation source="field" to="temp.mt_STG_count/output/Object_Name">Object Name</operation>
                                    <operation source="field" to="temp.mt_STG_count/output/Run_Id">Run Id</operation>
                                    <operation source="field" to="temp.mt_STG_count/output/Log_Id">Log Id</operation>
                                    <operation source="field" to="temp.mt_STG_count/output/Task_Id">Task Id</operation>
                                    <operation source="field" to="temp.mt_STG_count/output/Task_Status">Task Status</operation>
                                    <operation source="field" to="temp.mt_STG_count/output/Success_Source_Rows">Success Source Rows</operation>
                                    <operation source="field" to="temp.mt_STG_count/output/Failed_Source_Rows">Failed Source Rows</operation>
                                    <operation source="field" to="temp.mt_STG_count/output/Success_Target_Rows">Success Target Rows</operation>
                                    <operation source="field" to="temp.mt_STG_count/output/Failed_Target_Rows">Failed Target Rows</operation>
                                    <operation source="field" to="temp.mt_STG_count/output/Start_Time">Start Time</operation>
                                    <operation source="field" to="temp.mt_STG_count/output/End_Time">End Time</operation>
                                    <operation source="field" to="temp.mt_STG_count/output/Error_Message">Error Message</operation>
                                    <operation source="field" to="temp.mt_STG_count/inout/io_rowCount">io_rowCount</operation>
                                 </serviceOutput>
                              </service>
                              <link id="knqo5o9q" targetId="knqo5o9p"/>
                              <events>
                                 <catch faultField="temp.mt_STG_count/fault"
                                        id="knqo5oay"
                                        interrupting="true"
                                        name="error">
                                    <suspend/>
                                 </catch>
                                 <catch faultField="temp.mt_STG_count/fault"
                                        id="knqo5oaz"
                                        interrupting="true"
                                        name="warning"/>
                              </events>
                           </eventContainer>
                           <eventContainer id="knqbvr95">
                              <service id="kmukng5n">
                                 <title>dt_Audit_EndJob</title>
                                 <serviceName>ICSExecuteDataTask</serviceName>
                                 <serviceGUID/>
                                 <serviceInput>
                                    <parameter name="Wait for Task to Complete" source="constant" updatable="true">true</parameter>
                                    <parameter name="Max Wait" source="constant" updatable="true">604800</parameter>
                                    <parameter name="Task Name" source="constant" updatable="true">mt_audit_EndJob</parameter>
                                    <parameter name="GUID" source="constant" updatable="true">afq8ttlPOkqfzrA7F5BNel</parameter>
                                    <parameter name="Task Type" source="constant" updatable="true">MCT</parameter>
                                    <parameter name="Has Inout Parameters" source="constant" updatable="true">true</parameter>
                                    <parameter name="taskField" source="nested">
                                       <operation source="field" to="mt-audit-EndJob">temp.dt_Audit_EndJob</operation>
                                       <operation source="field" to="mt-audit-EndJob/inout[1]/io_jobAuditID">temp.temp_tf_Audit_ID</operation>
                                       <operation source="constant" to="mt-audit-EndJob/inout[1]/io_jobEndDesc">Successful execution</operation>
                                       <operation source="constant" to="mt-audit-EndJob/inout[1]/io_jobEndStatus">SUCCESS</operation>
                                       <operation source="field" to="mt-audit-EndJob/inout[1]/io_jobName">temp.temp_JobName</operation>
                                       <operation source="field" to="mt-audit-EndJob/inout[1]/io_jobStartDate">temp.temp_dataStartDate</operation>
                                    </parameter>
                                 </serviceInput>
                                 <serviceOutput>
                                    <operation source="field" to="temp.dt_Audit_EndJob/output/Object_Name">Object Name</operation>
                                    <operation source="field" to="temp.dt_Audit_EndJob/output/Run_Id">Run Id</operation>
                                    <operation source="field" to="temp.dt_Audit_EndJob/output/Log_Id">Log Id</operation>
                                    <operation source="field" to="temp.dt_Audit_EndJob/output/Task_Id">Task Id</operation>
                                    <operation source="field" to="temp.dt_Audit_EndJob/output/Task_Status">Task Status</operation>
                                    <operation source="field" to="temp.dt_Audit_EndJob/output/Success_Source_Rows">Success Source Rows</operation>
                                    <operation source="field" to="temp.dt_Audit_EndJob/output/Failed_Source_Rows">Failed Source Rows</operation>
                                    <operation source="field" to="temp.dt_Audit_EndJob/output/Success_Target_Rows">Success Target Rows</operation>
                                    <operation source="field" to="temp.dt_Audit_EndJob/output/Failed_Target_Rows">Failed Target Rows</operation>
                                    <operation source="field" to="temp.dt_Audit_EndJob/output/Start_Time">Start Time</operation>
                                    <operation source="field" to="temp.dt_Audit_EndJob/output/End_Time">End Time</operation>
                                    <operation source="field" to="temp.dt_Audit_EndJob/output/Error_Message">Error Message</operation>
                                    <operation source="field" to="temp.dt_Audit_EndJob/inout/io_Result">io_Result</operation>
                                    <operation source="field" to="temp.dt_Audit_EndJob/inout/io_jobName">io_jobName</operation>
                                    <operation source="field" to="temp.dt_Audit_EndJob/inout/io_jobAuditID">io_jobAuditID</operation>
                                    <operation source="field" to="temp.dt_Audit_EndJob/inout/io_jobStartDate">io_jobStartDate</operation>
                                    <operation source="field" to="temp.dt_Audit_EndJob/inout/io_jobEndStatus">io_jobEndStatus</operation>
                                    <operation source="field" to="temp.dt_Audit_EndJob/inout/io_jobEndDesc">io_jobEndDesc</operation>
                                 </serviceOutput>
                              </service>
                              <events>
                                 <catch faultField="temp.dt_Audit_EndJob/fault"
                                        id="knqbvr93"
                                        interrupting="true"
                                        name="error">
                                    <suspend/>
                                 </catch>
                                 <catch faultField="temp.dt_Audit_EndJob/fault"
                                        id="knqbvr94"
                                        interrupting="true"
                                        name="warning"/>
                              </events>
                           </eventContainer>
                           <container id="knqo5o9p" type="exclusive">
                              <title>dcn_row_count</title>
                              <flow id="knqo5o9t">
                                 <container id="knqo5oa7" type="parallel">
                                    <title>Parallel_LoadRdv</title>
                                    <flow id="knqo5oa8">
                                       <eventContainer id="knqo5oa9">
                                          <service id="knqo5oaa">
                                             <title>mt_LoadRDV_STG_IAS_FINANCIAL_TRANSACTIONS_IAVMBK_To_LINK_FINANCIAL_TRANSACTION_RR</title>
                                             <serviceName>ICSExecuteDataTask</serviceName>
                                             <serviceGUID/>
                                             <serviceInput>
                                                <parameter name="Wait for Task to Complete" source="constant" updatable="true">true</parameter>
                                                <parameter name="Max Wait" source="constant" updatable="true">604800</parameter>
                                                <parameter name="Task Name" source="constant" updatable="true">mt_LoadRDV_STG_IAS_FINANCIAL_TRANSACTIONS_IAVMBK_To_LINK_FINANCIAL_TRANSACTION_RR</parameter>
                                                <parameter name="GUID" source="constant" updatable="true">6mW6LQSmnJ8h1WzlCMZA2p</parameter>
                                                <parameter name="Task Type" source="constant" updatable="true">MCT</parameter>
                                                <parameter name="Has Inout Parameters" source="constant" updatable="true">false</parameter>
                                                <parameter name="taskField" source="nested">
                                                   <operation source="field"
                                                              to="mt-LoadRDV-STG-IAS-FINANCIAL-TRANSACTIONS-IAVMBK-To-LINK-FINANCIAL-TRANSACTION-RR">temp.mt_LoadRDV_STG_IAS_FINANCIAL_TRANSACTIONS_IAVMBK_To_LINK_FINANCIAL_TRANSACTION_RR</operation>
                                                   <operation source="field"
                                                              to="mt-LoadRDV-STG-IAS-FINANCIAL-TRANSACTIONS-IAVMBK-To-LINK-FINANCIAL-TRANSACTION-RR/inout[1]/io_tf_Audit_ID">temp.temp_tf_Audit_ID</operation>
                                                </parameter>
                                             </serviceInput>
                                             <serviceOutput>
                                                <operation source="field"
                                                           to="temp.mt_LoadRDV_STG_IAS_FINANCIAL_TRANSACTIONS_IAVMBK_To_LINK_FINANCIAL_TRANSACTION_RR/output/Object_Name">Object Name</operation>
                                                <operation source="field"
                                                           to="temp.mt_LoadRDV_STG_IAS_FINANCIAL_TRANSACTIONS_IAVMBK_To_LINK_FINANCIAL_TRANSACTION_RR/output/Run_Id">Run Id</operation>
                                                <operation source="field"
                                                           to="temp.mt_LoadRDV_STG_IAS_FINANCIAL_TRANSACTIONS_IAVMBK_To_LINK_FINANCIAL_TRANSACTION_RR/output/Log_Id">Log Id</operation>
                                                <operation source="field"
                                                           to="temp.mt_LoadRDV_STG_IAS_FINANCIAL_TRANSACTIONS_IAVMBK_To_LINK_FINANCIAL_TRANSACTION_RR/output/Task_Id">Task Id</operation>
                                                <operation source="field"
                                                           to="temp.mt_LoadRDV_STG_IAS_FINANCIAL_TRANSACTIONS_IAVMBK_To_LINK_FINANCIAL_TRANSACTION_RR/output/Task_Status">Task Status</operation>
                                                <operation source="field"
                                                           to="temp.mt_LoadRDV_STG_IAS_FINANCIAL_TRANSACTIONS_IAVMBK_To_LINK_FINANCIAL_TRANSACTION_RR/output/Success_Source_Rows">Success Source Rows</operation>
                                                <operation source="field"
                                                           to="temp.mt_LoadRDV_STG_IAS_FINANCIAL_TRANSACTIONS_IAVMBK_To_LINK_FINANCIAL_TRANSACTION_RR/output/Failed_Source_Rows">Failed Source Rows</operation>
                                                <operation source="field"
                                                           to="temp.mt_LoadRDV_STG_IAS_FINANCIAL_TRANSACTIONS_IAVMBK_To_LINK_FINANCIAL_TRANSACTION_RR/output/Success_Target_Rows">Success Target Rows</operation>
                                                <operation source="field"
                                                           to="temp.mt_LoadRDV_STG_IAS_FINANCIAL_TRANSACTIONS_IAVMBK_To_LINK_FINANCIAL_TRANSACTION_RR/output/Failed_Target_Rows">Failed Target Rows</operation>
                                                <operation source="field"
                                                           to="temp.mt_LoadRDV_STG_IAS_FINANCIAL_TRANSACTIONS_IAVMBK_To_LINK_FINANCIAL_TRANSACTION_RR/output/Start_Time">Start Time</operation>
                                                <operation source="field"
                                                           to="temp.mt_LoadRDV_STG_IAS_FINANCIAL_TRANSACTIONS_IAVMBK_To_LINK_FINANCIAL_TRANSACTION_RR/output/End_Time">End Time</operation>
                                                <operation source="field"
                                                           to="temp.mt_LoadRDV_STG_IAS_FINANCIAL_TRANSACTIONS_IAVMBK_To_LINK_FINANCIAL_TRANSACTION_RR/output/Error_Message">Error Message</operation>
                                             </serviceOutput>
                                          </service>
                                          <events>
                                             <catch faultField="temp.mt_LoadRDV_STG_IAS_FINANCIAL_TRANSACTIONS_IAVMBK_To_LINK_FINANCIAL_TRANSACTION_RR/fault"
                                                    id="kfkk0zw3"
                                                    interrupting="true"
                                                    name="error">
                                                <suspend/>
                                             </catch>
                                             <catch faultField="temp.mt_LoadRDV_STG_IAS_FINANCIAL_TRANSACTIONS_IAVMBK_To_LINK_FINANCIAL_TRANSACTION_RR/fault"
                                                    id="kfkk0zw4"
                                                    interrupting="true"
                                                    name="warning"/>
                                          </events>
                                       </eventContainer>
                                       <link id="knqo5oag" targetId="knqo5oa7" type="containerLink"/>
                                    </flow>
                                    <flow id="knqo5oab">
                                       <eventContainer id="knqo5oac">
                                          <service id="knqo5oad">
                                             <title>mt_LoadRDV_STG_IAS_TRANSACTIONS_IAVMBK_To_SAT_LINK_FINANCIAL_TRANSACTION_RR_IAS_NBIN_IAVMBK_Insert</title>
                                             <serviceName>ICSExecuteDataTask</serviceName>
                                             <serviceGUID/>
                                             <serviceInput>
                                                <parameter name="Wait for Task to Complete" source="constant" updatable="true">true</parameter>
                                                <parameter name="Max Wait" source="constant" updatable="true">604800</parameter>
                                                <parameter name="Task Name" source="constant" updatable="true">mt_LoadRDV_STG_IAS_TRANSACTIONS_IAVMBK_To_SAT_LINK_FINANCIAL_TRANSACTION_RR_IAS_NBIN_IAVMBK_Insert</parameter>
                                                <parameter name="GUID" source="constant" updatable="true">8RLZ7DX4baGlRb7AeOuqI0</parameter>
                                                <parameter name="Task Type" source="constant" updatable="true">MCT</parameter>
                                                <parameter name="Has Inout Parameters" source="constant" updatable="true">false</parameter>
                                                <parameter name="taskField" source="nested">
                                                   <operation source="field"
                                                              to="mt-LoadRDV-STG-IAS-TRANSACTIONS-IAVMBK-To-SAT-LINK-FINANCIAL-TRANSACTION-RR-IAS-NBIN-IAVMBK-Insert">temp.mt_LoadRDV_STG_IAS_TRANSACTIONS_IAVMBK_To_SAT_LINK_FINANCIAL_TRANSACTION_RR_IAS_NBIN_IAVMBK_Insert</operation>
                                                   <operation source="field"
                                                              to="mt-LoadRDV-STG-IAS-TRANSACTIONS-IAVMBK-To-SAT-LINK-FINANCIAL-TRANSACTION-RR-IAS-NBIN-IAVMBK-Insert/inout[1]/io_tf_Audit_ID">temp.temp_tf_Audit_ID</operation>
                                                </parameter>
                                             </serviceInput>
                                             <serviceOutput>
                                                <operation source="field"
                                                           to="temp.mt_LoadRDV_STG_IAS_TRANSACTIONS_IAVMBK_To_SAT_LINK_FINANCIAL_TRANSACTION_RR_IAS_NBIN_IAVMBK_Insert/output/Object_Name">Object Name</operation>
                                                <operation source="field"
                                                           to="temp.mt_LoadRDV_STG_IAS_TRANSACTIONS_IAVMBK_To_SAT_LINK_FINANCIAL_TRANSACTION_RR_IAS_NBIN_IAVMBK_Insert/output/Run_Id">Run Id</operation>
                                                <operation source="field"
                                                           to="temp.mt_LoadRDV_STG_IAS_TRANSACTIONS_IAVMBK_To_SAT_LINK_FINANCIAL_TRANSACTION_RR_IAS_NBIN_IAVMBK_Insert/output/Log_Id">Log Id</operation>
                                                <operation source="field"
                                                           to="temp.mt_LoadRDV_STG_IAS_TRANSACTIONS_IAVMBK_To_SAT_LINK_FINANCIAL_TRANSACTION_RR_IAS_NBIN_IAVMBK_Insert/output/Task_Id">Task Id</operation>
                                                <operation source="field"
                                                           to="temp.mt_LoadRDV_STG_IAS_TRANSACTIONS_IAVMBK_To_SAT_LINK_FINANCIAL_TRANSACTION_RR_IAS_NBIN_IAVMBK_Insert/output/Task_Status">Task Status</operation>
                                                <operation source="field"
                                                           to="temp.mt_LoadRDV_STG_IAS_TRANSACTIONS_IAVMBK_To_SAT_LINK_FINANCIAL_TRANSACTION_RR_IAS_NBIN_IAVMBK_Insert/output/Success_Source_Rows">Success Source Rows</operation>
                                                <operation source="field"
                                                           to="temp.mt_LoadRDV_STG_IAS_TRANSACTIONS_IAVMBK_To_SAT_LINK_FINANCIAL_TRANSACTION_RR_IAS_NBIN_IAVMBK_Insert/output/Failed_Source_Rows">Failed Source Rows</operation>
                                                <operation source="field"
                                                           to="temp.mt_LoadRDV_STG_IAS_TRANSACTIONS_IAVMBK_To_SAT_LINK_FINANCIAL_TRANSACTION_RR_IAS_NBIN_IAVMBK_Insert/output/Success_Target_Rows">Success Target Rows</operation>
                                                <operation source="field"
                                                           to="temp.mt_LoadRDV_STG_IAS_TRANSACTIONS_IAVMBK_To_SAT_LINK_FINANCIAL_TRANSACTION_RR_IAS_NBIN_IAVMBK_Insert/output/Failed_Target_Rows">Failed Target Rows</operation>
                                                <operation source="field"
                                                           to="temp.mt_LoadRDV_STG_IAS_TRANSACTIONS_IAVMBK_To_SAT_LINK_FINANCIAL_TRANSACTION_RR_IAS_NBIN_IAVMBK_Insert/output/Start_Time">Start Time</operation>
                                                <operation source="field"
                                                           to="temp.mt_LoadRDV_STG_IAS_TRANSACTIONS_IAVMBK_To_SAT_LINK_FINANCIAL_TRANSACTION_RR_IAS_NBIN_IAVMBK_Insert/output/End_Time">End Time</operation>
                                                <operation source="field"
                                                           to="temp.mt_LoadRDV_STG_IAS_TRANSACTIONS_IAVMBK_To_SAT_LINK_FINANCIAL_TRANSACTION_RR_IAS_NBIN_IAVMBK_Insert/output/Error_Message">Error Message</operation>
                                             </serviceOutput>
                                          </service>
                                          <events>
                                             <catch faultField="temp.mt_LoadRDV_STG_IAS_TRANSACTIONS_IAVMBK_To_SAT_LINK_FINANCIAL_TRANSACTION_RR_IAS_NBIN_IAVMBK_Insert/fault"
                                                    id="kfkk0zxg"
                                                    interrupting="true"
                                                    name="error">
                                                <suspend/>
                                             </catch>
                                             <catch faultField="temp.mt_LoadRDV_STG_IAS_TRANSACTIONS_IAVMBK_To_SAT_LINK_FINANCIAL_TRANSACTION_RR_IAS_NBIN_IAVMBK_Insert/fault"
                                                    id="kfkk0zxh"
                                                    interrupting="true"
                                                    name="warning"/>
                                          </events>
                                       </eventContainer>
                                       <link id="knqo5oah" targetId="knqo5oa7" type="containerLink"/>
                                    </flow>
                                    <link id="knqo5oae" targetId="knqo5oa8" type="containerLink"/>
                                    <link id="knqo5oaf" targetId="knqo5oab" type="containerLink"/>
                                 </container>
                                 <link id="knqo5o9u" targetId="knqo5o9p" type="containerLink"/>
                              </flow>
                              <flow id="knqo5o9w">
                                 <link id="knqo5o9x" targetId="knqo5o9p" type="containerLink"/>
                              </flow>
                              <link id="knqo5o9s" targetId="knqo5o9t" type="containerLink">
                                 <condition source="formula">
                                    <function name="greater-than">
                                       <arg name="left">{$temp.mt_STG_count[1]/inout[1]/io_rowCount}</arg>
                                       <arg name="right">{0}</arg>
                                    </function>
                                 </condition>
                              </link>
                              <link id="knqo5o9v" targetId="knqo5o9w" type="containerLink"/>
                              <link id="knqo5oa6" targetId="knqbvr95"/>
                           </container>
                           <link id="kmukng5s" targetId="kmukng5c" type="containerLink"/>
                        </flow>
                        <flow id="kmukng5o">
                           <throw id="kmukng5p">
                              <title>Throw_Error_StartJob</title>
                              <throwInput>
                                 <parameter name="code" source="field" updatable="true">temp.dt_Audit_StartJob[1]/inout[1]/io_Result</parameter>
                                 <parameter name="detail" source="constant" updatable="true"/>
                                 <parameter name="reason" source="constant" updatable="true"/>
                              </throwInput>
                           </throw>
                        </flow>
                        <link id="kmukng5q" targetId="kmukng5d" type="containerLink">
                           <condition source="formula">
                              <function name="contains">
                                 <arg name="left">{$temp.dt_Audit_StartJob[1]/inout[1]/io_Result}</arg>
                                 <arg name="right">SUCCESS</arg>
                              </function>
                           </condition>
                        </link>
                        <link id="kmukng5r" targetId="kmukng5o" type="containerLink"/>
                     </container>
                     <link id="kmukng3n" targetId="kmukng3i" type="containerLink"/>
                  </flow>
                  <flow id="kmukng3p">
                     <link id="kmukng3q" targetId="kmukng3i" type="containerLink"/>
                  </flow>
                  <link id="kmukng3l" targetId="kmukng3m" type="containerLink">
                     <condition source="formula">
                        <function name="starts-with">
                           <arg name="left">{$temp.temp_filename}</arg>
                           <arg name="right">BK_TRANSACTIONS__</arg>
                        </function>
                     </condition>
                  </link>
                  <link id="kmukng3o" targetId="kmukng3p" type="containerLink"/>
                  <link id="kmukng5b" targetId="c"/>
               </container>
               <end id="c"/>
            </flow>
            <dependencies>
               <processObject xmlns="http://schemas.active-endpoints.com/appmodules/screenflow/2011/06/avosHostEnvironment.xsd"
                              displayName="mt-Audit-StartJob"
                              isByCopy="true"
                              name="mt-Audit-StartJob">
                  <description/>
                  <tags/>
                  <detail>
                     <field label="Input Parameters" name="input" type="reference"/>
                     <field label="InOut Parameters" name="inout" type="reference"/>
                     <field label="TaskProperties Parameters"
                            name="taskProperties"
                            type="reference"/>
                     <field label="Output Parameters" name="output" type="reference"/>
                     <field label="Fault" name="fault" type="reference"/>
                  </detail>
               </processObject>
               <processObject xmlns="http://schemas.active-endpoints.com/appmodules/screenflow/2011/06/avosHostEnvironment.xsd"
                              displayName="mt-LoadSTG-PSA-IAS-NBIN-To-STG-FINANCIAL-TRANSACTIONS-IAVMBK"
                              isByCopy="true"
                              name="mt-LoadSTG-PSA-IAS-NBIN-To-STG-FINANCIAL-TRANSACTIONS-IAVMBK">
                  <description/>
                  <tags/>
                  <detail>
                     <field label="InOut Parameters" name="inout" type="reference"/>
                     <field label="TaskProperties Parameters"
                            name="taskProperties"
                            type="reference"/>
                     <field label="Output Parameters" name="output" type="reference"/>
                     <field label="Fault" name="fault" type="reference"/>
                  </detail>
               </processObject>
               <processObject xmlns="http://schemas.active-endpoints.com/appmodules/screenflow/2011/06/avosHostEnvironment.xsd"
                              displayName="mt-audit-EndJob"
                              isByCopy="true"
                              name="mt-audit-EndJob">
                  <description/>
                  <tags/>
                  <detail>
                     <field label="Input Parameters" name="input" type="reference"/>
                     <field label="InOut Parameters" name="inout" type="reference"/>
                     <field label="TaskProperties Parameters"
                            name="taskProperties"
                            type="reference"/>
                     <field label="Output Parameters" name="output" type="reference"/>
                     <field label="Fault" name="fault" type="reference"/>
                  </detail>
               </processObject>
               <processObject xmlns="http://schemas.active-endpoints.com/appmodules/screenflow/2011/06/avosHostEnvironment.xsd"
                              displayName="mt-STG-count"
                              isByCopy="true"
                              name="mt-STG-count">
                  <description/>
                  <tags/>
                  <detail>
                     <field label="Input Parameters" name="input" type="reference"/>
                     <field label="InOut Parameters" name="inout" type="reference"/>
                     <field label="TaskProperties Parameters"
                            name="taskProperties"
                            type="reference"/>
                     <field label="Output Parameters" name="output" type="reference"/>
                     <field label="Fault" name="fault" type="reference"/>
                  </detail>
               </processObject>
               <processObject xmlns="http://schemas.active-endpoints.com/appmodules/screenflow/2011/06/avosHostEnvironment.xsd"
                              displayName="mt-LoadRDV-STG-IAS-FINANCIAL-TRANSACTIONS-IAVMBK-To-LINK-FINANCIAL-TRANSACTION-RR"
                              isByCopy="true"
                              name="mt-LoadRDV-STG-IAS-FINANCIAL-TRANSACTIONS-IAVMBK-To-LINK-FINANCIAL-TRANSACTION-RR">
                  <description/>
                  <tags/>
                  <detail>
                     <field label="Input Parameters" name="input" type="reference"/>
                     <field label="InOut Parameters" name="inout" type="reference"/>
                     <field label="TaskProperties Parameters"
                            name="taskProperties"
                            type="reference"/>
                     <field label="Output Parameters" name="output" type="reference"/>
                     <field label="Fault" name="fault" type="reference"/>
                  </detail>
               </processObject>
               <processObject xmlns="http://schemas.active-endpoints.com/appmodules/screenflow/2011/06/avosHostEnvironment.xsd"
                              displayName="mt-LoadRDV-STG-IAS-TRANSACTIONS-IAVMBK-To-SAT-LINK-FINANCIAL-TRANSACTION-RR-IAS-NBIN-IAVMBK-Insert"
                              isByCopy="true"
                              name="mt-LoadRDV-STG-IAS-TRANSACTIONS-IAVMBK-To-SAT-LINK-FINANCIAL-TRANSACTION-RR-IAS-NBIN-IAVMBK-Insert">
                  <description/>
                  <tags/>
                  <detail>
                     <field label="Input Parameters" name="input" type="reference"/>
                     <field label="InOut Parameters" name="inout" type="reference"/>
                     <field label="TaskProperties Parameters"
                            name="taskProperties"
                            type="reference"/>
                     <field label="Output Parameters" name="output" type="reference"/>
                     <field label="Fault" name="fault" type="reference"/>
                  </detail>
               </processObject>
            </dependencies>
         </taskflow>
      </types1:Entry>
      <types1:GUID>a4Ie6j6D1sWc8cRHnBj2Ax</types1:GUID>
      <types1:DisplayName>tf_LoadRDV_20-30_PSA_IAS_NBIN_to_RDV_TRANSACTIONS</types1:DisplayName>
   </types1:Item>
   <types1:CurrentServerDateTime>2023-03-08T18:46:30.709Z</types1:CurrentServerDateTime>
</aetgt:getResponse>
