<aetgt:getResponse xmlns:aetgt="http://schemas.active-endpoints.com/appmodules/repository/2010/10/avrepository.xsd"
                   xmlns:types1="http://schemas.active-endpoints.com/appmodules/repository/2010/10/avrepository.xsd">
   <types1:Item>
      <types1:EntryId>gqsTSicjumf6S3w-gt-31386307-2021-07-28T19:27:09.511Z::tf.xml</types1:EntryId>
      <types1:Name>tf_INITIAL_LOADING_LoadRDV_20-30_IAS_STEWARDSHIP_to_RDV_REF_MANUAL_ADVISOR_RVP</types1:Name>
      <types1:MimeType>application/xml+taskflow</types1:MimeType>
      <types1:Description>This allows to load Manual_advisor_rvp STG table to finally load RDV tables (REF_MANUAL_ADVISOR_RVP_IAS and SAT_REF_MANUAL_ADVISOR_RVP_IAS).</types1:Description>
      <types1:AppliesTo/>
      <types1:Tags/>
      <types1:VersionLabel>1.0</types1:VersionLabel>
      <types1:State>CURRENT</types1:State>
      <types1:ProcessGroup/>
      <types1:CreatedBy>vinita.singh.adm@ia.ca.SAML</types1:CreatedBy>
      <types1:CreationDate>2021-07-28T19:27:10Z</types1:CreationDate>
      <types1:ModifiedBy>jihed.laamiri.adm@ia.ca.SAML</types1:ModifiedBy>
      <types1:ModificationDate>2022-02-15T16:41:20Z</types1:ModificationDate>
      <types1:PublicationStatus>out-of-date</types1:PublicationStatus>
      <types1:PublishedBy>jihed.laamiri.adm@ia.ca.SAML</types1:PublishedBy>
      <types1:PublicationDate>2021-07-28T21:37:34Z</types1:PublicationDate>
      <types1:PublishedContributionId>project:/tf.tf_INITIAL_LOADING_LoadRDV_20-30_IAS_STEWARDSHIP_to_RDV_REF_MANUAL_ADVISOR_RVP/tf_INITIAL_LOADING_LoadRDV_20-30_IAS_STEWARDSHIP_to_RDV_REF_MANUAL_ADVISOR_RVP.tf.xml</types1:PublishedContributionId>
      <types1:AutosaveExists>false</types1:AutosaveExists>
      <types1:Entry>
         <taskflow xmlns="http://schemas.active-endpoints.com/appmodules/screenflow/2010/10/avosScreenflow.xsd"
                   xmlns:list="urn:activevos:spi:list:functions"
                   displayName="tf_INITIAL_LOADING_LoadRDV_20-30_IAS_STEWARDSHIP_to_RDV_REF_MANUAL_ADVISOR_RVP"
                   name="tf_INITIAL_LOADING_LoadRDV_20-30_IAS_STEWARDSHIP_to_RDV_REF_MANUAL_ADVISOR_RVP"
                   overrideAPIName="false">
            <appliesTo/>
            <description>This allows to load Manual_advisor_rvp STG table to finally load RDV tables (REF_MANUAL_ADVISOR_RVP_IAS and SAT_REF_MANUAL_ADVISOR_RVP_IAS).</description>
            <tags/>
            <generator>Informatica Process Designer 11</generator>
            <tempFields>
               <field description="Filename of the file detected by the filelistener"
                      name="temp_filename"
                      type="string">
                  <options>
                     <option name="required">false</option>
                  </options>
               </field>
               <field description="Data start date : extracted from the filename"
                      name="temp_dataStartDate"
                      type="date">
                  <options>
                     <option name="required">false</option>
                  </options>
               </field>
               <field description="" name="temp_JobName" type="string">
                  <options>
                     <option name="required">false</option>
                  </options>
               </field>
               <field description="" name="temp_tf_Audit_ID" type="string">
                  <options>
                     <option name="required">false</option>
                  </options>
               </field>
               <field description="" name="mt_audit_startJob_NextDate" type="reference">
                  <options>
                     <option name="referenceTo">$po:mt-audit-startJob-NextDate</option>
                     <option name="failOnNotRun">false</option>
                     <option name="failOnFault">false</option>
                  </options>
               </field>
               <field description=""
                      name="mt_LoadRDV_STG_IAS_To_REF_MANUAL_ADVISOR_RVP_IAS"
                      type="reference">
                  <options>
                     <option name="referenceTo">$po:mt-LoadRDV-STG-IAS-To-REF-MANUAL-ADVISOR-RVP-IAS</option>
                  </options>
               </field>
               <field description=""
                      name="mt_LoadRDV_STG_IAS_To_SAT_REF_MANUAL_ADVISOR_RVP_IAS_Insert"
                      type="reference">
                  <options>
                     <option name="referenceTo">$po:mt-LoadRDV-STG-IAS-To-SAT-REF-MANUAL-ADVISOR-RVP-IAS-Insert</option>
                  </options>
               </field>
               <field description="" name="dt_Audit_EndJob" type="reference">
                  <options>
                     <option name="referenceTo">$po:mt-Audit-EndJob</option>
                     <option name="failOnNotRun">false</option>
                     <option name="failOnFault">false</option>
                  </options>
               </field>
               <field description=""
                      name="m_LoadSTG_IAS_To_STG_REF_MANUAL_ADVISOR_RVP"
                      type="reference">
                  <options>
                     <option name="failOnNotRun">false</option>
                     <option name="failOnFault">false</option>
                     <option name="referenceTo">$po:m-LoadSTG-IAS-To-STG-REF-MANUAL-ADVISOR-RVP</option>
                  </options>
               </field>
            </tempFields>
            <notes/>
            <deployment suspendOnFault="false" tracingLevel="verbose">
               <rest/>
            </deployment>
            <flow id="a">
               <start id="b">
                  <link id="kmunnwxk" targetId="kmunnwxj"/>
               </start>
               <assignment id="kmunnwxj">
                  <title>asgn_StartJob_Parameters</title>
                  <operation source="formula" to="temp.temp_JobName">
                     <expression language="XQuery">fn:concat("'",util:getAssetName(),"'")</expression>
                  </operation>
                  <operation source="formula" to="temp.temp_tf_Audit_ID">
                     <expression language="XQuery">fn:concat("'",util:getAssetName(),"-", util:getProcessId(),"'")</expression>
                  </operation>
                  <operation source="constant"
                             to="temp.mt_audit_startJob_NextDate[1]/inout[1]/io_DataStartDate">01/01/2000 00:00:00.000000000</operation>
                  <operation source="constant"
                             to="temp.mt_audit_startJob_NextDate[1]/inout[1]/io_Result">ERROR</operation>
                  <link id="kmunnwy2" targetId="kmunnx1a"/>
               </assignment>
               <assignment id="kmunnx0i">
                  <title>asgn_DataStartDate</title>
                  <operation source="formula" to="temp.temp_dataStartDate">
                     <expression language="XQuery">fn:concat("'",date:toChar(date:toDate($temp.mt_audit_startJob_NextDate[1]/inout[1]/io_DataStartDate , 'MM/DD/YYYY 00:00:00.000000000'),'YYYY-MM-DD'),"'")</expression>
                  </operation>
                  <link id="kmunnx0k" targetId="kmunnwyh"/>
               </assignment>
               <eventContainer id="kmunnx1a">
                  <service id="kmunnwy1">
                     <title>mt_audit_startJob_NextDate</title>
                     <serviceName>ICSExecuteDataTask</serviceName>
                     <serviceGUID/>
                     <serviceInput>
                        <parameter name="Wait for Task to Complete" source="constant" updatable="true">true</parameter>
                        <parameter name="Max Wait" source="constant" updatable="true">604800</parameter>
                        <parameter name="Task Name" source="constant" updatable="true">mt_audit_startJob_NextDate</parameter>
                        <parameter name="GUID" source="constant" updatable="true">1mfcwE6k1Yeg7IWFQM6OKx</parameter>
                        <parameter name="Task Type" source="constant" updatable="true">MCT</parameter>
                        <parameter name="Has Inout Parameters" source="constant" updatable="true">true</parameter>
                        <parameter name="taskField" source="nested">
                           <operation source="field" to="mt-audit-startJob-NextDate">temp.mt_audit_startJob_NextDate</operation>
                           <operation source="field" to="mt-audit-startJob-NextDate/inout[1]/io_auditID">temp.temp_tf_Audit_ID</operation>
                           <operation source="field" to="mt-audit-startJob-NextDate/inout[1]/io_jobName">temp.temp_JobName</operation>
                        </parameter>
                     </serviceInput>
                     <serviceOutput>
                        <operation source="field" to="temp.mt_audit_startJob_NextDate/output/Object_Name">Object Name</operation>
                        <operation source="field" to="temp.mt_audit_startJob_NextDate/output/Run_Id">Run Id</operation>
                        <operation source="field" to="temp.mt_audit_startJob_NextDate/output/Log_Id">Log Id</operation>
                        <operation source="field" to="temp.mt_audit_startJob_NextDate/output/Task_Id">Task Id</operation>
                        <operation source="field" to="temp.mt_audit_startJob_NextDate/output/Task_Status">Task Status</operation>
                        <operation source="field"
                                   to="temp.mt_audit_startJob_NextDate/output/Success_Source_Rows">Success Source Rows</operation>
                        <operation source="field"
                                   to="temp.mt_audit_startJob_NextDate/output/Failed_Source_Rows">Failed Source Rows</operation>
                        <operation source="field"
                                   to="temp.mt_audit_startJob_NextDate/output/Success_Target_Rows">Success Target Rows</operation>
                        <operation source="field"
                                   to="temp.mt_audit_startJob_NextDate/output/Failed_Target_Rows">Failed Target Rows</operation>
                        <operation source="field" to="temp.mt_audit_startJob_NextDate/output/Start_Time">Start Time</operation>
                        <operation source="field" to="temp.mt_audit_startJob_NextDate/output/End_Time">End Time</operation>
                        <operation source="field"
                                   to="temp.mt_audit_startJob_NextDate/output/Error_Message">Error Message</operation>
                        <operation source="field" to="temp.mt_audit_startJob_NextDate/inout/io_jobName">io_jobName</operation>
                        <operation source="field" to="temp.mt_audit_startJob_NextDate/inout/io_auditID">io_auditID</operation>
                        <operation source="field" to="temp.mt_audit_startJob_NextDate/inout/io_Result">io_Result</operation>
                        <operation source="field"
                                   to="temp.mt_audit_startJob_NextDate/inout/io_DataStartDate">io_DataStartDate</operation>
                     </serviceOutput>
                  </service>
                  <link id="kmunnx0j" targetId="kmunnx0i"/>
                  <events>
                     <catch faultField="temp.mt_audit_startJob_NextDate/fault"
                            id="kggm4cqy"
                            interrupting="true"
                            name="error"/>
                     <catch faultField="temp.mt_audit_startJob_NextDate/fault"
                            id="kggm4cqz"
                            interrupting="true"
                            name="warning"/>
                  </events>
               </eventContainer>
               <eventContainer id="knoqzvgy">
                  <service id="kmunnwzq">
                     <title>dt_Audit_EndJob</title>
                     <serviceName>ICSExecuteDataTask</serviceName>
                     <serviceGUID/>
                     <serviceInput>
                        <parameter name="Wait for Task to Complete" source="constant" updatable="true">true</parameter>
                        <parameter name="Max Wait" source="constant" updatable="true">604800</parameter>
                        <parameter name="Task Name" source="constant" updatable="true">mt_Audit_EndJob</parameter>
                        <parameter name="GUID" source="constant" updatable="true">0LXGrBA1PDyd97dC2Ug80S</parameter>
                        <parameter name="Task Type" source="constant" updatable="true">MCT</parameter>
                        <parameter name="Has Inout Parameters" source="constant" updatable="true">true</parameter>
                        <parameter name="taskField" source="nested">
                           <operation source="field" to="mt-Audit-EndJob">temp.dt_Audit_EndJob</operation>
                           <operation source="field" to="mt-Audit-EndJob/inout[1]/io_jobAuditID">temp.temp_tf_Audit_ID</operation>
                           <operation source="constant" to="mt-Audit-EndJob/inout[1]/io_jobEndDesc">Successful execution</operation>
                           <operation source="constant" to="mt-Audit-EndJob/inout[1]/io_jobEndStatus">SUCCESS</operation>
                           <operation source="field" to="mt-Audit-EndJob/inout[1]/io_jobName">temp.temp_JobName</operation>
                           <operation source="field" to="mt-Audit-EndJob/inout[1]/io_jobStartDate">temp.temp_dataStartDate</operation>
                        </parameter>
                     </serviceInput>
                     <serviceOutput>
                        <operation source="field" to="temp.dt_Audit_EndJob/output/Object_Name">Object Name</operation>
                        <operation source="field" to="temp.dt_Audit_EndJob/output/Run_Id">Run Id</operation>
                        <operation source="field" to="temp.dt_Audit_EndJob/output/Log_Id">Log Id</operation>
                        <operation source="field" to="temp.dt_Audit_EndJob/output/Task_Id">Task Id</operation>
                        <operation source="field" to="temp.dt_Audit_EndJob/output/Task_Status">Task Status</operation>
                        <operation source="field" to="temp.dt_Audit_EndJob/output/Success_Source_Rows">Success Source Rows</operation>
                        <operation source="field" to="temp.dt_Audit_EndJob/output/Failed_Source_Rows">Failed Source Rows</operation>
                        <operation source="field" to="temp.dt_Audit_EndJob/output/Success_Target_Rows">Success Target Rows</operation>
                        <operation source="field" to="temp.dt_Audit_EndJob/output/Failed_Target_Rows">Failed Target Rows</operation>
                        <operation source="field" to="temp.dt_Audit_EndJob/output/Start_Time">Start Time</operation>
                        <operation source="field" to="temp.dt_Audit_EndJob/output/End_Time">End Time</operation>
                        <operation source="field" to="temp.dt_Audit_EndJob/output/Error_Message">Error Message</operation>
                        <operation source="field" to="temp.dt_Audit_EndJob/inout/io_Result">io_Result</operation>
                        <operation source="field" to="temp.dt_Audit_EndJob/inout/io_jobName">io_jobName</operation>
                        <operation source="field" to="temp.dt_Audit_EndJob/inout/io_jobAuditID">io_jobAuditID</operation>
                        <operation source="field" to="temp.dt_Audit_EndJob/inout/io_jobStartDate">io_jobStartDate</operation>
                        <operation source="field" to="temp.dt_Audit_EndJob/inout/io_jobEndStatus">io_jobEndStatus</operation>
                        <operation source="field" to="temp.dt_Audit_EndJob/inout/io_jobEndDesc">io_jobEndDesc</operation>
                     </serviceOutput>
                  </service>
                  <link id="kmunnx07" targetId="c"/>
                  <events>
                     <catch faultField="temp.dt_Audit_EndJob/fault"
                            id="knoqzvgw"
                            interrupting="true"
                            name="error">
                        <suspend/>
                     </catch>
                     <catch faultField="temp.dt_Audit_EndJob/fault"
                            id="knoqzvgx"
                            interrupting="true"
                            name="warning"/>
                  </events>
               </eventContainer>
               <container id="kmunnwyh" type="exclusive">
                  <title>dcn_StartJob_Result</title>
                  <flow id="kmunnwyi">
                     <eventContainer id="kq8j64g0">
                        <service id="kq8j64fd">
                           <title>m_LoadSTG_IAS_To_STG_REF_MANUAL_ADVISOR_RVP</title>
                           <serviceName>ICSExecuteDataTask</serviceName>
                           <serviceGUID/>
                           <serviceInput>
                              <parameter name="Wait for Task to Complete" source="constant" updatable="true">true</parameter>
                              <parameter name="Max Wait" source="constant" updatable="true">604800</parameter>
                              <parameter name="Task Name" source="constant" updatable="true">m_LoadSTG_IAS_To_STG_REF_MANUAL_ADVISOR_RVP</parameter>
                              <parameter name="GUID" source="constant" updatable="true">hpr6b500zYqh5CPTocTKqO</parameter>
                              <parameter name="Task Type" source="constant" updatable="true">MCT</parameter>
                              <parameter name="Has Inout Parameters" source="constant" updatable="true">false</parameter>
                              <parameter name="taskField" source="nested">
                                 <operation source="field" to="m-LoadSTG-IAS-To-STG-REF-MANUAL-ADVISOR-RVP">temp.m_LoadSTG_IAS_To_STG_REF_MANUAL_ADVISOR_RVP</operation>
                              </parameter>
                           </serviceInput>
                           <serviceOutput>
                              <operation source="field"
                                         to="temp.m_LoadSTG_IAS_To_STG_REF_MANUAL_ADVISOR_RVP/output/Object_Name">Object Name</operation>
                              <operation source="field"
                                         to="temp.m_LoadSTG_IAS_To_STG_REF_MANUAL_ADVISOR_RVP/output/Run_Id">Run Id</operation>
                              <operation source="field"
                                         to="temp.m_LoadSTG_IAS_To_STG_REF_MANUAL_ADVISOR_RVP/output/Log_Id">Log Id</operation>
                              <operation source="field"
                                         to="temp.m_LoadSTG_IAS_To_STG_REF_MANUAL_ADVISOR_RVP/output/Task_Id">Task Id</operation>
                              <operation source="field"
                                         to="temp.m_LoadSTG_IAS_To_STG_REF_MANUAL_ADVISOR_RVP/output/Task_Status">Task Status</operation>
                              <operation source="field"
                                         to="temp.m_LoadSTG_IAS_To_STG_REF_MANUAL_ADVISOR_RVP/output/Success_Source_Rows">Success Source Rows</operation>
                              <operation source="field"
                                         to="temp.m_LoadSTG_IAS_To_STG_REF_MANUAL_ADVISOR_RVP/output/Failed_Source_Rows">Failed Source Rows</operation>
                              <operation source="field"
                                         to="temp.m_LoadSTG_IAS_To_STG_REF_MANUAL_ADVISOR_RVP/output/Success_Target_Rows">Success Target Rows</operation>
                              <operation source="field"
                                         to="temp.m_LoadSTG_IAS_To_STG_REF_MANUAL_ADVISOR_RVP/output/Failed_Target_Rows">Failed Target Rows</operation>
                              <operation source="field"
                                         to="temp.m_LoadSTG_IAS_To_STG_REF_MANUAL_ADVISOR_RVP/output/Start_Time">Start Time</operation>
                              <operation source="field"
                                         to="temp.m_LoadSTG_IAS_To_STG_REF_MANUAL_ADVISOR_RVP/output/End_Time">End Time</operation>
                              <operation source="field"
                                         to="temp.m_LoadSTG_IAS_To_STG_REF_MANUAL_ADVISOR_RVP/output/Error_Message">Error Message</operation>
                           </serviceOutput>
                        </service>
                        <link id="kq8j64fe" targetId="kmunnwyl"/>
                        <events>
                           <catch faultField="temp.m_LoadSTG_IAS_To_STG_REF_MANUAL_ADVISOR_RVP/fault"
                                  id="kq8j64fy"
                                  interrupting="true"
                                  name="error">
                              <suspend/>
                           </catch>
                           <catch faultField="temp.m_LoadSTG_IAS_To_STG_REF_MANUAL_ADVISOR_RVP/fault"
                                  id="kq8j64fz"
                                  interrupting="true"
                                  name="warning"/>
                        </events>
                     </eventContainer>
                     <container id="kmunnwyl" type="parallel">
                        <title>Parallel_LoadRdv</title>
                        <flow id="kmunnwym">
                           <eventContainer id="kmunnwyn">
                              <service id="kmunnwyo">
                                 <title>mt_LoadRDV_STG_IAS_To_REF_MANUAL_ADVISOR_RVP_IAS</title>
                                 <serviceName>ICSExecuteDataTask</serviceName>
                                 <serviceGUID/>
                                 <serviceInput>
                                    <parameter name="Wait for Task to Complete" source="constant" updatable="true">true</parameter>
                                    <parameter name="Max Wait" source="constant" updatable="true">604800</parameter>
                                    <parameter name="Task Name" source="constant" updatable="true">mt_LoadRDV_STG_IAS_To_REF_MANUAL_ADVISOR_RVP_IAS</parameter>
                                    <parameter name="GUID" source="constant" updatable="true">7NGHxBsoTOBlRNRVC3oXow</parameter>
                                    <parameter name="Task Type" source="constant" updatable="true">MCT</parameter>
                                    <parameter name="Has Inout Parameters" source="constant" updatable="true">false</parameter>
                                    <parameter name="taskField" source="nested">
                                       <operation source="field" to="mt-LoadRDV-STG-IAS-To-REF-MANUAL-ADVISOR-RVP-IAS">temp.mt_LoadRDV_STG_IAS_To_REF_MANUAL_ADVISOR_RVP_IAS</operation>
                                       <operation source="field"
                                                  to="mt-LoadRDV-STG-IAS-To-REF-MANUAL-ADVISOR-RVP-IAS/inout[1]/io_tf_Audit_ID">temp.temp_tf_Audit_ID</operation>
                                    </parameter>
                                 </serviceInput>
                                 <serviceOutput>
                                    <operation source="field"
                                               to="temp.mt_LoadRDV_STG_IAS_To_REF_MANUAL_ADVISOR_RVP_IAS/output/Object_Name">Object Name</operation>
                                    <operation source="field"
                                               to="temp.mt_LoadRDV_STG_IAS_To_REF_MANUAL_ADVISOR_RVP_IAS/output/Run_Id">Run Id</operation>
                                    <operation source="field"
                                               to="temp.mt_LoadRDV_STG_IAS_To_REF_MANUAL_ADVISOR_RVP_IAS/output/Log_Id">Log Id</operation>
                                    <operation source="field"
                                               to="temp.mt_LoadRDV_STG_IAS_To_REF_MANUAL_ADVISOR_RVP_IAS/output/Task_Id">Task Id</operation>
                                    <operation source="field"
                                               to="temp.mt_LoadRDV_STG_IAS_To_REF_MANUAL_ADVISOR_RVP_IAS/output/Task_Status">Task Status</operation>
                                    <operation source="field"
                                               to="temp.mt_LoadRDV_STG_IAS_To_REF_MANUAL_ADVISOR_RVP_IAS/output/Success_Source_Rows">Success Source Rows</operation>
                                    <operation source="field"
                                               to="temp.mt_LoadRDV_STG_IAS_To_REF_MANUAL_ADVISOR_RVP_IAS/output/Failed_Source_Rows">Failed Source Rows</operation>
                                    <operation source="field"
                                               to="temp.mt_LoadRDV_STG_IAS_To_REF_MANUAL_ADVISOR_RVP_IAS/output/Success_Target_Rows">Success Target Rows</operation>
                                    <operation source="field"
                                               to="temp.mt_LoadRDV_STG_IAS_To_REF_MANUAL_ADVISOR_RVP_IAS/output/Failed_Target_Rows">Failed Target Rows</operation>
                                    <operation source="field"
                                               to="temp.mt_LoadRDV_STG_IAS_To_REF_MANUAL_ADVISOR_RVP_IAS/output/Start_Time">Start Time</operation>
                                    <operation source="field"
                                               to="temp.mt_LoadRDV_STG_IAS_To_REF_MANUAL_ADVISOR_RVP_IAS/output/End_Time">End Time</operation>
                                    <operation source="field"
                                               to="temp.mt_LoadRDV_STG_IAS_To_REF_MANUAL_ADVISOR_RVP_IAS/output/Error_Message">Error Message</operation>
                                 </serviceOutput>
                              </service>
                              <events>
                                 <catch faultField="temp.mt_LoadRDV_STG_IAS_To_REF_MANUAL_ADVISOR_RVP_IAS/fault"
                                        id="kfkk0zw3"
                                        interrupting="true"
                                        name="error">
                                    <suspend/>
                                 </catch>
                                 <catch faultField="temp.mt_LoadRDV_STG_IAS_To_REF_MANUAL_ADVISOR_RVP_IAS/fault"
                                        id="kfkk0zw4"
                                        interrupting="true"
                                        name="warning"/>
                              </events>
                           </eventContainer>
                           <link id="kmunnwz4" targetId="kmunnwyl" type="containerLink"/>
                        </flow>
                        <flow id="kmunnwyp">
                           <eventContainer id="kmunnwyq">
                              <service id="kmunnwyr">
                                 <title>mt_LoadRDV_STG_IAS_To_SAT_REF_MANUAL_ADVISOR_RVP_IAS_Insert</title>
                                 <serviceName>ICSExecuteDataTask</serviceName>
                                 <serviceGUID/>
                                 <serviceInput>
                                    <parameter name="Wait for Task to Complete" source="constant" updatable="true">true</parameter>
                                    <parameter name="Max Wait" source="constant" updatable="true">604800</parameter>
                                    <parameter name="Task Name" source="constant" updatable="true">mt_LoadRDV_STG_IAS_To_SAT_REF_MANUAL_ADVISOR_RVP_IAS_Insert</parameter>
                                    <parameter name="GUID" source="constant" updatable="true">cqa5JfL5JQ2d1fOK8sIaSL</parameter>
                                    <parameter name="Task Type" source="constant" updatable="true">MCT</parameter>
                                    <parameter name="Has Inout Parameters" source="constant" updatable="true">false</parameter>
                                    <parameter name="taskField" source="nested">
                                       <operation source="field"
                                                  to="mt-LoadRDV-STG-IAS-To-SAT-REF-MANUAL-ADVISOR-RVP-IAS-Insert">temp.mt_LoadRDV_STG_IAS_To_SAT_REF_MANUAL_ADVISOR_RVP_IAS_Insert</operation>
                                       <operation source="field"
                                                  to="mt-LoadRDV-STG-IAS-To-SAT-REF-MANUAL-ADVISOR-RVP-IAS-Insert/inout[1]/io_tf_Audit_ID">temp.temp_tf_Audit_ID</operation>
                                    </parameter>
                                 </serviceInput>
                                 <serviceOutput>
                                    <operation source="field"
                                               to="temp.mt_LoadRDV_STG_IAS_To_SAT_REF_MANUAL_ADVISOR_RVP_IAS_Insert/output/Object_Name">Object Name</operation>
                                    <operation source="field"
                                               to="temp.mt_LoadRDV_STG_IAS_To_SAT_REF_MANUAL_ADVISOR_RVP_IAS_Insert/output/Run_Id">Run Id</operation>
                                    <operation source="field"
                                               to="temp.mt_LoadRDV_STG_IAS_To_SAT_REF_MANUAL_ADVISOR_RVP_IAS_Insert/output/Log_Id">Log Id</operation>
                                    <operation source="field"
                                               to="temp.mt_LoadRDV_STG_IAS_To_SAT_REF_MANUAL_ADVISOR_RVP_IAS_Insert/output/Task_Id">Task Id</operation>
                                    <operation source="field"
                                               to="temp.mt_LoadRDV_STG_IAS_To_SAT_REF_MANUAL_ADVISOR_RVP_IAS_Insert/output/Task_Status">Task Status</operation>
                                    <operation source="field"
                                               to="temp.mt_LoadRDV_STG_IAS_To_SAT_REF_MANUAL_ADVISOR_RVP_IAS_Insert/output/Success_Source_Rows">Success Source Rows</operation>
                                    <operation source="field"
                                               to="temp.mt_LoadRDV_STG_IAS_To_SAT_REF_MANUAL_ADVISOR_RVP_IAS_Insert/output/Failed_Source_Rows">Failed Source Rows</operation>
                                    <operation source="field"
                                               to="temp.mt_LoadRDV_STG_IAS_To_SAT_REF_MANUAL_ADVISOR_RVP_IAS_Insert/output/Success_Target_Rows">Success Target Rows</operation>
                                    <operation source="field"
                                               to="temp.mt_LoadRDV_STG_IAS_To_SAT_REF_MANUAL_ADVISOR_RVP_IAS_Insert/output/Failed_Target_Rows">Failed Target Rows</operation>
                                    <operation source="field"
                                               to="temp.mt_LoadRDV_STG_IAS_To_SAT_REF_MANUAL_ADVISOR_RVP_IAS_Insert/output/Start_Time">Start Time</operation>
                                    <operation source="field"
                                               to="temp.mt_LoadRDV_STG_IAS_To_SAT_REF_MANUAL_ADVISOR_RVP_IAS_Insert/output/End_Time">End Time</operation>
                                    <operation source="field"
                                               to="temp.mt_LoadRDV_STG_IAS_To_SAT_REF_MANUAL_ADVISOR_RVP_IAS_Insert/output/Error_Message">Error Message</operation>
                                 </serviceOutput>
                              </service>
                              <events>
                                 <catch faultField="temp.mt_LoadRDV_STG_IAS_To_SAT_REF_MANUAL_ADVISOR_RVP_IAS_Insert/fault"
                                        id="kfkk0zxg"
                                        interrupting="true"
                                        name="error">
                                    <suspend/>
                                 </catch>
                                 <catch faultField="temp.mt_LoadRDV_STG_IAS_To_SAT_REF_MANUAL_ADVISOR_RVP_IAS_Insert/fault"
                                        id="kfkk0zxh"
                                        interrupting="true"
                                        name="warning"/>
                              </events>
                           </eventContainer>
                           <link id="kmunnwz5" targetId="kmunnwyl" type="containerLink"/>
                        </flow>
                        <link id="kmunnwz1" targetId="kmunnwym" type="containerLink"/>
                        <link id="kmunnwz2" targetId="kmunnwyp" type="containerLink"/>
                     </container>
                     <link id="kmunnwyz" targetId="kmunnwyh" type="containerLink"/>
                  </flow>
                  <flow id="kmunnwyv">
                     <throw id="kmunnwyw">
                        <title>Throw_Error_StartJob</title>
                        <throwInput>
                           <parameter name="code" source="field" updatable="true">temp.mt_audit_startJob_NextDate[1]/inout[1]/io_Result</parameter>
                           <parameter name="detail" source="constant" updatable="true"/>
                           <parameter name="reason" source="constant" updatable="true"/>
                        </throwInput>
                     </throw>
                  </flow>
                  <link id="kmunnwyx" targetId="kmunnwyi" type="containerLink">
                     <condition source="formula">
                        <function name="contains">
                           <arg name="left">{$temp.mt_audit_startJob_NextDate[1]/inout[1]/io_Result}</arg>
                           <arg name="right">SUCCESS</arg>
                        </function>
                     </condition>
                  </link>
                  <link id="kmunnwyy" targetId="kmunnwyv" type="containerLink"/>
                  <link id="kmunnwzr" targetId="knoqzvgy"/>
               </container>
               <end id="c"/>
            </flow>
            <dependencies>
               <processObject xmlns="http://schemas.active-endpoints.com/appmodules/screenflow/2011/06/avosHostEnvironment.xsd"
                              displayName="mt-audit-startJob-NextDate"
                              isByCopy="true"
                              name="mt-audit-startJob-NextDate">
                  <description/>
                  <tags/>
                  <detail>
                     <field label="Input Parameters" name="input" type="reference"/>
                     <field label="InOut Parameters" name="inout" type="reference"/>
                     <field label="TaskProperties Parameters"
                            name="taskProperties"
                            type="reference"/>
                     <field label="Output Parameters" name="output" type="reference"/>
                     <field label="Fault" name="fault" type="reference"/>
                  </detail>
               </processObject>
               <processObject xmlns="http://schemas.active-endpoints.com/appmodules/screenflow/2011/06/avosHostEnvironment.xsd"
                              displayName="mt-LoadRDV-STG-IAS-To-REF-MANUAL-ADVISOR-RVP-IAS"
                              isByCopy="true"
                              name="mt-LoadRDV-STG-IAS-To-REF-MANUAL-ADVISOR-RVP-IAS">
                  <description/>
                  <tags/>
                  <detail>
                     <field label="Input Parameters" name="input" type="reference"/>
                     <field label="InOut Parameters" name="inout" type="reference"/>
                     <field label="TaskProperties Parameters"
                            name="taskProperties"
                            type="reference"/>
                     <field label="Output Parameters" name="output" type="reference"/>
                     <field label="Fault" name="fault" type="reference"/>
                  </detail>
               </processObject>
               <processObject xmlns="http://schemas.active-endpoints.com/appmodules/screenflow/2011/06/avosHostEnvironment.xsd"
                              displayName="mt-LoadRDV-STG-IAS-To-SAT-REF-MANUAL-ADVISOR-RVP-IAS-Insert"
                              isByCopy="true"
                              name="mt-LoadRDV-STG-IAS-To-SAT-REF-MANUAL-ADVISOR-RVP-IAS-Insert">
                  <description/>
                  <tags/>
                  <detail>
                     <field label="Input Parameters" name="input" type="reference"/>
                     <field label="InOut Parameters" name="inout" type="reference"/>
                     <field label="TaskProperties Parameters"
                            name="taskProperties"
                            type="reference"/>
                     <field label="Output Parameters" name="output" type="reference"/>
                     <field label="Fault" name="fault" type="reference"/>
                  </detail>
               </processObject>
               <processObject xmlns="http://schemas.active-endpoints.com/appmodules/screenflow/2011/06/avosHostEnvironment.xsd"
                              displayName="mt-Audit-EndJob"
                              isByCopy="true"
                              name="mt-Audit-EndJob">
                  <description/>
                  <tags/>
                  <detail>
                     <field label="Input Parameters" name="input" type="reference"/>
                     <field label="InOut Parameters" name="inout" type="reference"/>
                     <field label="TaskProperties Parameters"
                            name="taskProperties"
                            type="reference"/>
                     <field label="Output Parameters" name="output" type="reference"/>
                     <field label="Fault" name="fault" type="reference"/>
                  </detail>
               </processObject>
               <processObject xmlns="http://schemas.active-endpoints.com/appmodules/screenflow/2011/06/avosHostEnvironment.xsd"
                              displayName="m-LoadSTG-IAS-To-STG-REF-MANUAL-ADVISOR-RVP"
                              isByCopy="true"
                              name="m-LoadSTG-IAS-To-STG-REF-MANUAL-ADVISOR-RVP">
                  <description/>
                  <tags/>
                  <detail>
                     <field label="TaskProperties Parameters"
                            name="taskProperties"
                            type="reference"/>
                     <field label="Output Parameters" name="output" type="reference"/>
                     <field label="Fault" name="fault" type="reference"/>
                  </detail>
               </processObject>
            </dependencies>
         </taskflow>
      </types1:Entry>
      <types1:GUID>lcUF5gXypGtjXBXQh8K6ac</types1:GUID>
      <types1:DisplayName>tf_INITIAL_LOADING_LoadRDV_20-30_IAS_STEWARDSHIP_to_RDV_REF_MANUAL_ADVISOR_RVP</types1:DisplayName>
   </types1:Item>
   <types1:CurrentServerDateTime>2023-03-08T18:58:54.373Z</types1:CurrentServerDateTime>
</aetgt:getResponse>
